10286
568347655 489785948
516448032 100013279
303452790 123936961
785844615 693120077
359061787 448515301
811721545 724615614
756202999 900652171
947660922 449559774
187293943 624509947
35360464 894553269
859147385 298200024
230807545 112042440
537314535 340857218
723794587 13855261
16205134 239986217
15468299 279205422
266075476 138463070
970214245 69275834
306810974 895737326
877147364 248613687
169786879 163854799
529815227 384246159
730183232 609213625
448294386 63255483
724289902 508249287
471764535 169762240
759445068 229334724
730615482 312315257
322643496 114755519
817929105 920233921
675946896 95991859
188277526 485275816
923161542 903478295
373974252 441088571
862629340 653391780
707089345 113405051
932689124 142902708
264189846 210182727
922257361 68883992
644527438 792086069
846393779 705979930
807261010 654587584
198305295 92138576
472309947 562187677
804570933 404334735
642141021 718965369
327950782 98894804
112275016 198848553
230531293 583801424
481899666 623493743
390791671 440193591
757009910 584859858
688202161 363449002
156121013 436700574
505972957 37501634
525873123 434845098
819854711 245070660
391448472 72911612
513832606 168771609
320315076 659268121
962049205 993137709
556234163 97910727
317524487 587466969
188998032 855632171
356796877 340537506
786526351 25290010
617355985 436631069
196447664 233567139
375741887 892175368
824875093 65538094
943470056 903992904
139465869 124301298
608491666 227129783
477091888 800435121
830369874 109953433
955477033 692597469
181955627 220236102
31434425 600876985
83483202 491579809
694544640 312831983
798062266 814655802
705614582 919144592
631754777 111570616
942700060 445918874
477466603 375284864
124265432 844499053
10212222 890097912
902399186 253838154
71082170 499176008
935012371 318986302
853602165 855354964
268931296 695597228
940898712 178844939
907719136 270136518
589037912 30742683
799562550 338920093
523009961 907356944
929262075 541722233
521314908 392073707
552720601 311393377
158262683 258081984
231148782 29186763
986372520 524802006
777822379 949261004
407058868 586533593
97358153 361550305
893530730 966482800
953800614 983414589
803245874 194173553
333614068 282992486
378498144 180039997
240949605 150736954
784173153 768679135
557834850 723095224
963957409 842698196
20920774 272957655
782503994 711210970
804742814 263239122
866162253 202649415
208767291 135348096
746081242 882814584
837309423 291582409
181718773 195222233
764088201 13178611
962101461 384096604
720908054 609552194
18184635 464412486
117460990 722531772
245298848 41813949
685600415 728520660
672629605 19608906
154914037 351410051
599509377 748909407
489034137 244878979
625344610 636425904
46884763 315853719
479540144 971078132
429298395 917578551
585317443 419935323
296383618 276155139
666903290 211922143
211695615 742186231
672287128 133611872
768975613 27677739
537486002 200653241
432886259 757784601
567904104 931489883
536501878 217711258
172819653 321072768
885349688 354576856
475161370 955758161
811616270 749927175
787188219 673648415
736589963 944693438
112149072 427191239
767132655 705323218
757098282 398092860
418958235 56931325
448007401 121378711
480052553 396663944
142720118 696841796
532311639 452938249
342037701 871179578
930482133 794352801
159334045 330953548
613927041 887958731
662385624 519659519
365849803 7321439
762369191 733648572
331495541 416419873
771513084 101952531
412071529 514721006
835229340 638272715
580096927 221599815
687015354 357924289
559464803 371663444
360148479 183414856
255776166 927041412
216253467 821698536
243220262 327743384
949965881 619774773
44845781 184378965
878718111 219229770
160091692 693552184
804013644 46291406
972699502 717674777
441823044 544064493
700468368 982280292
554187592 734188680
521596683 719651172
691930790 131813543
411357723 253782218
392170562 137790848
304852010 526394005
392597267 514541331
153600188 175618198
861935383 772425303
612456887 300843472
542063455 757999670
553658190 374133244
571496800 529897161
128552502 250237435
329887207 472233045
502787456 104863253
969973242 621122271
938276791 476995852
228447436 682173990
741317598 590496573
871253478 988811220
207870298 184853279
595059418 679403469
678432210 606297569
572519899 231729679
775845243 191342861
600476778 870329847
273705222 986481404
586474496 299575853
159633307 687658602
950453229 492145930
614005993 766057209
257849301 857718719
142121370 849899975
470521467 114047933
94423339 6596556
193631485 129569429
515972345 616440403
460169343 800079708
996363001 463972745
691499266 824834946
986594132 490824137
319681288 804369060
664004570 636042809
246680485 802298266
161200431 235459335
406168009 633059290
754453445 653924776
41939743 266371901
680875455 789741163
671442020 304180511
493683825 640331310
565269876 221894742
254475 498790256
757213865 987248865
368548823 966773538
282688943 633744225
303748953 839822063
475079206 659009067
118865682 409721213
943078125 431540633
595160073 665271994
363346106 373626940
351481609 355318636
659169440 370667401
194894570 775795297
770748136 457124534
125812140 136029298
573011083 389270814
725262400 684116606
774416252 980165743
578340949 141018250
395175268 244219870
445287014 409719979
440096552 988802609
413727555 867298196
371320369 332546816
468516018 579006468
384639194 967302691
771301783 448459030
965654374 377458875
484974905 247371131
185130182 807607483
595159655 589553219
182211247 779733948
864146139 725068370
466665632 137964150
420441559 839169996
927714642 523939615
659104578 904459631
986995775 565082113
678350890 830268489
336240264 897682733
123200896 98694612
678102835 620094181
125858515 718740036
876294040 90896151
103334001 999682410
113545946 494020845
582421165 427848273
162614501 649621915
72084922 736842869
808677959 161383516
66037641 304570221
456980623 579818688
343177031 731295996
253988671 211105394
445412314 990489558
650138739 891890854
213670770 390598884
885485635 329143215
561099595 55874936
831041312 319766552
896494628 194384937
406808654 305791938
564522355 749396166
473374779 462007584
436887508 28599615
648564195 260536310
915961037 636723918
565480622 172373406
663038135 308029263
629294190 339093373
804378872 796765508
496689816 48294919
590399802 549364951
264969614 147898471
507980637 388876441
365156059 745193126
30522759 711732622
898884790 103066139
787755006 856063209
676011415 421676608
431145779 491460128
578170209 628377224
62821258 806135933
843169750 370366201
216587549 186594822
191621248 523272143
372723394 670820364
671278216 942563594
518484972 382310757
125028831 288535527
601816173 914231167
818274091 465046890
741034339 737985588
88021012 154978576
649862143 669945705
73689640 187499055
760785814 995862166
123395056 920574594
770158638 590696771
131014575 191094733
230113035 450211654
501115904 124719735
876142757 510007290
688106993 115124796
362551053 853385793
388224 576514646
152808295 740487809
667584616 155793957
845152783 706283125
791077194 929695154
238992202 214005228
100144284 956686867
961754952 518367183
71076052 84749292
221102263 411813580
734293330 451193827
35583685 745721127
789487600 839785713
201891682 873719411
262607334 145317147
146939437 919548664
130668710 477342851
755182198 573208198
827289671 132979758
237256553 87806742
504960870 974373444
703587940 696398733
519560474 605827386
217093731 991331069
905831400 138750505
831664638 25360864
839034967 315257689
556693317 597630747
883396969 484422257
814211316 373517535
192359372 880498951
735941642 797800761
662592603 410362720
648619807 93122951
672153993 313305901
470302462 250824290
668732685 377194828
83434494 824021981
127126424 934495093
2627106 962947577
751140571 195330312
949691114 533917096
138082867 515903422
673172145 946303684
810055474 344625069
98751819 233266148
998713613 209764785
794213915 585270971
628402702 54645843
282873265 510671222
959648738 395337783
825694035 218217553
732459505 755185130
301968593 121491580
791570497 61783244
522795146 800472154
784059466 794562867
338940379 219387343
687764331 23444627
329833645 87405647
17360145 940010150
644364306 941632979
604191834 42139592
779653101 86020113
948091705 25695163
793027528 641646324
454514248 20940904
651492300 201934478
556109167 936418716
113016421 827129284
84829495 958998344
964302534 798298018
762542568 377187450
341665165 609144562
925851448 281646923
841217201 975237734
894138226 89153752
170424409 780492467
618907376 353381567
819223895 247227470
650070619 728267699
354891596 491294902
189396650 908345408
926291184 633355632
304256939 663274831
538678240 993583283
254482488 38462021
341456349 603539939
547754308 289250359
443299127 10644963
754328112 661136930
144965273 189252099
624480564 953850834
104623583 228398844
189204384 954602497
694550215 905666833
462518638 354972859
112552542 442303137
422794150 511120578
418227900 7025103
677500295 308818566
144797482 118280002
944234955 281793600
586186511 979693321
256538483 978699726
864666545 600249283
689532710 312610085
55650065 783348216
877495551 426936546
377754170 920481577
337390967 865681884
33160677 61356031
612653369 236896247
605711738 497778220
714287119 588451028
297869185 50002055
941981764 102531923
789123012 314469510
61567019 951708140
268340031 424554639
157206197 599483420
855306625 4924091
216681802 365216109
733580950 266850807
288196672 814068593
457544610 759067466
892730511 527878841
796490643 175002949
954687649 734545382
825868352 338334221
374072669 813822215
315566126 874966987
698956897 496155511
2401666 368023574
191859833 827970722
863539948 707925041
482990200 323128083
428913859 315405449
13671498 217663450
902184711 430855217
790673342 173037099
74610190 185869678
2755094 93025218
675821842 859563425
982710887 80178931
508054536 803850819
926352686 726236211
632394662 996140161
665778762 911856993
284074704 23928047
415091535 266686624
280293283 781106915
700282767 223061971
526996250 567745316
358265882 996939013
382081671 921659645
623982181 477056277
268100112 120146234
194256541 777840793
725497026 132248476
334621546 746184695
864344068 43000357
1573023 323989134
262330004 779815795
782250799 457360899
512332145 294748329
489715228 762217441
753345777 118718186
652863004 306791573
243011009 953120709
983574202 70123631
945677021 409561573
210839275 975264280
901431724 262088310
165550237 185577419
847712202 561450265
44300028 819246752
316893534 758600175
143030646 102736403
743750488 98836844
841097541 780864287
987807719 282915422
3605971 533569873
325112939 518192905
225494538 870594528
566876992 654573230
922675674 960557238
761893067 723139979
560375811 842578562
535997276 13664682
430155212 821951818
986488793 455987339
442137810 624983412
743257955 971351972
175828280 745555848
516421211 384866087
908364286 615151061
817501742 957822641
570363334 260265519
88236693 298344387
394302085 582419403
780216729 454692043
722169164 872892712
684966828 888961463
775628235 240910276
493774045 406062772
839538413 579822210
267920211 71333565
197774728 978691449
830748209 594298745
118498691 137679997
864039561 528505555
720886137 541485541
407252125 541777231
954692789 711282785
767351256 689501560
142740231 389876457
716419111 295396908
508087269 819868461
199165600 92452268
526820482 907700443
180749230 663737568
313935613 575807035
967227044 717365847
293967226 846330131
243242209 962615784
421060675 799960411
238506195 689592144
115957674 79978908
411544577 455077940
68460442 946904327
327999309 586289530
984255151 223357727
510999751 262924432
329489604 881989574
48198060 227345539
309595507 367528768
629165674 526516880
159120671 903866623
713590401 241274172
228302514 2724848
843913541 267256213
135300873 18333668
850950073 494542852
23069385 442947830
272182215 516260982
602942203 672575291
565178598 847114024
816303652 894745125
675037601 933802077
287419285 83219244
591662379 548739179
602422045 932410588
73200028 371095074
956101298 317911937
696569072 274955198
684470636 580158043
943030954 278022954
651984071 879863625
409526051 29118321
43520712 208363594
333755036 34629366
261014699 613119705
144146047 920613109
497580133 469216659
302615656 130284291
999905843 636873265
382961278 392461155
821853241 966294894
751930946 27519543
81239849 733322859
340654439 2048411
331493927 777758148
360064471 955562752
131038730 272832928
145849124 362550338
587777022 387584104
390249960 478698672
496910180 992089040
174403337 942084073
642004029 375774903
154963620 255060304
427196687 152872185
959877140 558546010
353279344 656497723
820495811 22661111
936198331 907225325
302622455 987082847
746102822 503157920
244526159 17960101
409279368 967942540
429049681 662921187
86106121 354200167
545612699 631222211
447986254 982456399
101013110 744297937
971755942 630206669
702412251 671419447
348073643 173166115
385059577 819945847
151581274 752553046
28687835 120284894
956285348 663847100
557999025 436560548
802959199 148260247
548486871 394603865
176181646 907936592
686919482 485577720
888122106 150566433
247198693 173262248
224579298 496316125
785892011 346286729
68549273 952588704
212721988 686155932
442986422 401978908
332297896 240860295
493986515 567430159
772934098 815041459
76690358 830023413
36051028 189488899
323135676 282959556
424592670 10408317
795506501 513234585
48756712 954245025
310263370 548912680
911990436 549827398
801864461 257201221
416253834 679364081
525181011 920870424
335139218 162584613
957067425 181808797
801005266 301301214
725015180 959943521
792652375 546708404
627327897 67826002
828283817 249259333
837962377 306642628
875022613 591276686
259639855 942561210
588257504 96103481
597372807 372440310
7568592 489336488
874593632 818690469
357941089 687099233
691907836 167555301
935288260 59741437
473201008 668649753
917054883 759889700
69950513 955625221
606444263 569845976
700004546 278284662
372825849 966058701
947592400 427416551
388397131 569408889
659931390 246484407
177928206 924583664
266851941 30633782
634235513 551407500
526493624 102915556
521140765 987739836
139910056 764095501
188938913 122193892
34297937 694851897
907012234 240257712
352150955 506415865
298899828 762220128
613614223 660126605
381240394 85281712
552669164 789435867
705347370 336328534
584744536 282202732
262371173 428796130
686672350 110186951
711387627 924586880
931742303 262461124
854465667 501387679
18506960 646127768
326890286 589432649
92361231 16392207
406017183 705912714
8305488 827821989
650639932 178197244
96436309 820339402
640387336 613137920
650154968 536324178
515666358 767312505
756763421 92351706
227570750 490565825
555090497 107193633
338046900 401685736
318203653 726982170
158563124 771267520
226834684 462127482
630677177 286063101
697967772 688802820
2106435 95406119
601935703 599657055
335043012 565725212
536644134 723167748
510099751 234056851
660464045 727434383
44732268 798455130
162412409 616679048
98523149 153516194
964594723 822796670
428963068 718647596
545870099 493904871
333618874 795326844
982189224 275767509
269561857 38174244
769264430 463984269
557418035 998771484
493453791 696028823
19395035 134322393
379979028 313038863
999096078 655171657
716837957 280620847
263655496 241160993
765345234 539707225
303582495 895235367
656487086 256209373
197809574 261765654
488382766 895697941
835139139 688669058
751706158 892628206
296009559 974626876
575283904 652210076
737979857 957366420
340845103 108583497
736577312 697153249
738734292 165088802
431350652 871229528
326789481 92746828
9431281 593654234
945957110 272877663
50117953 477832445
305183077 667051235
844024925 391371173
267319782 185277216
175349848 184780216
881259267 759978366
770289673 63260320
466760111 223620560
910916210 935247806
293428385 37438988
408958871 366938757
257757498 335338997
960458615 188725215
420575889 871818073
357618925 173395705
207127290 225908397
727355552 77318140
535101770 886383900
369619933 162077915
300233105 989947512
972743861 846699724
230773777 752155304
847293675 710249033
214011289 23793113
717604218 494277905
40284563 670959927
897368247 395147302
309870855 742188864
408704624 439846654
104099378 189355193
6836763 790987559
127274076 784812257
349302057 968052798
678334492 764396544
789104898 490729159
130632259 698559126
776666156 154809919
870359184 808487784
597942687 248689826
842218419 799801153
455177295 866347559
764035138 894756366
826461440 926349781
180356526 28052810
716010328 586729154
895303156 185593985
344081180 816447035
196848524 470842211
982813922 640065542
710395991 459503703
961843714 543204435
117916582 201121713
705852789 676429755
856048972 979553126
745728079 505778666
96019960 100443931
848258026 601254357
406879799 149669941
253665417 732762655
137533960 265375096
16606183 887187452
49989033 668760666
28429053 467121454
47115917 280746084
407670985 246183475
492252786 819823007
986565928 464597953
227933223 837299974
689307834 485057233
667011086 906238494
800131457 42200839
293636841 953604008
14090302 188580224
855238909 22616437
576618675 457035665
926728837 619274173
491083349 496471492
403147793 345921093
395948461 75485035
316024746 229231622
420229668 664936498
710907635 146034774
822268439 503588506
241883189 531200898
140282060 75741244
446189567 335017090
343722983 720802782
706022591 272866752
737916134 504277699
207069984 546473169
341435514 817822498
21967743 9562097
735681715 913495158
989462065 838275741
914800775 423824263
518767642 349063735
754393018 635011994
774538975 700463178
543138566 895732429
108916474 967233815
98681058 824908329
71005478 852453089
434679182 339060080
42766786 828434412
766054417 702726390
977554893 655448962
457719078 107330971
898984613 902893957
204925212 267200674
169268238 76025396
631710074 498926901
258947466 876095046
11330209 547696722
362846802 481424048
504310473 657992028
86975875 42955533
145649813 587708671
868744271 327671262
838918309 447319111
388487130 22719230
223731866 375461786
157990832 3627665
806915757 799382420
940676892 578454039
628679989 225207621
649240217 286379389
538209801 162127078
538920155 185935457
322977955 47662629
556172192 795712767
439015601 54036246
112578800 578360744
739464062 918406841
824322308 754207110
924748148 476238444
220367986 116795769
257098621 641800573
642623347 210716755
709652844 871128447
77199743 716892998
657075202 970757172
522212551 387678755
362122310 538971890
779424913 174786452
832608840 56811496
630261715 622758783
975708033 482191247
361520490 323755489
359542484 660653618
689286743 217605973
581134676 325028540
355152374 290382549
91481180 223244919
786639385 657789231
341746288 952916027
279694069 605535695
412419373 273265560
15119535 402503344
737176741 53593068
560722849 615175208
168797856 113563319
482290815 876363191
887342365 688880264
576421461 480234633
361189558 498516159
479723149 1124996
887675926 18906498
955272660 181171858
945871167 849209524
700900526 247183170
874835259 229397058
631499578 653671787
603246720 44241894
400837309 18049062
825963027 245121941
701379303 58689214
169724284 638370992
560474535 837394431
595371323 828838664
254293566 730047376
600407897 885496002
119564012 619698120
214959510 226138408
662779515 121636689
796721482 767252755
119143551 631463822
882290127 85242390
962273570 718797299
903660978 732563681
248793022 80350403
171940196 967144957
39883004 603016278
119962615 970157184
614964445 349497522
44001192 531328142
975569758 680291466
562227066 857653763
93719114 696089116
641493603 159299126
868593693 657271431
108768883 718550745
600325286 998501766
715818275 160219909
246595041 555315119
843861684 347375086
957925990 57599943
616533723 300486477
960420180 258764432
5356727 727004040
467535548 624194360
986267533 74629380
90942561 276027038
9330498 855078770
700355430 963615263
367733554 828448641
332587924 586059871
908835672 10090114
788750213 225337224
598338049 194099820
894408132 529161574
811279337 290738021
557528439 493772300
651545386 688840940
520730629 750621690
256576636 64344617
407139274 168615788
779523615 857686870
587407626 626277624
506300280 600188355
426130566 883116081
116268247 639764632
26406813 363758131
570713527 617615836
105939700 512598688
754185952 267985748
690542796 44013008
673893177 865176031
951361677 592374357
111822961 617567060
515591619 27899449
541379131 540745723
33549799 880224247
450930787 83033042
743847760 169785203
249332815 614944324
573726652 600781005
890588321 848751902
835911679 273049837
758384490 539042759
480826328 780852515
559863487 678124489
931226129 430571741
393801369 328867481
672784613 927246055
426925602 406468704
188570323 868542904
390931185 262241762
393091737 904066625
668482949 642428540
583259504 217786394
409708376 283340315
290885213 6577629
759256140 651999988
741020069 907351472
129184272 292561851
664349175 12974251
977223960 331116742
395523960 553201872
223689161 776199864
549856757 975855629
348366342 827430237
147522554 891497814
789068407 652592783
138796448 773550140
439654559 175344637
153480117 764050394
368624081 175514796
624544128 680049864
962027710 127020788
393219027 739408181
436080202 62756440
69148956 280275904
892251395 437160928
447254100 721303418
86649441 658869756
66357255 304957929
756225117 905331153
798722179 896293738
157946262 874243094
403184300 712157147
63987665 531693183
499500671 111182733
621490120 410140180
937235113 526825208
987058099 45290447
181813006 850632537
958813168 94161490
97213012 296473953
450615522 643775234
686582714 529774580
973503477 845963825
797485902 861369430
65852278 823572256
343859903 836178384
101178725 31038256
620914701 454146020
369484210 838910202
461804754 604262107
770418949 815344779
319389037 563561232
794579942 907297992
715681304 996516988
336511573 338404311
553460682 85060481
402342737 549512263
867767499 154289195
145474880 641205301
941554098 910166938
198482849 900778446
693850312 465202092
818377105 461778514
893654999 195331747
65231375 302936006
254943305 570362238
625757280 735149176
309193349 835024972
148404888 588882406
22082198 285049542
121134966 461868530
857331427 121138558
852235865 938213675
854227155 363209702
314580982 574915476
752399853 197008752
432835613 474005412
278739657 52248658
226413569 728258294
265568444 667502642
283872401 749981685
209397825 827351437
259896791 290902483
628343341 255673230
984980312 283391580
777624857 601578654
218558284 775266980
570097961 152424203
400417776 200140188
998294104 14567641
786284756 697903422
499727937 785179290
401148253 537118246
949716576 797787316
215398185 35407033
726147598 33803168
732517256 144368884
603336235 334995093
244545101 339480159
133670776 569005545
608246824 678855482
747607645 644102105
722663045 767394017
134900717 922443187
535118744 391519906
406416657 866790205
606797174 509002245
405766695 653194469
972582100 583255818
577346899 862243069
869502239 272999448
502217173 496785084
468548850 258993109
548976481 894947545
185884235 928252017
709252804 445676384
35471103 642614353
63007050 169648599
554586367 533959579
276024557 576866221
814831254 289384554
982661957 472722236
872355679 484461368
668704850 368046447
372692837 147334614
476774416 405050299
31578345 572996103
584707835 729836107
891364992 660960736
941073076 741893387
605063608 976715741
362733165 671682659
663184293 546324683
698687204 499760552
825590541 231791148
892977537 865879200
10350388 216212072
350759672 707793236
820780743 185307934
228901863 795806795
493880835 529544596
75777477 504387472
775956876 511361407
20637359 494606433
115450828 201444702
216846739 116835387
371811126 843659140
354567602 379615380
383514422 867402041
613298729 733315180
336986336 537848939
568303222 467182035
154165078 265245950
827415602 319959054
513523282 69706578
944535572 281882968
759536742 740288426
814158946 549180101
70262955 532533840
273748337 972692493
999723433 588066629
930113040 867140108
637321363 746175269
604227364 920403360
694660314 76242802
243375118 864543330
825103310 806250338
956783652 290295422
670906508 457525536
809186038 577592905
437572271 583863031
459114612 311158535
742577478 422804074
849903433 412009097
61861902 520546925
124762382 920094392
240641840 535205167
854478007 830105886
12672209 579931738
13631307 549768361
516851116 723656839
781493773 453476960
713506717 747567417
81119135 324283202
947370931 384308442
908741029 304742268
635983675 116284909
245108712 17113169
576509985 993511813
31665144 630008715
266029536 337763417
366574915 600838519
524254245 428301943
535416068 423348624
806034103 488299492
579123966 36505276
766216861 392367807
950800266 991481651
57160313 169645236
944192264 671348585
773576223 671145458
497792088 903547458
427821969 626004393
230003147 89371377
891280838 960403954
424184844 508152835
701584447 855220653
92977223 650344633
808453408 583001031
163317889 819291469
870443130 456541323
687591819 827481976
143937886 393691653
95384568 753524615
421109224 272392652
865652760 656479027
430341432 383707687
764094998 892050217
882982576 221759754
747118460 775411331
871194897 246688571
241270660 305199142
111189364 145279143
847416924 81569486
874138115 226342393
81663928 270522185
276872062 885697259
454627861 709834723
359269817 351889029
185896256 935443301
775621289 124216279
908556752 482296759
102466754 899982850
977141612 578552623
583445805 701971095
914495820 566832335
80746470 467649875
165944694 832385618
6986415 605029675
558639030 989843394
318958289 826955006
645180366 654565545
65233428 642299153
205845038 80393117
340575996 511291357
498700911 529101277
96812184 152782629
201471147 923471578
336962154 699772705
495494371 52825516
792896842 64477046
730270679 325252738
697926111 380121992
423625871 93229578
697423182 382104372
340545072 827829749
532252135 628135386
458504187 896742612
156476173 583584170
701309810 600335497
611761230 104318998
667291043 184044059
993927109 394858256
79858131 995028177
232926328 566291718
550341204 28231986
655404315 136591162
701863318 266866788
929157583 702473060
269130742 345304733
617308309 917050379
853080354 796583893
42857095 65553601
484702228 469636009
971485535 541660603
869562358 869093798
43594611 103495031
374047637 246046075
633716100 582556672
294094307 272238171
918696 817703874
316804797 189555640
455673806 721111319
793172608 194462280
681278326 293163611
50108678 648651967
790760697 138877063
420581864 506094051
496656304 828776651
852015848 591180488
531770035 663283416
205932281 845496430
687039674 23744657
644777513 765642560
551149947 408723237
476470021 53845301
152195816 533144572
849164136 300916271
430655662 483351497
730872057 309542679
653949860 362139269
993277086 760060579
948190287 276478837
222472605 296646590
171414180 206777733
581844516 986131702
404208988 548071464
152434995 317920526
422336442 679232029
903189206 290566524
204578578 911742535
55586722 987595989
664539994 208158928
483909034 269329662
812838173 106497507
533182123 430009823
927154276 462705695
737399567 905783072
804222004 679286418
889191905 818748581
961783498 892336266
726864876 936373700
637970704 931439140
204117879 727211888
204596311 861749210
571169767 502613316
70553060 3904220
385170719 249866643
218987212 859788145
61018643 332135134
843521928 90551705
731762952 339067887
658306427 889966799
20473047 134206289
745085235 954946627
88645132 735624127
799653489 828097145
37911719 507167455
460716115 529231810
507196920 928693114
454319193 619858564
696700599 262596217
522054964 822635786
624810797 916497273
106200964 502959295
876165698 611077178
556889916 639384342
633776721 299032863
187370154 324506958
337172352 738109216
240861252 602319204
517634358 383558278
753448863 308244250
335690764 913786806
532477523 114215613
441748103 979780232
965579278 24203047
888201141 977553279
299686926 697490341
543244343 352723846
583044308 852095444
944440804 823052579
390420692 613561381
485713012 613040877
725894477 763044074
451402974 450987183
812545714 729261216
870081813 746294399
700862722 441239735
454366497 485430564
268352702 749980143
959639537 539097771
381284551 225300276
839342916 946354613
322645660 270436339
808854281 458396461
468440073 87228435
927695241 469935342
347239730 189330095
838557616 806632328
325133361 877996691
992984563 21622565
637929887 425460846
87568379 439754828
807560936 851943988
405400025 178923136
792503434 140084234
818944750 447063422
914872400 452931280
10155293 815146874
139284367 620192981
431698707 239353085
666761106 140422131
856816172 78725696
423631716 956046921
105359737 830068198
273822985 812087083
903124173 377966264
48051031 723087185
326241296 132082009
278180687 18675244
346580641 52490969
523572911 974060055
944220948 434544787
191831843 821196836
127337736 339037901
887601742 208655940
339923382 709115028
655981455 258353071
431400469 956047675
904212350 627064751
760367872 781000284
399026094 475853965
310236944 956555091
957223526 965707927
402207797 942930481
829569330 222602629
483292378 721293690
438084906 235624861
226344027 830084342
78813491 483097299
503359358 819371402
631032299 458763516
842040302 112763575
902874356 832980607
902697113 397772752
572740290 752608134
335519854 663188502
694696249 394252652
668652401 581727455
467369023 170528660
215468801 290006666
902240577 616124635
779437733 779426309
142234989 122441263
347613797 865136039
220618125 684841489
353067395 310098306
487237824 206648085
923233086 546129344
482440179 796055289
612327646 5471490
455362693 842886242
249806462 109160443
710006386 130821154
932558767 881124862
923197989 359320442
192315638 497616038
11262466 574651165
555258943 475763471
40181542 158082155
22967771 101347458
578704025 758575278
835801874 442904970
99994771 257720739
491058670 759519750
971012959 104883725
504374278 154147114
121187960 628989065
556788620 978691639
38836536 319885100
281888323 309773841
465598902 483028636
918927256 632193884
770367488 923126387
4837538 866287544
828997217 778837578
68358291 787161268
139171720 713727188
835370632 27963920
172194653 428445542
471389120 631793308
392506748 624505432
388208659 909063580
800211091 743207928
226703378 583063649
532962156 738901280
568716184 753216309
790373717 565823206
76523974 675385387
868258959 566881326
543021028 398950004
490943178 181417395
420196144 122119356
937252499 783421255
760666456 94993333
224562106 830167319
70036069 316586616
424058114 190457480
659773291 442501707
709634669 645512392
260405585 380106933
13077567 856345192
345131490 249487767
767484638 214820137
867517798 650264243
3838432 397627458
507194100 445630398
180384905 720407888
216797436 242357922
522515648 527553217
285154379 322762849
73922683 385476029
837142834 876833890
608289269 905060020
500896251 940359065
237555252 8181907
908608417 717814320
774428786 979664002
476710504 785129256
74770006 225933394
201464892 531161960
28300758 115205556
496092568 228677764
724821691 930924962
629653392 162037610
597081863 688175767
447067121 917369310
372120778 781558943
944605916 971084209
553720892 186406047
93294288 198320253
113247325 130792586
823914315 378927990
369283054 469751281
492641686 367261184
244215223 830847023
215571247 478448383
246613571 313339730
554139851 336312724
500254490 920007035
944142930 305676548
174109401 82509196
568371184 294818299
797005395 981714488
878594952 18834507
325561984 841053309
537018735 111563927
600919337 166025448
412930739 185807784
678644959 59612825
447530220 213394605
62759107 524199161
183926918 926022520
194339985 852853455
542271713 139660113
415160728 57477594
754465796 700360018
46568561 192339998
357263493 426394614
747942055 244113437
565210597 804398912
275919326 913308581
827177926 244352397
338947593 688816745
505509379 152475691
976636811 921254341
661874374 993548219
52949638 744903561
19629919 36671401
612480340 569096301
475528343 235387065
321058828 573150980
125092372 343537205
478740626 901399594
398885427 993945662
730816520 75107953
948262914 903891302
590459572 413318861
687225281 837392866
580171847 39265009
383535889 46580950
685961134 454344192
881511767 973611245
140955664 311727225
427127780 1053239
256396071 218937901
349296107 626937552
112974166 981761590
25097836 237684631
877876570 724476179
139040740 163450404
481059281 568570839
656309052 989234893
26353223 315018740
546800451 61522566
881453256 248091060
531190339 110776572
761756754 531059535
610305819 52385303
223851868 170493970
82388456 620151221
740753103 109238564
719464125 631362500
952123407 646731131
596724668 368741703
658115985 517787166
763626487 516093689
228521743 296465583
789188179 297490688
575017664 845770492
381187801 339808890
497765262 927702891
478974424 637663202
950451581 931114291
666998520 256550637
902100798 331978831
756322224 878466326
967919001 505477717
532251044 344958030
458789107 696147633
962230027 286651234
265103165 387199380
875109406 210774516
206988017 446500498
28930332 551653938
753947180 367465988
852774006 633480751
462635341 305636455
391830775 532033728
926549159 449995852
498016226 822026189
911822857 350456114
569118083 686592301
285651193 533063721
106088989 616384305
584313834 380411101
153425805 242993475
871613057 801464278
496495685 794825305
169497733 737020589
860737228 536224580
597362192 873616721
10119993 163978870
429956714 654348402
790964525 169641810
947744153 547893042
867795987 174742708
104835339 278174672
751694076 624429827
559545495 412310398
115332762 652063155
272319219 455386825
507069131 819956967
56352171 168754071
144027425 971963673
851449874 814996853
878783998 349300004
12150521 777387291
955688095 66721176
171671269 813630188
8282452 616686941
415200658 706395172
628890517 322498303
107529440 349941753
1362962 401802056
813087419 462739015
611387636 634894494
215174089 182252381
713256937 381917705
891234481 61597122
202322780 534064218
744683703 303450032
664921396 658712944
550319605 176302495
280349004 789593846
596529572 731148091
885657481 620662804
189623701 569807769
417049553 64251649
477200906 673540039
948413753 700041530
749235160 876415620
679072372 683666168
137520697 412530087
808630969 845368221
111686718 390430197
825729654 714548596
122489233 74790329
677759788 442617592
205116355 344976726
807284250 358341771
510773362 159772009
748691731 399272369
636352278 153989298
506143286 538767019
472933130 613268183
508718964 925122451
751751630 809164777
294538344 860995906
231617605 580209254
266020954 26284885
12351106 631985497
666529702 179442927
695769349 131868578
327071723 727198556
84176821 617766435
237685253 430907065
508760180 15746079
771002968 878942676
323920125 347369124
889326719 2293300
609625610 796022427
592126298 610012626
185775715 36746219
59659965 660722255
751980737 68745480
650085722 733041938
36604371 599141150
327714663 629927808
845249105 304317603
194212240 964627132
210427769 990026797
718730551 404088125
558244285 319421037
538887242 288733537
100837651 823300262
103514165 714521491
855276392 874637259
413807201 849760902
692466348 113731657
149028776 700826005
460761651 44501137
560578349 42067681
91414505 49623003
824193644 885559704
51417434 6932411
179541407 426739726
381999393 395334085
368329383 435304071
648111262 965660858
940897906 375359191
56216543 393735992
901167760 582887978
46947537 393639836
595476171 89230769
384705287 190888794
740275721 641536175
601422572 382515818
186417530 221864878
722637849 320653446
548496405 507077868
183192918 834513973
434911614 877056003
168316331 276839993
448464950 152549702
340094983 260042872
355854202 930930548
759959682 834175429
972534541 528405973
510704398 196192886
182365617 844030297
710539139 534037330
715217630 875624677
945728027 7544470
245172533 829173537
866200404 558810910
154451444 778794366
53373184 974768277
52349 812528630
297451390 477394836
246053690 571956963
39982467 486456504
73441318 142241597
544320326 750964674
575123789 872901956
313303404 544320836
665960749 678836450
984826087 234236861
574229655 973639597
642942859 60727643
533233714 193035432
929045740 437262127
673598904 483127491
806325511 336782299
292492127 211233143
661858078 188306510
325713353 558009770
454805736 129854242
800878477 736495398
742586747 47215290
643133232 593779708
119681456 833904130
45494250 334570928
883209652 462383852
625321104 954700955
605492010 848242398
43840811 870289385
259824094 306222868
876012355 5940920
100657907 135530930
539006431 842026185
406441387 390002753
408671850 366343395
695422834 751849194
532152104 683704822
422918286 123220921
975856586 529792893
854562999 597358868
359007518 692617827
249113931 45532031
534223621 813284058
563445606 263997720
765641871 892056218
456377030 996912957
969396420 566808014
6054236 227941284
342622055 748417460
802392066 534074329
321088292 246692682
93813379 28722543
356798379 745027491
617026109 998249319
117471889 859415041
494268397 834377279
497967647 287611698
522696563 987726271
842840519 872038338
310307871 717238563
96799750 932081288
464833859 811522200
683330148 996026934
376024741 488799535
209426240 133702410
828254190 699099180
63766056 664467305
538897650 348413132
695469059 826671636
963100758 682097085
40362393 310240220
961929252 278205793
193338158 404181600
8145562 551158080
311746789 681849048
527050413 240372122
97928481 411129245
432072210 116574256
915651519 644869865
258920835 836714916
275408043 893521942
561016198 748121591
201821692 405973418
575082301 250617785
506542414 251795286
475974998 248673587
325918688 198913593
827844284 262006361
920718472 854659761
822108056 191836670
339637297 2296249
145825549 787799785
253707914 663522572
77700960 998611350
430258401 673428338
511095775 436958576
970497752 720135248
485381740 756432012
63097877 429380492
237516573 861670370
46420482 303894043
553576702 757365807
51897402 63086192
495798267 57946579
581711461 709330972
709041241 531987911
371920554 707040073
535149601 397056699
335991744 378903402
245219292 620715629
739495459 1600098
155376549 990631231
582737456 533345457
952934984 321188099
279473317 487757858
79439677 459844297
436569669 775933321
137544723 353072799
844421718 931436613
430534159 660584762
617845884 483489034
626794912 505799976
884851965 979862037
457118908 218498116
992499253 332639690
220787264 705593672
150578922 927189244
763525324 752729283
428811085 250699033
458862337 593744825
495257418 606484618
351356593 173569251
999836323 222954152
304311757 625874404
651115663 597252396
278472007 730970004
90425837 28462268
168252843 425288662
40305193 717513584
246783616 592708383
913796197 107123111
960904566 699918279
560508788 882075215
432954256 53670197
610556559 378432881
616127078 699429242
31329441 43982937
138453083 670190196
995998712 222936169
856608832 619019766
478437571 577891531
339679001 248903776
127364342 524389905
841025779 891065684
785331760 75076523
21520097 962023204
781718452 859402670
673593522 312950767
504485665 486011397
849212226 252567720
12237096 499376296
641884779 535369494
830828881 501235024
344595102 91283537
877474649 101281351
360266118 159353995
445411367 1590627
701099529 460684872
739614346 90317072
520510513 178685057
355494289 644252349
426297008 216779913
715452897 2950621
911600878 457198826
277981789 384033588
497085574 901020393
857745351 519011036
171355447 653105467
649920233 169445130
667499060 131504707
519410571 543977823
588954471 949908646
527462377 636108313
458916006 513906750
721214135 423916300
889116518 361833907
335672417 916117575
489981195 726060819
687523835 482954936
605984232 319455496
261382515 77090496
961371405 678183424
661229620 91563477
744789369 368055173
667652121 424224558
34765133 677738477
737716157 843512960
378220352 951537117
614567145 339523665
508236597 585000115
655020665 696953797
985232699 109217866
268774333 759435098
480979255 812467983
79928223 775093173
621846057 1057964
627907722 897690840
879243111 737640990
798270135 249221275
7124014 641489903
281366762 892827343
455006916 9877148
702083309 909600203
178145422 92800981
75030563 601777385
470445293 419000001
762839480 799537729
230907744 344009198
370996690 941198424
254132920 637371654
118473498 267243726
372775012 45654784
159080624 263016762
10032496 388245739
148485026 740945927
396057142 871275815
62034976 449654529
816527382 195393153
671036037 931237052
428013215 784095921
386541958 465680892
257050821 648228657
9281733 91488287
486558169 811309781
803319683 122235111
315452255 400082150
791303332 740658981
254235913 269118645
676767430 702578428
578115289 319351036
199467868 938800078
8953637 314576785
298203101 538653237
265119987 745009798
696340366 114498301
83217071 277314929
394423134 63755566
313219797 314661856
5654361 500398207
810762635 736929528
907254664 641816813
20316543 878388967
185417894 537510131
668990961 80375483
576085613 552662659
912676534 273538362
194858391 946248671
855820928 875880842
642119216 527865903
929052023 458974244
178238095 840050933
261436742 615591329
396723389 222180002
189539633 995834245
859305532 819678651
984254994 82107215
200753453 980718037
923555148 81632679
190481306 602057841
22731075 469999649
632320960 938867090
869120264 49450948
386272522 417709238
754840009 898116440
199823014 352652856
981596349 367227825
801663356 116206125
844663040 175338421
834498396 269822943
834719406 420109497
133073548 182385044
338976636 934404746
470904136 993980462
353440872 600760271
25434424 110178020
606884778 579085070
752062102 61530386
647093174 602863992
586009446 792586069
443876691 565974529
832019986 91953728
607504043 253745391
593670028 736316213
245750309 218327322
872383605 482912823
875913837 75734936
987994344 231349309
543156737 581665136
947173965 380135212
273301953 555995422
567811435 665300923
815046860 49452565
743859072 936757392
153147577 498959659
173532897 465617502
973574168 323627097
797898857 233404276
83831419 153045413
861569807 509200497
712685598 196672443
341524350 194802504
408997376 183608373
971130949 707506275
133593230 147516555
745438980 815634714
789918744 709453356
875590606 699802676
103067775 696081070
316606291 800819667
292107542 929912891
25670385 969775233
32651855 25551628
663598835 950889355
854095562 340269752
14304545 404893893
841702695 451296225
71756120 614833123
387593517 279464176
703292289 124847620
168996101 482487204
275868891 552278902
959593537 552159118
266612050 944339189
536879568 188497550
971068658 854926621
598785204 343708402
484394773 955796889
22865636 579752466
963512074 316504114
305467003 637590441
957961843 796093314
536226472 460146968
827595668 582045787
44066153 45751725
824454660 900317982
19559856 78944873
191648651 272109997
436703871 211834962
33053984 181068887
856632803 878235369
821643585 520334715
872232869 511080730
787912878 977207366
928841513 472291129
842537379 845729175
530169738 806334628
58923467 107077059
918898978 260940022
237241898 828464203
261166466 120301443
28397229 134712912
170009746 435409790
580892820 15308105
31515029 442235382
635284953 390231393
400798056 849428201
829113524 439069805
265798594 826410633
719232528 420742429
134504454 291907624
710794185 232746846
642050269 734905383
965953174 965449896
845990176 884911977
880806820 943064119
811126033 381481200
239370938 904039621
546582729 54605280
614518900 613482238
190533355 835502142
82643236 250351126
62231223 364283982
432540068 724583502
513356482 12600175
843060254 724931714
394096458 234187787
364794948 244540549
294400524 528189842
501798431 402545137
504820597 42404590
695526174 499533132
749007848 870778219
992503977 495193174
877760052 766721840
231986246 186818277
128226891 350838811
155902181 582923498
354862528 74297142
515319613 318087467
787259187 670691519
934352215 221021926
402391500 887901314
871731792 962372692
373675783 7615798
614192978 922247078
186876225 254032255
561656610 341108683
519537386 805988052
428870 353465567
557845854 819195230
795885220 446656178
96347953 970593466
858205499 15251474
701162356 939967131
233234661 763816780
331904770 615643765
316234570 287947024
334129388 182519968
533650323 929237345
722011183 796740930
277783901 864140618
439742454 134633192
27306728 118478155
398773246 177446796
378516873 115323495
533766222 977322838
161750722 395279277
955168749 454234028
742953892 19991952
781630137 370791607
858533274 630338746
971770498 879546763
482813751 463971651
82644761 527813252
598884806 807767089
324175571 258140862
175526138 202052576
57364807 209999911
62297997 141671016
157484783 311460983
988801728 191609801
121500484 347365907
492704904 32909172
687874350 719902150
883058391 21885557
741297841 379555754
651635777 175607010
621397521 620688660
457147986 607666780
69010023 552077775
269561634 417333819
24480062 220035441
339512140 903513186
806216811 558811067
198049892 820658456
658455129 487478147
874022099 957420457
413010611 813556371
115407401 995903035
690056796 491027989
568468284 135961065
355671333 612178405
48069517 346224493
517173993 573144585
596612658 180176376
550528194 758007834
465460104 76126823
492011079 670662537
892521551 139283065
464118801 939010481
65891281 890550520
458522740 629073611
402740566 691088186
806918546 800449399
214418752 156282214
337523328 95973127
464713712 410066050
13627804 247278483
715096454 944309731
943490244 118486632
614590543 879550642
388642490 904004526
237184966 185358741
99354364 312248433
60089909 607158741
243032335 901144636
120184040 462726911
683943377 26736817
334839887 202710838
854516651 274130358
761327065 556017372
537178479 698021592
136543312 907726994
148688270 996834561
903446991 624706799
681142989 673079195
106017110 134796849
317486475 847314082
924438086 402815017
638267878 656786938
232735633 256655160
598431748 426262736
985898017 590547208
621206109 918473696
780928490 113142337
499166788 19011435
914736232 735604208
965904511 814613503
679609067 540499341
603923846 751877152
128968615 651085380
271475688 193723048
664059272 569246065
579037898 918648964
663699616 719845388
62732148 758595083
331592210 46986348
211350057 994241189
843002345 219517952
326260091 178776400
389297512 378493841
175084583 481373050
838288107 16602736
131964041 381469259
254311366 399226744
538806304 778357073
473160633 967964862
670587402 76382692
289207172 511167471
307251075 321206459
606404564 534435269
856320333 713097663
795457370 26277759
305656834 658025076
320328155 171832237
917877887 710688233
19263560 453377134
264560161 180763324
840930978 797694096
409567580 304437336
913129789 317599230
407676379 373389648
375613290 241367917
688109157 570399041
252902507 33474144
525054093 347984140
548945062 990426680
145251676 20162690
313464025 836845194
142561378 318032058
509397593 653284609
253461730 378721014
763161105 179333956
536589167 312919832
636640494 122977023
558380351 611596253
373331544 967374975
998551187 686141421
419218048 382535268
388673793 858262295
482241873 47631621
423205094 550187110
327104625 193837802
97194384 618978343
357825535 218302213
966111195 740896993
892732697 111807449
274060282 852187480
239251306 714482122
260452436 43563012
144278912 713594551
862584503 60199954
892939537 271838613
266028726 891438966
23433920 969873968
150744979 497384330
955935588 929960227
849530633 749412698
574805758 650686032
954651938 717415125
437534796 100204678
188609540 511929398
500374160 321849988
653910138 375682871
80290150 434649870
220501149 242547389
951619759 109205281
841120742 59758862
123412467 736723318
159226231 498716961
536726237 309534066
250852218 445931665
536134860 211381861
896365541 221323623
41700662 855454086
373351112 42236715
293268143 501504200
327941381 525537293
178501594 131574386
795516114 130144826
24128255 964981312
600677104 264091607
658028169 102745601
120107145 858021315
35934213 394517647
533807053 489104397
396635159 200949825
687353146 771652392
253533781 272731870
198370058 775068923
203794641 89300312
196236599 377823619
512187156 335323301
773611905 15546111
132390530 793768858
594939590 905730588
671530380 348767748
431819363 8263890
966389223 199164248
683421193 902148496
688905319 995923221
843728828 225084186
770733706 868151028
87738700 928617074
275546514 231842393
226740640 104608621
544373587 484961123
585275977 170892335
278311109 3785416
822906343 328563599
821336942 310249847
589264474 976547590
593293777 453363313
156852824 587334234
140217497 753130897
472056324 981964285
624238152 874427437
773955456 285072618
429192376 87818161
645903711 159631762
163658041 918065633
858913432 936516774
353653095 626551245
967252297 998908093
95651498 355762639
722369221 335547349
638598853 109429228
47313971 953342938
298847952 902972561
251370933 661043385
492164633 927194910
775826156 370366399
269663070 744692651
466085553 478694375
267060108 798849171
876321278 349437881
847026763 107576210
353106228 700849556
919779389 815102884
355327459 440757260
388822654 933003961
778814857 938927693
936792336 966141895
837460595 22157939
689284124 769163178
747824254 181570052
578685351 931166317
573479873 484191846
378145016 914840559
823148799 922656919
178503290 361994577
897371997 676334691
788021107 609784150
778459172 899523579
104356679 1378127
694323059 581924355
238721782 955384936
343530356 347561235
362750740 651514065
458353850 367225564
112011174 428590094
312689186 295626748
517178057 599444866
258813977 396188337
332511727 152180275
100676849 879993187
471887438 178496206
51389082 870852816
339351543 926053768
494949046 881491362
615305606 598831980
152670807 443461810
140715134 66914658
29852450 45856710
966135968 595986007
290300126 638983121
477604593 915905987
357607233 991541285
933761307 99701712
723321909 318888645
16272187 734207436
601014589 390995696
232135428 269953821
712387087 98712077
849927882 71436902
344399888 968792772
579757353 514255141
347521268 631569512
866227679 389601986
407919182 941147322
289477028 79243941
197250867 137185189
151873399 710191236
329831344 748132180
727339136 102275184
149727079 296819740
748327066 521377710
260597587 968074947
41252000 539085558
464302350 660629688
634356217 728861874
221671350 181913419
762359831 948486385
6802325 587762197
838601211 150055979
160678722 401707828
16913769 987938992
980379435 684972031
731098327 342981394
973874027 301535127
337100265 561031602
291959802 446670804
302743747 984178997
636260781 905233454
823549016 751310812
743320396 659091130
956322497 85059086
918220770 149125368
734128248 979639840
73195539 99985247
520732833 903439060
225682160 168731658
527593863 314628531
949921714 245011281
579617343 23953794
673775466 116459728
880985891 758876674
260510967 904627965
151296500 817421226
503226970 985935039
694118347 902176778
246268121 740688568
352530883 182346754
515709984 552876857
244482150 460683795
718767828 5286674
639838266 782474750
242502225 209882868
759575560 494547268
464616837 360731183
409641234 336743976
727622480 861869558
452618026 190927157
182182216 916731998
523871020 109990154
463885207 105526250
827595279 929023005
750440936 284422822
260532338 455851808
749982600 776756097
921024890 955683079
330898443 244948109
515964244 887239254
511989832 386898845
224709426 551212256
48217961 810497653
943000519 106994203
655209184 484299642
946262115 679594481
158912899 562288429
383170754 864285797
126778064 419029040
355763998 247404654
600362992 135278245
209457323 957878819
921543864 953104760
293603157 789820051
466870111 224331984
581159196 220206269
23241884 50457520
837395125 70650574
136760526 24653259
856145146 121453775
283045394 584784778
94734664 747064284
714808231 663324421
677325272 726699300
166427261 996957908
244514411 15094386
254681333 881589905
536649977 544719903
31514730 555335830
373837681 465614946
918858049 723573726
844028923 557826537
958034946 624441936
624098771 59207560
329309827 218756615
250252778 790922043
841879937 958365503
835042393 106506084
112309740 706410703
91808396 425232144
554984030 602522732
180772224 899525625
302172951 7470262
633743893 264269012
758888768 694745270
804760077 811428340
110836505 962393280
523568206 315204797
902733749 408170126
185205510 815312106
612839972 998567899
107059500 224447853
307890428 677254007
138706994 173665467
670783594 149903514
534589448 59853273
199905505 689565294
539835548 370868230
541237679 951958096
944906928 444860327
823783953 211970148
587454767 295052295
446310512 251332279
468613884 987793724
165775884 695740917
11610538 723875556
356513805 237334281
538428780 840157010
226388806 307910444
818393767 85209099
784055375 494869374
263218131 922925455
719433101 40446792
76796858 358161241
209761387 568613292
744989964 968556119
658595144 155834223
768933618 982231212
840620611 626798290
354255471 127496624
906828726 585912666
780975297 367083380
133965485 816860632
720987885 336249286
968722926 23018799
87904525 258402526
212524299 809596035
242932376 806947503
878553363 465238562
39121339 585527290
926631612 378684579
112398080 454269106
321718918 333693145
78778734 85559680
264328251 387900871
879848464 280691018
955139926 331572282
137516417 30044381
474998184 927104769
752559210 891367186
599413586 771595730
826738271 858987697
481034784 680572763
693216649 806220384
324971466 341717038
533144142 43700584
557243194 886453273
134701216 659494590
576148865 797989528
141647759 607472814
479904494 617224506
215398855 77151965
760993628 907628580
112781685 192469211
818515280 881975474
367525789 34822533
477079708 871581850
287060512 253752376
308940460 620161488
135709360 83933536
577197693 761111058
314393467 294262425
969837313 757941646
28070700 973586558
993218756 818098873
968531185 57933440
689192229 386970929
793816065 646793327
132083178 486015429
311691652 361224108
154250442 216557988
7124861 530644082
361879297 596904743
870866731 186241530
990007397 531353611
671116557 36742400
494927082 368830048
213828084 200186207
398244676 617696408
135162867 279815446
601027592 876548865
125054276 818078516
261934994 890881487
265950606 507318619
730770794 625352
922715123 766550383
647048413 791451715
729748791 250032468
364252251 169701877
119210896 144477656
858731016 14264428
655278547 912606413
140374514 464052929
985884718 433836751
843502678 601901729
70409917 312001879
673672903 154411586
733404593 926862977
724159781 24340967
998219568 40790811
939094481 903675358
638135835 893207114
11026975 325010639
411390801 33895290
983974900 301592282
22355473 442942214
42748222 502461969
688519922 167613792
30010243 160308051
673747366 751042156
796291744 460970751
52328347 653254096
414784245 427392114
468889716 328688386
64368486 846101645
262282380 52879054
430602577 965556161
852698159 13229721
144901305 974628239
954701097 947797519
793337330 266746948
859605288 316828324
438702797 972101885
99418018 759321955
265769932 209261632
658778129 15667836
411726005 427892573
707322048 32024904
141984487 257878258
81302508 25929298
409018405 656247900
617925788 480387991
406629459 201802704
380041464 612952952
132170822 646362653
958141690 806692005
970096588 190990339
62264341 17760551
961477203 7049394
756515928 138198202
313864113 495598244
265291666 139938402
783354037 355560713
729277142 196446649
840298917 805020421
168858083 965894968
882223685 788632649
62021775 8663121
432403202 672677031
45689763 276052794
560500248 739014454
439876367 568097934
760709730 809392219
452470815 221080705
504573700 629684955
687502240 590402977
697458275 577205631
19539352 989010803
990478050 369597777
557313359 374963720
673397562 915580130
550136416 411278306
160541146 385649648
972463171 293548078
705547111 402134651
37428539 490121328
919898514 458852024
917024300 774961833
441908637 938001168
124811664 789834195
997472174 329702809
263251958 607679660
913581383 845331369
142840868 993292576
662877074 224901772
171425724 768581285
323675256 332481297
891277594 356643464
181492908 573502882
71318560 67417252
809476404 811283043
93135026 664898381
548214942 869530997
191502000 709891746
783614752 500122296
686777615 334903932
504767869 439357563
140566192 115799456
355746481 133545159
833669667 122573941
927474887 510641801
300256866 390324479
341842380 922137517
701139763 64987523
250375315 172165736
986013267 282181828
721877742 544620358
748910809 465472679
961459969 70361653
975225182 885612187
576522520 663093291
533965475 468372784
597738664 667954140
984896946 17931692
797317114 166928775
150783926 442993857
356024999 795907259
805374988 252162151
612287382 447334696
84690942 978133472
548351783 185676214
703086465 897776396
113247711 115031352
143402377 862623326
36955064 109854524
986295051 203339761
709716898 868486461
796918531 634446247
350608341 616108934
238694270 973709256
924176453 380703824
511336470 192148407
181093169 72470389
441514265 422579368
114523932 486771051
620017449 170951239
55020347 385543816
310768138 371218449
587682659 967473277
550193269 368727309
599749807 857092182
825813073 101601284
157971545 697568883
907943726 210286242
332002427 916480946
757941187 159481355
782648470 432526390
91013018 664406021
75006156 235425835
491018112 329052779
340062703 542886882
713783811 424086121
248014181 506132117
751167751 204679258
586762861 592855455
633876353 428714141
597203125 167942519
452981554 813176881
418620719 268383620
557670248 948764782
924911726 884174756
187507380 50825014
279537309 35840215
684061864 465963814
367942963 202870791
727644009 308632879
956214280 725289010
369945942 511733102
692604574 524928312
749270960 582797113
734510852 732334212
732594294 645841491
531356506 177842042
284056610 927040223
346944089 955419935
215014248 156414703
911997386 784141067
834890442 671531397
36412886 877786800
228347180 401157243
233712264 281391354
91086018 538764137
79818343 491647162
961483565 412993705
67309046 697882539
146787884 219451364
305137678 812572737
189305951 444318574
144112784 963865190
446248771 746502683
971247798 236095137
406402444 686518080
639651864 757671321
802478721 633495566
378770389 715311268
875018995 905654009
668648671 192312217
205629789 357481761
149736613 531058614
215958020 237943923
737605811 79334643
163097832 98036325
412187365 711609693
997984403 905742778
21307612 993723469
420863141 20750114
343777263 609982447
392330512 509728559
86373687 504262012
985480372 871284586
489040351 289470511
123586294 199160097
157944133 788276045
887851911 131826215
970592941 468475362
629516499 519578078
614903602 274680665
479062515 427102704
583722562 328444734
798993318 29836091
154380586 730655965
171785741 283335413
622341650 941004266
653837912 222845793
551809463 189824375
9169848 734227027
175677262 345762419
423549221 989792362
525321287 583831567
87367026 3874783
496902565 775197251
573017246 283411286
916910424 239723992
84703473 143060526
910617612 237385950
452541471 991912661
449642880 409815819
673828288 901977936
747184752 162780409
570137592 48311949
338505577 284305192
355575758 742502722
685226370 582756572
633332685 627303726
536382994 55381565
736985515 881084089
573991337 737284620
35698039 687108822
661149369 228787549
859755798 29577904
504635099 501269115
800830482 277727098
752406064 520003766
59991889 417043616
4409084 844539221
243013934 898729462
249478144 467372510
39791583 875851541
574072426 607087242
881312222 802193965
403779831 260341618
124508270 195997072
326933713 607310717
170826889 109081512
76667615 486126379
827603582 1082828
877494755 435277587
410781548 46631695
100797499 230074508
733675067 514105770
139490805 340623400
312940878 460234539
373099927 844917515
987037360 98686551
311111780 202761149
680427142 511590256
377386248 372710746
854448550 262285487
635484042 217868432
664113112 986978871
362681723 709236844
861891571 945499414
959934490 82472427
89379971 732619418
557736140 378085569
120620021 343361792
814510324 942220357
997727272 6693816
881665924 176459661
732596520 221655275
589822974 936656663
961153556 162002449
630176583 275662887
429196218 94132778
30694429 262011652
263163800 26581876
119268259 251139381
64701134 557960428
726143271 79069206
784445235 685945457
244746021 792007497
947827586 767812189
290629310 762462780
290115698 620896673
590269594 810665530
61447709 555091744
353123980 975155501
569720905 542680734
494694625 582777933
167420860 859767864
899675332 45122904
940236279 101623060
766998777 984136158
140488117 881429224
312739538 571057075
343468798 292253890
231480846 281437418
344176935 348712778
458052819 193321930
19987586 477392114
649599250 302623605
960551767 317593365
156864931 41434249
519934393 420225764
477011507 748934751
749514843 734356684
142761337 872222945
421889636 119287442
334061433 946612692
421859835 906057460
941035946 563743698
341061389 33662866
684448056 889672317
673411200 644217424
307181796 948065011
327700359 326546397
950745033 552774768
798311081 180319613
12514032 472622713
431574313 270053431
733677867 852767649
419800549 987219869
810404304 503099049
119069044 971717187
521495534 554902887
774752389 454024629
354256390 380096130
500087371 852939119
453916071 299904920
152368268 340407826
754088352 881007042
141361218 678908511
189413543 264120263
868683320 836768645
552741061 942103498
700861466 749873865
593756129 259584229
825342340 762136513
239405078 131888367
420576336 251132241
152498726 592355643
660909274 253165325
937105192 888553570
642992066 906886613
273769091 774961006
920572459 909375646
931231224 481039311
554173263 66181348
486659105 417474466
579337837 154884302
247836980 112085962
349479506 482144349
582021248 844285077
55835562 939723238
426900838 930991242
904594138 917938069
521389745 269099846
528800110 330829183
646826036 538050578
214457509 309230817
828659226 849196367
236559431 342740587
134015540 685917793
323937878 326020453
872048395 295757217
619743606 970486657
913970761 753469862
596659936 105274318
270659912 775665829
127468145 692558603
432164003 995776172
784833366 145998357
924999761 784400605
448768899 958167181
637418954 273197120
420328196 97415698
696955247 706602355
357094455 568300934
140645690 609540577
94638944 865296817
632065901 762066484
752392885 101193843
757083215 683264388
507580342 186527584
997886653 691119497
581043316 222745527
402198448 215077233
566629770 72490890
426550309 341381249
259858725 891925188
786431985 258798506
968783615 382495560
607940157 401608402
629627123 678174364
278904549 332407298
532048737 914960882
264689913 388844667
154469792 664278033
865404461 38462791
293992677 56710679
501825797 997054874
529536816 398832840
825567991 570636066
413050249 222966169
82089325 935993768
337183390 258488112
936384176 196256212
915177032 365030698
964426744 926907162
168759846 148901417
483532558 928156924
366496833 301095453
760945248 270294931
460966153 155333779
557954204 494788915
812908110 415242741
542738823 969348816
133415794 498807094
657669996 952952144
830638081 296863818
214876533 528366540
847778532 737933017
965892085 823525102
60590736 924645401
362463301 239206439
399054517 173966959
799867745 455911716
794833254 489781628
269859195 961191077
650787341 245435484
650237643 285606133
4948123 634961746
933122800 946262464
349546117 665355433
795821065 911074123
708621712 375310687
36185225 715420240
507772340 134191411
582599587 758077994
225529848 677490470
311331834 142366091
935900365 195305027
619352827 458336050
97711367 987885906
387215604 625598007
449965996 352136198
474775140 556518378
199196487 329615753
233546455 951413095
816783003 181508127
185884372 465102156
353424453 745012023
915962517 364554509
95447260 892000548
433365814 973111795
149369734 593091750
373453727 622177007
289875467 567711769
999776179 136240004
874916067 732500397
383475837 88260111
872344339 820008210
395034132 475351622
972549343 635616430
505623009 58627248
665277805 487991681
793148884 727096401
249536708 11972676
982075469 483792084
642890874 457925611
14334157 805447932
558179965 488609341
916807331 56037483
933395588 484432523
498983001 997775770
871740941 362327545
928735596 811288983
788279972 154434676
64414553 792175513
962220350 318689760
874140368 127173661
107939216 950342009
219449206 772706752
54447902 238787258
105993597 932075083
412944743 887940240
273540213 379071671
427603456 339753856
234450719 514954086
11239306 570701914
957085490 204884271
887594042 966773432
88113706 783476074
642952312 428162852
965599424 593375459
531464952 775600020
771661752 361876190
695113186 830714873
742665775 96820958
745296904 333082719
622809760 70545719
519505732 304313206
429161144 431839238
264503610 847406138
163871540 840921546
950640075 873386511
135298288 905800084
117396615 795646751
183561205 373776407
409824908 332674314
136709936 544801980
679543066 421269925
885819713 350654743
722162307 302849238
897876040 386604326
232223155 547774047
245764239 604906069
490939865 78193825
611151818 395897644
213592742 103246630
639838878 298833542
502585424 56040418
87147712 208178715
93720154 903348574
995584279 487142092
229256830 356805017
987356262 780342808
234266462 890299919
950228586 398374112
744302133 166522342
432071827 796383945
78306627 683806015
182379337 62919712
619936940 174149997
166597875 129596565
916402932 685957065
407097011 877746777
250226222 165342528
5625793 781122668
715678077 228034377
411375896 5099339
652467971 239413233
227687002 695069167
310826084 908264121
816561097 271834154
254295887 722397289
421701848 578355453
539126864 191897724
774951317 329238013
353189538 933144537
517056367 662635098
202367414 539733216
156102604 454278327
713428654 441861226
384226051 364720581
164495339 308851020
940874277 873444095
390057311 485563377
912469484 143214414
595424656 708721079
809716252 67036485
520099550 805175583
364071782 572867001
72825301 832631844
449851932 237601627
377880739 614722654
471248189 639460591
482776053 747925882
622866282 72467340
144800054 449340017
726209358 209522526
22378492 366242339
112843248 412837470
678072540 333909087
853684393 161232770
731314801 952028687
435315155 525634402
265300186 905012287
768977384 396096134
400092551 523875085
522968638 238003982
506960670 681584663
369900182 634595687
331357637 36124710
294997775 181970618
441425656 997416040
612511937 486004770
922564909 340676642
77300644 832648620
20533061 190912236
3723123 197910454
622468106 272497721
977190195 621821280
779505400 351558887
98214772 676757397
690304358 231010569
936562589 333405497
752809815 814021667
266950339 555086431
332733063 638606785
256121007 419142116
745185648 75135742
76780573 665106949
913169048 639184671
271373263 996198078
692851715 353584884
157848755 111276055
543617205 794793543
296633684 904334850
36710807 740731071
67120026 437880796
937368646 763851064
788050988 229847094
653640868 22092999
883755107 770506651
295857806 998263225
314354400 266396443
955904747 411100800
403806324 606854861
624430768 185900937
770628885 935937542
40468653 460745222
385340649 607485089
899629631 732094688
866025425 631596515
729391604 788015666
434813980 945298698
188638622 513127875
814138131 647494983
600582215 166360491
58967561 891456722
867504142 145242636
354346286 727875591
943682095 271768365
901751808 177079400
728124219 630182318
731696269 356188208
193096231 788118790
444201823 22511436
690571488 344517765
712057292 810963903
993278108 556034281
485726460 898988807
433237111 876132292
165911337 658756157
457213470 228211272
212965883 31367762
206054991 914273523
46825754 282791490
962834532 707274671
833531637 12027659
661748672 943122698
236052039 55600734
847821374 643400832
68120338 792829331
408941858 797863241
647624871 373468591
79709273 428790876
385334039 826855205
492243809 574119751
113861882 825233140
290267633 182703276
304548469 926423397
781560930 643526305
659781517 59752019
692806541 940203090
276635672 235229529
826286410 80141362
550429571 284998019
4042591 532375098
365096159 988212292
153032228 772575491
937514629 248175738
475900766 861604572
153859487 607222430
790674772 90201172
747693232 111971446
214258174 497333845
897377867 609482123
334898822 415948835
33899911 621256430
94810032 963933612
787836625 858352258
986288725 637071966
858455762 242446020
202782965 66588145
148436576 986210630
400071946 362032697
910440053 228327038
417814567 541372263
306930104 21172296
684508191 245157923
943243138 9509595
425046291 342229884
575357113 184510995
445247308 619054494
317422835 193667349
155832290 361455246
403692637 465400421
993555343 765075384
593603246 294411718
63739743 572165257
512812363 122321579
365083181 447062343
301160449 786234752
176436475 710231442
535993288 797666797
491832730 718730123
186955772 633045877
521429800 299389833
400133875 490833259
49477741 458486651
778851168 602809989
94377071 274158754
786179054 844774398
897034324 272310014
950107787 155199906
131648796 689809914
585678642 906450213
797161196 962993689
499185730 983966649
216975655 337109537
768949435 645786762
10818890 459452992
806945595 235995463
523287012 935488960
226970770 701155653
199523212 484296967
478837610 563525557
32781973 652068266
263432869 566623997
106325381 531947545
460531056 137152360
894109092 993555743
673500787 692682567
717149282 149529270
788943242 902447993
126922157 497047665
513605862 651006270
795628735 644966938
793798943 38849392
480794413 827179369
760569743 308840262
305732293 458984986
521538050 130587135
937081308 885503466
776864726 1260738
464684893 975468928
255717750 466964007
943435620 998462428
76206488 590399456
418583426 79360188
672232652 87013029
147861886 90409739
161675510 763017119
353842518 966500983
947635558 906879024
759444988 426364177
64638579 531766628
337279890 283571877
603994958 26072891
704177708 933579183
752773475 338056436
311162154 53391866
762948778 461862821
610482309 788941534
525829826 325307828
704428885 884433725
795384823 622180254
64051883 337512565
406511193 842731453
675304355 698896695
129175764 399845023
848341366 271731244
777936467 419281522
682644980 826530018
898752970 46429013
205119185 890676919
336359075 662412552
450023255 938808222
270621265 347862632
275726180 653795123
59481095 635421368
239479100 471806017
590839663 443477268
243144590 145622625
243207268 601338917
781210496 269386750
617724164 295383604
903226215 725715194
227845773 475533393
923841805 189891099
664432811 905069119
983280997 333316284
903031102 789747440
479060568 872613492
247842126 2997293
788451459 305474331
13792999 853011604
826944847 264309507
92520782 898283085
537528827 433222684
700815826 579453078
203620683 863311339
654334712 510535901
875049988 408940384
138393474 669056621
291754809 295841258
371459698 37104017
780748458 602802348
894531560 475754558
701499969 697566673
995805176 477618389
915184293 142879074
229715983 970315003
724033396 711956458
29731313 350836758
770622128 705516774
283806419 9964782
594957577 428394928
783994328 723630995
938433754 405243856
881576984 506461670
675451150 634493626
323876256 214829433
494157681 347448805
232443124 276773001
277424623 864633746
419871600 55044528
810040845 290472983
572531346 146146505
488766388 26834631
696543560 21006772
606833361 402100549
154210201 893822738
218665952 916634932
10006574 452489000
245242460 396040663
313676034 896530127
904075685 59399143
292021145 119648419
731876345 764557377
562399519 363686105
406669941 764560852
701123632 281943620
432111080 336015966
612215590 402013202
910315571 866489904
547158951 530929783
206816047 17897696
444072679 937939679
304614863 631399226
375340379 832618597
108814351 234745164
102204062 272514479
130979013 500278053
267532418 337736147
288880946 736932188
679179884 756492284
248527578 400335336
308106662 501704563
668348321 571988846
71079555 60091020
218106132 19865151
828388918 309555282
21294800 806200016
247021653 202151124
994081488 499190096
922728851 585802479
551398216 922137173
197561891 289931010
694710659 64631130
609886662 27767096
266460405 117946295
96314567 106357693
336041597 947778320
720268420 157404652
924869264 150883330
68886957 646534111
563156801 317684559
213604149 869193833
900213959 781310764
257588945 997663544
415721726 994951595
244014240 601106933
280159765 716215029
783909514 306983513
895590894 997707107
43177040 607722620
826734619 223468786
10502724 538014663
541720906 919190427
934513570 758122918
444779495 770982846
758050190 775430476
535241757 989370673
948617661 768509189
206560333 822580927
283984672 845183084
675735679 165843776
526317784 578746794
434820673 282627314
484584001 340206863
32258746 822239890
745962159 17788783
987226950 820945310
215935012 123603701
805873742 181982096
730896608 175884275
117855778 247567463
658750720 394146465
675385118 235289613
632714636 727174951
338847395 745518635
374639504 899160878
498185708 462033630
284117830 528415024
368907812 672996546
846358876 945381006
713129666 922456256
897195126 960092207
269959070 335942064
728548227 449786843
116799334 499816226
633177849 198927697
147959935 494193529
621232605 560986339
369304572 780441928
294428878 598674071
736094645 874865251
918572476 792185693
698295485 189739973
443048819 879784661
919886342 278889118
895164996 562409334
48104743 914127352
5785315 485455795
102204255 195958818
623612587 619140301
125581576 303157755
448686783 157407539
378963190 909429354
269482270 651664650
90249247 436840997
610936997 49334897
863430782 315567857
361906163 945435061
567457941 825446473
204804235 464176947
825504389 557391405
186623547 499531317
374584369 984350593
352529583 456284082
281565149 276438788
530115625 863701000
435742647 348511039
781649214 458481743
334076480 400467536
338017229 954518597
755391536 730207932
738436154 810900146
723351289 558815921
502108053 473575168
706794995 474062529
548159027 171248524
117862013 423638929
707989113 611303199
833604039 779698152
283975457 500286451
605969855 494406000
549763747 29028674
754561895 228960884
151074963 68039358
954105923 592155959
465211303 560001023
869078421 925098547
512841674 584553372
960233285 991581701
621452567 707042112
874154927 661500447
280079783 305162962
51784287 663907284
531810755 445049889
839797205 34825454
955109096 475111785
192264401 345461698
615561637 208580726
816406155 855466766
202444559 718643621
713586597 907487740
567385132 9561370
147767062 937189924
494302545 719302424
856024482 987970587
9817735 334115145
990474615 435979058
326470458 891178900
811262887 68562455
98169178 998628447
936231224 837028036
770684973 92520425
957372163 393396477
477227121 311079339
373155618 299980398
53142697 44251863
42256755 593902523
298979612 219661921
198287385 266878156
267140515 824636855
824336177 603307086
923767590 239542621
874621863 688024342
316546542 475014856
462980218 744876919
451676888 676505569
653027688 312702461
618187110 166567279
75839740 127102353
253838005 428658241
87846282 192120622
721449754 120913324
878917471 18990020
197768373 54680500
163910926 734004402
114403175 52728392
214059261 498599773
450395850 790613886
975994046 695020132
359831035 271938826
465226129 178484147
468659035 504328811
461095920 95744038
502310269 7089889
163950670 155593077
572510199 692879362
796625239 461799601
918341758 282762789
288627288 575429597
298473742 807149317
822330389 431929833
601999735 503538422
547131501 820960901
289589265 563574005
744007010 238169920
951200578 848910256
870156400 45335962
611156065 872505618
159221790 75972243
734192448 717579205
325359570 187053398
692929455 901151903
199224377 154329159
409894014 611003233
36363299 133046336
746618651 911740416
969675735 478727825
802880673 165788595
86166906 835997271
459979686 384722252
135149898 517767429
726405261 110435412
193169009 185503046
595028674 279198265
564162052 453627454
667128243 824495743
883850306 902967460
473293797 381626602
9232579 385379458
615314338 192289021
95317530 551164301
707297926 479798768
286271430 994183810
489715899 12970950
373015603 459972652
957664617 504240454
423202715 450899961
727749540 719934312
888327076 177382408
917736377 851839652
843751321 714306299
613890829 124296414
217629341 479977268
302590940 419766983
772821441 586650326
839956846 178508922
669006334 479471725
299129222 422802542
109811826 982975460
196042672 473152148
59840150 166215899
191258855 742333650
623790061 656260460
105916889 362396604
637937952 914040
648747513 687047986
958868971 103290277
856716798 618437908
996689513 977139913
742361757 495899502
436759854 558110317
126194015 761017476
702461638 422349157
893236671 573869508
879027246 348114198
286252539 160820595
180113221 536536038
535330950 64747522
721758339 685519103
526393126 730607451
708874305 466627080
861510965 108145175
199493450 638176823
355725464 453707116
596441530 768730025
825832867 784855033
567441611 196395068
783581760 367732862
555359049 73934705
421631432 850180438
884343637 302659781
683238502 191571837
29502264 309351666
761343860 855146006
209864961 529627551
942552158 433898507
368917955 275950395
156431727 764918369
929090823 968280859
545396517 210016246
892811544 232578834
69119981 811221401
666160562 348350389
984485901 132756015
984922577 411459271
448117137 800318192
918133085 104225365
826689559 534020629
554943264 266141831
529896776 912782413
346066193 21348088
320844653 398939405
903900036 491122827
843203780 765717086
532404608 322601413
777313103 563269643
66592343 885180236
984945311 42542792
663279172 976304545
738198685 862257499
645540557 183824461
527373075 988879057
786443883 902153489
414359650 730157165
641885059 894044540
968028254 175520966
236532942 783910636
693322651 46324492
764431844 433692326
297438520 372344320
630497965 730299830
487563773 12156839
186516074 827988429
565761881 121998468
983639307 171439661
322106548 283476361
961811230 135553717
3826897 60865207
147606095 943020200
788962958 288600838
580945660 26609769
251968810 205667249
618017652 722825505
86654399 602097638
870982007 832737875
256530609 935633315
585228733 530107462
685084585 537324867
518941445 997074606
170975302 690135867
490597554 755854948
888448996 596562399
6196139 666349187
856569088 613541376
3599318 860766641
991774785 763546674
730091731 351913312
441761506 480090988
323327470 273732816
766369508 486201163
286496809 99788913
794781035 75159427
485449478 289562212
915381050 571661591
804609115 577514739
712346510 16573873
832796975 524070501
487633056 767525882
809655582 531239301
241468256 932077467
661212066 73158031
621492332 514397133
616738347 600964467
209899465 892592755
884980011 346355709
802875388 837503705
277678814 354488133
99935947 550859370
106142803 966160921
478665852 556826437
363602499 106030695
980294184 904786506
52476683 372161862
712706556 863716815
781472377 872826559
313467313 298285735
442735559 946215857
656711107 743746968
587653392 221970640
366281508 587472709
699423458 540205545
305114412 793013997
716786205 826580139
291570291 463032368
456631252 536863665
164478908 591078158
916203445 885810779
671240260 415013004
423012293 9583404
511953686 508211094
371350177 291529127
972186420 635288507
883907970 277740383
314137257 652389235
204960706 23734577
240734151 167371914
644921383 304859144
391328613 656410101
544404862 998941464
880434518 374235295
299012438 547192560
397145372 17141294
381254488 329121886
815151199 630437328
28728336 944450420
448311272 817688947
718420374 123280718
969649158 419055191
265231803 87927608
46653287 403481097
71757803 533592143
798879163 873526456
722643015 960724863
215864465 233812486
630111077 118589028
422609904 523559043
115473498 266447500
99192394 129597567
372475853 9148576
57055351 14263876
630245124 851767831
671262125 246018823
950841836 720876060
41389420 611337004
648115522 124393502
433069305 805531597
751885846 378808672
244302609 825661771
866451907 386490225
594723580 681575689
570209876 594571502
642401373 289815616
575950587 214380190
600438358 85038288
411352159 20531446
653877628 734838928
596515125 415060205
505743284 858504956
685400596 166568815
444899265 474562201
85846544 96165635
449931590 679272158
801289246 432264239
388163628 936769179
656204296 355165069
456699226 255244236
242938442 752794015
203566413 105133638
594009757 74423247
550491177 522205523
513913107 651114885
39222614 526539193
961413110 414191172
80678445 985848572
421442778 681349390
588454021 39905563
879926438 137575645
439547055 36009003
903793389 163750926
644620276 879942521
206707835 948321285
790953428 876430921
795347611 172852512
518090710 884092256
323581605 868950180
950971354 591924184
87099401 635205842
932973217 873864202
486716209 795269729
745588922 37787526
422345144 861541614
351244788 362156090
187751191 185221550
317160980 772292054
566281764 915349367
377030285 965593758
275304490 541392154
346275748 761331634
205074788 34150317
239553264 24619913
591715276 630857049
394125896 910570261
169170518 499783335
418361359 713422253
418522758 574668244
922970198 604393048
983166366 911743347
912996 911050424
764290828 518027800
723670154 281194289
943431366 634860399
531118795 826554793
591201146 763753514
486077514 853999060
727358101 70323289
736649949 742965887
948672997 932104933
117646558 557668310
542958308 206946887
448634255 594670713
365805986 721898019
542017059 51484448
593878319 883297533
967776197 532813478
180754901 369640456
635456681 497915406
74637251 208469274
534587983 100255980
774176185 578666435
716559964 637120553
652553925 980421192
327519325 100620853
936694835 125835655
303301216 274778938
812659349 109030847
692974716 388819209
906400911 643363256
195571401 408906953
322853098 870359927
118497494 656757274
808185252 137715096
440607939 851229142
403094049 877117662
224545995 498598277
350544993 241789720
962474870 6533493
252079907 558505553
849965049 773980488
633524222 885010101
776899744 347369072
499853085 35076108
172571696 362529097
507045312 999664418
629076709 359844710
215852308 540613679
874728848 910940080
849761814 339607102
666771126 7507815
383941378 552910379
568541221 422506768
50574249 617970224
617211779 590164468
487313917 265067746
270905722 497683667
254765711 850510251
976880552 707608803
424664038 122439138
801569402 497836163
521030450 262920618
506039443 107148133
296892567 937945776
691929173 751157426
895054185 215626754
855747914 431419433
660101946 711574662
432457376 863544042
270512118 794209917
157189518 207556817
830436063 18311536
3473804 280524115
869007949 437504453
103011288 177915672
376536978 46585366
791062107 343161080
7023874 677109811
963361356 469792556
428320977 319332628
840142912 70135792
800917962 195932326
148302016 402390729
909899226 953302726
857874504 288703236
667018054 704878488
818837800 150630229
531971463 981163605
821700267 13350047
555365851 88154836
200829609 424005663
569019788 389525245
858942237 482630613
622682051 344816008
230820084 12911223
834467371 622675132
956020588 182991141
456304790 185199336
854449054 33222557
291487424 519284604
472255212 517987906
632846964 376240398
708830088 567935338
531982802 396503665
946836853 401926486
639424018 817072813
862324144 193277113
404344180 47663153
155119686 912786751
429069619 781426942
125255808 240604821
711327505 72837373
199286419 275290212
71001096 487466890
257438582 508369139
242094259 90274208
715622271 793259556
151574967 821411674
834671690 536399726
893336737 783670505
924038717 398079110
197777952 833333194
510776670 176055409
417931663 572717442
605191679 463846777
366198005 527154029
177442999 810562260
3612675 19637161
502352765 758939579
474541253 626773008
459367703 85059401
510258635 925181896
698953709 16872875
671284254 582607736
723721216 763858178
598539610 928913150
603378582 925383869
462672463 524281865
437543122 687201853
426648458 56961381
167110286 501839908
289280706 204507741
705565082 691689935
825903559 288251438
793893410 449791621
119487886 831356599
1210630 626555190
560848757 445320914
133125605 280062599
282047610 375191653
189778605 156728239
582685214 115937472
825540478 435634100
734132603 362868389
577788062 395492343
348123061 187274730
650103623 11766875
466889135 567551725
125149236 503468367
616099084 767985505
182695149 489487852
88531103 958916913
189129352 497198685
347175177 431973754
904860887 772183234
798919945 654368852
59727670 294262801
928217842 408044327
697117954 729457418
434457828 51181385
413332983 297521355
849877049 995024496
733704379 439377454
803007021 738745007
767743601 95698137
49148256 785487734
106025271 772056500
471709076 369606571
777694123 749436341
577872798 608550461
646465723 852743316
409724246 564504041
705038866 666132008
810325050 126221648
13015622 969041600
463918551 349812696
467706016 783903080
839608256 578301662
280015357 148313462
182576082 705098491
296903584 445417004
980759345 162025705
761013847 339072108
931188950 299815500
807594243 721382467
902200976 133234297
767265404 610726547
438919965 10688151
800653756 479748619
951527785 59162933
386035128 767934725
140829953 201798005
418882254 77831031
869522073 114010170
249259990 581714602
549622089 935578442
600404225 350731499
673241022 437615394
166225439 813482782
946290824 627796262
819794551 425264885
432081362 394470026
40223228 263359457
180682657 848616841
708711411 818159480
800351861 366786043
36562508 784071849
924952615 102696146
662509844 578229856
710936262 143301736
397422287 652155798
252617388 784674131
357409783 735064225
787059758 70548287
27955968 716056003
89982725 929997468
388588242 86481284
931289281 970734089
60472993 923252411
743149931 261864323
924088357 214281418
148276379 384328703
565259861 152235049
397249708 111279319
333069588 666666440
176697647 542494589
427986128 596589990
847690890 952557041
451479622 765130421
928004072 172436182
696793443 201573360
668709262 559538729
831746541 341036674
523865612 720053070
137903128 684950271
130029270 78208139
759928812 245701955
230179316 225440421
949721337 774040900
949032949 145426978
394909569 848121208
752450890 117115137
643862062 156879776
712701220 722654416
603481176 381893080
996106492 210701488
610190344 619231454
882501719 291918864
461901081 688338807
663320548 844872927
965919622 594447925
59556029 892771924
906551533 685185125
697842657 632673924
676832362 636583401
370197202 900961483
167416173 474525374
720240760 886967741
443208112 254698236
990629799 914652587
181626382 21494736
685992737 470979740
992879453 658191077
293265730 703514812
20957708 650005446
733489792 274139390
169183320 623870320
449650093 713278520
3909379 330058053
902888658 573292773
760138142 294338738
753794255 719138286
960134760 668217405
50375904 575083411
91701928 322373582
963857245 691198235
317287375 262857681
525304187 453919276
798093776 433643939
360064967 405599754
418800176 700317896
549084982 964181967
513334028 568519657
156660737 644339903
547207469 688433922
287417027 633281941
70142075 936708688
789075550 962842903
345376608 577891646
586861558 995206786
725094317 824423403
287912941 553368818
718504549 745392338
92352058 340154130
343688197 82438518
360321404 357891215
190424018 506090872
373630936 438900564
145993277 739641772
133310794 395617096
568363002 515822672
948975671 639242439
51307811 475009879
751515879 900671904
563986505 534605186
781468194 166654931
447595662 437735585
787768190 485278020
240378507 237293293
48443162 657783962
129043576 838204756
741236857 322403960
588366795 895043378
113747300 324846963
290790534 861456357
837591828 490205166
552098964 269939903
684967833 341359416
382473562 975006682
240290079 894826028
332337315 450593579
355803012 325561944
965678565 259161994
406965907 702763885
585107616 932697549
646992830 188960698
750371790 674186535
110838851 644730204
998273572 731044176
324163418 251549177
330080523 327393387
219891709 442089169
731562962 528462070
135870202 914463954
256313960 251246084
984951801 915878348
96122781 399291747
429769241 441230054
12199176 797593182
485612504 282286113
368409905 160728174
694304597 559643680
790467052 567755448
627779850 963269224
902839780 561536814
422126161 101359942
244416652 136845525
809361614 607233664
677519522 177500169
887751876 237365296
711129972 458943249
130415298 987138322
173623195 61754574
27354610 238063819
865485989 766729794
333878080 702887355
372328211 148875119
86056264 715841268
425433177 484328493
695915671 459855758
524514268 691734944
844055065 460071133
999791711 930661369
873410233 765377192
748197377 731614262
518784919 303817417
978235912 70098667
874371500 209484841
627694644 484894998
474200117 776376321
330444761 788510677
435176576 531690126
490245649 168441107
43424224 378539233
172680764 599476285
204420967 697451628
839644133 707975289
351769418 670188357
290395963 113405481
904849110 763336562
217232886 382630751
925583535 855285570
501289478 143825238
297531649 272093723
302117901 797432109
313843606 139908408
500866934 407854262
312454420 433669891
981912385 534446166
777248843 143375190
81246174 481305223
42775597 251913141
158527556 67042088
453308214 510179864
98795314 114026662
510743993 254547008
209904971 62749969
842026051 204094348
596535091 457713788
169049286 790011752
827276301 62956461
440411321 409146755
336668497 303693874
491384756 998245808
37609805 646419726
660110359 122856134
648535306 702531057
441455739 756771554
730360922 243349391
601997042 182814894
879954719 725676139
20595266 240880504
514181265 500970708
27062355 217567144
200899986 806498929
606102859 355833142
600315700 843154727
83416013 609688895
533383925 465100491
840545283 860325205
228320637 501782954
60042671 728674736
532068170 899986809
513835966 745665517
152677231 680348003
195699173 536785927
331507366 635905706
941451454 601055748
642077827 902556142
831280694 970085674
391743886 435793322
140418420 523146145
378653633 810675019
361925111 620911865
102715855 984524794
780433905 889531740
194910791 736439000
963349773 633728994
318947351 8974646
841568530 508875209
612960328 359253766
863981569 149236847
789641772 380000225
192440060 749690972
933921638 651323340
320835539 527825892
743278159 442075906
196956990 863150380
889865885 121130207
408061694 896872557
496133749 850568948
883290998 990415789
83961097 274923522
626472665 130481562
993926148 569841813
911327552 270722981
638210985 453071495
552591900 677116304
83796212 157306158
241661949 740776049
280723541 946070311
205496761 391990517
389028015 650846953
472162553 831280031
102364918 549336836
424249202 768936843
386525264 101045902
655546616 517771906
566181085 784917483
896229035 614382519
903185425 584230066
236336781 507236821
516966709 892391816
371452446 735113507
397005197 442657224
798182908 300337541
545685625 272740168
51437026 28744427
205972000 398654057
723894430 752230992
653984587 953564684
924812220 898691840
605063516 576882026
629031791 899626267
318644154 6874456
328808452 834614680
919273515 679272325
638715608 489488718
548299580 618834796
113680968 960528829
829081646 142456079
33349497 421213721
40048287 817583863
261653989 4773204
872394563 784687658
206194012 599152125
962360552 867855085
757147425 630995750
574303180 893210688
910310315 955267826
332087577 850621867
181688078 140194346
632965112 869870811
312601482 321914303
503326609 421733774
682087659 646874837
7037445 849834260
953652872 277202916
803925226 793102612
523589139 470971048
915519608 43906833
301596222 505122070
568011220 680379934
713753013 90001688
394260890 952566544
907985651 646539928
919790704 845045913
689763507 202345883
588982947 494795230
698335255 900126128
362000380 66413159
805673796 797334835
886564591 279302091
734503029 16906769
207093079 483343548
549061493 745916740
306180192 268432297
944839002 116000562
678885374 536411179
934182564 767621013
197886805 312037553
963084236 588881794
251171373 965941704
390626934 967588258
605036943 104793534
88682844 119032593
126878716 303779536
205272207 31410150
419397608 383769795
217504455 964473662
263818626 386502086
146192804 817090324
89090789 213201400
745616901 516389595
499572637 470073629
532626755 648347886
732026257 710989033
198915316 298143123
263029027 923307642
220246797 964649657
651352377 978713119
470267160 440575303
909677534 697546803
525675486 16530785
978076506 249573976
715014798 609424641
347410657 519571371
14407157 625182206
185117574 570951762
717469949 877136964
752680173 576875119
18463365 550549467
106896869 619241230
716296976 136911860
36962775 723674147
517740131 383928336
616711429 731925346
813181584 441521058
333556042 95514160
674986649 968621349
446831103 757624109
391064601 355120322
527277805 84640215
367157255 149781372
591670470 187302185
204423637 659316241
780307842 914726024
794073286 671417156
599825185 657559131
96495469 817189612
984086238 679515602
287612886 342475460
702297602 870809004
425973190 652422115
1592822 765321891
553903660 326674630
412167802 805203450
71378597 889382660
322260647 554949860
218131427 94576285
737821926 421730103
20516853 353923715
956978502 775556630
210634171 38605722
731851766 888989296
659896842 287215627
627503938 421498117
206795671 314073966
745522132 40739644
945460789 600400094
893292193 775141598
160094317 896184608
3971707 899107290
641877537 277657606
228734958 54044855
52711108 748027011
644217496 412457661
419184063 262537536
657491000 489134568
661045697 92649338
72689059 185024816
494008110 519963635
145664267 473281969
220631936 338484579
236787886 476139973
219017805 713484316
951022412 142620537
696218268 245405230
834575287 412988550
479599034 988524468
858313095 295651364
698462630 339964224
454085993 527155029
868667684 6802749
429353274 922851917
150736046 131956821
792812249 73913601
899587087 995542382
223025171 350266727
660345688 974274647
126446133 831277166
759385820 642412137
686762170 454634935
577528246 396235453
629596683 884629791
728882735 405971815
775670392 641058258
395366894 595852422
653817648 103540110
902481375 246042040
637756226 972862002
226648535 719868019
765497794 60655897
164326033 302058100
705027459 465438696
894397946 137585031
52484793 279984947
657822491 70238635
520821337 146268859
808767703 606406245
543670884 222933168
156994443 67662835
450462920 273586014
757413069 211480894
695338259 897068542
920458186 897984798
255606382 902759300
24562526 273589243
855787070 935339809
67525297 184187753
410882026 290598080
875449017 719855534
754455895 799092800
605139151 146084766
728164176 150150966
325761432 303729548
722475880 521688479
850862781 148048424
426096890 217800328
975934188 277543768
676207327 39627418
410450936 204463208
756113937 637083192
882162140 525700057
399381882 470528092
320120668 264477906
192075222 673440392
52861599 965338191
875691500 864902542
967602493 769148424
881493116 293726842
158805339 843102996
43327208 140879
68836603 7997786
741204662 91776621
896178037 42586113
137995425 847178169
626805653 549027779
906058289 220802941
934422639 965697842
414480785 116507471
884390936 696203897
488281624 566679907
952167757 318098773
793224995 524047618
201116697 433587283
416277992 186151781
39256328 420198611
29219984 580560951
528644137 677319321
113293678 857271297
391557113 327229417
461037047 191907042
525862101 622639591
488309594 842503854
402460751 552520540
902135666 156147709
136678981 380444024
956659318 592415882
911248334 571042438
847393960 174722875
985898594 118639607
153265320 89061032
23523034 237910054
291270318 675347818
621184019 629937070
636004316 765918684
411869453 517890324
915008645 676987825
696890720 339240597
528944582 662006329
312515817 713390520
606622495 345775939
982079572 278839141
379950815 387301219
243940992 676137283
667363942 195398514
440661910 572371701
938911033 672553046
245491619 991092916
54383074 5324693
783655842 533059311
567103239 656057261
96881842 254721054
73363381 54871325
872617884 179021885
971714846 287908283
378241288 536716555
651823739 200460420
827102888 642946281
11895814 480219415
783027476 771682825
169570029 986108398
62694593 705736114
36833046 98256283
923527933 797453175
291928193 359322320
80434167 362721193
204864042 556313180
656724347 430023331
47677004 221389793
85263312 312290473
447432587 706258365
130405245 739439534
49805421 387101595
724043791 55008122
643842050 469080594
216389735 695243834
494092110 923397897
111887592 545715785
91724085 316470359
126075215 477175392
955833937 746072911
233704130 199862781
771707117 846071017
326748051 950234823
519963136 914658493
166741838 155251539
584885691 385770446
385507959 528041336
287547973 799543207
584959211 223467036
650477300 263580236
730099281 168617391
536579164 687937768
760396541 927643763
864581756 30973105
584293381 90577676
90376060 543991868
812079685 317924800
690475823 824621752
978247915 107004932
444310621 700924938
97272753 681879997
524100583 785435088
69960729 940575207
242555020 214160292
352066093 747158998
277681947 371865851
212298434 707202986
460205106 360102863
409989233 410587703
198459168 294113447
244901382 985300265
34064984 53640708
644032255 475011737
175582192 939660731
565585928 670706842
326388741 950224399
408539255 504503500
274847795 720368355
487597874 938736505
81156068 69351203
539918922 108067325
612742197 579105547
369359169 78177565
744576429 598071131
987710577 822198632
847893148 822273539
356691780 154093470
881398304 905340939
990645148 393842049
165909095 979030455
587182695 215008140
42386969 708516694
468937199 213351527
562039714 999411808
253673614 393088530
85450523 836474921
152616926 891982979
184211871 588662219
736506662 709086836
604609818 534766251
959226021 250788041
592140712 434781690
425723148 957890787
841927346 48681640
319733322 548461472
710514724 883533474
691524822 128454700
68441599 697116508
762682909 400053643
645375128 652041595
320444768 537339032
104064612 116979453
329794203 168241147
664911289 477154657
216880044 130413323
279746648 335342200
667640246 703510334
661414547 419595417
624770090 507000203
413049511 302521800
894178415 750710054
682662850 737888877
879087130 53299430
31813451 569215910
948346310 398599787
121137836 795835664
326127221 805607985
219418207 834949699
44377056 944706221
918091358 57383591
347256729 598407015
291213431 49953798
500268111 280780785
370513812 202297873
606963754 503331943
531177137 606803002
678879966 320195582
358023791 209094587
519584907 381138777
438147527 86963167
128777934 167069902
492960149 327199236
81978807 47433068
598563924 435693295
954213769 816378124
612983704 682483247
627188932 223406712
951915669 629932413
763905705 488196698
73910411 22087134
417294324 282274101
901793892 950426722
512824950 105632962
775456669 232804920
787953797 429250123
901424584 738423343
856426921 545080039
694736165 882014590
118567384 122713120
140381681 846099681
375270819 640666397
456321839 922857406
676712568 933300178
516628971 355463329
594583900 455499996
834595799 199070954
66031927 138472329
336522592 238310149
35700103 867932003
646435980 562606041
331210479 723618278
150058424 670585892
256041443 384742995
652292145 444039286
937882766 867337635
340322543 396044652
799107217 542256821
784040175 290947420
690503559 325663045
983606593 808591964
137309618 563183058
405947774 621160332
620052235 446067782
65944955 869293709
493744471 398047513
408908545 144763620
337065875 388559602
725589390 419001271
680864722 120016646
490782563 417361073
208520473 408741886
732122567 3075729
716851560 712306390
653682903 244660562
929712099 42119147
302244277 745209346
490946728 530997764
539063937 768732484
868416726 513884206
964223543 137265143
849436226 715100561
224732548 358454956
527403278 294776212
71463751 505916258
878911316 823973850
705290588 546824675
807228744 438169800
357672950 467768090
431628043 34792836
914405632 878535855
515521250 205795841
862086705 284933374
857506095 270894431
988843312 859699310
813437444 509481729
748191975 235017368
823447101 579498387
746185721 169576300
869194704 2499223
990315331 281324686
490143437 997110215
104782443 7901811
755505621 613718989
308135955 626107374
988492237 458950473
550013700 23195872
133773518 290151371
752138274 363289591
969886236 495255865
178420353 9347087
734204291 468420148
854300011 685200465
476944814 751041343
556757166 781512189
244844353 68961806
923451255 153132754
139674891 26865862
9751282 219300983
81075585 533051859
481523532 919439338
633753022 972373806
370529398 534875782
301249352 792644269
947576447 294289345
156320519 776349005
689789652 385966151
175717161 98891598
611112768 916522931
67170256 224281028
233185229 808399089
309916378 974998617
43278442 318194370
169316645 906480833
869127732 189380315
119891041 796145221
932339604 56881697
541838075 97169749
130852692 91500332
888390630 745307655
640439633 281624270
555304270 413535726
567596597 246469126
211425890 786858729
513317726 878769963
644724671 773455072
123688889 692459081
925641016 263253177
796136620 144973907
810905779 892760827
898297627 968173684
162571219 45263755
754226470 143381578
983842886 693399029
46144175 620290074
258277490 473399169
273368866 12568022
820724490 197739685
436396268 602613972
90629615 80923679
607990964 340230582
599941760 977343889
445988943 453899754
123399963 914530009
895483522 897310681
840639047 109546849
577039382 478514709
456585910 328460615
227645160 157977028
810371685 364110614
342548437 310234115
466819224 75121395
205928899 689544559
172525299 638530307
841060516 704717451
800347520 880979564
996653591 136341077
312377241 351057350
981361827 113117610
357429389 821964955
867165508 623456769
771289433 547611380
504480405 62074408
857760080 609520929
503788185 881805837
956017753 559709741
958808182 331875152
601599430 254039635
999163219 696407295
480088504 373778320
81282829 845546020
835139825 358137718
982015948 341552577
524714859 977464509
857370776 400007455
770810928 9567493
394735548 275474850
725952336 483251107
110046154 436129318
416397151 426439473
836269726 223269651
186200291 236155892
163225482 97891604
340874001 171616351
611830759 201259659
996275407 982697282
755062628 549161983
96472172 959824835
651775176 942779927
776182192 295386622
663428948 109307576
14736754 710777226
75587714 515275450
715435268 735517928
268842973 293753625
528939884 73330637
393377340 617366117
168049490 979385861
856834298 407936928
763482201 653055604
519479158 116891253
780728203 96468147
826274271 836595461
789601547 30257454
300422766 855393837
31559865 26373709
15978297 372846912
113678252 544131571
251797216 444269230
513093262 45466475
883609949 314065812
968287131 920306152
13906165 354266172
931221808 285114065
324826754 335021516
433143858 137201117
175321301 323071708
552937473 708293987
580323805 64196774
593675193 119609985
447543843 266285919
500669234 744867021
831504699 137094793
414571857 563188471
679191392 556012492
507695276 93550254
950213429 140110323
760425390 923224603
608062854 598754933
550575406 584847082
214943817 855802706
918333076 592633254
27025752 812895860
578666329 130662367
293605625 921101635
133184443 679306600
304634627 385608447
199315549 249418063
287463229 227025698
235782208 507028808
120925579 224746939
271335375 553579995
89392814 243386849
848136996 547359842
159434863 338915140
383766445 718917307
337293074 829577768
401101977 984257819
29585844 273637949
36290411 217031859
163734775 757269456
623479677 419855506
317624869 118184837
565236053 409973211
697483388 45998433
519757722 10162790
515822117 662098777
942050032 396374166
202713794 945490958
958059500 800328261
781969646 399087681
775064889 618497864
956851064 832607759
186748945 565343441
988190904 270029860
170095888 710192344
785432424 284553923
664254658 73509460
555786925 573441432
968824450 684560857
398708720 212720232
409604387 957345838
5662207 240349730
724761229 151960921
111259150 193315167
53252363 187376234
318872293 180036836
898758488 99624570
742143342 933026646
780049030 586492621
554692664 960022664
144168605 615040676
952264304 397817956
480695639 559617970
342874690 311067111
678227886 561878632
702107180 821426768
553500267 383044350
633791695 728731447
259665742 37257375
260410606 819846595
142572869 430593281
96486467 342243475
218720439 408936189
643082459 300715900
58794305 661859471
329893731 857442370
701413778 286675696
406537292 218235474
680357572 145765303
407066018 503604747
968085891 253530321
658545837 615588041
873052795 189941305
366920093 294719134
439669769 317594795
161020443 734446646
856230886 379529911
628066051 487212834
448837404 915579989
589495165 898859318
587940209 65425079
302795002 674416599
554870454 293422
651125803 976953865
660779414 530722737
861305375 425542756
960355856 677252670
797762129 431635642
891866260 625013658
173657041 508721552
997465537 706885601
764991508 264870145
421245597 838419107
890695808 970086394
769609331 649107067
840397028 683446934
314194294 84625738
234873589 806465606
23695652 602686768
144871931 340013204
232145087 669156812
314341695 581545390
4637396 336333074
238968337 943228753
782790060 49010710
660286833 947728679
1561450 401956452
157307345 471406138
382018306 779319622
471769053 656530644
97440046 358962003
604085053 878569002
31903552 770388679
645445019 322690244
540658555 668634484
947152441 10515296
829831856 15746542
919906718 623081323
120597436 362184833
5515498 277021253
105580880 626437765
181193610 829361991
550327641 217598346
270321065 195026481
355271803 506129311
358687250 646546441
56579729 872281588
586328986 371418785
924560339 332237722
159540747 992885642
9743419 69748749
22934176 988663943
16996647 272761496
240063890 260561189
604365567 640180709
957534926 868483426
625281595 569065734
929700663 541983815
309550335 991918004
969412592 707524843
286081927 657077494
558369439 11432516
311132969 359171442
527989586 222723198
936877494 988445637
585858676 218599518
16492136 571679670
189132467 546077385
357008929 864386821
721957500 448232201
794161434 172668120
65923003 973297160
343542813 968748034
225826670 468619066
10904285 848011457
264285767 254214585
580630284 366406394
592391436 257337437
892325446 228670801
154333672 220575171
249279665 586026868
288398820 98537283
89033142 244515559
287325103 73536049
432721419 172537584
307850649 373189554
271146798 798659502
867298967 463619532
733204813 171178814
221594702 337246391
88644505 736126374
380516008 79338522
300650873 969795086
750869345 462453364
302934212 436367024
358423056 843470549
346687420 876287830
81724903 460681254
494507929 620591067
560995198 502284016
499643136 789291726
269048202 759992917
910239355 862874103
526630168 336950089
957538540 120819289
914952964 670441336
519934623 715838023
904951555 374884574
568609038 136585202
320529435 471774350
579363532 881775775
281818170 707062450
723925368 262059340
276270182 147636196
902668929 615149043
795737296 812539262
712143817 321354457
964144789 581502919
222848135 11723706
443588693 454719240
938988810 350968077
73800474 768953194
123138319 253983777
76558591 819804088
902523152 985295906
922399283 768854346
714227336 848220150
160873994 586100839
111364277 325809158
51216081 88079358
286570017 435934927
974304882 807901240
645062714 988132610
515171898 779334109
323835919 402979124
226836099 188462258
117235940 19859302
856014029 117952916
738618678 144227975
937230008 659362789
887083946 580775061
265662829 739136469
571848775 1914203
581976297 776051237
719050839 168110908
435369768 972915507
584567386 114321891
951075292 957843382
394001391 536496317
344103892 964920261
155851118 158397105
428184457 691806410
420737004 392783670
184991313 499197899
913827312 362873575
668425081 739939997
186534567 194727649
218595259 485742967
827776968 89985970
115586826 442784981
300403075 583047947
340348838 565249676
759547950 341439199
564243005 75067594
500190955 320792043
359872211 518589531
606129925 190795700
21268808 980904825
300421509 87981053
37811154 173143027
367031952 122908488
186080842 387762438
93227453 375387910
863410631 921715293
411013085 190512693
73714475 361932275
431890462 338357360
167058008 122556258
921544903 462910153
226035300 78766395
650328075 478949104
524418262 272760230
600338086 222428308
306860789 25058751
674346542 234607302
46731769 977731582
891748026 66073457
177944177 427045005
962130612 472752252
74346914 210325777
515248610 87624995
853434035 689674097
390031143 748536494
572251651 950562693
302344180 700006920
634891153 734470468
443795764 150390547
463884743 106623747
346015474 210141140
603857707 275570257
163045930 876404488
254908070 553630102
164506658 607913462
984195372 854285512
311221224 710286870
599191212 114616073
629240969 432329361
610532928 687465633
640499090 794332598
640399043 255294227
26984536 282822538
270416076 67174387
520094612 47589559
349620267 250373798
977097915 615484003
286273408 894200834
284156246 445213752
184521783 840721719
508469887 337657612
506904547 308553194
974243285 95315526
118033452 278738433
806609932 276617685
25083213 80183320
600904588 660347364
941730306 753290520
276087555 249623033
961536098 422926726
447358339 480898903
139139979 446703636
698129366 202916851
520933843 59449189
148359720 128885790
47907293 133090984
663167194 980973308
559552482 616913035
574153756 679365403
808153800 762185412
120875208 629504725
193721982 655720747
522916985 801204075
24108317 506982284
123053811 753092038
446640219 834763289
121929435 85305895
85798840 270161746
850911422 149931989
570026647 921863089
760811147 675957823
573564143 852926194
566513433 27125044
95848345 913881604
420484415 3214830
466687745 103421784
45364034 615441347
196594194 852505239
658085510 309456787
421992429 54716104
505278305 415327425
824186072 176718898
350851620 484002052
348567621 718580536
674659037 555820724
63085052 58711493
793889891 225813774
742855419 190632371
34302766 153486957
277242606 433376712
832109755 466171051
522790186 715895193
150626888 560370025
697847848 425310620
142687716 77229397
57623379 780130031
474162248 216155818
521983934 460874830
65923825 31541044
344989124 664967297
452424292 221033134
990598676 359239070
316695529 245929443
790083865 404911269
823310315 632340642
543080610 106778927
867297697 913363188
263891519 639625986
632504393 357980658
331320891 136213806
217767021 762188561
879458164 58478758
287072957 938572400
84921666 613432350
739412605 881390044
378245893 74963399
276274518 502759521
743226083 12125889
653539111 932789439
20822386 50566687
20586314 682944559
393339732 831769943
573655776 981338309
536418801 913145546
774207110 58553517
226165449 942688143
219968093 535477902
243743672 3239547
454681342 191068688
719313073 410930423
965215747 552026609
387523324 455819176
990407862 763253383
921323355 62531021
915281434 382499749
571689753 93479494
981881859 219485432
978126741 680736237
986193991 782451295
682446628 214533372
45880295 753815978
317343961 537142617
634216174 455685286
912903829 347273198
780658800 134887047
649381426 677383855
753441696 466187258
280428529 194733116
327373098 927147171
344040885 351898030
120083995 854837291
921004716 785019723
578815833 503095361
198701980 616593272
324145334 711031669
482682079 590839157
584882684 333864840
505067262 828184171
895955777 779396259
704741968 109054835
340038626 103341152
560381018 258755491
376268196 817595682
364039364 285331446
926214101 559022640
895903097 586622225
946685619 666432249
180398355 319710849
942773665 55285271
195506777 714462569
766765572 16250473
213575333 823559364
998421753 788910179
82029867 492927153
979462448 478591953
150809602 136857237
494438929 914470248
593097540 645138779
305521303 197363034
273053504 629018572
442176975 391585845
643700050 284842437
100209121 363450614
423217726 816282020
343588750 434117491
946895029 633953383
528607109 180392175
879414368 200349190
304452223 15900751
482732376 884033374
53592528 904494394
881904189 96968257
300132005 367161292
885215028 568831627
745090563 837338510
617344711 683170986
569759310 883006020
909449252 846985751
250451008 247525893
353834952 52883693
928749319 387413216
340845893 170040252
224059054 125028798
339980353 166648046
625680328 506359573
253624499 283606300
939346416 621264786
722153063 68888223
673150550 614045548
518966315 894533532
116418976 753269750
406025586 973614839
278383725 785749488
166591275 215391883
261570888 862792267
420804827 931067252
118876612 201518392
121730535 8384774
208589984 90389999
119183186 724723416
641968623 567987883
584286814 402548053
279670562 734645703
39203166 976501956
215034014 906982280
228374488 545624484
405644971 604453483
965008202 962744831
624144546 92114108
732526959 46996601
106576282 443748121
988412335 771045218
927938152 96635374
268076702 416336025
900100380 947021109
25806651 96458795
890842528 151474023
872516810 709765738
769239660 441431157
613899727 767524148
189106165 613562288
736174044 501365655
236832096 15434319
994790697 66909816
309891741 408152514
609408754 106240158
616799918 153047700
580644145 311895655
551528595 644276828
947121702 370825612
109232669 378678432
171358825 367905874
574865385 378177012
553085275 524342600
447388861 238750386
235872435 678496050
837968684 343160198
415953529 893462735
834558737 180392721
852955769 118431073
381322751 524543656
755109989 276437235
325077910 683553657
601480029 679383207
405227239 80948252
716616124 130719303
789677128 343753124
462674149 353562803
861066678 619468892
731035258 833028210
279076629 180250285
937547276 286046452
388850837 292934909
161003915 586720780
412227623 959317843
87753569 556547361
395398987 377050077
578103056 113972865
509542432 85303647
599968964 379533578
813242790 700952367
523019677 235118181
518605979 130980295
659655561 78213518
506549307 209273017
892160999 148080886
794841507 195823292
19732067 45450838
542923036 969062168
155750856 893843072
331286052 667505807
915976010 309262332
258002704 228306656
462511546 5462324
946694581 664973410
539231388 337659109
514224013 783452305
225419566 444785355
585250713 662554977
293014952 295764379
876283055 214977382
47143404 820988555
608398992 199363612
707370656 60752165
448430919 829225120
920468838 812775927
116698041 935675677
158452504 430456637
699882711 444576407
852071396 630464501
964626547 561676733
388680584 965013895
44126289 224965294
635685224 95444994
842543955 819413520
125543502 494633968
400558073 727580213
158068963 413197695
132010943 258640513
21765471 979382353
525039935 753003584
365631771 328994455
52861317 385809292
603580045 400150958
278089453 372307564
117258795 206769632
164216687 928676853
336726549 255329964
715154189 85129222
701265429 552430345
238640980 659786772
791738693 437640768
743642258 27152353
801289864 100752610
929870346 602725883
160888657 711124836
688889482 772987212
350483915 121511658
270866467 195944975
283264983 352462921
937196460 976260042
216516247 528788003
693240040 938611405
298146052 148661289
101074232 509385060
593947506 406186631
828560985 104967025
610390917 785776582
209272121 375655607
358371338 855274047
911354974 513681733
185300548 619365779
200060948 311972730
904627606 875801975
528645273 525999828
125381751 742816450
228397921 416342773
734257869 658791929
31020738 60231281
577607323 510417129
166423920 613634269
405179495 613700724
908926731 231732022
723829492 869224960
166253474 381030988
371723004 654555968
950327220 564278465
902120929 326663643
379767483 867700550
551983176 327264625
232592882 943832278
762951485 325340315
424640385 340799243
532357999 576416746
252630741 653206485
585963120 352492191
804378811 987219671
472063256 449186288
996235384 65521690
586084107 555818872
254120539 251433535
635233996 425196422
380763456 78194720
439246528 257824785
331430659 92157369
333261102 177904761
764406142 175277751
855778841 648876165
364135816 513968023
84157237 238681886
114587453 105143890
538140329 258316846
990421179 782525700
160071313 494697703
998460072 750787314
986206586 410726638
509128288 136931757
53143242 958074220
615779583 460842780
986870335 46167983
726017151 95025221
115382297 95240217
137256840 564920610
425486885 916276300
310633475 160703134
909121183 881842857
229308393 407615638
368221475 601841245
46710322 244160883
794702613 765993879
33041024 322194910
307419422 303591712
148677458 968910579
718499472 727942118
669425614 424014281
856133064 484098077
617840093 301315005
66249473 288132108
84339106 458447632
493165384 806504212
606151790 940087638
731745680 781797578
581064739 501958628
574959105 243296449
457150445 920958949
349650577 30783194
157830944 716016962
646178417 11580623
921382978 178764438
858820029 548187021
726466766 519650261
291302841 508310777
91649482 967054490
194256293 212511919
989688562 802419838
351008444 750264296
646173054 729768309
282636744 871289482
228375374 684161622
605507637 444851601
727258747 731655228
771897129 857108593
415532196 261007453
589591738 512369392
541900175 712720307
736819450 861917873
343290876 5106826
403390331 359952043
736868186 282655903
22689357 988401904
872751062 982339069
559162716 197850948
513046066 904655036
354393844 32147664
6158849 949459725
23208353 143243123
159524392 899220825
937921608 331580380
343441143 581854732
509179271 83227483
772673104 32639119
906709058 378023261
532620112 959330023
900142134 902936130
704120949 335700775
244380670 339530500
383953042 38356723
491724312 724552787
662742063 325482722
77933196 2530903
898731746 674916182
663165142 401532232
630234466 986137270
547407152 599191696
66074948 844289191
498297263 994717778
434714375 642680526
183262011 466870848
48445828 203040444
544134713 534131826
693256356 330174464
834883780 68379061
350950780 427522317
621011457 486766778
21717302 631654586
791771321 8501326
327348610 704745111
559689626 92118117
888492452 408380801
984521989 12322418
211622313 222590540
616692509 800772426
926310908 559352706
733384244 754234791
110795824 537557410
688157286 276195831
641450435 281510335
462579541 847091963
744738363 436810287
460355394 568168741
613954851 546879648
535473892 160317115
180003744 55277494
397410863 478940577
132009188 435384296
942794506 548215293
383194433 315750169
448485965 410752748
319906494 167521265
993765036 846840912
223438828 897819841
9690887 788385214
818599070 846583379
733761315 846143886
690440231 855797519
581614280 338912812
437657266 846379814
701373711 809266675
403948642 370397558
799289637 840310425
640316625 326099773
928375561 677411531
702198984 955072310
502499021 957767509
438217861 654150693
878780876 480166745
856403923 820273397
194622835 938331419
325490820 473809775
55419434 265664619
645442226 1308456
836912753 319929681
906505584 973488326
226041964 783722279
213631782 970153644
422747436 193050983
207589643 355621309
354263708 229273425
905775541 730331014
260184035 638663437
343736980 8811950
942883079 276045859
471944107 68802708
871187763 212780576
412092507 473837053
33443052 430190811
927644279 114424753
468832021 833574795
51242089 845174966
424365975 220008971
411367438 463999685
93690681 625304723
278078688 692655847
591231961 99239596
642089236 405992539
522847873 330556915
885496958 202584301
327977309 501371566
543918986 513143396
705409050 719380632
880828203 917999829
355357542 941390928
199826769 773964646
707603078 525196769
803628530 876843848
285727325 419580856
337901860 162020720
247683429 661715283
726195000 481634865
245744896 924358555
338081472 261530051
606309185 753485498
72984596 243296912
152915657 953550347
581624230 314326478
459730660 497752134
498793452 902278916
157656075 281523084
223827452 614339634
84872608 925757501
202719665 786242981
702921352 990764973
534072655 968279806
247692667 341599045
613107417 402559694
875149821 934040870
896200798 26654164
392556611 794400535
144892213 750971897
670465620 182250749
774843173 171551918
600471113 258224680
655808340 665238917
644052314 283327656
634564791 946570300
289281011 330229009
362219100 137276830
739907124 891931177
167359709 397016765
567125168 57086418
132427318 600755847
826347926 677834268
508635200 522826725
621242018 879719098
457613955 580732628
766130272 759674662
78570656 330740568
942012944 677542094
444340645 899843230
508624347 856761527
178578242 877834345
584369094 573513698
787869833 809599447
265512699 877411445
3251442 829915118
656075270 967566281
304018099 430685898
856686482 909130173
738304264 289755941
456580420 29929914
521801370 139373958
220340410 682002964
588757050 75821400
550481517 853931717
167818457 21094858
874947433 224360356
450515373 683978199
295589044 356159930
783282194 427440405
507023472 788113714
267440041 975591674
331489830 58163352
143359766 73442155
584773150 77507607
933339529 301348897
772485672 264167980
604734512 178075330
694922243 162333901
244921903 683177901
322353167 237528832
162240145 555009111
147719177 766766972
664783446 518110572
284633396 335260041
372971579 641285428
448855119 656326738
668140678 74031569
817147638 582712421
587962336 89642603
659511540 987709407
620256683 290607478
423983317 438854753
661385601 764411433
616110313 613383524
469728570 464164463
574305370 133443117
251503449 188981230
303737798 396769188
907030922 485054974
663038444 326937032
170970237 289690651
748843319 804847019
112509976 157206459
551612810 683418214
127448403 297058090
824250448 460182015
271749019 344351467
643407876 130219967
429235548 130272127
58633861 825453935
933546715 308048579
200876565 760481737
396968048 561713244
314705889 887128750
84013764 357048752
383520270 937299428
256587228 666617021
551445916 93558351
936459365 876256630
468929290 846078565
984982503 237317963
477623618 933457973
703095075 719138842
972582098 954065101
768368106 938525970
38300745 103447028
97506328 802519506
891061188 377125384
685803547 694038575
159612848 717877241
337786938 378913148
912779896 95261098
583466765 128564434
523960630 144185585
306232481 877911582
262740154 500080516
652757578 977900415
759902378 62772890
994649750 468020023
905474275 763164656
745613168 34220172
143895321 426333896
691270130 394180267
706517210 907234174
305381104 539928033
628444478 246972247
625639581 264934337
444966694 872238222
806664290 308571192
599239098 794676161
42605575 14648117
31826787 142823408
107168362 864814105
437424197 441638764
398159935 846362468
478815402 885839985
387923351 662334096
712179434 582299027
767805265 646814155
590412682 294809629
730108488 210747616
130196806 781653120
219350749 449856994
350904257 201538692
804375186 209198166
836858599 962623678
774126746 994864304
870640146 716731902
543717978 164197100
341182239 335284200
87057838 588620532
10307337 602372654
849001287 566330679
166036666 262094986
246873353 505241950
257595390 149101562
53742465 975651916
234812222 646477611
641793826 777972486
520504205 571200275
322336462 707765244
392967166 161307822
52407915 329456422
582509003 974013316
462701768 231550590
141460661 804296428
55324122 567407135
350237039 128483694
422406681 455056749
666160485 946789973
147948260 143263017
394752584 31366318
584374119 392007851
957316804 196324535
109539226 790972716
269071159 50650363
378093253 877618495
408708489 357031120
488975197 338472972
366496860 969003460
221239681 540739034
185353300 236528479
436713589 636882501
176820683 403680395
46425141 815966070
75086270 781507645
157781043 299356340
296092863 168254194
316401684 363405027
812324364 545484650
414830495 180486634
735321194 21115684
274098431 765170350
844503112 74108149
749225823 817428977
997729784 494092527
331135919 159394563
590455772 50324686
162682852 583735408
982569214 772247058
85519944 820723036
695332223 417233905
878734119 458345070
767868625 738374399
477327468 598835963
173363517 686113436
162283532 36888151
105255336 720402995
676484973 265275580
633810672 339841378
491361387 700068816
157257727 146594054
923607628 180102932
107111801 193709391
636454773 259643830
309078246 818950347
146654026 953118429
471411505 770754791
2895340 390614624
135249109 971235444
491891361 468004330
235242666 107939341
83165301 833374228
937968669 373749998
337705682 544418032
563757804 8152630
554827963 67636567
291836094 802551940
915848705 153854575
223385922 3849406
942562040 81008181
806231848 966289059
600032252 38498397
786690884 350848077
7141063 147966831
978238919 178483124
947571473 51747688
132065702 771259645
490790803 794848832
811457146 8966572
352629736 201503376
868652898 725210678
582278910 851877136
498535402 747381733
64047597 656984451
185493784 372078099
848135709 81158390
679359746 24378343
729131135 556788119
939955303 946170980
647994087 967584482
303910191 441007971
341021207 133262556
87937558 247668123
167268717 422386981
379459302 228019234
257196125 898383756
867018170 409005349
425492255 796147610
545770455 584526957
47476273 660081
451125765 622600624
963718399 123378821
651547125 783298884
266653414 410065721
134962495 569691221
478772619 244379851
875064362 513350573
495358060 355214988
842200186 976877724
158697725 218967240
706773673 306149157
487466876 840483621
670304775 208864082
197022010 898090494
469204231 875399372
910910204 340726296
95458444 860499715
766182124 159211041
12730820 629454848
627697620 551604241
786837621 850938594
64472947 49676255
948716002 16411534
410679532 550911345
39421737 704109581
297934067 429307691
535922630 325542192
661279929 988474851
890653728 33321164
362868091 641703907
893510367 984563820
346675522 801851878
551008368 778154898
46654796 318736270
814501576 787775845
609463873 556782124
746327749 377705172
648163625 753333325
708030524 965573942
613586919 42673270
957866749 162693135
938010370 825341517
57247893 302425651
302106775 256948393
937678781 484057035
121329538 431691706
927904309 800840993
758965534 306335339
75596431 87982998
115671371 312909502
276937551 590223134
461143245 675182736
964279930 476879295
923762598 381049643
965523753 545689833
118371432 227235095
16200467 203298791
559665569 492033631
499518249 898625597
863834413 438580012
496609464 942216416
252584596 808617859
794614885 746326684
720802389 637051912
829391552 780767186
698377011 216076268
544492725 254419255
505400828 503070079
17190510 913816175
984879727 536494965
789584156 417441322
731178583 504094437
297790552 163681778
371406870 934945735
857681743 670127693
31474508 286743309
957906584 284992581
645540043 5601785
949781977 66959050
942731589 728058542
326074760 726495033
760882826 115399582
291143314 98154219
178227356 812815626
792590677 203693028
300807459 603118352
173049891 234060470
139036179 610798693
271170367 135406238
515092886 760212536
478677455 773651214
394535167 535175889
177042645 512353231
684870618 798579806
372076145 129884952
716801734 991232570
943125791 382170061
654094503 270980663
545503977 833755123
187276150 942476881
616821402 470789922
243979299 503098456
883165826 571154714
540379589 840401148
118309626 518782781
737926746 161918574
906147994 686381381
486415134 853653941
332231035 98321344
388272635 235580742
104288566 889321319
894378066 94771650
576032827 26642185
841097439 920256476
702206324 209874003
330276147 505945616
90168069 68793414
788120303 388506295
876125255 372465465
192999839 160262664
455705117 735000543
598354935 569572364
990318627 351827145
471774570 798367535
367713706 445088148
172201881 579282738
409239228 911037670
78885678 369617680
413427016 250981101
86404622 207676718
903084518 431959742
694898470 777140108
338915182 933262357
693815879 544048224
171413853 701620717
23503625 429724981
927401280 180137527
614879378 974300821
257328663 773946652
638862509 566259201
67148059 660675843
332230430 352145679
769458765 18679133
925213610 803012814
79012577 278426148
845996049 531609435
579562976 451697703
860177266 647439493
659575355 911533479
760081117 779603202
747309686 43718656
662440208 991602643
122697355 446178950
502708134 398722202
165065627 521842662
136939708 106288550
756444574 145955936
690235387 87104263
909785651 177749275
605850283 264373650
806298015 65782998
460853589 107502553
397763985 971898885
101903981 988428838
279495849 958355499
825603636 516240864
502101163 686802641
278362428 180949974
600700340 616411411
342347694 997989949
796226702 513907225
169512301 460095130
666222373 679870058
383124588 711235812
295816031 155081607
220381067 587395170
744996402 592566239
863426299 781956700
891990427 593511111
579870425 744331158
12079329 884799500
761866021 231903447
990960322 267306641
399294116 899419305
645500402 979602045
889220148 423402821
882079745 167239104
767369500 36420769
209670367 694949626
114544303 591798308
361916461 910869664
586767184 555873081
238838183 134148652
349005728 294264381
541051233 441085749
2585517 230366333
108780634 80706618
824303199 728557138
313950846 926766960
718861014 454393380
332491428 24511106
69046771 207513657
53652891 474224617
62717618 377709212
883160839 147050186
397254746 983027977
635348535 156530584
343089727 751667251
513386009 430342085
684564166 215130891
561047647 969269603
834750177 432964727
4757579 30205043
786712374 745178259
613735144 137943641
226213230 970826565
186361069 744871364
103033497 390584163
502986929 877295420
492851931 135101406
770156742 878595341
537719141 605074075
700255299 868232877
57313572 616330287
628373624 964910652
874562484 991996685
621780557 633046047
109457990 596388283
794558220 394503257
198384137 814631923
653394956 295921742
140862837 393114318
958308774 469687775
169766708 258875071
430509559 209232870
694098530 71054074
789581708 628142617
690262940 458173561
971798532 592646620
345750009 633966497
238359589 219823617
628513307 758913243
353341271 413399520
986270272 446864226
821625803 513493702
144172541 751675212
634912318 211628924
947102057 687915811
385612937 807347107
207388917 305437992
753139054 324920449
106036912 858622463
822714360 256743689
47297793 458140771
230734972 553706648
763166907 274565524
30290602 340302490
951415160 447049229
885739312 453911630
676167998 253907472
693112753 867039967
856430263 828750674
598238386 927262369
628141844 683607035
51933930 962788962
679527987 825078342
180795744 314279953
499837707 557735119
218920707 762192994
79628535 73006575
257963133 50418201
251337463 727463954
52392092 749140699
331658352 944144202
257520316 860272167
230951456 214179437
17197133 757134528
55252006 833503917
301110033 772874314
884743378 970610769
705500984 669648831
257135224 833429907
494589242 407417433
704508772 574169777
868319730 951874988
990321660 579965059
27873706 80385682
909788744 988267985
740554692 103343025
397388426 605844634
63235799 670794685
205918082 147756525
21501670 887852843
804862798 167918359
832777999 267318064
156571710 146790022
844467117 549879758
603285845 424174372
558468663 17630798
953895024 879503204
111001038 141784286
340402283 327531851
48041082 140605135
441987332 80876191
502840781 540732025
382285612 809347398
289156680 284221218
948618423 836980169
810880474 474145852
383429512 750996289
153779359 24137218
782013023 892747891
895622220 486162340
729163468 778388194
965587978 599957506
160156614 267512354
709684364 254559367
210159685 891939149
695429068 238736011
394260328 297361773
300185638 395254233
577811672 264735572
71198371 241984572
500020735 567956083
872792207 555153608
370092705 142095660
768645747 999778601
779492384 654408999
423381661 986367069
335095085 778701536
298982098 630166047
681034358 190885878
150371486 828386015
560913080 459215506
787003189 864688659
885142929 627268121
458467726 195623418
275081740 723977722
206233315 898301842
357631454 526641310
618123752 380066848
874257386 171991250
425895477 189321215
336456921 571795877
971373072 96702292
97385312 855898415
678338775 922266678
271285255 211876935
844002414 650109494
403404901 557308099
854619768 158832075
392766015 626357265
998251580 508817409
697576943 251518279
706018963 827246852
169551018 413979981
845069927 710576562
635803472 366608113
726675550 509863782
997806591 157466719
759136073 482468431
337920498 276766154
164393626 252994157
510501391 186959595
338981594 6193955
651695393 431747200
368301819 582957241
87435246 352451734
202084988 575737696
405822507 866106809
160328319 526226989
963336890 351904047
131287052 573966363
432836825 721848267
809865803 780343293
847469282 769726551
416516277 228351046
319484740 380479248
583040694 744924236
387820658 134661721
5459326 606327831
191886914 935225210
367600323 526938575
693957021 155581242
194482822 690840451
559951968 841640281
310267311 28496946
173222188 539969795
646092096 428556749
109795876 967535213
702447473 117415316
829555353 250991709
375250156 795075084
8531077 360343762
247110380 987728182
67598617 104376186
563131409 65856305
529920080 830973548
128771748 578066948
343647710 895586363
890497769 15842030
389039966 238190858
160465522 692084443
958254050 897505889
168175823 978408920
620717693 898219148
117468821 750460505
927859939 984263026
216441696 102852981
525682935 200514319
120920630 604388753
549347192 572854776
877770796 466690937
565204548 583000845
275298985 728565465
854665324 731205633
184128722 398300439
423533971 978497429
96690291 178670049
624468549 910668458
610503419 135874368
686867518 817061971
177348959 59141747
355952493 391214522
813040589 602594625
331617523 480187831
973594862 763126691
880460008 195878007
726621316 312120563
684223965 895426247
131929983 331092753
899469342 140358009
875764354 25053743
922233030 307554724
722995203 265742092
695055625 522773254
828831987 637940174
38265182 997740012
817981054 144546222
170972096 997683426
454031539 646227533
383851246 60060925
861055354 811424424
909907920 684741748
364075994 955482547
393534952 853976791
480448618 305257625
777695309 159467995
679018643 735555051
376592894 199960392
337069588 134190244
840232375 256746584
388869143 631373665
257928827 134835997
640078086 768210741
613874392 951203704
528168428 739909569
612219288 427014872
349005504 418701491
593402688 290180500
354966291 211474073
851947450 420040007
802284248 653694441
780928849 842000649
644119214 923030797
588477838 613629306
807126890 621266993
164323887 8746802
91378031 61509951
896364148 463282333
869845143 923637690
862789189 595575065
977028746 38610638
673474475 877659652
291350823 696239150
436044782 30119157
941421075 601977582
429059813 946807802
56381124 851634580
369302259 361769117
879771812 921237691
881893712 242262813
11507981 597827495
791768664 744537490
252440452 404175924
631860178 949537667
870459622 905827809
415835454 878792727
492009174 279047898
767044049 633580669
666949985 694884138
357667402 722013357
761444547 92440834
625623714 991696350
601095189 632218628
227090455 177787995
697630499 739855014
203227523 388625683
875774501 358613595
91041524 936263159
633050114 63957150
726250392 817348082
417262518 56241348
39385975 375118716
170620596 912386429
468640600 616011378
761533194 930764238
535500709 312902869
596766225 49349747
524874800 747912580
642622386 836400102
997105365 855430158
179464034 248522867
692858133 333544954
178358025 636681698
140298592 554275947
843164580 214672399
686656690 83246937
639465097 873570194
330335261 780760211
386764005 493016395
260594798 137650642
630943296 695523859
912808927 411416794
203943450 667095574
232553892 653659031
779884470 442999106
689520881 456799649
189133668 1158671
673827463 886595826
408322105 434627078
891361039 77291538
207841999 43029917
828852418 474836018
190884562 743420161
304938156 147487774
372380787 250855020
776143547 365530715
976295846 501464558
301908175 396406682
747191993 370243238
579226843 169169302
655095099 913670221
264084600 61578870
126151418 979162067
810847835 610536307
17104595 383794427
432540468 398777520
206150266 264692899
61075811 367439400
533185248 849972521
930219710 285191291
749143457 353052410
328131895 382022671
559525581 267180450
850399800 95608263
899649201 811269951
65724774 799797191
378688431 735491929
636004625 36307441
173948954 798782236
504960024 56823961
483326568 531967614
124335793 222109588
732975565 941452408
157747020 252596493
33128890 440058316
542786349 131388269
686125189 83953597
18940787 402681544
468026166 314257706
120891041 524625056
730205396 394927637
672144639 45063638
163959045 397480302
500371155 822273236
690662364 716035686
606543385 229899049
122363833 545431131
604516604 708337242
882829330 519607063
899937507 322028858
753493493 880632375
411508118 968951790
210161712 105404935
190368938 500904510
97738326 579257312
391893280 652669012
114069100 497166913
483544786 877171355
650750124 3793263
570799407 339824196
381848713 67536566
304080000 87312922
500026470 35935580
664073354 469914449
8422310 915202009
825208818 336832603
765027858 294072043
683397307 499605210
637700525 866595889
617561425 546337313
278517851 673183189
148922936 233380433
68894771 526744447
360996395 560162063
90445588 181983064
897045355 957271271
202907775 545450008
589440731 722938034
856809835 648389366
183929867 158685000
768710063 435419200
674555132 364094460
131680705 10934654
688646127 559304705
862275734 638038053
422921251 838611215
672539590 930445983
379219030 691077945
992388579 667167570
313667557 298910752
238083601 220237600
694583393 90516357
175881109 964057874
457397521 463287802
281695536 834619243
382575253 20685362
300202936 30760604
448660061 339622307
833058479 65240436
453836663 771071356
754999498 985590519
60789235 23808716
787607180 9441082
949323798 961369569
667073294 538703303
459459192 119425002
348364115 280975553
39371206 130128133
19666634 309514487
31871608 975255834
55504935 13900103
623014792 129367960
196176983 662081769
470483860 444129852
113219933 528177343
812354497 198353687
67439754 389246814
33459243 150077606
731049075 882555357
134537666 150368264
663510892 741335755
750211431 335659840
16280848 650575442
456458174 659947418
537082093 137023225
334051601 733380256
360408134 894781178
453836498 490053636
239078579 48253012
194245722 388759948
49370896 174422573
155978098 101997352
678609618 826774050
953383508 162512703
830787519 3130311
985707976 19371798
909932174 595724363
34992661 828903742
740718960 702269934
744997485 657533415
569484333 934957733
732311592 59427331
311733310 636120580
767039214 431280821
524140427 714128074
236793094 567207727
406656113 575452158
448457029 593296854
249564847 580453273
178801607 491410186
699662324 557502862
846248912 911454743
80443782 897184434
302135702 88678670
766764057 104422490
948128317 965628142
984219945 878037901
109659699 195249907
535826222 350939883
721167785 394096322
728858361 724981972
657325104 763361581
389326705 10020335
985219989 437743854
683205658 396310284
354013741 426171637
211241859 332714752
285719784 539558063
504171913 63331415
947144818 279220310
946874711 520010693
193600711 841858702
713688013 726169502
298244832 238260256
207051168 149425765
919178415 910220995
986190376 972765177
336947676 286600825
183633272 196451243
39490921 665539909
685778873 938581550
128577366 709667052
566010957 50962104
510711001 344807752
913546380 577093271
173023734 864165902
871284061 705030493
655897063 680830508
584989501 356156571
670067828 748142466
900972504 152837716
45166156 288656125
290532062 337102974
768882877 986385906
803539688 814009162
707707590 632569868
452208857 832119063
4317334 91090907
457457300 733171396
248756986 692351298
593967541 558611754
711560583 521136102
90641633 58503135
604785395 465597337
619484875 499660540
773779627 435217539
834812518 189484560
527486280 449968692
742055071 327387224
798565854 558775420
451772137 474296960
455430129 331683505
196137827 454036150
631731602 552177941
165887634 999309929
155993595 697080763
70135463 731681615
279134200 204544280
524784105 215276321
464996605 769305664
295102565 475437202
247225236 996439231
674628930 101434756
927090498 719859796
510275885 123283624
7729754 571058304
290049042 544375964
416901361 338198198
126710689 253987909
74007391 551443273
749515075 407639062
835305011 167956133
954062721 976846103
679952192 278089390
783556123 317793150
79498853 595045937
175445859 316630683
130121506 257050579
3172284 325123589
934340440 887146606
523205182 724662564
985730878 464967059
217726927 295015356
434541379 413736390
748628835 159889122
306666845 472814074
483381747 327549406
601841154 547709376
331319410 677479842
916182965 436359544
996864453 93621053
79442173 806990574
84173233 321039716
887216856 199415647
172511594 889072112
333918326 474207218
477945794 363676148
9434669 800593283
279462781 105431479
680342907 195037385
996811511 324506702
75380721 644988137
412203839 626497873
272084258 815844098
365666671 847459295
983188757 246275775
466222307 256919608
562559209 138553314
153980294 600183687
979314243 539707639
942843545 425050416
843049946 62045125
799499160 208722809
281679844 237099132
27787648 406948302
732349271 335067007
454681790 122422817
244695094 23792067
184320742 187627085
70833341 850625289
166861605 461903282
58467110 862196580
253887048 644642376
463356230 895799448
791630267 420676414
708713751 106491579
633340037 627395525
579555241 558908451
129403295 950788966
674219410 704366026
533788712 768538693
507377175 978624267
222400005 685332666
298963206 19765052
612349039 532786998
706144388 808011590
863571165 17995325
346049870 942548005
703059920 223118119
298135202 149811250
261928529 199683349
812479567 217410552
857801154 505291597
333021708 821651931
993532307 260605718
250717973 776380571
568880970 489022270
247578538 859152000
423746392 332469236
754084224 72067842
623547299 167854614
274529971 317627493
179981227 547090090
171455564 445355188
532919675 248971925
332628129 557393713
848097636 754895945
113257685 50586992
896776310 275919032
340612356 577449772
36587617 277831820
152133032 733574124
105522816 763508676
326944528 102425235
480086137 511799967
725582483 143256368
249143287 80922087
126152520 749141642
216619902 894891684
936708029 890640809
622240803 88474045
118980405 527181599
798273766 568067428
1752123 463670716
776101752 265334278
249966263 325079419
627931434 765322281
171796441 37147799
104476929 462759366
228815768 673552133
750531894 233504715
920903064 152767413
430366961 834689425
444694030 830404175
509171440 828688614
302680018 458891085
401160619 4026774
608682057 89053879
567131247 494401475
160899199 852673703
292575010 663184660
180351019 246756613
374674777 651943750
611487878 191060922
948795209 136960514
952204500 157136783
596001862 522527727
792952630 287888174
600181793 33021129
511125495 600911775
258125650 120904189
21126207 961475579
817346363 478143008
912983630 578360394
642376389 553013816
587140969 963543512
831441565 493599797
33368724 647037582
961328847 69406348
6557224 381394988
48395670 80777651
203370288 267156380
681492000 785683123
943403164 25827875
945849990 686920921
722884092 325909318
129100504 542304854
809454596 70058461
558713229 766295196
963026088 627107607
7077195 19640437
569250678 743392801
522370284 89436947
619547986 239710599
316411415 362332159
22921348 36448336
997521408 260687562
252320074 361419604
237884724 211326556
439963638 42390742
227847606 356581194
283950560 930462908
424330306 147391295
766034492 78776066
333434840 33131487
151662083 566058172
243864756 201339200
848767689 446559780
589860510 123231299
958321032 429466748
168581972 993551139
316386308 218103732
651399438 613030866
111849644 979891469
417052236 273934262
37876688 843488134
574326054 164185375
516084079 897313361
625035267 372185890
656212474 187277059
86664441 695516125
413432905 657398470
34158021 37239358
667725254 664142278
79138836 388622490
370102572 832228765
768456909 710417626
398249862 421809072
790665185 895220240
765666574 568091635
719557208 772515003
563325412 611506462
239474460 97725722
789187171 647428322
74188775 25564677
811995198 867632494
654587780 840985298
99261343 326091797
699194019 988864267
668661682 721908190
490948844 20829333
134210315 347505991
191233082 433719313
608037772 196771046
822670359 221894781
866567617 275249792
474204207 787769916
1355762 142859482
250156324 996337442
73844204 352657351
195494100 928695258
668606675 981081750
205828655 825948493
682569707 817480567
278595060 423262897
222293961 859316788
769008875 526849531
505471404 948358417
558628498 107588708
163282805 267811437
942634483 851304836
68445709 781456446
2376248 441007223
823202811 46122862
918083920 431945072
879467319 618954105
372211559 512985715
23910261 919979422
110380581 922942054
487872381 684497895
9577042 885346130
147048947 120820472
804380209 701685880
649155399 989309405
456088125 776040091
276265595 944412693
550613928 161208682
437930253 505844401
671511736 591182588
739841543 863501808
798980611 257679889
750211001 968519203
217406368 996851054
519439368 853903181
644900946 241705544
324618707 943978516
208997901 268453095
145745938 693602656
998906484 322333954
766931617 389863962
888743922 225932059
726273928 443434158
811826821 90138013
403155745 683245080
104893932 745503512
726525189 550735333
607843065 585552105
430810991 227485910
354916960 683628228
472011505 691456900
319109581 5119119
627475177 353370776
196230384 694999618
944546806 614802955
11780154 149048448
655372323 824186920
350703116 722482499
34716006 138456249
159777920 557800085
683283967 112343553
462788937 23613899
384670905 580504886
879032217 472424833
492901173 343081956
918726333 51414290
704932300 296974117
589948020 641641063
257003791 947440704
36168731 175207430
83771623 722878274
872634815 460972812
138902292 867629347
50132926 425534810
515044984 401225762
974822646 189098288
589174440 292615619
153208402 233473718
762599209 382129971
24653025 44679811
451576044 213100628
220231699 667851467
530859937 390246132
153689436 910440142
631534870 149984305
329642053 88680919
77613446 676888698
120420815 466486981
4757725 898805845
553256980 669429195
499884055 666827932
460144503 1762935
836151790 907194067
953764314 811053156
403236651 751490118
883190932 798363964
430526604 518067956
814672214 349023384
937975695 168786278
72597182 561296099
953962667 132084091
496562466 445697624
678228208 471745412
877203329 940003393
229933330 20420756
23054400 130342850
477082777 815518327
331370408 525403126
165612195 62820064
470086010 727952320
152207396 984127273
772010158 452714473
807146703 271408542
473338732 154923957
500888944 642996463
255551361 134551090
228173403 230944786
153498916 428998487
123317688 419096459
685319056 487805470
3717408 443819534
785357176 390956305
623308193 953653292
504320623 637275119
619430267 179274846
729725986 621226682
398545261 529727682
951418499 59522542
256807923 328571231
434160320 341043117
728519133 681720381
680897122 424732927
483105828 130494786
525458501 262794482
71679723 182215738
10306676 310992054
429312886 13988902
611671135 937330692
245332848 303584331
155371718 488088760
362598717 625690633
974597213 727582317
465006673 140872949
120247996 100191533
381647453 294069041
714112532 445013123
607261599 673961027
247104180 211674728
996355006 973376261
718554877 96378663
913568471 785366536
63167976 12609134
768886787 710357807
971706133 698928590
664269731 903680226
1954264 237981673
43647014 415894298
128338043 355943695
754793812 327262716
163378889 530425390
361835060 884377156
677745799 143843552
394835948 151684422
870366380 767361285
970074746 527537532
348359658 988373856
152612713 849740085
841773733 775328541
294758637 839957075
545101653 881546777
55556077 423003693
597880168 932306253
606648315 150640657
350228377 816562064
351685347 683068893
539047175 684843153
292187786 731565058
702464631 975742128
546447297 580289818
486091488 960099285
292004023 760697715
381033490 644034942
865192715 540677247
54148515 115672662
253779667 873649076
930155361 10348927
561948263 527348800
670197991 570138306
231662879 552778842
945479227 110824645
316539831 991841041
457232695 620319928
506421651 960972712
323281394 601579132
454496020 602238990
652995858 871774459
455235130 820775108
27542415 959905088
855302069 466685854
334333156 439981504
868767945 190512827
170526964 439451981
781305060 958028133
346628274 893005195
861896635 313273062
740767206 839695726
731960939 211879292
766686023 122406992
474818901 150656552
567258671 1045277
964704935 423591787
59326794 95905162
650137938 845882966
272947216 721551793
86019634 887842697
172062080 408898354
751256195 182388366
589253697 660194057
992184526 481459225
485936158 655005750
220336030 793485992
730765113 100651100
182431255 835465339
547158063 180211158
340233380 431067415
150207553 135924407
863396122 368716480
65241028 113823064
528358426 706750032
958520844 459919175
573134549 809578795
760726916 740873192
996025452 639000890
795182840 821303962
819469742 212679844
937114006 751846785
256352849 310257273
47548093 551419567
580530426 451726712
396928321 383637831
985135167 494102402
932048711 35865204
810639009 572160050
675683081 697161334
208143906 288712022
123582865 76205031
478272639 794802316
696906325 493515151
508319921 89496477
793198036 134629785
450832703 967252084
156972039 60936581
716194160 356661842
378333172 898984825
750020915 332989020
409150953 97768739
902153028 866703254
63353861 739355304
452769832 370885865
948267677 494796828
926863691 884543660
729406032 184039676
721290282 953471970
349579434 558924459
893214193 85707514
721740361 610817534
595629146 686528752
77076293 566856916
576142058 580373814
948935697 876475692
98216325 448727049
529442397 786365909
589000249 895890154
776533842 755655807
859967357 244713691
308103378 969593146
473589062 900784437
776843716 686593376
973953857 336498817
656402839 590517511
249897261 685672207
715881391 81626869
644186872 69528475
162227176 44389704
928520771 841957029
385304755 422157225
114364307 195580716
422166568 112982207
759673813 464230749
934597873 786286429
411032734 399388201
564402829 617302001
506404078 306985888
526650437 127240998
953640088 182625242
746382101 312596461
13067362 540642345
31386839 17828807
929077253 755710739
369077767 767605831
860392678 7105621
582124292 722814527
764929167 987092827
929757029 475509457
677073841 847955836
791450309 521376216
667697083 832762071
912408733 181683383
555203100 670789405
934626828 191120919
82100043 684663934
387277798 869100719
334193217 468853180
860133901 253102079
115235354 764888127
97604830 873130534
165617705 139019297
812116964 319107285
343087612 775884163
939025911 623116373
609725721 143163828
761050018 839248480
108375112 755406897
434902463 483947686
980116494 129118494
499165590 226120292
570475801 428786834
939012550 411215210
153428105 657675046
604300434 687877886
970718520 708075980
180911500 587663210
257429183 324091736
742589424 235868529
678592877 733551828
6217087 815100768
23208243 8981988
868468681 221008617
960493725 5143262
473137519 121446712
265550446 922480478
412888267 778371641
581503027 182180878
656775657 700285708
742869209 169172690
796298753 267991786
592805453 351929828
367312826 595020431
531797955 964196234
536872567 289095312
325616673 642458013
844729496 26159176
665055254 457918805
491575449 173417840
710744768 240354926
284823113 779941399
976049159 833871723
870759589 70971235
482642355 957016921
437725799 103084747
879533133 592555296
309158271 44516009
868926563 478058496
626662538 96600934
16112010 880001491
586706634 844549726
569588392 906659209
594260251 621720931
215335182 606520641
271086430 508057345
863316562 389703530
216927294 748588797
168291543 696799222
205725728 258062532
842107095 282387144
624171290 947308716
406178661 46485403
206083054 190958606
890232483 451509108
636698642 450483758
444472272 827615562
847140029 312337986
941945081 904517078
799981045 744645869
629426403 864697312
944009170 730320201
125383875 818707884
853545390 754136182
519672136 177351627
329897067 690917459
167642949 961800536
457891201 955538835
372424746 627373999
496659859 932337191
334193324 223497053
126453334 271993286
733317622 951609858
211613790 141763586
150898998 558553212
808191613 495723197
421580374 730565562
488949623 420129125
508886369 526285932
541630715 575830126
230735270 507166487
975723704 385097249
731325013 803646952
508613361 20636772
927256860 509793501
573829299 418081680
681815375 370780829
140474350 488966269
861669182 981152593
931696296 886166518
852749191 71943357
631185232 391999128
561539223 333224312
355535544 115481356
402480159 347385347
673503048 986483254
98669411 619659607
415575885 369455509
788229473 40071552
956145471 48556524
177561993 238842374
323424895 791007891
184435268 336685688
910278344 105454011
135006354 820756343
834414634 216589980
617350140 463614436
855804853 525927349
980074756 721576750
826905402 903709738
236521847 565347481
385352357 100113454
439629978 639209215
118460078 970070125
46600230 422519498
482512576 216098969
333991203 106465515
977952964 829083445
220063235 560972438
767599394 432300233
254075394 392543432
563867605 199264697
839549739 4878086
102443387 65406677
24725037 518953069
31535590 368106653
634011807 223490614
933645400 39228744
329148916 787701227
850031942 210497749
354508892 938236274
475729744 761355396
561131068 431471579
297048388 753622283
291727256 409184135
897817213 55242630
614090575 165780000
834672127 562574156
604809596 399052872
66214644 904486371
532402620 28969922
419324118 874195318
574318775 233269443
880345247 196430835
605194436 823221990
345698107 878425303
342326730 912445016
873828403 319534670
557255975 804638343
522646742 160242019
176987204 980606893
282536947 562289124
730702268 257211470
217144566 64959340
166411464 688231806
105710387 115255817
469647329 225821416
572044803 520195633
583872670 585366540
17504702 879698377
73744550 793027157
918840033 805556809
314094963 104254284
319438139 89841809
566373746 48567011
386807899 344831106
909770048 42480034
707979888 149944260
40043738 491707800
221108416 888893981
801285508 336755199
228105610 509267581
515044761 334475876
353989230 452297278
150835064 212486756
276828074 702516539
399593477 334585118
853871559 198570289
883099790 491416817
157917768 919083935
843906908 479431778
307784722 80054224
833091789 844098662
711371520 413341058
632693283 634707314
891337284 518160420
238752124 836051524
579981962 399656404
778101882 638945592
485397565 951099914
317580242 175509730
946682336 618100743
585426618 337369617
964629625 39645614
842139668 440211702
522175765 537483666
989939109 793272232
551239537 202551041
291906814 358753800
155467237 415718243
266176683 237304888
36463939 988149876
294957908 578641895
405288076 834072626
124467062 369587189
186582241 181648727
21997934 112363178
468151894 305865188
266616251 15728345
999695676 777115151
767880898 254661733
123288188 900328803
534362547 415541089
604919279 785204105
680159467 171772131
729811518 728196696
578978455 429817025
249485201 805148132
443962577 527098625
50527153 139139906
988901688 207859069
69399222 795759854
599303284 905809228
219281487 29767951
108409007 471927257
408930958 764016806
574350699 724882413
713328515 962082590
493648425 538283257
341545172 719576917
679650588 439286760
826007422 801563155
877482757 927014416
494164771 674820332
687230261 906763075
794471312 127219609
230829743 452634157
996532176 486281384
973398323 380140099
860143780 958796651
440049953 21263997
702682339 271779993
304703689 462371103
210600383 647266905
7632138 102357765
864037298 793328952
780925762 877810481
561825766 535365117
995582863 596031714
828878232 399473249
876568182 711552613
432836399 992923160
754095046 668996187
811725064 977623335
736246042 249834236
490508026 382056712
983353907 360339419
192954453 255285672
809064845 192137404
698789233 65992407
51336212 765662567
202569223 860043087
754184082 320959404
652573712 34789804
49082763 759274585
986484148 889275074
280152091 422877423
52539112 205796657
914886260 402585004
850519385 374119462
677090928 207176282
299823323 78083860
300658048 188251604
294692143 792827980
67974238 134786330
752314530 637893133
370988963 384085303
986499289 382887785
650488916 408441599
997044510 793221145
381869637 282700241
327502885 98667606
184542784 897124428
323278062 383504492
756889008 384326278
870990491 618684215
92503257 667861036
46589412 110288765
157394352 964493862
821130724 245662540
833254987 86656486
167257919 582650861
348627122 190459540
515470156 284827265
13487792 618823827
793852598 247188497
169114681 135496425
648621118 960429298
384940583 671048855
503081346 623655853
747473977 899141904
690183877 438740315
971551689 600138349
224628587 794706018
691421752 985191495
617184682 876707017
79388929 594489514
852322947 733687797
159454742 304452437
137901182 51368548
118130653 621356720
58368229 654594370
462286669 882020811
713230405 768746948
570813839 682762697
445037283 45270321
987080500 636930228
762736088 187633179
687676748 743081712
855714993 538795005
304607520 19185624
662864165 752601722
821161173 263353962
601804521 560624967
40555865 375214269
158295976 638848792
27341394 505539881
29658802 998467718
123217340 523343867
189244565 215932341
728256205 575871026
58460519 148598988
595628428 967158335
257989820 697159359
164231256 320743793
127139670 634030258
763688945 72290191
46207793 864737651
970546134 29050435
991636257 485138358
731532755 652712428
149204169 56250025
774298547 941580980
485016337 263839110
522446310 385368930
33889221 592915972
693607119 460491893
858116594 376218352
206268505 265451318
781153012 752608512
18044293 952617008
52065832 204871655
795350384 30660131
801954994 895508906
819651588 403725760
4056102 44612069
17148388 434942357
86348749 537180583
257128770 212857263
500539205 384882274
866099222 695804223
271947712 899741230
79757319 548297477
298047367 139812284
974736347 829688841
252550129 487573983
658443231 898398964
426577980 671814885
534924393 377995296
714273888 750621534
567793044 441133831
735763591 864897745
677310791 157074891
249296367 15374496
897279939 799817471
487398251 984796153
352170989 866590155
411306548 855604120
678556673 558286780
539860526 925754753
742187014 623813455
454285882 598875252
903930514 384731846
685950903 523241881
785997456 251902494
78802337 782353464
882993343 902833266
396021685 751355897
640468219 357616433
466137465 562710402
831677614 287724724
288475497 465475182
347598823 470863911
946483072 433979151
477716466 137827326
353710682 856436910
249809049 541696733
358578897 331832501
514766952 407499301
627808310 888465142
179404602 740890794
266145546 707465556
96599656 243498054
833818888 179960447
592070480 781406259
128853153 455202178
992634797 526892265
96692488 452819962
832128316 828549619
307238207 33089715
378524985 270863201
807650382 173265207
315170564 289375422
657701627 306287617
202219136 658233355
288472562 444421615
55040108 501922980
259693468 985598096
618152506 352292993
200203752 729261860
737070047 71568692
465359767 851825369
744941454 374056029
870211482 405868297
259627982 270890950
104485466 961585801
131526481 588377394
640256369 940584996
318695235 203709337
634536205 468641664
834073501 277831522
225925488 725946653
492821958 801336625
355003754 535369169
709710716 595711043
913196282 322059609
936373271 213875365
642505634 557572596
22809796 983783849
367798391 201249647
302128449 785769186
998048928 67651313
328393094 933575944
671402560 646377648
281642009 129523982
152927009 631306444
862053209 39819681
955990776 664230672
310764121 541737235
372646263 210701223
164395568 836350033
927272567 162378952
87086598 18997772
365050192 366160677
910725367 62901815
571202519 647313706
734461738 500446283
390181841 691897812
753312276 508316603
668538492 775226435
632144068 282428642
171628762 728911620
411620506 764453217
43167193 340569229
221157331 319718622
628458982 289509330
360859758 631732900
878422409 438438600
583826546 926126957
882511558 245781355
981255265 466434614
397092740 825639921
161751755 681228193
298383119 601253029
199770951 594221475
64306040 945687174
747299179 969580553
59990868 487321454
449490353 363233841
614007016 710266758
442667265 469341614
704524441 654850445
521594944 737542454
102979184 707167264
767511727 62147127
760962168 876086109
899054097 785260564
406074902 356177885
111002904 140125732
176729509 633948389
457069148 359535672
516564930 867173646
705756410 597166541
127731900 115428961
125762722 366506966
517456705 367312177
602336438 984519066
919345575 969183841
547360611 656648727
522908610 388399984
613688068 973851157
320421408 619216111
577760197 911884165
175957067 808074017
626632972 445134156
714162396 864135893
128299454 533439913
779235582 759173305
777802693 518861903
213221973 664261803
907301719 479330397
530136631 515009780
694383248 962204540
453399796 547154227
856312365 512302982
980246815 870446094
632793423 290905181
769868419 583053660
163717120 775136087
298842079 593070916
40994581 93658197
585363831 328938660
464018986 279054575
256260827 740272739
783044582 713302874
324746934 46735258
832678953 449558312
773986486 689397568
932294191 716403894
405873834 261911588
786048761 950062640
58129662 253613011
952397091 109010800
916620924 448403950
640217174 56764846
558833987 125988921
699648075 735609728
906247136 142994230
958426600 765083232
686236394 211282438
304551520 702185851
943107799 523336328
238743090 134599282
813989696 405444261
79445174 916402353
675795831 416169364
163150657 458400275
500877002 971099356
119048569 736495300
521049024 699568865
637007267 176095300
596962436 555238427
600303751 324874754
216245247 975562838
275678777 385616883
260032630 940369501
987427833 385839940
910858039 844127091
554667819 216716443
356602998 906411559
891229413 129729757
465120217 942508328
933699094 136699256
718305324 818033041
46058458 704154770
6202319 962963865
399933147 31876003
7585582 96957932
201808867 119825834
681773973 603846936
334081554 678536978
860174436 809334936
665861472 556796720
111338772 544036631
17397710 417348742
516989836 658039064
193724025 949054689
597108845 985790514
970587151 562863980
262166511 410682843
429960247 86634913
83177891 542063784
973216585 554421978
916383960 817254594
793418466 331034523
778612913 265328929
805773336 680691335
619893221 365116659
418234723 471819831
506121019 563477006
450599314 229311600
760938591 654125024
404954322 52640928
727292768 250934473
194816651 370946365
474951287 515968615
778411569 943618794
618995168 496129213
204282090 384720078
646642356 175546619
298088801 248401241
194537980 802371717
641365986 683288053
606823092 431393998
244006052 490690476
821441163 336323555
128088308 453787187
757141295 55627415
463862854 452777857
440884966 523631649
284541061 338641330
112399245 483832703
15817437 913801955
778033695 472720405
287195237 161763676
284512062 51288256
22886839 98627141
223444548 823362285
269788165 79636228
492514827 581761165
811697895 130778770
186831374 725289586
79965333 39082225
25919663 438633574
404730281 41510219
153993831 757035787
734578640 162690456
287097822 176299992
323381014 558943733
413246264 416539637
637165286 290284608
594053528 298275917
318267387 415694346
31945178 939951729
352154193 672896711
786508647 553276871
929795275 791852461
372620662 401950435
392193829 547647043
789144896 283896939
363412298 402308472
76949588 28781872
328304068 788860854
771366 733433905
713634667 339033529
124807619 924930025
255497118 323107339
768684797 325818388
249594374 756773338
235067913 753206243
95880573 834464733
974348189 339458061
388151101 511556859
301227695 91547630
101888121 965860160
588346427 9589411
745522946 170946565
323036463 212331724
202090287 852878279
788502653 174562318
426740115 851175664
693499226 728826568
94660852 104410497
553392165 743894330
899539963 165925142
630250775 41685854
532314254 320060199
154292327 351145971
501755542 345100074
558693822 178068419
933624192 520702471
930082291 617176578
604234659 175172904
500512096 880769446
611419273 916252885
436239307 624254806
998133285 478131549
93316629 759364819
494777804 973877974
836401552 472191196
859640293 277019479
101398558 821613556
854669124 407111975
689074159 773394466
241607443 397779380
203687911 716820486
695838076 536682561
31448984 591678378
200858861 223866043
315219389 39971429
366306579 255548264
229465730 530672135
573132156 810527002
931790191 419195131
627642690 753498901
931339919 898657788
57382959 535730651
596857524 614178963
724291204 432424165
512517753 817350599
265705495 443039950
718312668 852735583
488264796 732508375
61245556 942230494
27674921 760193518
166029162 759425760
216669729 410659103
831645153 331531583
738708386 317784523
667978214 110115182
458897207 598146773
210457822 421526935
541594868 95223748
189263602 54070709
514698251 544438121
311029087 228851810
184840598 253258129
509833451 339382725
979390352 932904756
183235661 696879749
915006413 62452588
983553144 659338479
160489809 13643220
525720906 895399586
570876499 940109473
736219356 2352138
225557110 68921362
623637933 56145892
970832254 917095221
103256512 316503952
811142148 355314814
419833078 246426467
765702507 24836798
498689276 606462913
906575027 689370970
864507486 954264973
844834669 317158193
984019044 678031035
310525856 333706057
373541159 46621692
678337297 258355448
586217790 433536596
202427583 875118862
916414432 5428048
492207332 665625089
923458246 199643633
724538883 11801644
141675444 748138979
522721830 116552525
187778392 610257444
977895776 965119893
217666469 902772743
738675947 412423845
940960439 787141012
497666640 814163072
624007821 565198377
708377656 643650352
260679674 855244115
635227147 109637509
953308902 617076451
74048422 103702713
398849819 478711627
940589794 295717318
81424075 537800996
208753698 369615637
394137181 766684442
199725540 214793429
520364103 466929479
893682693 91429933
832364999 263480119
696162780 562871366
649732404 685056657
585912399 491620258
879618465 523716521
841596526 460602152
804966613 572782321
140236722 396555595
492308168 125137324
834355222 35063702
126295768 145959230
920901500 302096130
437201003 523563915
470096722 33950549
507085943 366918384
873313610 866295587
709958 916743042
795343722 53548961
639934886 96894881
71086309 606118066
514858729 571625482
339147927 805425751
41439643 177745401
921230910 399572561
939848960 852493871
729475502 660342607
133926992 831374585
925251331 583699400
796195635 437794899
911678434 421370527
8937825 612853199
94456483 916009687
275560347 114056189
288743625 797269531
914943438 167227497
805548029 790233338
378384679 824811026
680387121 274801972
627353949 297764538
458057164 405862955
445666761 68351613
318690040 676997747
451666074 839377346
927037528 992735104
302648473 174370429
884591616 273251244
717028890 977051565
889903351 282850520
607255077 155111461
594901707 617233544
386750798 365911417
99974397 680234236
525237076 882909904
733894569 630265140
402182625 846960020
415781859 311698102
836388361 351665170
718838995 442862519
719019778 761337335
720959926 707227025
404615447 430158993
809041663 560519340
99004507 684536208
171935711 104554909
272462150 765230334
660479265 844780463
668868143 225942193
764819857 921043371
868701937 352932648
915309034 393976458
711735089 974544942
245468843 956060304
905297654 241779830
309971578 514284501
894509720 293958311
575448546 871649278
123284614 566662815
962567096 933969003
7947685 328207783
330214991 474478035
885336614 961335573
546277789 603838806
575404888 992209538
497109407 439025915
460756949 111298877
514279422 472758614
216380110 690695695
989069420 361767448
964385144 711131493
414685058 556223777
4051379 603509007
616466490 178967629
560372254 296598795
423231257 974335185
584960588 30180225
206483495 813543925
336297082 755400014
657299457 187727528
4894071 710756037
956884125 773843709
287289568 585806855
178960095 379135391
92828259 417494330
940781345 124709584
98076882 782176999
651364525 859496649
445778211 372038208
374499842 490867291
78442141 296179038
387136852 180054670
248454407 750116842
53466259 720026345
997969171 133162652
512029174 925984319
462170993 236774104
649852680 21277284
954357196 904785630
753497239 566166148
927730678 478575638
621432772 57982486
517273381 894924927
483104235 770190634
243603807 367058601
368567821 979424730
733224028 681702248
501418287 955410500
455586611 62566466
890982998 332836309
525540388 640165282
904358094 546979231
309621325 454108700
189130391 137237820
484978511 34521263
221093967 667448455
643470553 109197649
382773838 942917255
565158666 3999525
507515119 395447924
58747408 620198694
448095041 645636752
887485973 613956583
584377782 852208991
169655828 305279085
420522285 914330125
168257365 319188889
326882633 887111090
861280309 984845633
227981842 802064276
794346905 642056931
901816522 691552762
748259819 886148264
400866259 896825412
781954291 858844133
951827829 404939567
704885641 219482192
746062326 207972610
971928234 809346830
310792115 635042804
84333513 715005883
636614504 371876653
194059059 147136957
892589582 973989814
133627151 971642661
912074862 44320487
22331395 108989730
587945456 42647865
622317013 755958102
178508046 259318799
821164832 980169993
944210361 641600613
234548372 727164414
812752618 875366031
288365806 736038017
307956639 869958861
844843877 421994126
808133068 281441744
502472289 634786485
204831142 990721362
624009176 25895547
97770132 171187966
25876969 762878915
657085595 245876633
186070245 445596168
368489921 176976651
344459013 791420048
882099519 279952462
470748114 138221974
366797159 521117432
902407056 465676935
262440630 599765746
204195057 426932368
552578169 62683271
2940052 714793812
369992403 74892800
967826884 74758785
555797967 106022752
897847983 669451842
471501464 513132509
327368088 407748973
661126601 308293292
444645620 160079616
440204297 568044616
516560697 802646842
885596451 724649871
333353291 743437663
615895979 635049046
534750741 707233991
235807357 893638195
326886272 562945908
925818743 871739660
754949695 412692917
202310592 615236435
10011670 215751620
427221585 996902700
712214794 268215135
312569887 941767585
144513020 334689509
850898377 872207691
872361784 704893283
951512144 602616357
114350980 58035516
686426032 592259321
34577214 82074909
801375006 988451209
752488387 820594834
590296578 556092852
327844434 783226427
590430365 121863805
781453254 739354511
667501817 66813691
991653390 15026211
285117404 343182066
104039510 810833957
76743917 749945422
645233694 821391409
962181713 309860237
745178071 747343092
628656557 579193300
189171571 625953094
260445186 627412184
356579848 147797817
865624683 668651250
344097195 305869879
881534778 353163818
638816697 503519967
828461260 761621747
36629445 699074627
255891017 804815242
348314554 288828684
860193844 600447099
599984846 755104389
353697364 462951037
754908181 65380972
442598578 34895954
488620633 873849789
826041450 403929589
34050399 426075415
463584047 423442322
806446228 565817256
937473522 928166473
563381059 429990265
347724558 798903898
264367799 865268114
62255151 896147331
486952906 179846671
542161113 942008726
390572214 554680126
75045278 326082769
484811958 9706648
940994953 582015806
257358893 132583121
145964710 847623606
145418093 526571881
909316793 863383907
571432327 351549931
126464464 397032657
548156177 287128774
217760245 492522516
269358861 747433843
973482074 569582509
523880522 654763320
616282857 140288485
795200983 538803780
653339937 196583155
956675849 427547339
420504813 190240056
691611804 186303538
813890220 549100986
5710880 500402528
309026209 218377914
230827137 722504979
427849524 798535124
166898561 311072594
903935010 744537900
729894971 241668004
945842152 580941829
124099271 640238466
604324623 215156061
134949352 521557886
660605241 361711501
116215373 740557617
287331694 367037124
889216772 692773705
236063219 831931841
36934963 134541139
458612442 874316764
21844279 216519630
215706850 37916682
17741264 297514728
995415852 143971540
785134024 809717753
82422498 666056580
78262015 793566333
512008964 298350767
636082107 711052354
930703560 698816402
347519023 207089493
787087315 285100589
685700959 41748737
303860865 61154107
507927719 717706550
339114592 431311586
308028192 626112425
526380196 433562151
351358505 985778854
780000089 214782748
5068234 57998330
742804313 632182723
321467735 663450396
948372762 688008685
344926537 57393144
113519273 976015362
289783495 248641384
135959941 876825150
443540114 332753060
786910878 490920117
783267900 508759231
508064904 61740981
825688703 890726463
529900931 538772757
50047983 767580604
255736711 988670297
234162829 678208056
310174414 781442960
819159025 935141491
541705921 599902966
727363516 342680882
119158742 905576851
466519576 930867510
208588930 287223563
860597580 125611318
598836024 37029600
305485964 814367083
711478285 442251722
89559738 267411292
427197942 932307904
28917586 894867816
810390383 361009327
406154506 176562608
920062825 251685724
195724576 966172564
493810031 191533017
465960736 593119608
224970433 282468984
468153042 434741083
953875913 259857118
814827387 879741298
469721859 969300152
89596613 903490562
832173459 17242235
504314750 836875567
573551086 652594088
651260690 720375631
728248004 508858913
584937373 395722602
803971657 372369064
762330341 385505560
94590418 93718398
171723800 21478356
482106596 192377027
263802732 776629174
139091672 49865266
458512211 530227343
716478305 960793894
771981182 673047999
346806746 328748476
198354875 202436988
255869572 747665510
201133930 242440238
988582247 852519723
673755272 920178241
270674796 928548237
337629559 999304082
161750257 773816854
541460356 354349973
851565689 768538217
763722019 71489076
332221588 144934847
341079884 938099069
106419678 549598683
66772428 865993919
167681029 661486355
238121064 485834049
613735299 614819796
981831473 18173618
44368450 953399012
72491865 13132271
23841125 915842841
508104038 760883741
868724737 192512570
858953478 303333724
777284025 278840961
108245167 472093495
370763531 82020723
785726928 862642393
376119225 501069370
325611119 971438544
231672630 127833708
407546107 923087476
91976696 957497797
871786870 825474112
960198444 666655930
528757917 259728099
553229002 395657229
836029836 284451815
85521684 524466382
986355598 583573961
185872536 340029243
614445073 859898061
927403181 213435735
893310733 385310441
874971076 707969264
778316203 180002186
670802131 495556892
587937770 551775756
780035293 787729425
429042767 40162592
138813495 476840739
233836305 484134965
297160142 587353099
497735500 719130397
682868116 904875152
706112924 448716743
864775965 916898345
618176643 104726499
168967165 90075059
320363365 492790518
599015496 582603036
798964130 653014485
964472071 970448956
175059153 309366454
239459306 125034620
994840353 478089586
312997198 217567167
189877296 321434530
627236446 520688271
53899120 23644802
374263908 11064473
508167943 262545110
240428048 817551590
328329830 618547273
704351160 554346570
68361521 379989960
268017606 442407171
738126766 35376437
288522259 892279462
414683197 447894618
134815533 628145134
646050381 700588640
632545842 595371006
268866721 407286883
702756429 608851231
859614403 184971106
552244224 412308357
671499727 807149146
902014289 441043208
426564572 531943595
766318789 378981940
968999566 195819122
662782653 459993526
141804252 188774312
730164928 841894634
961075365 89070444
66622935 391924095
663032591 613111671
476606748 857402037
666416961 366569005
469909921 96598367
121971796 616084114
545442802 117097106
289786541 835958945
958319393 324191410
510874637 388368393
319630287 509112108
469253803 898674177
610202089 655330816
226651364 957846735
988564554 950641010
672337615 462696065
226597571 204018047
372116947 710762216
500996008 839639945
661640769 891893478
380993592 412014698
522471914 522033870
869969614 910154033
351938205 39045524
894341102 636782114
876019147 443906035
889890088 840545727
346493745 618955915
646377554 391070255
602898547 373759645
166841858 749882215
500635337 852873046
849566638 399335563
673282890 989343343
166106268 403017648
211306936 238870421
838368322 461837329
675388355 142649911
507945513 441188643
386917479 526414118
302088125 57300206
366499661 931178354
440354238 524479933
473473716 281656075
54694884 223064056
142027742 13488529
242964827 37762366
165537850 545264324
321338628 495443092
986152482 995361293
873669423 601199913
245056694 840743446
460872106 709688036
821100155 696155583
785278641 993634725
68377484 165835288
68119683 630323181
283873697 951681042
174283243 903486902
130844269 190719856
207440107 255007
566804823 135576588
870967658 313857991
207501866 669158723
969397707 486060899
40735366 834916933
391314140 566916534
754958950 414092750
403498735 355832466
838270645 751746810
52879437 86308848
21275632 985783454
654893269 7431041
846391676 843262934
30019486 10479731
618101878 778023813
572130506 508961670
670720979 353422481
632270148 392620443
563866094 335076822
9588870 967922648
510145278 282456196
88508145 904320492
498750265 601360633
442629156 56766627
438313167 382270010
732299069 781963571
433862996 263412275
430852740 636918984
285961002 765039866
468736319 672416517
604799172 995515940
154606252 164891670
899702376 10320236
598121403 891338186
675483041 368359243
257637768 20305370
695243940 534183686
320490827 445267325
607348167 639960348
54304264 703329608
469794921 101194249
83559749 902107048
236643772 890973440
387843693 904347991
131623049 345890761
376719681 592101100
179895336 437397342
926819701 759356796
443833618 433746402
654566143 558929770
833546375 121556377
818813678 88675916
490285947 163349150
741585773 310712179
546554662 213591750
204935244 264594342
673967085 851143614
530657514 242202272
63975548 185527655
896964192 954541777
140929072 725366519
913930637 534210537
84183201 116778267
360770450 364020140
85163492 827709913
522000509 819810214
143783105 383452582
755974245 829824578
463496503 323297114
730031755 137510614
308007437 58364308
392383507 729369191
364410718 860210036
10649980 797007506
416170105 454307838
71489873 654990632
906767743 194801774
328645154 483813097
854868725 625513120
784263979 971275829
406125483 633905276
498589498 610401326
7260606 948892820
853361327 926747845
514284095 337311785
893697663 405794379
129239720 711829982
367833875 170077329
839987663 683915432
310501794 963366368
539539360 852196789
487177302 146390809
520960629 25338269
169079706 458956438
570306726 527534213
121975800 724069889
363789646 483641755
86989390 573938216
962472871 927100720
465640548 473474247
739840051 712480996
436049653 635643625
402071054 7990879
914722800 282287998
671492467 97087577
192070623 474299601
170929049 413386758
104227056 939396283
208908213 556627285
851271228 620757645
889426347 517407083
374529972 877150074
145652264 902870532
606642140 762593331
245157086 523569105
859438255 494936900
384184822 61947608
123736596 314197532
252104065 283220171
574199856 45844277
46242673 751979814
730617404 618307871
289083342 895098391
127494352 828357715
208498258 417361810
52559367 266934128
729166406 211942042
115026005 651298498
328477031 498225287
630259318 70072323
72604473 145318446
829541027 756543489
774151139 588885767
660223959 316378881
617028951 869831961
566872372 510207499
259400572 297989714
103880227 935360232
632365168 797470557
951125632 832946261
776463968 935738785
800612374 155990564
527811803 205592040
630912869 286040357
9993270 683213526
304721217 691320124
670080187 579271197
888747372 874748185
121740343 194261117
592199068 382002185
273891927 177545007
751435690 504757760
662054105 715439456
48140889 666107033
293471041 535762455
265677092 92657880
136663469 564730522
856278520 741898683
994695556 896021260
70459146 632695914
282873425 23185014
591612636 910450754
6071933 115305751
833637528 47970644
582067928 782130335
757358081 362195609
975271057 809661555
412994092 694744801
512884259 658387139
847072703 133613549
9894398 15939934
863794661 491672954
343081335 305820445
553087129 342395888
157596645 882042388
897585880 677037257
976317761 889569967
270938030 230235074
305621409 373849457
677190867 545156130
200918683 115081157
278412188 730634829
210642725 189577997
956006555 627053274
347296335 990199201
762741226 61117825
544783735 832997243
453706700 235166941
606742601 737114228
83070963 510172374
204290190 682902720
757293298 673945414
253113447 399376581
462029838 806376318
625996564 203949904
279365476 4628797
296782916 974828519
870681635 901875943
596537940 526191711
179355157 856471900
75571197 424746400
691332172 612415857
901863228 701459414
239759079 406382729
710633666 709499237
451849203 818501930
872914905 385761925
362932551 784734259
659864256 136425902
423556028 400399158
336047889 740978552
327674099 300287258
770775065 543911198
822270523 186455280
545394582 249989619
213588487 3180782
50860653 859267194
580948971 758416611
42292469 901064756
76801140 684265891
490200193 151673936
755844566 42736177
602166816 569803430
259125494 208195046
658736021 701618763
845757276 824341704
799800613 126164755
61211781 732163122
858514308 133033839
176972832 938088612
204301650 398573402
277636240 801364002
205867843 524395311
806012258 175502663
521813556 671672704
484727048 820207136
943528663 542302105
576064929 142097033
983959644 686520625
297525380 774605271
125033728 267379679
916302406 660143126
35550578 943554684
547937601 491428315
73738394 583141166
111459758 284822645
153726179 645698532
370122360 373322254
515097091 246701335
160796300 528046308
946772820 977580156
263764806 679072688
392744540 75044337
905845355 140301890
532968235 169525350
842022334 449817587
452304846 688366316
734565555 705012645
588906894 642611606
877006381 862350403
81434548 830638956
230896503 460772162
620509859 175922606
72532173 249216736
892927557 537921397
985480423 990425350
647942092 150904262
885449910 969920114
91503212 902195759
342086259 63561465
501487826 658364981
389906739 802116797
206954330 364533840
449807126 176072670
455495756 528837549
55427676 936220434
996563437 302189323
372263469 591573810
919999759 548937407
197783691 594483278
950064667 217080589
139265141 405517593
510143075 56516400
827272144 812733406
249128893 229777269
701390514 953715490
362044812 260194221
913267662 435880371
607847330 25254893
480487774 786671207
5011681 542823335
180029667 402106296
497870891 884896764
613499648 229977364
319500200 339760228
628705215 22402285
593835689 129454436
63405710 147276488
632003423 276480388
1075463 902300569
253063330 529627137
636629685 218504563
755842458 841031694
344731783 491579595
687622036 238913992
432111893 110876071
495204844 663396130
143390831 496032688
207793006 952987314
438078639 431606682
977451175 428348656
638244160 273792723
935145486 606947287
631591651 770823883
720558953 897574001
77918718 346308114
243948163 391557682
415990967 988826108
777921049 708698171
216179428 566970381
918283502 413944179
204137138 365045600
639583879 643884196
979026571 141372795
46578445 689870245
537269302 101904567
681072876 962662228
341952683 655094981
19498072 795512682
289297026 427330067
202780719 506711413
792678301 292655339
748791200 755280769
26701397 206175629
687633339 964336395
784205054 954046588
334793150 324850765
810587490 616191930
429620351 102888672
804853811 547582803
344957473 68885297
433257001 217858301
384121025 421405486
173010811 182190464
471051267 601813719
43422623 184172304
202657944 415557374
673541082 883424870
528810517 459247046
360422318 720075657
192670159 255475562
396038414 988723665
802037561 772613861
18174415 675648817
626835502 279525484
46407328 131553268
611404309 22569105
583296135 681495462
292690834 777691129
982572226 349565156
142774315 56569563
804779866 144342716
429669930 457547414
476762865 798430799
189930063 608819064
673085727 77020000
588019379 62629495
772436067 448599125
620627757 710662706
305488607 28327334
960912391 113117295
115257531 592053717
266958249 434334427
898788652 130957274
407328588 623475490
370686286 533483820
874583453 926943508
329952685 790496350
693478552 861691875
214284570 818987531
482351978 854378643
245935545 853942183
80463451 163707538
166367215 152647342
828697054 384783286
265532626 140716601
592491833 912899347
244272673 849879057
674261119 493159389
957135367 503047441
823691346 767915550
374558353 906597055
60259301 224234865
974400627 647403536
153467912 104005290
292124750 883767419
615073318 744653932
905616608 19904841
733986026 339103761
669653549 812748432
737580317 652819867
184072410 312283767
384057889 220662400
958239165 733496471
210782405 57937522
672393627 309567626
402917603 816408850
122262325 96087026
797216550 853241357
326779278 599789550
477493958 64829389
746924175 886600026
466797976 403658973
48935568 793721817
328164176 586710662
533127959 562370668
728859286 926964166
139336575 265396448
772953496 651954568
721460743 203620832
291073155 427135731
824042372 118319169
977273854 50111158
566361319 372498086
217749192 243579315
3740062 273220215
733532323 899746246
789910421 6465227
645666182 241823795
886693869 576860460
667519490 620024180
784315657 232533802
534780620 100118847
750883009 187660871
757851280 823614264
504633294 655367684
778437834 352008651
914200041 485146355
260952916 285492019
487513694 931314430
873264434 424881996
912625726 913182561
81724840 714166119
825796088 243528609
82343024 690973053
8742846 383615362
383944164 304122280
979706048 831306503
164962922 895064163
289473588 183552225
841174322 746056589
967440179 545095318
123598058 68279322
190298223 618382671
136943351 520991795
598508522 556373653
469128762 198977097
673376127 750809319
458195672 770873470
269581908 860546721
225934167 229514208
707527075 860566261
294522936 984407543
905308909 527413373
946391899 594155451
113811432 456894301
606723732 930568592
55787862 937857907
17496060 274152748
668021924 979947506
175134802 406353266
76976004 505788884
577357356 628172246
894735595 309177273
713057256 710501903
754875242 311704098
203592502 799952745
43367668 256129409
354841295 452590862
90261285 674267710
374671152 2371653
772497679 193037476
110731336 558250170
413319985 550958750
648734610 852675973
132552213 6067900
648019832 308201708
621137738 874362855
192559756 649603938
873805232 782290515
12370289 823735650
640271222 265537943
330757881 114341166
929575686 618823849
119314961 266566295
700079030 408658942
714951241 363331486
607569355 234999828
526452494 501990056
158230631 996748984
155847297 483801711
104482243 299370819
682028337 116848272
564180109 455133223
82033901 550583489
542588761 755347064
262103438 667183864
918163525 388969070
746855253 847883852
997824698 699267846
793835688 794886741
875551622 348065398
609459547 384375059
933676400 372934360
140350227 436389391
357537505 610532519
551252049 634461556
735535704 247510192
755645222 249668716
936042301 971794219
300153034 540936040
730252021 915977859
968610308 21063572
343719706 783351752
299419451 66252684
789684654 405258945
900761215 62910872
389149359 68335883
254484943 486318330
489318985 865244440
505175249 564551048
980167598 681789353
560058228 331598104
305731267 719423691
840009677 675389361
188910733 156929263
63563547 557557747
653411766 841880698
132780985 827529569
381504650 296868105
522029094 772716104
287318061 385737510
115693089 75222157
856557261 695330623
486225538 236851424
621866802 589086049
423107444 330519382
953881916 524660592
832641118 931065059
76178622 365180873
434416747 949111934
626981295 26918703
430213972 252812623
552208978 362029396
977448184 363502407
110026056 475105147
760485082 226595540
22448970 529407090
207849376 952178979
568547332 685365907
418025320 655919555
12797093 488450309
497655011 559751314
709778831 955894647
489038503 17149523
294794011 726952018
93966681 997286370
352978317 30152445
637978677 143025047
197764899 946833416
458634587 872115428
261884395 237171629
603571260 687934120
305329195 432800940
995340771 889321340
649653007 150945235
781034045 64514318
361270787 806472222
680844458 646913739
539493169 750357873
392491149 95139694
769820108 52106681
34672551 382869510
498105578 810599621
696784259 658282865
621315677 419375148
717354332 795138505
567990326 481351535
246877579 35120793
417785627 475186758
144889004 249900398
524058161 266302178
309776779 879409670
980002047 208768834
255968990 484761006
153244043 18252545
855302522 121138117
110778124 548423081
491136366 631072049
992390460 434533820
44072143 146496046
87210584 595921042
532873472 512788301
407467687 193142040
779493821 887803236
203776899 555833677
226415378 88364671
220665502 482428495
762313423 14437230
210883632 163769627
547142977 841261167
559314432 888839211
813635980 472463274
166250004 828232031
687438079 657214229
884600236 291095484
526533129 107113281
263689078 795649170
52833007 199523069
485083642 898888055
972615018 940127298
826326209 223939445
404155965 530445176
6845520 642609070
6423144 488861686
138977979 168581055
45505727 981137084
689521328 521913814
693356488 470690454
583473877 664250956
352391249 132410995
759809555 523771090
40305769 625679878
125686781 497350747
464984471 525104564
650268543 170857235
335723235 706410267
856255378 186196532
520689613 9401882
824773151 803815806
418639988 787867531
219973767 886978695
210555675 957532642
858361572 928290017
891554452 55258850
602179990 55578491
263717466 23577535
799220987 794442516
155767019 732794003
154902152 141859700
176718884 804640441
306778121 185235309
431175655 275508117
348088126 448461664
593981961 100750690
181535019 162917785
140145872 446049471
914720290 225583680
628015695 725667771
323487164 154419895
507856466 226777659
472533361 407294244
629819499 713727317
260180194 165824355
718015177 299281476
637449690 320056123
472725199 413934779
803766800 149719455
170308538 337354315
123514510 97500378
865976746 965794350
72707743 289090202
907761989 542112690
660327750 705207840
188134078 657326769
700665415 750144455
358968978 414371702
183423372 78445675
286840816 735548636
13017195 226467397
540016020 475429628
369612899 451920807
909422977 26046623
493014684 811484445
229123656 122574711
47994553 664040916
565721185 428535829
848789952 878716011
508741504 208890052
283369840 397828501
741793509 322987898
109925277 944358320
615868533 824507490
185649241 815600685
450706508 43074965
170537021 758612384
512061543 87814508
265198553 53966614
405672997 504129830
335911741 478115629
522880283 59667041
877857463 883217011
936445249 865651062
727874275 111587933
359647313 961822111
395438762 116996666
792325061 815024361
31048842 508163326
681413007 547627331
840799094 979682176
670237125 307219561
114172369 685385740
229124316 28334776
566839342 817795912
612445831 738814881
443367209 176671351
722946251 456952346
718687578 712064254
412377179 913412099
623927951 24500073
398207189 566936012
164457566 763000017
793442719 891861030
844075384 541960124
815071309 996781844
951112377 701534810
560187780 993164748
546026408 706151142
863648796 958523650
819033800 391865570
528009773 99945594
49633055 164457694
403701363 297309114
110758832 527793505
541225740 242476721
664701141 876828605
313399087 549333701
67680729 608455439
567506449 110893168
23664359 765982077
226570932 624973629
337039973 123598415
27729579 883556390
292037541 126963524
165719636 745823143
97371328 195441259
510786017 22699567
129682813 117201050
338352109 746445194
982421152 167393410
22408045 222616480
564285127 898016078
199448703 794638064
422529296 582932678
737866605 250882266
541797134 109019716
939567005 834965846
789355473 440947953
133517250 982580077
871118192 430485740
17430502 880223398
972517656 163683928
210639727 831564165
902519464 54450531
870272084 432164027
703845756 254125626
768101395 301856082
684341702 252276353
144951248 772292198
834889939 77425058
580074430 288587809
803604170 886187110
766530635 351257825
660951466 947989024
169328219 711118737
56712993 227132118
445687629 379209725
861176631 123004033
1030393 900451524
533239920 208672746
994050582 235056725
613750052 576669598
424116092 808925802
35149846 52347480
294009095 447603039
93287783 247743801
406783169 825660056
739084627 27909839
414541576 66007796
563201311 634673037
212974524 263475917
960467184 191945315
230896153 168006272
758391896 867425646
28581886 409093991
391414668 880944356
338247002 527287666
491789376 607789156
191192885 94162143
548916700 800823682
134223230 232089255
989373374 255377737
123826451 209747365
375563500 156683417
35583948 42078377
609933599 411351122
408317286 911126047
712502529 833051595
116915332 727754843
703911107 472652674
357282860 517150233
564932161 629190369
120517159 833300420
651979353 612255026
696932333 780651604
46710617 749357255
99038484 40771320
773900609 828441481
376935976 607374854
179891412 688181513
780729786 764971129
448840660 535845641
860104776 847568102
971182780 777197403
912704655 896066177
511310510 454064153
473563113 223526609
353571969 128448673
104868563 797160557
544822798 544326294
695837439 130840550
67648896 228953112
174368975 950427751
659855952 554288195
198285415 854445044
811534483 494591642
812746498 683597673
314724301 307109412
24117702 404183504
748835423 283295459
364529846 507534866
373329022 634780672
349546497 490700543
927351291 433866341
931843575 141157274
633574151 478469329
916453089 841231257
974095917 803874613
408951537 976469160
204040204 646304603
515041214 641543122
850954612 232951197
528904427 290518429
152473426 670792611
123700638 525226971
936920761 619948874
290342751 742318745
708648144 201991774
815132728 720771163
306426074 656851671
688167819 538164480
925660315 656598111
358334592 449435468
307656477 692158295
276023459 269921281
52681491 677532521
821186501 717958639
172191471 900301957
481014522 338010913
705517994 104069660
74285303 375985433
906281708 172312566
666416166 984952328
701332845 669948772
812470607 89267364
108184087 136383343
361861133 141553124
209885320 228949836
759553532 543058394
493442580 314065284
385786280 71865224
974036355 301200478
993818512 766521890
554574645 363932132
842550041 299357095
369589575 855435826
477284589 279521152
747999259 925588635
476273959 569685715
491820049 753833873
45271933 602561238
348884865 960103184
10033227 474888549
65890128 596139230
867372840 162509150
560186766 661262059
997056131 750875766
957430030 90863170
295403677 772729993
32414913 339304737
941434414 831307967
412029258 708099765
512508506 282607547
53116215 262391879
765517659 18828869
234552115 428515519
175826258 231171207
358137375 186959460
528919242 635324726
263650312 427257982
311663618 146409298
218468639 472082036
357785421 759893759
686351185 611779964
492600643 135692884
48025682 745634979
424687038 283499744
938110589 780332896
24963695 133848145
11668592 539752721
470683499 336566467
901786647 845015280
278386237 510138668
558593974 256393567
247549763 269005284
944002886 427024974
511205513 620982533
585824256 148611642
34680069 119501807
873507136 840329884
156493423 708622762
777433258 810406602
47781675 768572289
80680315 640146709
178990525 452987402
640517764 78326317
968724465 203300626
204348533 954342462
838641836 171189061
363541918 274693841
931618535 808050612
415863588 809495311
976518939 429330873
609362168 119291179
176711219 568115385
873850230 219094178
738664742 12342356
222073535 849554599
435094768 146298678
965614937 77532604
110832070 102734844
906244635 994997458
594404421 275148401
99144405 163440098
291709684 674902580
632000279 869951253
439569596 393044043
694580067 41846373
172020878 920385769
932307165 657441429
77997325 386581196
103988569 675045459
74755958 905335647
689475586 314143526
257540656 747650458
323479588 899532392
192786863 587587136
948166486 340011003
778386061 486426473
812109467 538096254
948149547 24457428
685866686 986656289
608383835 629815727
609800384 62671971
363312018 55279452
415728447 734886316
678846517 621775011
718339197 810000799
35580088 393174579
149689843 930041022
667209328 872980994
890709767 581936563
528313983 394899733
361821314 632952183
634766294 419148224
9505442 519680118
39807569 764181371
672742290 929619840
653959147 779004916
973088148 379297546
69836521 310463228
744971484 434026150
17364361 163966016
173607937 309260235
786831249 859833504
502695747 113123357
99100581 73138171
595500010 510633811
346668408 38246583
439626159 222743069
603150946 297227118
788274 401264477
698299376 227155
26488924 141370909
583986251 116324923
57783977 374509271
162587806 39229684
82515238 941206123
880235748 442375558
974393961 156739851
203260949 915345729
252336382 211605560
179678101 573604001
932510270 604372136
232801134 131873652
929839942 787431179
954051484 29790040
567536157 268534095
155262756 400222908
409121152 764510065
113367335 605306208
296747658 291418938
896838028 855221234
598412636 219361783
946736733 5954239
902851187 155424481
570261478 128486515
361159778 204427728
997283790 571740263
277667242 643908566
959554731 433657079
454390660 93166533
428411814 755909517
134950649 880022294
965257543 252239559
751594672 267364463
312342474 874014068
860886312 658145821
540722436 608286851
661438320 178484951
589089612 172473984
300636537 817151243
770682503 608280827
351757859 621986173
491037688 378103528
587502055 962698111
809088325 209459683
745553405 667090154
970433936 809125386
181198024 121322423
981494670 960329367
336853000 56905587
826347621 68944329
867334557 317434412
41933271 347571051
940442146 10948405
435527694 42959428
232416817 893275477
930327378 610007765
364435435 571456864
494877589 267488639
515139072 317629563
618075347 239581574
619183457 821254796
697569832 411551509
358735957 817635535
93935459 298147099
137232266 951462659
816399024 179860849
535936895 313164260
2722795 105484925
116454419 488550660
574882888 257690703
221638118 287039939
756863027 813401188
364487690 11360802
81429395 625992036
789334254 330658807
760677314 791498595
235661843 20155832
655314334 493419775
47489686 250735326
379823383 697763483
190911864 623415902
107293979 631761079
340909996 220331904
351521337 192206223
699221406 873829880
758621358 460583314
86104862 375394762
386585964 448992450
62926090 774202895
662181803 554362638
602545323 585951378
18313296 572736280
873208332 59861207
92147110 714316539
341586527 549905262
87636436 553432193
266250054 438426414
939345004 781808470
234131786 830514247
245768988 105515845
392899221 978049826
92101514 551612690
318260447 400579393
438788566 258222574
91605470 371206893
714266753 886528731
168759355 738641805
791997271 926194410
472869743 578255198
349416416 56352661
32072152 473841657
806985657 62608443
385878657 693723404
581907510 64899831
911030361 747658783
21413399 631766552
537844955 291720725
759721862 778691327
975795092 177573984
92244759 494385899
277538056 515571650
473673079 228360772
370278976 474639277
278931306 147460931
319124294 576520238
316318557 103661688
180085175 123891649
625680153 758093188
862362111 421731807
241089312 670634510
6577738 405277880
501142993 464460392
67921904 115782704
529695637 576352727
363981143 611469702
568401997 511028064
416156352 487048312
266845602 659241498
70444797 264731132
127558577 159323828
52885233 620127240
103524019 957736428
658451533 750597697
864919137 865797410
435415303 463401785
760276165 467437845
798251726 261751998
566687474 441538272
954716994 76019467
131197916 217604466
442780632 415794842
315254334 883190426
917106995 919569231
139923692 279519924
787131305 699874362
929240460 989329105
832633160 912608563
750219601 810800330
140719893 721683239
372839902 486726371
880307889 795048248
405885239 133292327
786737999 230426132
198027644 392877955
102768400 603505975
430908066 871718862
89778210 555242152
244564846 709672851
623982008 474260946
730497090 640803393
49217687 34745683
967602572 673920730
995930395 646543215
873103505 667102384
392160431 432538141
813572555 728215828
933319681 975886538
983021220 461398113
58920898 512168372
365432134 738336682
447694418 675842035
892346318 318969985
81309619 900881995
114525455 679728359
935054714 507027296
703787670 685235154
310338839 777981699
939643709 274573144
101063450 123252241
92767106 692737323
344723462 860599025
304329577 342493716
304475968 448126527
76534120 600522737
279353941 462649981
822480508 795973621
943331794 726616289
324485440 375200802
404135708 145837358
706009886 437652421
548056335 769220166
977748630 544852252
861984642 384689926
773237181 639669655
619825160 454408280
821104809 901615265
211824120 604396325
896403323 405171102
809233338 343154473
334440229 363430962
267296704 609844111
953258014 698084096
161371294 270636002
964071349 173515040
7761855 30340491
592544330 529274983
119601345 993261064
469939123 328604168
676639014 466219797
232190492 395483013
152517908 304910279
707163364 557358108
956140392 602198846
571292571 315654585
354467495 413459493
577734507 546206579
918245803 584398206
777948567 827686706
661948907 131359929
805705850 873507569
440332392 553709615
36057113 16497887
12022664 336490440
303219547 78926876
954903759 912111093
264212739 839701972
513765285 458167705
25288701 453830642
474187482 496169433
854473188 423291939
255223454 63088020
767536835 608963709
192627907 127188648
252546946 863108312
416649902 623296490
354426063 87315747
616405441 94262349
895688013 256427834
170440173 669628787
160657464 504363198
388620169 723419403
825317919 67214955
936405440 395476154
397457575 60299925
48813587 135951700
951727582 384389611
160387778 330215599
274780930 429985772
125007497 144993154
536864991 320667431
531730449 418259874
202834832 436503433
913648775 296831359
225738775 653960862
484990409 690450986
742865617 401892477
540500290 848604465
822223709 647536270
655722302 275063127
309613020 999684891
817332202 355466816
692343876 7672224
858768675 69314181
572015318 147184014
271350231 780446519
952183582 31438899
572550587 922486421
710152466 71813187
43350860 439670154
286472614 3241784
13588114 519547820
480699981 624553948
822221880 125852289
380409222 925850396
428831765 807389128
708537812 791522738
175768947 135544238
390243490 589945477
690339414 899725533
850189850 760236338
851813443 821023460
923011983 701598709
757889129 83814244
456631075 302852027
597522272 157845691
594027728 369919705
269579835 942236638
32926668 586438384
546591374 874840806
758309610 724653308
477568422 321584763
511790503 792136851
199913105 337458594
710714832 89316190
72843538 423979106
113671231 230745298
121471995 425060660
410224036 465601882
112657046 671876079
1380613 745802004
9682837 982502928
251155735 662582175
144697961 15868950
643674000 54442937
609989692 320110555
36632398 120297289
45442190 310835629
36935232 539019009
418264635 220758499
957162148 675864379
353530865 582397431
392410885 472082009
265710167 804005788
545119577 84383075
354054510 204977058
400889933 711002304
369853388 790007972
81149530 145978358
81909315 772507455
534302008 267770661
380995707 28887644
150915073 223656104
91044643 868002894
397357020 981724265
758206567 975906383
498587053 210248817
839855940 757263046
211949729 889553168
363978736 780880541
121344176 970405885
737953811 791983618
165722153 404599406
710926619 895387704
726320298 282997121
676710850 855752625
197553078 276738690
319208381 614438107
482593577 819691869
914156442 608051904
385561586 641166899
44218266 177195520
813749142 227358726
247913284 71897693
499171237 451569197
981149293 171503868
153131169 758482465
190193660 119458976
917424082 18234544
30933914 59492991
313954349 532454132
551960658 276082488
124851887 26772712
254547006 243035895
336324195 132979611
171175837 441445955
995005804 674695651
137926567 872968147
877642522 404305515
800272122 285397290
652280801 246257541
15013334 850536014
550159503 701963279
735813464 905723671
112619124 491414567
37531229 151070111
503883978 139064796
798855349 112463749
427249647 388439256
818320394 863500567
352765939 944787425
24825167 738811032
861463031 594221684
179751957 85208987
733825249 482145393
846107774 623121597
748951346 802590053
119182304 154298522
125167870 768575416
669757319 45156315
545312218 832730696
902652816 885119006
895248198 541539719
971177873 812183042
976870489 981886907
882514983 517727235
399281253 494049293
64584271 823525589
181367634 811687611
219063732 746439936
204831923 399756243
358726570 59259360
336032644 947245076
745177467 778555288
672717304 373703037
707746192 299606464
673148484 549107215
