26736
20801 14784 7984 2968 13116 5682 9087 25299 16630 6088 10622 24477 9640 7787 27175 4305 29502 18417 8668 3130
15495 22939 14317 8434 3284 10222 11521 12380 19949 4546 2924 5220 12345 5067 22837 6201 29112 12578 1216 18322
20082 9274 3860 21659 28245 8725 19632 9247 17538 9466 20220 25314 15265 9944 18229 23475 19106 26173 11883 10898
19662 5989 3924 24576 15358 8728 12092 656 8796 2406 17993 6031 8007 16699 29395 15929 143 15200 16646 21657
10318 13098 22977 18156 6702 26150 18695 7595 8434 25048 21117 1415 20619 14247 2284 21787 13182 16358 29836 23560
14994 29661 26581 4112 5618 29252 28812 15567 29406 16249 24519 29512 14991 10263 3465 9852 21215 25628 2916 372
10203 18153 28504 22721 19970 7394 27463 28283 26739 849 16658 12120 21535 3108 9172 21427 8831 11154 27332 10254
19227 17667 19716 25497 3582 13678 9764 9742 24015 9445 24323 25702 10553 17161 21164 28899 27341 20250 698 12464
17982 22575 4355 14065 22712 25078 6393 5574 26970 21144 9302 22332 26744 14791 10800 18816 19013 28153 18088 12888
12148 22753 22429 27294 20539 11733 24565 29737 23606 2159 26132 26317 8746 18175 6535 17749 21342 23765 22319 8452
16567 5071 20228 29312 21134 14411 27647 15095 4477 2903 15888 16852 29159 24007 17797 1056 8903 22582 124 27881
27842 242 19155 28769 28679 8500 29697 11821 5196 4521 22582 14118 5157 15338 5581 19527 27679 20496 16745 7635
15018 9230 792 6199 28262 3412 23674 9566 6813 3552 19070 19836 3358 7351 26640 9652 4538 7118 29546 11671
17494 5050 8491 77 12955 18421 29747 11393 172 30000 1197 24371 8281 13291 21753 4028 18012 23803 25073 16526
21354 5364 8157 2605 18687 5835 1046 10540 15660 24558 18981 29844 7373 14755 26618 2980 4311 21024 27338 19056
7653 9216 1767 4130 27039 284 17685 23698 12015 14331 7969 22964 4743 4062 2930 24533 7926 5542 18733 14044
28783 519 20309 15770 9333 17840 23980 14786 29577 3250 14489 7677 26146 14167 18280 13181 14304 28552 12634 6808
14878 9071 12735 29269 2137 24827 10943 25822 15341 17504 1709 4277 2722 6777 7382 5897 10431 25940 5241 23186
14439 6087 10604 16636 10330 24015 17189 3947 27711 11320 17271 9235 459 18822 20246 16719 28890 7507 37 18508
20044 13121 26639 17984 29907 13354 16988 4131 8922 14273 22143 26463 21603 23458 17448 7531 2839 22291 29367 26290
14355 8853 28656 24069 28562 28051 18942 7971 9947 6013 16053 22463 28776 4883 1707 23746 9888 9847 6658 11403
27635 8817 17120 22460 4810 3103 15810 1987 27092 14511 95 12401 4753 16241 8315 10200 22508 23797 4515 24318
1384 21458 27770 20123 2359 24563 25959 398 21920 10750 10355 16888 29043 12162 20806 10686 10930 24658 20297 11599
19743 425 24977 10369 27815 2886 7831 13862 7676 29354 14815 25837 1912 5550 1994 304 28297 17412 3163 19520
28225 8457 15633 16685 8517 22929 299 24938 4105 23784 8757 15728 7710 14570 16129 23475 3144 17499 19296 12297
3097 8233 17816 5047 19727 7132 2161 26532 1470 948 22066 21508 14868 8896 28860 22713 21181 15291 16273 7312
445 15164 14940 28058 15007 17851 5761 13060 15775 9371 27897 14401 14072 29974 16773 5503 6832 7778 10782 22650
27662 16994 29954 8860 3409 16334 6594 14260 27792 2440 8934 19773 17015 13946 2577 17390 6139 28465 26592 27538
9942 4904 12157 18519 16997 5983 22884 1560 14819 11193 1673 21216 26228 10416 28729 29295 26686 1078 12726 26132
3592 23683 4989 24421 1723 20106 7067 7440 771 10649 18136 6864 27419 17271 27842 4626 17119 24866 14570 17500
15636 4999 16521 26230 15762 24714 4390 8423 25279 5611 28036 6768 21751 21067 6597 24618 21602 14527 14203 729
6225 17555 11581 18474 2468 22262 878 15079 2110 28148 8848 26059 19980 3605 4216 15231 27315 21106 25580 25354
9729 27669 1295 5645 10103 22407 13197 27674 28346 22875 6086 21700 27275 25476 13562 22358 4034 25138 24152 17095
13426 26028 2533 1879 25284 21187 14579 13417 4854 29514 23145 7524 10681 10685 12899 21296 24829 11632 22987 21174
19895 24210 9043 18903 18372 10068 26543 5199 8943 10211 13631 15727 8429 18364 27586 910 9087 17672 9818 12824
29263 15839 18400 417 12577 19769 11885 2863 10927 18070 7994 17065 22794 20321 17531 21554 11715 11863 15107 2911
16456 7444 13867 10022 28151 4219 25792 9002 20178 28168 12839 9673 5282 10937 4596 25562 13634 14104 480 16401
28226 8208 5788 3197 6051 27906 323 26523 5091 355 25546 5077 20362 16521 1229 25809 21219 10468 22414 4950
25618 10917 15939 21017 246 5228 16407 29884 8047 23814 15157 10683 3785 11182 25202 3508 25299 8772 28885 10849
21500 2848 18797 20119 16064 14884 5155 13477 24927 21556 17054 9425 20575 23577 2154 18072 29583 2767 2681 17481
11866 18377 4913 27620 9853 13401 16892 24530 2420 24199 1526 29508 22546 27303 22241 28754 138 13776 19290 28738
11939 2329 10045 4071 26630 21782 18104 18202 26853 22499 1267 23757 19483 29176 9123 515 16219 3916 4572 11214
311 15460 29383 26698 6573 7350 3797 28583 7560 17952 28777 23316 24938 2611 20089 3814 8564 28369 9205 3990
26341 14232 11307 13620 19882 23144 6663 4385 17413 5092 29052 22558 4393 25173 12154 12964 23627 8755 27270 11980
25434 4814 23456 11506 11873 24547 17734 17900 25076 775 1623 25878 11239 21180 25404 7458 19345 12239 6213 20113
5946 12743 1505 5654 14923 12540 26993 11943 4226 417 11103 5537 2910 17758 16926 2836 27885 21227 24885 11880
22751 8151 28568 4780 2884 1592 5670 20 27963 25610 3437 17831 17714 12567 19598 23804 20977 22424 23925 2696
12279 21199 1583 25774 1103 27279 20166 25421 5375 8553 5120 25290 24534 28510 2409 6666 25836 23093 21553 17020
11837 19398 10730 15762 22535 21987 8381 14108 7448 24486 27085 22479 27346 26661 26049 17254 17083 3317 4909 8597
14792 20103 21387 17922 20569 4426 27725 26116 15881 25505 29228 21677 28017 23505 28560 13008 22817 19832 4309 22695
13032 24025 1750 21305 25274 14416 10284 25903 8206 16893 21061 2722 7117 9345 10726 2131 12766 25917 25731 10708
11947 28242 14868 25999 21818 28282 13826 5226 1127 24696 8660 3062 4564 28874 18941 6021 29714 3122 19957 24913
26023 22606 26381 3599 19363 7404 27356 19138 12400 26898 12132 6109 15895 3526 12368 27408 24740 22636 3127 21202
2004 28133 6126 11008 15078 26063 5774 29651 7912 16252 29066 5072 2249 6823 7440 9742 6833 27279 19728 11984
2861 6186 14838 9863 2458 3458 6638 21176 28935 4111 19257 118 16793 23834 20199 5140 626 2643 7284 13851
7618 9399 6285 28093 28867 26334 27153 583 3814 8263 14195 26181 24404 3804 14980 13738 3947 22433 1506 5810
21615 20786 1283 12817 7389 22037 17431 6674 24720 8823 20091 9912 15421 849 1292 3659 9093 26610 15485 17492
18813 6710 8043 3670 15127 29313 5521 3679 17449 12095 4039 13287 23232 24662 20111 23494 11862 4074 24147 11529
23263 14799 10785 26764 87 19903 23519 633 18646 3392 27419 9392 27272 20316 22414 13778 9684 16856 16127 15246
5152 13117 6695 19847 9794 15263 17531 16701 23031 10140 28339 761 24484 27907 628 1706 27625 1773 24266 19286
22444 20428 6178 2890 6558 11274 10083 18430 11800 13675 21850 298 17081 19560 11413 26771 9723 17147 26186 12976
1758 23592 21529 11311 8777 22722 3446 2563 15056 12514 26358 29371 24741 807 6145 8838 17379 7169 26187 10255
9873 27780 28569 3569 8343 12671 9829 17176 3701 14307 18200 5581 1397 12724 17205 10194 10263 10870 20869 22371
5899 24111 9462 26621 8082 25405 1450 3216 10723 17932 898 27876 21198 20552 13239 16459 22048 15491 20628 29068
29617 25372 14506 4229 18956 15608 8332 250 14488 23679 14777 26232 17575 7457 25382 1518 1847 25827 4960 2542
2277 3631 4808 11028 29900 11150 22758 27293 5181 20092 20605 3908 22549 14458 27685 13791 21045 1696 16835 17051
4749 20007 2440 7322 29864 2174 11992 24857 16265 18435 6560 5005 8235 3567 7821 3368 3175 17366 15469 25941
19247 67 18174 879 27423 6417 13760 15486 18857 5834 8386 736 11226 23816 20009 15050 21189 22098 5173 8594
18415 26882 12893 16107 3658 6478 27914 1095 2135 17882 28822 17661 24139 15575 25282 3410 23757 19949 3023 17614
28864 28340 10779 22024 23835 8811 18493 21767 17376 29629 27811 12224 19851 29660 27291 11397 1378 3431 1963 17780
4026 12320 23938 12836 11099 22164 21385 22986 9868 27770 2170 14107 6132 27090 24113 7137 7404 27145 3360 18805
9480 1912 9728 26602 25077 27292 25465 14657 6156 12621 14518 26735 9291 25363 3220 17382 18515 10909 18063 25039
3136 23163 17946 8825 8550 10079 1908 29723 6347 24881 17550 19929 2967 13170 367 2018 16913 9949 2106 22817
9845 29301 10572 19206 17164 13122 5251 18987 8386 24638 5475 4578 9767 9278 17598 11676 25112 16295 20253 18259
20850 2064 16117 3321 4055 25092 27810 17142 7039 9696 23511 20334 3038 27823 9482 9861 9394 9244 17399 25851
17565 11374 29556 4024 10435 11885 14676 24318 28071 25294 7337 13406 18633 17586 15701 2229 20317 11742 4312 28245
7019 15841 3466 27586 26405 16526 29574 21209 29995 27583 3895 6218 12460 10156 24055 28478 9896 10787 7204 25354
14950 28225 938 4425 26506 466 20648 23438 21940 28533 15704 3887 12701 6504 2499 7770 11794 4015 16065 28924
12664 4245 27507 13427 8516 7771 13188 13837 21873 3862 27047 21356 28123 3291 16208 7489 10672 4048 8735 26102
5101 1543 16544 18916 26758 19252 11578 16643 7667 1570 8122 14416 14396 10471 29965 22196 23862 8748 10592 26489
26390 5063 9804 9229 23494 14604 24371 13336 22380 1596 3738 6884 14415 20929 1076 23657 10842 20327 24419 12012
22272 3320 26031 9819 20010 7829 24781 5946 12523 3490 28851 16761 25225 23638 256 13657 7286 25293 19370 25990
16525 8819 26560 20319 22591 9258 7728 19097 23992 27791 20528 20966 26020 463 11816 360 20677 25882 29349 29720
14039 4350 22592 19772 8440 7457 1574 3599 6377 17883 18839 832 28064 355 19246 27961 20056 6119 7927 3586
11537 15805 216 7105 26223 25714 28882 28418 19570 22205 19195 21814 23163 23466 29455 11363 3278 18630 17624 22227
16978 23422 14956 10337 4035 1864 20966 13773 23122 12620 24631 13706 10016 4828 29328 10672 7783 1006 17816 21287
23327 8860 24324 4593 6839 9668 5026 4441 4613 10659 16014 19489 15107 16527 23854 27251 14062 16992 15742 467
24726 3796 18138 23777 10278 18156 29450 20815 24626 5266 25853 18261 25124 28646 20428 4036 24035 22713 8871 10029
8205 6123 14082 9802 15416 24895 4371 3513 21886 21456 16485 21590 16435 20804 5187 26858 10171 4938 659 25088
14004 18512 29808 5409 22742 24167 19749 29029 27900 7157 11546 9730 24819 12170 1729 434 22638 12872 10903 8487
27934 5979 24274 25847 22801 19290 26861 13957 17250 25909 22246 28998 291 27060 24106 21144 22252 5799 25678 5389
6861 12487 22607 25213 2510 7714 28437 11129 7725 1829 25289 20101 14146 20116 14238 26278 25660 14443 4817 27546
4716 25905 9222 1432 29828 6034 27764 20439 25831 9552 20455 24029 26799 16085 24793 27883 14116 5053 10176 16840
26651 24525 4223 23911 958 6879 3658 20561 4527 5784 7006 3068 10549 19795 4677 12590 18903 8642 11766 8664
2955 383 3477 21608 27068 12918 12746 28583 20691 29984 1403 15556 24500 29283 16639 781 13453 4442 7788 14203
14258 4370 7460 18622 24253 3712 8566 20948 2061 653 26660 18792 21232 10661 13236 22516 19324 16638 6370 6535
3158 19854 22450 29892 15661 22841 23248 23216 14370 28372 7812 12324 944 15079 6388 18578 16739 8742 27531 3458
27416 6589 20520 213 29280 6508 2361 23233 18677 6127 12486 13333 27101 7665 22537 23885 11634 19055 27821 8345
20240 19483 19475 19120 26384 14715 22503 17687 4058 20627 5636 3251 25140 11506 9889 6043 18536 8896 28687 1819
12781 9113 2353 22244 16560 26345 20424 28105 4312 21536 25304 25114 4460 20684 17078 12022 20465 12558 4391 12719
21666 21829 15944 19793 8881 7760 24448 18052 3654 7909 18800 27093 28630 22165 9946 8677 16125 6504 910 21838
24496 6386 13532 2678 28970 24308 12067 8564 23338 8481 21681 3761 26444 10598 3420 27435 1630 740 25301 18783
16195 19840 9634 11762 19076 20011 14978 4357 7195 25399 12813 20211 4215 5609 7199 14381 27857 19035 9064 4127
26498 17706 4382 23331 12305 22137 10115 6666 103 17341 28206 27794 6162 24148 3275 22628 22541 24456 22611 20677
6888 4233 2418 15975 12875 6670 29515 8757 20570 644 16726 24969 803 14627 29655 25017 10727 303 19847 24718
26185 5256 25925 18747 20393 14992 25765 29038 29021 29052 6587 9788 29846 2888 24962 25473 19851 16328 19313 13675
11286 25291 24626 3902 29945 11115 17569 22515 26376 7252 4106 2819 12227 21808 1408 12517 29489 12780 27056 21318
22048 4241 6650 7344 15800 16606 25284 6845 5283 7928 1587 11280 12810 21378 3347 15697 20112 10875 20124 12690
11461 28935 14170 25069 10996 24934 21582 18572 9512 24788 722 8044 25413 15500 11276 26486 10335 9798 24602 20851
14393 19937 25953 18136 4139 25444 6266 29223 23778 29197 27400 29466 7958 29480 990 4615 17555 8633 16883 430
14536 21822 16663 3920 2516 29296 9428 21791 5463 19858 4800 4357 8062 24214 6017 6106 13158 8570 2635 26302
14923 16860 5638 9884 8932 25951 14992 3853 15092 5035 18877 29471 10676 21614 28998 8523 16086 2054 14896 18706
6981 24542 10353 4900 23 21407 22690 29407 4543 10246 5660 16089 2254 11762 6524 27869 23963 21832 22308 22386
23069 5318 15533 28512 9981 21556 4961 22850 15259 15150 26129 22133 2122 21424 28575 11878 29853 3193 16762 6185
14872 19478 1715 8220 1544 21598 26561 23747 11063 14342 2267 11585 25887 5744 4868 24906 26674 22602 8722 13737
10099 13479 4026 16537 25680 16575 10732 1490 6361 4796 2409 16271 8371 27142 19440 5719 15058 22027 7539 10988
14402 15211 29141 27374 342 23510 1744 18844 18386 2559 10424 25502 19929 21650 71 17035 21747 2947 27394 1936
11084 5597 7290 2437 27055 2468 9298 28501 570 28533 22963 26378 27259 12436 22265 5949 3100 13098 24049 12550
28764 21386 4296 26720 5060 17330 19898 20335 2251 57 29479 7820 4433 16135 6767 28989 2382 11503 15456 24936
19177 24647 27357 1195 24061 568 10956 1498 27991 27093 25114 1044 3379 6569 18674 5634 16261 16348 6218 14672
13960 83 19139 29576 6090 2194 18795 12095 22638 26018 10157 13583 26007 14899 6463 721 16091 15967 29312 14521
1437 23275 28170 26946 26937 23427 1943 28839 28268 15282 27021 23256 7406 28269 13415 5613 3325 11136 5235 8170
25221 24224 29752 25394 13279 12850 28544 24456 18149 25376 11059 2085 9986 22777 134 12034 11256 2952 378 16880
11502 19746 4335 846 17556 3367 27319 25887 7623 2040 6461 13927 4282 28771 13729 6321 4906 6070 25827 14811
20111 18628 14998 6269 29597 27808 21497 15440 2659 14745 22993 23761 4469 15980 28307 14720 20991 15663 20688 19921
14679 18042 8678 25397 14961 20568 5362 22955 16745 15364 2967 4618 20272 6710 14362 12913 15284 7129 18195 7042
3283 25178 10469 6355 27009 7503 20255 8 6597 19412 6987 16652 20538 26192 17595 5058 345 2451 12668 7334
18514 2856 1398 14669 28665 1005 28619 14336 22912 18241 7547 25437 12048 15849 10220 8066 3242 5724 11907 6140
26275 14313 18317 6943 26854 8122 15784 24715 18349 10509 16460 2306 21395 15323 5419 1231 14786 5722 3229 14980
17332 20638 24192 15142 6447 14751 6277 6451 25539 19939 18205 11955 4180 16922 21026 20914 14340 18125 7758 3350
22377 28488 18934 2000 5197 27763 27737 4694 7752 9854 25408 2131 14284 2690 208 8466 20733 10584 8979 12245
19821 23609 9345 10308 24380 27725 2295 23880 5855 12191 22938 3607 15990 20193 11173 5842 14606 22202 27254 17660
1783 4955 13456 14181 4956 6246 6528 9004 2306 2652 2022 9254 19601 26623 6153 6672 3366 7800 11071 5722
19116 3921 1060 6608 4 20377 16096 14334 22846 7520 8844 6230 2574 24370 23170 10164 12360 16562 7768 22903
6637 28548 16880 26705 2561 11843 28947 21716 16012 23667 9202 4472 20311 11036 9489 16753 6377 16010 13895 20466
22152 14854 2480 3933 665 1192 24291 5054 15251 29739 17628 15649 21280 24586 24335 7138 25654 11848 10255 24291
9832 21721 3862 19079 29420 19888 18235 24564 13974 7510 28222 23563 23491 14393 24675 1413 21264 5887 11601 21538
5831 9823 23984 20929 27761 16423 28737 14856 21941 7777 16818 28849 19355 20363 18804 22303 15020 18982 2296 19731
2788 593 10539 6896 14505 28343 26063 18710 9907 5527 12975 6680 28716 5373 12905 10525 2672 19539 2006 27594
27778 24765 24888 28011 20266 20548 6331 10463 15940 5244 279 8474 326 17424 6427 11219 28951 5349 26486 23270
21182 307 8005 9342 9029 28668 23796 13195 10567 15509 19386 24971 1761 18636 25733 2685 9884 10078 9522 17785
10697 19915 18954 15563 19668 18819 13893 6161 6417 8266 20405 24434 8885 25006 19798 4025 23103 9985 10046 184
20737 28829 26972 19420 26926 21300 5823 3716 9047 23472 9624 19638 28392 1456 7116 29274 9205 6693 18629 4975
1854 7052 22 26783 8415 2152 16696 9562 13233 6229 25100 19194 564 29558 20447 17225 18448 7127 689 24688
15625 17554 10203 15017 10718 17976 2493 28429 6233 25718 19182 18994 10803 9311 16087 26859 27476 6211 24038 8851
7839 440 4554 12266 9432 18289 6272 10747 22531 15816 25957 3143 671 17953 17993 1316 27786 17440 12541 2740
18024 22114 11140 27691 17012 21225 14724 28600 20551 15320 11810 6911 16856 2112 17354 28503 19271 28274 5495 12953
26718 15815 10367 14222 5528 23728 25543 27106 12937 4300 24641 10125 29826 1134 27526 26995 2722 11484 9520 11266
25358 6538 23750 14260 10470 12424 13917 25403 16949 11117 2282 6052 27915 5119 1185 23111 26970 8548 454 10474
22440 2097 12943 20818 14528 19384 22553 24964 1111 12590 16121 13587 27516 13399 3957 29142 23202 1280 7326 17830
17729 14840 29994 19970 1626 1978 26487 2786 29602 24461 25224 28169 29938 6520 28273 23380 17255 13915 22650 6613
25093 20559 35 24967 6914 26590 23872 20496 19524 7537 25318 15670 9569 26543 6774 2535 24316 29519 15313 9889
19184 29469 26802 8713 14131 16138 18476 28153 29997 8258 25240 10370 23062 2241 5399 20812 19456 28200 18970 16994
28955 20332 6859 11202 4197 19083 18957 27682 26579 29217 12712 27519 2603 5578 16469 24713 11546 10982 21105 23706
22781 3631 2016 13978 10271 7590 12532 22513 26560 10626 24149 6558 23258 11402 8975 28868 24804 23852 2453 1417
15170 29303 24098 16330 13877 24746 18506 10129 10834 2358 27313 25772 18029 8250 7576 12289 17612 18996 5523 7970
872 26552 25170 3480 24546 19443 16100 20479 21485 1742 23706 17206 5281 1263 8075 19279 880 1724 18096 7385
11456 5830 20111 26745 27210 12941 1821 3261 10924 8582 9150 12241 6033 16756 22966 3182 26748 4130 17227 24534
14323 31 23620 22728 6030 5350 18108 1617 4991 6894 13740 24119 21753 13807 23881 16235 18605 18520 24428 19604
3622 11037 17294 10696 11867 9951 20553 4345 13783 3216 28513 3702 3963 15796 20620 25658 14937 7604 11404 7183
8212 3866 12807 17541 18465 993 10003 5227 14762 9710 10504 27701 21471 9437 22049 28357 13419 10809 17134 24966
18607 6777 8395 9192 25359 22843 11004 4922 15899 14792 25200 1935 24762 20410 4696 22681 4972 2722 8413 6598
22337 12665 25341 16368 7376 21736 13487 27384 4435 15350 19135 1598 29575 17284 29823 5222 18066 28975 8264 775
18317 12529 3818 4396 14573 21520 19056 25144 19143 10720 26680 23937 23865 14131 16160 1406 11755 19984 24268 23226
7869 27284 28876 29744 25501 29280 25118 14418 28893 12386 24683 12480 22960 9909 29134 8639 7389 779 1247 19750
8541 4140 15540 12653 23021 10082 17889 27233 16425 5486 1065 21547 22928 12233 14763 1790 12232 20427 22229 1380
135 8518 7453 11014 27796 6411 20593 14330 18975 13181 23654 3922 13543 27503 17098 28611 9166 25068 22647 21675
18018 8274 10287 27201 99 11363 3723 18517 23358 5133 29416 386 13953 2839 17251 12599 17511 19170 6767 19333
11491 4761 26802 27067 20695 7852 21316 21228 5120 17549 20265 11409 117 13126 9775 29018 21703 27747 29682 2350
18665 12512 27499 254 3667 9054 23437 13056 29600 28964 4491 16385 3803 23945 8147 29405 15192 15155 22376 27321
27723 19978 19618 7205 18692 16393 27758 21882 24424 11890 8232 24887 20429 26100 25296 26676 5497 14870 24454 8318
28472 25747 20149 1738 1189 5363 24071 2156 13684 25827 12036 2275 25819 2592 4296 9449 1888 1600 4415 11570
3463 18804 27650 5175 14715 13409 25850 27359 27887 4547 22728 4716 11005 20077 4612 19815 2847 20359 13731 2830
21328 12896 15742 16902 26497 24296 24319 24994 13735 29336 8923 3567 20738 27874 9696 9730 14711 7049 11058 26845
7925 28284 1516 8416 17686 15111 2520 15234 12455 26192 6189 1891 505 26543 9409 28304 13202 29737 15323 29125
8594 20154 14502 14497 22617 4670 24611 12667 16110 5080 17203 14110 16589 29005 22714 13906 9069 16647 13879 27463
13779 3707 1189 8416 20620 29683 13201 5027 23247 3515 20384 12687 22625 24114 2731 2341 20538 25478 1245 3821
11501 13294 6006 83 11638 752 16409 973 21355 217 880 6079 9007 19368 29937 27198 2178 14469 21999 1205
20835 595 10067 27135 11724 6381 15714 27345 5056 115 6286 11630 10879 13112 21716 20873 5300 27211 24297 4052
5858 9051 7046 2420 15695 5540 4364 5890 9636 29824 16918 5152 5725 17379 6778 19576 28850 16937 9405 11457
1549 14127 29677 19795 2140 25163 26399 27100 6821 28045 27724 8688 1107 11115 6590 12331 3158 14210 2774 2796
23949 2855 22338 1086 29390 11104 5567 23068 25300 7596 24230 10539 28737 18351 5937 16064 27282 6134 10794 18739
19824 19632 29916 19332 19375 21265 25415 23989 28237 12024 987 25290 5801 2287 19967 9160 9533 23648 17483 12777
10704 29776 25007 20944 19414 1990 21457 8739 21038 11506 21382 10257 28897 2343 21911 26097 20975 13953 27107 18897
1154 7676 29398 3308 28136 22726 24251 14217 19099 19679 8523 14239 8851 23629 25516 13206 14366 7992 208 1609
23158 2698 19161 7047 29689 26336 9710 8238 12600 27022 29593 510 27658 27807 3443 742 11724 4824 21001 13898
4744 2738 9821 19998 4428 1871 16938 21690 16287 16352 14167 5690 14523 15583 5414 27006 9286 28803 14124 549
27392 11299 24681 25618 2203 20309 25496 19032 2113 16488 28787 25592 18028 7995 3234 6357 14861 22127 13834 11480
9080 23754 28827 22222 20922 19020 11985 17022 29322 3424 26202 24682 22885 29098 10653 13639 846 9698 23532 12896
22562 27641 26989 11321 3779 6402 8325 10589 10025 17280 13112 10157 16584 13676 19467 7690 1019 13122 22440 13301
27835 11790 5972 1984 24611 18343 4923 24837 28739 9719 972 9857 13007 8780 21243 11401 19840 12097 25572 23848
13738 26814 23252 28831 7199 22469 7488 26421 15504 5423 9707 10182 11112 19187 29608 17884 4066 8172 19283 5677
5391 635 20901 15748 10163 9821 17129 20309 8855 23272 27819 23672 23304 11084 27595 21679 6827 8625 10910 5613
10245 15811 12631 14048 6106 17200 10207 1063 10596 20633 8722 26383 8814 17710 23608 14230 15999 11302 21993 21810
20557 13222 29313 15826 5851 21142 8756 24656 11995 14789 24660 21116 2074 21033 14504 26978 10442 26455 12638 1557
6045 20469 12100 5774 22525 21772 25998 25695 24888 25332 7241 25344 7234 5951 24054 22093 13025 17493 20277 3161
8188 25212 24832 6202 10131 6240 17261 3020 27247 18093 4941 25734 6859 489 23571 23924 9695 14756 4083 5711
8227 27897 14554 24046 29479 5683 26540 24494 28951 6922 10439 1547 20685 3217 11795 2498 26677 10261 10560 12035
28760 10697 7668 9955 23238 24783 14345 13168 15432 4638 6350 7752 29748 21026 11039 20206 23060 9816 7043 19059
26299 25209 9105 18055 10876 9586 1643 1238 28439 14365 22785 27984 2739 7811 5931 14624 11540 18335 11288 20363
563 10256 3065 7234 7550 9919 6795 6604 898 3036 2229 2560 14175 21485 12623 7260 6514 6102 27364 21913
28762 19134 5468 25081 16831 6244 1263 25767 22254 13672 13914 29539 6322 6122 27972 16794 16039 18714 12215 25293
16318 24820 21809 13940 13815 9567 23093 17450 4503 13031 22651 5486 22409 14772 531 21296 25359 1379 9778 21503
11265 9405 15299 25928 2836 7433 28993 8358 11625 20183 22968 26794 13009 16786 29493 7002 8387 25961 25319 17572
18730 24006 28746 29606 16718 21133 8740 17241 13459 13927 12709 27684 24419 27893 17573 12319 26438 13002 16168 22400
3375 19871 8348 3960 7687 2341 29057 15554 27645 22189 19850 8767 27538 17533 21118 26363 18797 19770 4576 27891
26737 22468 12583 3418 2562 29590 3373 28043 2954 3056 26293 579 10793 26472 9856 23531 9898 25714 24133 19226
21115 22363 1172 15245 16980 24732 29845 22198 25712 17076 14020 22645 11227 16143 18951 13234 13245 27279 4979 27555
28561 19193 3770 28530 3378 20991 23530 24229 3106 1896 19756 20024 27466 13879 3009 12956 13764 28435 14473 18928
21835 3109 6627 6734 14645 918 9818 27321 6620 23465 11092 29927 22459 19597 14093 8468 24247 13846 13943 23753
10689 7866 26868 11860 5851 6304 5688 17389 14806 10440 24024 16312 27604 10506 603 681 1378 25842 17834 4915
25301 20740 15712 9253 29689 16790 904 17751 3013 4764 6732 26197 19351 5513 9790 28399 29661 25688 10500 1105
15644 28341 28048 24897 16303 26369 19434 28037 20836 981 28380 27906 23229 4082 20864 14990 1889 24984 1600 9820
18087 1337 13563 13501 14183 26955 15722 402 20623 8018 25070 20258 28323 24328 16358 5729 12701 6422 3150 5323
27991 200 26650 12740 28415 4948 14899 3349 16331 19209 23179 15128 3292 22635 13296 23979 16773 19740 16836 19804
16336 16694 14922 16906 315 11972 24803 21075 17645 1651 7024 13315 9782 27059 7460 27311 15882 18291 20364 28940
12516 7203 5606 15253 29349 16170 12832 14493 23161 6433 23008 25054 2361 11896 15828 8157 15199 23169 21068 4658
10186 17617 1731 19047 3104 13352 16629 12671 14919 19520 10003 6612 14836 25973 8270 9574 249 29735 3168 14547
14422 8307 3108 24734 3436 15849 16429 20260 27599 22631 11834 21585 17165 27891 27001 3825 20984 25183 4502 3229
12416 10037 16765 16702 22463 14274 29439 14300 5224 12314 15006 16492 9144 12966 20514 29811 1108 5475 15948 7642
11008 10688 12584 22971 18573 20686 15761 5124 9138 24841 1099 24710 20778 8023 601 26944 1408 8212 6034 29321
23680 1823 5731 27702 20560 25900 15353 28729 2359 1032 15155 13250 13968 4999 5987 28237 13518 6179 5624 13919
11770 17876 7719 28597 16531 18991 15511 29244 26518 7965 28389 8119 27516 23902 18458 26768 2931 21561 18150 21172
11016 1077 5086 16106 14657 14781 6792 18573 23814 9065 11879 12155 15043 6687 10850 28696 5084 1670 15894 1887
14719 1527 3072 15871 21803 9979 18485 24377 12925 23184 2066 2021 27208 28889 10740 26503 29044 27780 25451 25027
13649 15849 10085 1120 26999 3851 10704 164 22788 20429 19757 8652 12503 2703 23456 14694 8378 25587 7970 345
6824 7821 28888 25534 23497 20048 26346 7332 10246 21746 21801 12062 8097 9507 1934 27325 19830 733 27482 13940
29551 2280 24369 17848 8397 9959 7582 25326 653 4081 10342 106 7032 3874 19780 17377 21541 9102 28073 28002
4469 4958 12077 12662 18323 3936 5079 13734 7274 2485 3036 20751 5311 19526 2692 10310 19761 20547 12738 29595
611 593 24494 8353 27369 21954 27889 4164 13184 15149 21123 26545 20394 18338 18002 16203 9882 20743 185 22855
13751 1871 7992 21080 12350 21535 10327 5427 3277 10020 28764 21945 1059 5445 13003 7666 21205 24138 24378 1005
26802 1588 18436 2578 4130 10924 14136 21092 4666 25757 21829 29790 2013 8010 24319 27195 26074 13378 26067 9564
723 26779 12802 8372 25763 18708 18733 13277 15783 22338 27937 14671 2156 11502 24271 7436 5892 9472 28103 15812
7274 13135 12971 19184 16617 1758 16997 21916 27569 4673 9620 7060 16836 3862 983 5045 6497 19759 10675 2762
18960 25964 15106 23350 25464 19212 8275 1607 28431 15411 8502 11597 10853 29629 17787 530 23992 14188 17802 26540
4561 28807 5610 27171 601 28186 7002 13317 26330 12687 7606 25434 5799 24833 27848 5109 20425 7224 22322 1144
16648 5020 21487 5501 24153 9651 9302 2674 29981 18602 11330 20748 2065 11656 7039 1958 18229 26882 1148 24858
6773 21546 9200 22096 8385 12115 10619 23432 16054 322 24852 21964 2092 5899 23228 15202 3770 23455 17999 9147
20998 5268 5496 9643 50 20998 5896 19327 10160 12485 10165 13623 5053 2423 23027 8161 27079 23585 28229 2305
19757 8986 26238 12348 12677 1293 28867 4643 29360 1763 23146 23228 14897 15145 25344 17279 21336 3949 9978 25511
3173 13594 11470 17653 26251 18787 24959 22763 29258 23786 22088 24784 7490 3482 12264 11114 6 10073 17732 27078
12152 2823 16878 19775 15817 8667 10616 2472 16641 28746 23356 15012 18449 26578 5138 2815 20928 11632 22175 26761
8010 594 15039 28990 17186 20207 24473 20492 11808 29599 11793 24996 5451 6794 21350 5710 4513 21854 26013 3615
21096 14612 25272 13585 2294 15424 17823 2590 28037 5387 19369 7865 16979 16240 7629 27007 3407 14328 9887 9797
18125 19577 13828 15856 28780 10299 14803 10631 10156 15095 13659 27655 13406 23017 16866 5579 22508 8073 24908 26911
28831 19012 15710 19126 29962 3547 3803 3802 16765 13207 5341 18200 21722 14921 6765 14545 18396 1437 20843 29726
8435 7944 26183 4769 17667 13921 4911 9215 23880 24029 18585 28937 3752 27018 186 15885 23265 7660 21439 25986
19893 26123 11636 23345 9930 3651 3505 24555 24845 5540 3732 10529 20201 7100 22178 24313 17531 5159 7588 6646
13363 13832 18840 18122 16916 14756 2380 17030 13137 6247 13688 12243 14121 28236 9081 23185 9858 26316 17667 13335
235 22159 3569 1533 14365 9427 14383 15537 11450 11659 4875 25715 14656 19603 16838 21444 14230 23689 20968 22303
3850 331 12316 14706 10648 17593 26622 11190 21981 5281 21432 22027 2628 21201 3066 3241 29077 17235 13463 5762
21884 17157 26843 22472 11439 14309 20069 2595 23181 17757 16144 7433 23118 18077 6904 15050 7613 19458 28222 29579
6827 5505 10311 5664 7028 7845 18618 12604 29287 2831 1646 25313 27889 8368 29660 1520 1262 7574 28143 3688
1613 3661 28460 29021 5618 363 24658 24070 4934 13358 4995 16530 3775 555 21166 7827 8371 24901 21774 19583
6739 19245 16691 7964 5746 15056 9911 9650 23478 5299 6926 22931 28618 4729 15325 26739 5186 564 1625 24559
713 21681 5754 16780 2689 10668 7794 7873 2645 2016 29197 18475 14539 21852 29763 8425 23230 13201 5496 606
4194 9684 24318 28250 17539 12673 20123 16416 15856 22763 26409 26242 22725 6789 3742 18266 23608 708 22474 4899
1298 22222 10906 16617 13642 11894 16204 3758 3849 23835 22988 24593 3687 1765 17871 19762 3564 4183 20575 26776
17069 1573 11859 28604 28824 10523 21624 15475 21370 16323 4686 15327 24465 23086 24046 5093 1757 15261 14372 13208
17160 3775 23401 15316 10653 29287 25234 27549 28262 6181 20685 7837 19295 5099 21553 8077 2620 19996 11536 6914
26832 4246 21483 11006 21384 28200 24788 6789 3998 24013 21971 20410 20957 26174 2405 23892 9170 16345 16888 4608
25424 27852 28371 18230 3572 14383 14182 4932 3955 15003 14122 786 14263 10940 21847 16625 21842 18491 1990 22963
29618 22739 11044 19511 5872 11176 11089 3298 4095 12547 3111 10816 8316 24524 5003 29031 15009 15592 6341 3558
11147 3071 17726 10817 1574 3714 1494 11308 14806 5575 29424 20460 13923 11488 23712 28056 849 12819 13786 3435
21638 17544 39 5823 23256 28207 7760 12798 27703 17114 21174 14034 11561 5128 6607 27868 26016 16899 13811 21662
23707 14769 23800 20773 15019 25871 6286 7039 23728 12658 24302 20810 26163 18800 22963 29766 765 3626 10184 9333
5220 27105 21540 18932 20112 12293 22435 19415 22625 3116 23165 18883 17236 18531 10453 26714 26651 28822 1220 8791
1257 6667 16867 2310 22422 8420 19004 27193 3077 12040 8068 24758 1928 16780 25465 139 18520 25642 25246 18432
18294 14632 24757 22794 13457 19877 6223 15920 20206 7333 5684 13948 11730 12331 14815 26372 21051 28530 17381 9276
21936 28301 5409 22399 9094 19683 24814 959 20574 3452 27254 6597 9925 15172 21215 12867 28822 9399 18596 29606
2746 449 26407 16346 8129 25389 7263 18096 14715 18243 15627 6825 26306 29238 2770 11944 8604 29162 17770 10985
8962 21763 5565 8750 27444 6457 25222 27365 27279 8181 18279 10834 19225 18052 9234 20301 23253 28113 22009 12878
8139 15376 4053 1009 18663 8101 14143 12975 854 17102 7 12876 23500 19750 7723 8349 6923 15164 2312 19733
28894 15136 13770 17529 29905 20723 7694 10870 25235 23863 14316 18064 17714 2200 23356 8807 4703 14141 340 1675
6644 9307 305 18630 17016 22953 20552 24281 21703 26340 11390 17499 28065 19744 631 21085 27043 15895 14297 11272
4908 15766 18665 21817 2168 26978 28107 17141 10905 3923 12144 5871 635 457 8829 12477 15873 7631 25559 18312
675 20269 29814 4586 27433 24327 14775 12137 2185 16062 6343 2717 18930 29004 6323 28175 18579 25830 20051 18562
13419 1339 868 14811 2450 19038 16862 18931 11377 27813 653 16689 16654 25322 14694 307 7650 18224 28925 29486
13734 2415 5912 7033 12057 11823 25955 18227 3494 19133 15693 26781 18928 6427 19342 22181 5901 11733 14628 23977
13791 25386 15868 11225 27640 3770 17625 1159 3759 2858 19502 5335 4655 1447 9478 4417 19483 22854 20900 2920
7581 17031 23197 24904 13947 3163 902 25948 23077 23300 14783 8115 26329 9483 14884 25086 1359 4516 25943 12537
10167 9884 18482 2528 25810 21157 24104 24888 28681 2867 29524 6169 1695 3928 20392 27118 8076 15652 17907 19367
17957 29464 11314 7603 23741 21546 9845 1603 1777 22973 17749 14368 15096 7419 6556 28138 3636 15906 2395 1741
3746 9166 27050 25120 23404 14574 17751 17259 18634 5169 4007 5049 27114 25441 14557 9383 19506 15813 29768 28529
12668 18650 7288 999 22365 15706 19806 20803 25769 8939 23619 27597 2589 28061 23561 1520 2133 18663 8327 17420
20226 15222 25343 11409 27879 14496 8319 740 22067 16863 9296 25950 7277 19396 12019 1638 14332 23355 28550 1306
18716 22752 27456 17609 12376 14868 4765 1171 3553 10432 7409 19879 15499 28765 13628 14490 22061 10731 18090 14369
22302 27207 10913 3714 17785 16548 19072 8144 8264 25743 4701 23554 27127 4195 21414 4121 23484 6644 25729 21235
18442 5278 5630 18591 12991 19511 16695 11249 16143 15382 50 6230 9028 29335 29327 1073 14474 28838 24992 4928
6228 15688 553 15780 23532 8621 11443 20765 12667 1745 2915 10518 16516 1379 28075 25081 5252 15907 23403 7112
22064 2279 29847 16218 18616 24461 9719 28383 13891 4040 16948 26866 21859 8223 23112 7075 26800 10860 6421 347
1659 29431 9730 14300 23314 14666 3792 21665 4568 5346 4183 27377 15732 10056 3628 21399 29837 13934 13399 26877
4624 8620 6930 10431 6241 23533 25179 25292 24358 15294 17169 8786 14933 20374 22236 17088 7517 17399 18683 15544
40 4476 14940 654 20598 14355 29485 11634 16139 28361 13376 3781 2951 23676 20873 8890 27984 29380 27501 3361
2119 24631 10525 3538 28293 61 2200 5476 8449 13760 7246 642 26508 25531 26082 13129 8624 2533 5960 5449
15336 29045 627 13119 24901 7566 10634 16518 26757 18687 10321 5355 13398 14164 3421 3740 28946 25531 14162 32
15514 22057 18279 22843 6401 10151 7675 23641 20909 29058 22632 20051 8146 27340 693 11877 2440 25447 12192 24669
9268 21884 5822 16471 18566 15855 9887 2504 14726 28973 1255 22556 3669 3374 994 5304 22720 4930 11534 6819
8632 16364 27976 14956 22193 23085 2043 10714 144 8676 5527 11046 26156 9532 26789 3570 5170 7553 29250 15889
23186 7199 21277 5064 8273 5492 29844 12227 7849 2138 13226 9919 18251 3444 6173 11121 26491 27844 3150 5717
26479 20342 18075 20604 9304 25535 18229 24795 1591 11658 16967 14526 11285 22834 14231 29644 7526 18860 13807 27033
26491 6993 14735 7625 1832 23326 14784 8881 10066 7887 1799 9259 12109 29152 8999 19294 3041 3909 22674 3768
20690 322 21922 3398 10396 25407 10919 18608 29467 9583 25541 19776 24322 25680 10517 15187 5672 3586 25177 28968
27699 12774 26232 7017 10507 9179 12513 21634 5634 19725 22899 17594 16586 21724 3339 20608 18149 21610 24008 12693
3599 16071 21957 1836 13674 15600 11015 17524 18493 10433 20662 93 11180 6907 21282 383 937 10241 18386 24904
11961 28121 10197 11889 20146 15402 13022 7176 6697 16200 18624 24462 6081 1546 19263 12458 24702 13429 9927 7188
21800 21178 21622 16805 9604 27304 644 17416 14884 18607 2787 14484 25052 23926 458 3122 22136 9498 10549 587
17720 5543 9189 25899 27352 1378 7177 10281 6828 7775 15036 6973 434 15186 5808 13299 28610 4316 5185 21353
21394 4629 14744 18502 25799 29354 28497 10379 21247 26772 23603 5250 11651 12789 1504 2214 8790 15846 22020 14817
22543 9355 10617 16511 22762 15272 23648 7185 14551 27203 25166 24817 24441 13064 9753 26202 13566 21307 20382 13546
2775 25349 21305 16080 17839 23996 23993 5073 10214 5258 15 7035 453 20514 28184 681 11258 16910 5568 14222
26882 29092 27242 20350 12580 10638 2018 11833 20266 10960 11254 523 2005 1003 13925 21649 11624 12258 11230 22838
16491 10245 5742 20515 12341 26984 24298 18063 8314 15908 4865 13768 24210 18032 3250 16344 6148 8311 11725 2526
22853 17661 15158 18243 1565 18152 24315 29986 6779 7758 28690 1473 13737 2396 704 25613 5488 23769 23320 12543
6736 15704 21060 8240 4951 13384 15063 7489 6436 24411 26121 1198 22643 22060 11418 7585 4564 24753 10960 2150
29513 934 26770 14559 7488 3304 6715 27709 28521 2614 22671 13676 26671 23974 16433 4371 16791 17886 19253 6406
18711 15089 24397 29194 14477 4113 18946 19604 22670 16034 2351 3159 28609 17387 27263 14388 24282 8482 28882 1409
29644 1761 2696 8654 63 18004 29857 23837 29026 24905 19819 7009 10695 15310 28852 17417 27165 16625 7295 23924
9900 10440 21017 17294 29608 16581 13435 14233 18183 28849 11131 12083 7616 15607 6664 27479 12110 24879 5514 21967
18300 12758 21141 27356 5462 18580 17521 20224 17188 10062 8413 1983 27342 8999 6770 21662 28551 9057 24263 14087
20277 11915 2795 22040 12254 23031 18224 22459 6815 9360 23206 23320 302 22415 17565 9610 2847 65 14520 15957
13580 11750 29597 419 29722 17970 500 781 27210 15842 18512 15196 13229 22364 3294 22134 14139 25763 24425 23821
20433 20096 29811 23369 17552 16070 17830 13129 7788 11493 28828 20523 22947 19683 14955 8696 29068 3523 18732 29744
7817 28793 19265 2690 6631 5187 6010 20993 19032 28742 29855 11522 17346 8998 16217 16014 15804 6574 18057 24151
16124 12571 23985 22437 22515 23835 7320 16573 3834 22106 15835 13985 17270 19635 12618 19903 7735 26986 20022 28486
7692 432 8919 22940 14855 22179 14992 5901 26621 8084 24299 28673 5028 22342 8316 3012 3300 26503 19515 16062
17721 11551 13676 15941 6784 24343 21943 21276 28820 20319 270 28424 23817 26565 18418 22049 25871 6538 15228 19061
26525 14810 29377 7493 25402 16673 11262 14822 3170 7673 14068 5688 12712 6179 3550 22981 29527 20864 18254 10772
13699 11105 942 20835 10667 1914 29871 3591 21256 21171 5262 2462 10658 28325 16071 23779 8518 23050 24795 3308
2708 12551 9498 17146 2702 25368 13484 27742 25143 29372 18529 9406 10559 10481 142 21114 2621 20192 15816 8985
10884 17571 3372 5072 5066 5902 12184 6407 28553 27849 15249 8336 14948 13617 26278 27609 3830 13436 18662 14976
18905 28298 7817 27017 8996 5943 1700 3323 9623 5769 362 1772 21931 28750 19241 19621 6757 6361 21597 8999
8059 13792 16561 11139 16190 9756 340 24094 2772 9300 29311 15482 8477 5726 25665 19841 3118 6396 25875 22565
10794 20762 19297 21658 19869 18225 17313 3350 25010 20685 10371 24189 20809 6570 6310 21463 23891 15098 22597 21962
1529 10424 12921 28642 12070 15996 29637 26758 14219 16882 12448 10247 22848 3759 26284 7975 306 15754 26660 9564
23520 5274 25821 12964 13055 22143 16047 24889 19366 14039 29599 10004 8451 11579 14544 18773 15227 10101 10794 17947
4163 2171 9873 17479 9637 15220 19265 19334 17602 17847 20995 7408 13611 406 7644 3124 8933 17454 22431 26708
4249 27640 17859 25438 15618 4072 17773 14895 14692 29055 6295 27916 21394 9349 26647 19560 15086 26199 12599 3366
15921 19571 8820 4904 6556 1163 21133 23271 27500 22760 7190 260 4943 6580 10329 24892 1207 2668 23876 21851
3794 28782 23694 25618 9157 994 11956 24305 11672 23481 11403 28452 6399 13094 13137 6170 5679 26087 13658 17616
13420 9276 17247 12328 27703 11458 15397 8337 24062 19278 20364 15012 18364 24517 5999 19722 22357 549 1155 556
29064 18850 3917 25887 19301 27644 4367 2883 17232 10605 3381 29933 27888 22202 13670 26963 8447 26968 6995 27988
24667 18835 5858 21592 20065 6915 15787 29784 9995 27381 22835 5989 21409 12190 18644 14808 13293 4916 18588 26203
3893 6900 20539 14396 28337 13635 23968 18355 17835 17501 2132 29817 19173 25282 6924 9312 3627 23496 2562 12383
4336 2645 7521 134 7791 1224 13343 24098 4622 7282 14782 19621 9157 17101 10110 13416 669 8977 723 18189
5945 6443 19245 19095 12792 5982 27098 14068 29511 27399 16694 6777 27678 28764 15476 27469 13023 1423 14693 28636
16185 10813 17968 13947 5594 7967 492 105 11556 19399 254 29345 15156 17579 4738 1886 6612 11764 6880 10892
10447 13810 18605 2706 9350 7916 29544 18006 25553 16794 13038 16036 12054 14509 15103 11647 4861 28218 8105 14735
6352 2780 25757 26759 2923 23344 28152 6097 13684 16345 28607 16495 4940 27603 28297 6183 24511 18444 18520 21219
10608 7793 24578 29997 12006 6845 15772 13427 19202 4554 3234 4382 2879 5177 4493 17483 5871 18616 8161 17881
15932 7968 11386 8403 14724 2306 29023 6199 8690 23300 1130 9621 21236 16951 366 23440 1059 25463 29877 10936
21327 25902 26363 12927 4837 2065 10077 27423 4571 8794 29792 26157 7644 15900 92 13052 26681 13229 12436 7982
13066 26848 27039 2803 4203 16777 28462 4845 6955 2810 20858 15903 16728 3033 17542 21772 4299 21469 14563 8838
13691 8967 2063 29702 23295 2359 28091 15304 3864 21822 14962 9781 28625 23829 412 13465 22629 1524 4583 28838
27444 197 11399 457 6978 4920 24872 14406 22383 26386 26531 3906 13430 15136 3766 4700 5873 13064 472 20119
27489 1605 59 1566 23928 13141 9123 11026 18458 28059 20316 27166 26555 27087 20653 8599 6305 3982 8721 24995
1610 5274 7979 7674 9811 11895 25476 28489 19427 8746 22341 26454 25955 7925 20026 28436 23266 12753 4439 15290
27754 29455 25427 18138 19581 18808 6465 19775 20957 16919 5328 10267 20736 25964 12094 19531 24539 6511 1627 18742
7130 6094 4367 21281 5015 6231 9303 26580 598 20771 21191 1953 4864 25392 16217 23646 14870 5292 22963 23622
10007 23720 18623 29110 16356 16302 25011 24408 17920 10589 13009 8498 13451 18936 5797 13499 23427 28874 19100 5729
23290 29104 27693 24529 22285 4916 16090 9676 730 18468 24363 3653 12449 7893 972 16112 10529 17578 19970 7663
13456 28770 23952 24902 28226 13667 15221 18844 24840 27951 15494 9926 20437 28085 7862 9966 26677 19437 9962 27085
21488 3436 11033 4284 6992 4548 9390 28604 12631 7067 20504 4459 653 21291 11548 4949 20770 13743 27493 26512
23603 9480 28768 16109 21943 17402 8449 5123 6652 6725 16533 24292 25875 22024 28013 16666 21030 662 28157 1712
7312 28204 24899 22499 7823 22236 29613 10495 12728 7167 6271 27761 28371 26893 3995 14551 6779 14362 25791 6847
275 28655 1216 17782 9255 21348 18984 8402 26004 7044 19425 5439 23823 7515 25662 28971 15054 24032 3582 15378
28718 7765 10355 3634 5889 28253 8168 25672 6526 25089 20007 24252 19777 18851 14638 9804 5374 11946 19073 8575
18818 4378 15737 20032 21541 25964 5259 950 24725 26310 22388 22820 26193 3817 3577 9443 10234 15886 5679 4871
26447 13010 1899 7386 22064 8468 26652 4664 1489 3186 26209 11641 15452 8461 16240 7432 20786 3232 6690 19361
800 5569 21844 16911 2366 26890 3017 9483 25698 8819 9931 29598 12393 14699 20810 6921 3087 2485 10320 8021
26470 23636 26536 5534 24346 29723 1434 23430 10155 6115 18108 5352 29585 18862 6099 27468 24937 11026 16730 17930
25165 15471 3222 6637 23032 8529 3230 8416 4705 17494 11073 2589 28905 10096 11142 15103 3980 11384 26607 28767
29027 12798 19858 17511 20296 18071 24435 10303 2220 13309 5338 23478 25465 18787 20443 25003 11862 10657 28630 5571
27227 20206 26668 3130 9747 3438 5345 23406 4775 4050 25916 23347 19257 24273 26481 28484 28270 17502 14696 21096
23666 21525 3336 7355 7930 11646 9055 907 13401 18833 6640 21649 24452 13631 20534 13613 709 4285 18983 595
21636 24419 28394 13448 15243 29070 6056 13028 28274 7492 8006 11835 927 11253 4659 15359 23909 4160 7496 8706
9616 15691 23244 24832 22826 18172 13170 8721 12885 5117 225 20681 19092 25511 26834 22058 29730 6463 17756 24113
23286 15074 26329 8990 29147 21023 4277 8485 18286 4406 14830 16117 27561 1064 25470 26897 11645 2265 5726 28616
6892 5136 1407 7132 16718 16740 13795 15106 8106 15561 24591 21272 3830 2571 20969 21695 645 14054 19168 8686
26028 11690 21635 28346 23064 10320 14205 18388 19984 14175 21523 17515 5316 28451 23000 16395 23376 11554 6368 29734
11975 141 12790 14246 25749 9024 29298 27417 26704 23527 20018 9321 8294 3620 13404 8885 10315 25933 14304 11743
17009 7792 17796 12781 17038 22105 9819 17839 27077 21188 1499 22820 13875 10631 12145 7079 28103 21154 12641 24589
6798 989 29151 26131 19646 5788 23170 4403 24587 27150 19678 23802 12623 5393 6566 2983 20795 397 23451 13835
4778 8187 23402 12765 19926 19278 27262 15295 4199 352 16684 17369 23111 29406 9385 5107 13970 8858 5197 702
12969 3507 19722 3938 7744 4917 12181 21056 7463 28555 21552 14298 18224 10374 9949 2847 8193 4048 10532 7968
17648 12343 18699 15351 1746 17928 19527 25582 11042 6637 29148 18063 16556 810 27654 3727 24611 26632 16908 3833
11546 23626 9343 29961 11662 9852 19019 1351 29512 12598 11482 13604 22324 20709 17114 14174 2247 12363 859 2908
21196 16672 29243 10965 10402 20143 7360 11294 6326 23915 12750 29268 10714 29527 6165 21835 2239 3930 13838 6665
17503 15774 21403 7892 11812 20737 27636 23034 24343 29716 24278 12100 9773 4312 29788 16828 12765 13813 16546 28851
3932 28557 25771 2079 4185 22151 15631 26711 5936 26940 22380 5145 8821 28154 19447 28975 7459 16993 14642 29081
19890 22922 12391 7779 3286 10985 4145 7602 14265 3668 27233 3341 6225 25012 28753 19444 15012 438 3720 16103
648 22350 12160 10641 19997 6205 22013 4352 8564 24507 20320 2545 18608 6919 15783 27221 14678 24110 14353 38
24307 11924 28727 11886 15703 19394 8670 10343 19499 22421 25639 28001 23915 15415 16006 12360 24382 25343 4825 3814
7091 29096 9636 29163 11609 24632 5426 1612 15410 4705 9337 20360 29539 10798 17102 13262 2051 25100 9178 12876
27333 6169 14985 15688 5704 27896 21151 17203 12549 24028 17676 9728 4636 14272 13900 29846 26858 12202 17568 24450
27674 16508 9483 7144 5262 20296 11324 27501 15542 19715 29625 40 23671 1559 20727 4779 21425 5030 3053 3791
18098 11772 16912 14223 14645 2021 4668 1504 15966 11468 1101 34 21970 27869 20317 6181 17771 24350 1378 9926
13606 19348 10191 12229 1867 21227 3824 11439 14773 29608 28074 7143 2961 18677 2278 881 28306 21495 17712 29722
11017 3955 11594 23777 12089 23278 23236 8063 17299 24339 24899 20445 4524 11396 28905 26836 4445 11149 11677 8944
28979 21106 20127 18164 6842 26765 15493 17450 479 312 20261 18190 26817 19633 385 12968 12882 7153 22532 11167
29023 24898 23348 239 26019 12277 8816 24572 18803 9412 4809 16981 24220 13607 16085 23677 10015 24448 1406 22517
15755 15578 27916 27074 8622 14829 15 15004 6553 13328 19537 12575 21741 27308 24138 29688 6266 7848 11328 848
27601 25141 25295 24427 21805 28161 19210 183 21221 26858 21572 8403 17948 20435 29582 14006 11924 3076 28130 2306
24009 3567 23590 26393 11518 18604 10905 28091 2092 25816 7829 16509 10362 1560 1357 28561 2854 29434 524 16716
21845 7032 28045 24220 4901 13966 29368 627 9059 11650 10516 14210 17330 10834 12276 17494 5679 8328 14992 22488
23635 4444 9837 6205 18631 11117 7773 10981 24760 2533 7295 4351 11839 12627 2226 24204 13354 23293 20518 24354
12447 22425 2634 9677 15822 24179 10054 20902 1276 16741 11228 13451 20354 24680 18717 28348 5259 8902 27473 12347
21688 20103 2619 11129 27086 27687 15499 19716 23174 18685 8229 7749 14562 14203 10327 2633 23431 1952 2248 29042
28554 29292 24 5538 19580 28792 2192 22885 3353 23383 6194 20937 3948 5439 20424 2488 1097 14588 25385 3727
22195 8247 3429 14462 2838 19624 17658 18500 7652 21203 16625 5951 16170 29812 14710 22573 10878 22117 8479 11398
24402 7609 17717 10266 762 20742 1678 6604 18593 14198 5985 28437 17403 17846 20479 21843 510 17606 28445 25301
3040 19277 5050 28584 19912 4515 2656 29721 3110 12100 8463 9602 28024 594 13073 12646 1408 12843 11687 12073
27863 20519 19999 828 19059 14142 6074 13515 4322 27004 5562 15442 27517 23152 18057 20556 27856 16926 3670 12372
25697 24809 5009 17844 12535 16349 6952 17260 25439 17456 2037 23246 3931 194 18376 9107 17829 6424 12632 28514
5793 1304 18551 14188 13437 22037 16667 14149 4081 4779 28132 29692 12752 11026 29106 14937 6014 6081 21963 10478
21037 6761 29518 2045 25662 4846 4276 1743 2870 13340 14984 30 17448 16137 10937 17728 4813 26248 21745 25468
16057 10410 19422 26964 29646 10360 18647 21628 24680 9405 23528 1736 10713 15055 6470 3448 1496 11605 24309 17738
15559 54 2498 8265 1744 15074 1992 11197 2178 20971 6631 771 20106 8425 14400 24204 10847 11509 26415 19130
27321 13444 24761 12820 20882 5586 13140 22496 9419 15986 19718 28333 4053 4469 7026 11111 12219 25565 18991 16188
16227 1115 23578 14383 29554 20329 4183 34 13232 20011 8037 8313 21247 108 12118 26207 780 12256 6185 2536
13640 15839 25268 1037 7614 8105 4226 25742 28912 8069 22327 26728 10365 11302 20887 15661 2236 28911 20556 25154
8179 20970 1052 10018 918 19741 20469 27456 17998 22070 2612 18707 17116 20445 27504 10130 5707 8903 25733 3494
14107 3792 2707 27308 16254 1193 12953 27144 25373 26528 22969 4859 18086 25149 2629 24305 14126 2409 1493 8389
17658 8960 23388 12189 3558 17841 17537 6899 16281 22038 19904 20048 11013 29580 24246 19982 13716 14618 555 19370
25372 14132 28430 23220 26169 5699 18290 21459 1708 18285 29101 27461 1445 21363 24684 5103 20522 11459 12213 18430
10293 20912 18618 21338 27575 20009 14274 25138 8118 13569 12742 6451 19848 25298 13579 20388 16031 19086 20385 19671
29234 28746 12270 15878 10147 20198 25485 20183 8671 2609 5019 5575 23892 9232 13919 27855 7067 20506 1916 25219
16990 5431 12768 4939 29209 16606 3495 5000 29489 9761 552 23209 11931 5391 4186 19624 4661 21854 16966 869
29418 24882 8991 3936 18599 4420 27591 11310 5884 23531 17929 16087 443 1198 3759 13006 22770 8142 12470 273
8983 10190 6650 11377 27285 16752 19048 23307 106 8954 27661 1894 6571 21345 28034 2232 25585 5048 1845 14657
22945 17216 4703 29821 25794 11781 5034 18021 26485 2234 14678 15617 5001 22650 5389 17567 18552 21042 18549 11855
28398 2485 20234 22915 22308 21167 5778 7235 3188 4509 7633 19723 21645 20768 6815 13740 24869 21909 21356 15559
1106 24390 15312 19299 13804 18363 28666 1029 17584 25401 6763 14450 5889 3992 7136 1500 7652 15947 24702 27333
12614 26961 3477 5976 12663 11144 28640 6268 24558 27742 8987 27706 26513 9154 25527 19245 11215 22897 10897 17509
6791 1404 22634 27304 25979 26978 3042 7845 25881 17920 29601 19149 10994 28216 16296 18940 26843 7193 28449 9078
20992 16676 13853 1785 2933 22852 7320 5060 28636 14182 27962 24641 25019 25868 17513 15430 20038 29082 25034 22288
21918 552 14521 6470 16822 1374 16345 26526 4653 26771 4927 18465 3984 28798 9347 10369 17481 4286 6304 29136
19520 216 14029 3495 18517 22451 26871 26360 14650 9838 7627 11698 11814 17231 16790 15277 1817 3598 2836 22356
15534 9375 10084 28715 19622 19055 5911 3381 5400 11739 4445 28201 8205 12932 27958 12691 1867 6969 20310 15274
21530 18455 29511 20725 18847 11743 18373 12294 26866 5830 18602 12370 29660 13492 17786 13873 10342 7098 9377 27152
5771 29745 15763 5174 27584 9644 10724 13382 13180 14588 4986 11195 16438 16529 6455 22513 23167 3959 18031 8577
13312 26583 21613 2987 12256 1448 4203 3053 9617 24255 26880 21031 3597 29066 4996 7120 24231 8167 3317 25724
9384 28992 17290 10396 19445 24973 25697 11327 10148 5097 27244 7609 20277 17666 17106 12120 29311 9182 10700 7339
9144 24856 25817 27586 18516 13820 19329 4567 1932 12527 23647 17463 16209 3957 11051 5365 24469 13445 14657 17143
26447 14835 22127 640 10931 16323 22326 17702 28389 28945 27697 2504 21720 1509 26296 11412 5620 18392 25189 28365
7406 16307 8814 2414 20415 26582 15396 23155 16566 29204 22765 3050 5497 2725 24070 19905 14449 22299 11560 3021
9893 21326 28775 6090 24682 12914 22879 6670 23550 21574 8064 14449 28304 10860 23430 25538 4283 5425 8897 9920
6377 5813 9484 4237 13337 3351 29219 25145 15299 3228 22548 3633 19867 5786 11773 24835 7388 3182 11790 13522
12033 11328 3885 19778 25051 4864 1560 9960 21559 24707 27159 23228 23290 712 18636 29402 27541 7479 271 15701
28611 20726 18148 14283 24076 19576 8333 3833 19464 6809 830 16539 7780 3495 6998 29629 17817 14806 2366 7997
2519 17896 2665 8314 19307 4793 5773 15404 587 27795 14270 27673 15569 2565 27762 15839 24049 24602 4563 19650
16375 14133 22651 27149 8398 4150 12041 24011 1365 2276 17499 28161 9529 17249 18977 572 15875 6360 29881 7791
24041 23363 4988 17328 21779 29257 6278 12989 1598 4858 17871 11088 15272 15807 10904 3825 29218 6490 4822 20610
27721 3985 17867 12372 21572 25793 11557 26919 28916 11316 1707 703 19221 3822 19659 17460 14250 16984 5984 24253
19104 27950 27791 28663 19228 13926 20244 21720 9892 12318 23125 27823 8470 6419 20414 7592 11315 15997 8462 13848
25812 17055 28614 11680 27444 11602 2357 156 1325 12342 26964 5083 24721 3423 14057 10878 13592 3583 1286 11852
23508 15563 5024 13141 21307 7073 4514 4482 24000 8187 11640 20333 16604 25878 15379 4283 4996 5445 25514 298
24306 12637 9503 10516 22246 29804 9806 662 7343 18077 19024 19853 7312 5219 29893 6097 19164 2758 8659 6843
304 16519 10052 8950 12029 22918 13039 18111 635 21205 1481 14181 10172 21730 12702 23889 26760 17892 22363 5003
2206 23035 16963 4242 24055 5641 9484 7494 29846 12835 9076 15224 2679 2517 29702 20434 15300 5423 3636 20224
20082 7026 12990 22756 5221 22545 2496 15362 18281 12321 19325 29232 18810 24365 15414 4756 28730 10846 5253 24065
23379 8459 23631 6139 22835 2839 27238 7445 29754 27311 29921 12469 2964 9901 16676 15821 9347 14347 5881 26956
5042 9981 12789 183 12845 11167 19551 9901 17335 26268 9510 21546 19742 3051 14189 29513 24550 12320 12617 26861
19129 3095 4672 12258 14070 9001 21871 28606 1786 9528 26756 4737 28507 11976 13333 26502 4935 7790 3707 12820
29446 23103 12092 26156 3084 14916 22173 8154 20483 5968 17525 13255 7625 25843 6482 17696 4453 3468 5847 26750
19417 537 29672 9421 15013 207 19335 20412 22049 3168 27752 13978 21730 13213 21209 18848 16851 17032 27505 13317
7119 12740 4505 18729 18326 18252 10956 29312 6676 17647 16835 20124 25349 1857 24360 743 4608 3715 2059 20045
13156 27874 6706 11264 18694 25561 6677 10220 3174 21773 1907 23260 18036 26346 2010 7457 19158 19003 22934 12592
1427 4175 13491 13120 19913 569 1968 7838 22210 25274 16928 19910 24425 21782 29717 4288 24359 4294 9776 28803
13695 10152 2297 13832 15434 15104 16823 14023 11913 13593 10004 19220 10641 2485 1910 29582 6923 26370 29828 27880
27274 24725 23180 3649 17451 19870 29515 16110 6843 2386 1201 16635 27140 27492 2900 5400 26138 7042 24235 11254
10659 17486 25042 8165 25619 6816 18046 10787 1946 18363 10799 11469 7648 4924 11955 25286 22928 18422 7784 15261
23621 20222 11513 20772 19463 7797 29283 25198 19094 28321 7252 541 6256 11158 28339 10316 21081 3384 20934 10920
15609 25188 6600 24899 2569 5467 13589 6726 25370 5440 17529 25306 17701 15132 27625 14771 26373 14513 21625 1506
20645 5345 17723 21903 11200 24069 1509 15684 12514 19121 4209 14827 15974 2043 28774 10839 6110 10534 1130 25741
15939 2920 14209 2644 7087 24156 4807 8801 9450 29501 21395 1655 22515 23000 26558 6380 18072 5547 24649 24374
10390 22583 1832 26259 22962 12949 28178 14258 15038 19678 11425 16531 21244 11018 1838 24552 11985 25555 18781 23405
8907 13459 2693 7068 15367 18640 8496 7032 15572 23607 22500 6496 657 27115 4793 7866 26437 23932 17414 26663
7876 24988 5318 26606 10112 2609 16776 7796 10723 29017 5952 8507 26799 4797 13233 10911 10458 15602 10812 14789
19098 20639 6611 17568 4114 25162 684 19050 4764 25455 14776 27315 11986 14570 10091 14626 7439 9214 24142 11828
24534 5432 3434 4897 10229 23122 23963 5660 897 8855 16793 13593 25012 18901 25509 12174 28651 10723 2343 19946
19893 7343 17818 14419 8237 612 11386 5480 11031 24364 24981 12290 28041 17314 27611 25959 18696 27192 27928 881
12971 5270 11745 12930 21946 1283 19280 23706 5343 4284 15647 3713 4621 12508 4423 20064 12222 13444 20598 14489
22092 21546 19700 26562 29814 27302 15401 7840 28376 27090 1390 12832 29495 17339 10696 19444 16175 27656 10203 5103
2742 29519 7887 10607 1591 10552 21551 18614 25729 14830 7849 29475 24697 2517 29739 18063 16601 3256 3884 23751
16629 2529 26336 15007 11474 18258 6204 5757 20209 4435 27412 21887 12181 15913 27807 5627 12376 7228 7596 5460
24336 13821 6133 10251 20156 4153 10664 19190 17177 15915 15036 4033 15937 8814 9946 20274 8678 13429 29162 777
3055 20518 26447 13809 15330 23100 17555 27610 25998 5052 27548 25282 25711 16020 604 27406 2355 26212 29833 1198
25895 26042 22457 15694 7086 16903 18457 2494 26608 526 2542 8948 24626 29510 12510 9032 25953 28985 19201 25021
539 23415 26149 12317 12467 8048 26727 23644 16973 11881 18 7575 6962 23640 14181 14835 10413 19014 15748 24520
13695 21995 3135 3677 5715 12634 15399 23047 3971 26103 1089 1657 1254 87 4549 13208 233 27148 7676 7477
27412 15743 18926 9626 20934 1441 4819 4444 6222 11764 3039 4264 5553 8799 3066 961 20622 12563 209 3094
13684 29793 14765 7782 12546 9562 21760 28604 15125 23610 8122 22584 18454 26405 27114 29403 25266 12613 12335 6875
3170 5066 26631 1519 9125 1349 8423 2409 16568 22959 2023 9502 23916 8561 22812 10867 5501 15291 4941 1595
391 21289 21123 2077 23803 23109 2227 513 21792 15652 15302 4620 11571 7383 17867 9429 1920 19964 9541 16776
21282 24023 28862 13229 15729 1725 11183 27909 4085 28580 23896 19034 11806 26148 24662 2976 23709 5034 1423 23035
4705 25850 21983 21091 16144 25639 9898 25492 17865 7233 21970 10077 8007 29866 4619 10849 281 5342 29619 23092
18800 10011 4842 6711 7543 13102 26447 16313 13056 400 6619 11686 5385 12986 18163 15151 23560 11040 13829 12717
26964 11148 2616 28323 18534 7332 2090 27419 1751 26947 16312 4559 21831 27322 24066 12798 27071 5553 28829 23957
15655 5974 18238 10814 28434 2304 29225 8199 9528 29354 29892 8170 19880 11059 1313 4988 19779 23252 21772 28575
4502 4171 18269 1389 24197 8184 21643 11793 11334 22723 26502 29919 28804 1171 7216 1504 26851 8615 10080 14405
1874 22685 18735 4562 14319 2775 5942 19583 21278 29017 28753 25804 16134 10988 3205 24165 6642 8587 11247 7590
6716 26511 11893 1820 23048 2266 20739 612 7063 9239 1276 836 24857 6431 21051 19467 10703 9262 29311 2686
15761 14247 18748 7913 25642 24960 26801 21771 19252 3279 26311 6558 28293 17029 2498 14406 8005 26545 23729 13008
14123 24554 25331 11880 20303 21805 14874 24149 23311 27311 26842 29889 13835 27473 16863 25293 3426 15000 18440 22159
9962 11473 2339 7518 15001 769 23466 14619 7150 9809 9738 21572 22971 23312 21739 12103 28185 7263 8678 17750
1052 29962 20462 11514 24841 3701 16999 17054 3176 7335 2225 5182 24654 20615 13045 6185 15200 11050 8290 22892
17417 12312 9022 1087 28989 29235 15081 6582 6804 13500 22205 23775 19993 5570 19244 14321 1379 14628 23544 28519
20399 8177 14641 22144 4004 22431 20709 25813 29970 24986 15367 20720 21298 1016 28838 5769 29988 5761 3665 24586
15898 6880 15795 4380 16183 15430 5226 7819 6499 28300 23549 19056 3804 10556 9688 28199 27770 13400 22648 21811
10252 8770 22863 13120 19219 21766 2760 451 11997 3358 1206 19589 22771 15137 7138 16997 28598 19296 16921 10449
24300 8027 4465 5450 12542 14629 6046 10577 28891 16821 15052 23683 11602 19306 28469 18417 5573 16923 6557 12832
2805 25928 15116 18449 26203 15652 5071 29590 1189 9761 6502 8204 6593 7240 15332 22655 15211 5797 22303 13646
28634 1844 5385 7634 23842 5833 9393 18222 21810 12102 8246 23981 25167 8548 11643 8227 6310 13692 27888 11935
13225 13093 15291 5783 18644 8963 18009 5546 17096 18483 3390 8751 29033 6333 3452 5559 20091 2424 2459 23158
15747 28923 23887 9898 25654 21705 12137 5240 8555 10649 8462 10460 975 6615 2421 23734 14001 18292 16570 784
3245 22634 3545 17434 26659 12054 14668 26794 17354 23718 4220 25673 12494 18376 25223 29389 16659 25996 27073 3310
28954 4566 2919 21627 3459 19927 850 13312 3878 9050 5557 10861 910 1135 25670 26134 5771 7302 21240 9297
14468 28812 25066 15081 8708 12559 10508 9845 5153 28717 15938 4453 12847 4021 27237 14646 1351 11229 14918 26082
17177 5704 23820 3503 29262 24928 23153 27880 28187 4266 19751 5874 4860 28288 22223 1772 11242 415 17447 6753
18371 37 24356 298 15020 27431 22565 20274 25230 12753 28481 7903 5897 5084 17817 4247 9651 28907 29388 6480
13046 2037 3490 11466 10858 8197 26226 11522 27800 27545 12869 4546 14613 13952 27826 13932 24476 21933 2628 7377
29423 19192 17865 1399 24835 20909 10851 11167 8894 20568 15299 7499 26567 17845 9284 21130 23328 2737 29416 25372
13068 7121 5623 18248 29331 7789 8321 19413 12422 11552 29567 12112 24619 21348 16393 197 6484 4365 2134 23959
12984 15376 20612 1153 19148 29746 18379 22730 7529 26854 21586 15275 3775 29762 17652 2927 7700 7712 11391 7097
7800 19017 18818 18492 21172 21861 21482 26154 6241 20127 4465 23036 6847 25607 22948 9122 6915 6424 9139 13760
850 11098 4173 4266 22944 17613 29566 1021 29876 8984 12592 19037 29474 17869 8714 1805 8212 2697 12872 18045
7739 19004 28575 9595 4879 2276 15712 11468 20215 15288 26282 19992 21875 7528 24083 1532 28159 4468 17739 29109
1584 12775 26815 29859 29053 29537 3376 23359 23371 1678 6866 2972 29304 1401 14813 6485 17699 8386 1279 27087
16995 27519 15406 13510 11294 18283 3708 15167 4934 20396 22149 3079 14834 25906 17966 25674 15549 7700 4639 17149
1286 19618 23843 8671 20715 8246 7115 4020 8059 12499 24021 13199 25698 1350 7879 21189 3303 18416 11476 4104
28788 27666 11797 23192 27698 15 300 22032 18473 106 17709 1407 15973 14665 8599 23442 3233 29414 11617 2757
7376 1200 18208 12202 19407 13303 8847 23397 3218 5924 13394 9793 2678 22603 24556 3194 12589 17424 23210 19127
26461 15649 21090 6491 18492 14741 27077 7591 20350 28232 29530 7541 18470 22673 17202 5289 27398 14975 21034 16248
14863 4697 21422 20497 29485 8093 22445 18217 17733 6555 25966 9775 4178 20867 17890 1202 10942 5281 19424 26813
12934 22533 20954 10672 26940 5039 5206 9388 20442 5192 12653 19759 19331 26898 1529 11543 6707 16284 13190 11958
22136 26833 3848 21842 15592 10525 19914 4531 23717 25211 29786 28029 8447 11554 7337 12051 24228 9139 28921 10704
6464 19630 6366 18690 1428 14061 941 23525 25117 27169 11919 5629 12145 144 16977 17458 5069 20588 18938 4014
4875 24549 9367 29016 9525 13783 26298 24806 6733 25940 4706 23455 19058 22658 27704 11729 23589 10585 15252 24493
879 26869 5777 22339 24841 27033 20340 16165 2249 20715 19306 4591 10240 5145 4909 14070 23354 10692 22630 17584
15062 22125 21941 8045 3138 7517 18354 4583 12165 4963 10668 13880 10296 11852 16621 20063 11181 9833 11811 16981
5372 25707 5362 20077 23199 13521 14271 15731 181 7366 20993 10704 14977 15235 3207 6590 5935 20343 23129 18427
20000 26058 9386 27159 1945 11984 8683 2385 25121 14358 7079 7986 7353 15659 7375 16629 11229 10347 20861 28736
17263 14349 15346 12523 17988 23822 9744 107 15819 24616 16688 15840 3688 28838 17070 28123 9577 21360 6505 11179
23384 7111 12405 17598 22369 28494 12631 17003 462 6783 28874 16381 19257 21402 29625 28385 14808 5334 29507 16204
1379 3044 16080 29385 7017 18282 20591 10863 14493 6001 28677 9947 8174 4071 23003 22335 22563 11846 20490 2180
20834 20651 19313 25687 5132 14338 2561 26499 12023 17395 1398 6064 23087 13092 23940 19179 27219 25347 28980 18497
22822 12336 12487 7838 8839 15645 4672 1474 18278 16243 20360 8308 12089 21421 26194 17907 16314 5242 16861 17752
23854 26986 23652 27222 8128 19103 7489 18869 1854 17982 10645 10984 24659 15539 25083 11515 11093 17887 23817 15294
20681 7820 2397 25261 5724 27602 25403 24492 69 926 7906 8208 18856 29111 29160 2549 5520 19540 3156 21850
21241 22591 8507 25975 5025 14774 13770 3684 18570 11869 9828 16598 23096 2224 677 22076 1026 7632 13565 24983
13499 28082 22842 21978 28916 606 6281 23233 1689 20370 27982 10366 21287 5701 8105 7399 19766 23833 29630 14109
13276 25074 13230 18928 4984 14547 19596 418 17810 21841 18064 12987 9577 19710 2516 1766 16241 19700 825 7388
27483 5030 811 14322 8430 21396 26667 23541 22074 21791 12755 11776 22460 23573 10626 5751 24108 11450 10584 11922
23961 28344 24258 29518 2151 23461 10733 7750 10426 7950 26776 20880 21786 4954 15980 11040 21431 9339 12672 7939
11076 10391 3646 25742 19762 3327 28735 9366 27982 14836 26906 28483 2671 27109 23323 17898 11656 18869 10656 6744
662 25644 9439 20083 24293 21858 22680 3616 19043 18372 2300 18911 3852 7357 11178 7707 21909 23681 2031 10310
20682 15854 17819 5392 666 10291 8692 651 12536 18380 23932 15333 2907 132 863 17783 28156 21515 20741 23371
1618 21487 20257 27033 1567 5562 15797 22710 15531 19963 2159 22633 13454 6479 5438 27802 5139 16248 19429 22739
25155 11040 2148 671 1199 22208 5973 19806 7950 23685 15911 11425 22612 16997 542 12406 11515 21581 1860 4591
24218 18986 8347 25623 13161 9203 2834 19659 24015 3510 10193 9313 5960 17093 22843 15177 22048 25484 14288 22941
22962 6798 26599 8659 29964 28755 29024 13379 6579 17297 12727 24978 19452 16294 21622 11007 2532 17340 20156 20896
14558 19379 25067 9595 139 27748 20553 5053 23227 23572 7496 19000 21631 22866 26149 27079 18846 13564 9690 24918
15288 26194 23766 13876 14548 26384 2848 21972 17784 14095 27846 13628 6105 22239 9188 5085 27822 29528 23275 17169
24348 9947 2765 2967 28850 12435 22903 23170 22791 5717 8812 9341 10354 14602 4904 19949 4144 90 111 20480
26964 21070 26847 26509 9936 17378 22362 11190 29422 25402 24256 20870 19069 23760 3388 7416 1995 27776 24974 20069
6480 21889 18312 9098 8439 2080 3195 12868 14296 13043 22712 5409 14171 19849 995 2551 13444 16721 6572 2092
6117 2366 12193 23180 28832 13247 28593 7372 16559 762 18648 2677 21567 9880 28479 5434 9241 12618 16276 19570
12190 2735 11266 24271 17932 5492 28974 15675 22805 11729 14780 13955 4090 11745 12031 443 24301 16734 3052 7122
28865 206 26542 765 8869 439 28064 29201 8663 21007 25482 13438 4916 19042 24480 10966 4285 3437 12671 12446
17566 11261 19221 18388 9169 14520 29635 6604 18501 18584 16407 26948 15620 404 19047 2330 7157 9962 17741 11708
5433 22109 24173 10592 25109 18208 21420 27018 12244 2936 4451 25565 4447 16094 8950 20135 791 7473 25159 15130
28470 25052 14410 29446 23330 18743 12563 25294 24420 27680 23216 17600 23599 2896 18383 487 25366 3320 28851 6526
18264 4359 21739 17810 9606 15521 15955 10875 14784 28995 15915 14866 18289 22128 20164 7936 5373 12907 3056 28695
6899 2419 22295 11341 10426 8057 29134 16490 23577 22461 6638 28978 11731 8308 22425 14905 15888 7231 21749 23196
18094 29380 25147 17828 5730 6180 15768 1382 19760 5095 16373 20633 15964 5945 13774 7927 23903 20214 22057 20320
28856 22553 25334 26815 1276 17169 24529 13848 6019 29091 9924 23517 20986 5474 27063 3123 9644 17356 3644 29459
12389 26211 18415 12497 5393 26215 3128 19847 27346 17436 14677 3523 5080 17953 1163 18150 2217 27937 19538 4696
308 18727 11800 22161 18794 25305 15853 9173 18972 19980 22683 27144 10956 25409 558 12254 16687 16464 17568 17037
24982 14109 3360 21005 25775 23908 19993 995 8868 13662 13247 18881 21277 21883 17041 12814 2879 14666 25196 20647
15714 23657 6094 12737 5131 11178 22216 2276 22120 13753 22764 27086 19365 19445 14967 18626 15474 406 5015 5682
29198 16163 22146 23946 25507 14234 12876 6163 6029 11129 27339 3418 9094 2367 23971 29757 6013 11431 10461 14233
664 2211 24203 15166 9953 13264 18566 12393 12410 21673 25366 4339 29599 28013 23849 6834 7319 7357 12129 23931
13518 28936 21439 14507 29718 1218 9583 10919 9121 25771 5335 23162 12559 21196 28749 2125 9976 23946 28167 3144
14172 2138 7400 1142 15836 3344 7014 7618 16630 814 19248 19442 21779 25956 4619 11488 24241 23056 19273 27039
13340 17051 14928 24305 3509 9406 13808 24018 8595 2749 19223 7400 24851 20853 21537 6939 7552 14504 16557 14107
7434 27977 13058 5875 1770 10152 18251 3358 26010 1747 25394 1231 18882 11457 29902 26999 23848 27802 8547 11096
27591 15447 29971 29077 2762 12732 20242 23114 3562 9684 3514 27235 27768 4535 21463 2949 26156 13735 6250 26588
4889 26029 8210 17615 29927 21839 9506 19354 17187 18755 15164 5696 8614 10554 12659 28970 15838 557 20821 27820
2369 5667 29719 13412 14507 13045 4612 23383 12185 11998 3735 21541 23554 4192 25036 17692 5316 15581 2725 16926
3664 21827 430 7206 27709 29039 18329 15361 27955 25436 18875 2249 2193 25578 29723 11066 15205 1361 22550 780
12001 4111 20368 14269 18701 18076 6345 18933 6644 17359 25433 4656 18199 15567 28082 11226 16 15781 8612 2920
25615 4391 27703 18333 6612 11899 28468 24688 25129 27715 28300 19789 9680 29828 3527 13976 18486 9733 21258 19066
6430 21979 29472 16592 27846 24023 20264 22750 8884 9266 4880 22580 20358 11660 2879 5482 16703 15172 13831 9942
23555 12301 8190 5676 18421 16715 16625 13275 23526 17666 8336 25884 10546 11181 21307 11348 14196 25161 13357 6612
27162 3430 1017 20981 18108 8795 11873 20140 20088 8457 8551 2441 5775 17820 1977 4250 26677 11050 18284 20554
28009 21969 1125 23984 24735 25256 12904 20584 8816 11520 1824 13473 27528 3108 29574 11875 29909 16096 4227 1156
16855 20285 14175 13191 22118 14888 21885 2654 17270 12676 21087 22418 20766 23338 12176 21034 25353 18190 13899 3614
28409 29009 14889 7606 29756 26956 14342 11255 11993 11005 28235 9017 8981 4648 27066 3300 24421 28805 7068 22003
22342 29371 25965 2306 8839 8705 14793 4666 10844 2327 3289 8357 10777 25263 18630 721 22235 15561 4488 6808
29304 9948 18019 9638 11304 9982 22860 3105 8168 696 27286 3189 8328 17141 10731 27437 6149 9699 22898 16097
528 18366 6259 4605 8671 27527 26433 27066 4738 11222 6856 375 6547 5348 11517 1417 25966 15579 7666 2156
10685 18122 2991 4871 1994 2832 2767 24288 16931 20833 29979 18679 16450 2547 9003 19434 21108 2570 18970 6216
8930 24969 1468 3240 27206 29370 20430 19356 1262 11106 6926 7902 12533 21566 18400 7827 29933 28992 12532 3883
6586 6750 12651 25262 14520 27660 12942 23159 7442 13411 14292 5743 17256 13671 28005 16694 16139 14863 23138 11399
4161 20921 27823 2102 9201 5756 26593 21615 2279 28566 15852 15859 9236 24685 12736 15635 15775 3562 18795 5253
7947 22073 10144 29101 18616 6246 29014 21272 1722 17703 21122 22792 15882 25765 25311 26203 135 1814 24828 25429
11263 6771 12256 18059 11734 12228 149 9066 6026 28855 9779 21354 19105 3792 7163 14862 13714 29991 22169 29286
29200 19025 10199 7454 15176 12806 13811 24138 10298 11531 13357 3470 4346 11268 48 24121 18861 8864 15650 22852
7941 10970 9852 5437 12966 17138 1544 17707 16830 119 7872 20967 5063 4257 9832 22647 19471 24568 19414 6899
7944 15845 13314 28900 13688 2104 22797 20048 10925 19872 25605 16476 16787 21803 12176 24065 18174 9616 5387 12063
3698 10606 26404 17639 16872 10580 28193 26037 6504 2212 5727 25686 1330 29728 19170 24308 4251 25329 5911 21188
9426 11852 28440 15806 1446 9343 23055 22508 19382 1231 28012 20402 28022 19562 27924 28438 2189 23552 10442 22564
13271 11649 11950 971 11160 15724 10473 23918 2707 17316 12739 2404 1221 11462 23283 13731 25200 26572 23109 3669
812 9473 8542 8926 6957 22026 7947 19691 11770 9643 2429 12950 4421 18575 15882 15426 27324 11514 16949 28633
9007 26725 19756 11893 29476 13989 372 193 18276 84 17057 26922 26773 25307 28319 5488 13178 25738 5794 14194
20384 185 20335 11727 26818 11892 20253 9778 15473 9554 2150 12009 29165 25388 24453 28155 9988 19671 20697 18483
22040 17744 2993 20483 9189 25723 4712 14319 7138 29254 10762 7790 7914 16691 18459 14191 22349 24000 408 650
6171 20802 1713 25184 6083 10789 23367 10211 15422 8009 22295 3116 843 15365 20125 2435 16854 18290 27314 23617
15095 16585 9711 7304 29187 28646 2627 20190 16303 27313 28004 7368 17297 13714 598 4383 20359 28556 23060 12098
17008 25080 20576 10174 4435 21238 905 9843 28635 6080 27477 21772 1774 2826 26782 29582 15493 14746 14337 1589
2038 28477 11156 11849 15332 10211 3433 11206 1931 20663 13668 845 5818 16936 6547 1899 22376 1553 801 11949
26487 3700 25498 8078 2756 7672 25454 28076 20522 1011 15761 23003 20566 9955 4885 2801 12297 16868 22874 26955
5427 26297 15459 16065 6727 24646 344 8836 27055 25224 15242 25191 13148 8531 15622 20939 17089 22290 21267 659
20452 20990 6104 17816 12681 10324 10516 5403 23989 23116 2205 1351 10239 13589 2647 15289 6678 7579 2326 18804
14974 22323 14705 6313 19384 18921 24299 14961 11127 22809 12521 4985 27355 10842 18671 15577 27057 4573 1157 13286
4048 14596 28630 12579 7086 21826 197 21412 8197 9585 7781 9363 21708 27712 1172 4824 14970 10759 10504 4647
13539 23520 5847 7025 5659 1127 29616 12721 28177 20768 25050 368 24062 22456 14375 19411 11134 3049 16170 4391
27259 23011 8629 4720 13879 5388 28645 1808 6455 23136 23777 18552 11418 21528 20614 29333 27317 7758 14080 16267
11819 16477 21626 3468 28596 20207 1029 2319 14556 12201 23914 20351 19369 3082 19242 96 9921 15284 999 9950
19022 15831 10513 28190 9161 5845 972 26643 4173 9002 3770 5520 9240 7641 29813 14131 12067 3025 5385 24120
20965 16994 228 5201 23645 12793 8152 17496 11610 6646 8575 11292 7831 11975 24572 23200 28015 3599 6629 12163
25419 6034 19039 5936 25799 27721 12905 22507 3288 642 852 7079 19776 15540 22013 28098 5557 16258 2940 10392
19377 2365 27250 2096 4905 5457 23805 20674 7353 14410 16768 9208 25595 22048 19059 18005 25640 23565 5586 4334
26571 151 3880 8771 8083 6963 6728 3708 22148 1910 1954 29477 16470 6762 11869 13679 10689 10103 19121 29232
8985 7247 3204 15524 19650 5189 27073 28117 13450 13107 7712 1275 909 26931 25383 5041 26539 947 1006 23928
27796 21275 28301 4820 14935 25236 28566 22637 10550 29474 28613 14459 2655 17461 26779 16621 9612 15880 15537 17552
16029 13556 20268 16604 14585 17427 10976 2142 16328 7781 10070 23148 29594 307 16774 5383 4108 28800 13433 3720
7848 19472 13363 21591 8066 25057 12178 14725 24921 28358 24448 17426 11874 10078 5052 8351 27954 9364 2127 15280
19262 13409 21317 6782 11558 23341 6046 13328 24892 23174 13909 20058 14684 3431 2178 7046 6447 1628 22177 29219
11360 12866 22558 4151 10949 17307 19250 1913 22534 24882 29728 15658 28543 24513 4083 13985 24792 7255 22708 20630
1023 4380 22489 11936 29161 21447 229 6010 15326 18331 5444 24818 7195 15790 13833 3814 7652 20412 26012 13541
18526 24977 21215 5381 24038 14199 5453 8534 6493 759 20336 4661 12923 12751 22358 9486 22276 11645 18990 24541
17521 12238 19247 4152 596 14251 8536 5879 13985 4112 10580 24390 9294 25468 23185 27367 20972 28299 28720 20998
23155 22448 23463 10410 79 8672 15681 12724 2809 13954 10254 19529 7671 27933 7764 3184 22353 12020 10190 20010
9470 12617 24623 26033 1828 26282 2737 25396 2957 20541 1491 11063 5802 12017 21876 23901 23615 26711 14338 17739
6387 13011 2576 3476 10150 12142 12198 20379 16341 29458 6918 3483 3510 28416 8065 3298 10052 29735 24127 12363
5325 18680 1965 25005 9575 8030 28433 28476 21039 10064 4606 13800 6969 390 21278 25442 12237 28628 28322 23192
13767 11104 18516 16106 27149 22041 21826 9745 24705 13283 26328 28394 1303 18682 5125 1176 25112 16970 22135 17587
23501 27743 8331 27659 3510 3576 28040 5622 20382 16433 21808 16172 25303 19254 17550 15843 4239 7690 17210 26800
20511 24058 22166 870 2194 20263 17183 14473 968 1508 207 9298 24788 4121 14614 22118 12295 16533 25913 17289
19598 17011 2045 22957 23802 15900 19588 5803 28291 9327 16369 28572 8758 849 23279 11051 23173 12276 21795 13217
5509 28816 22165 22397 14798 25524 20807 15110 5785 14716 18180 29184 24404 7099 7275 22238 349 11738 17268 1201
20969 702 17192 22798 24002 11013 8984 1519 20211 27982 25223 20295 14392 12910 5247 7483 26009 22523 13179 3312
13473 11201 1792 12920 12942 21628 10422 492 18774 7355 16650 20381 12868 5937 18156 14040 20750 14229 18521 3248
6403 17176 22317 17834 26976 4634 10128 6125 20118 3358 23740 14443 8006 27628 13067 6537 4073 22869 3270 428
16731 3142 28610 11084 4376 14898 29084 125 26681 22441 21803 16167 19884 18715 8970 19221 20542 21958 15598 2060
26663 10080 23760 19386 19854 12402 19064 23490 26487 8236 8930 17426 2832 1350 24313 2434 4135 14475 25028 21584
29144 3554 24442 5362 23569 12439 22760 2327 7874 213 8943 27784 2862 10530 2352 11352 26998 22279 6699 18341
7341 10119 14290 12587 3241 8722 18086 13761 28102 19537 17063 17587 16492 2854 15565 24971 15467 22897 2740 23198
23192 7584 25767 21660 24768 17967 25675 27373 8249 14832 14460 7020 18559 29561 17997 14853 1544 29251 6921 3142
11610 1703 19886 12524 25455 12753 6688 14501 18801 17755 13646 6210 13487 25699 15785 28287 17159 8495 27731 13668
22210 22386 14799 25262 20665 9155 10928 25494 15937 28873 13325 16795 2755 8341 26797 5295 14527 2788 5599 24628
3076 12032 11274 16514 28953 29873 7982 7248 29413 29206 7234 6448 29301 29708 23922 12232 24296 27646 10814 21673
21523 4007 18041 303 5067 25969 15392 4541 10897 316 1681 27688 20092 10430 18016 18196 1692 24812 1936 27006
4612 28045 22342 1246 26384 14097 4670 14401 9414 27380 10062 7566 10238 18778 10215 27735 2405 8964 23916 15937
15154 19475 24742 17447 808 18325 28596 3225 23994 16101 14119 10327 15077 23847 3558 13107 12823 24365 16812 8377
12441 22650 17266 21431 24348 26440 11666 28197 15050 17299 16444 15340 23609 26615 22976 16019 6623 12865 10752 12783
7368 17203 20580 21050 25268 18295 2730 3835 8824 23231 15052 3787 9577 13683 25015 1324 5067 26379 8469 16558
4814 17107 24264 10172 4169 16346 16176 22695 1363 8082 24550 17920 12486 27202 27768 9627 27298 10536 10936 3078
12323 13129 11309 5112 4403 27189 9815 18770 24825 15496 12114 28089 14069 29747 23143 17807 29305 18478 19317 11653
4502 27254 28201 18506 4210 28019 12313 585 4725 15372 4585 12871 18806 8083 24868 28557 11018 17260 6769 6476
26847 8742 3233 8577 11938 27541 29297 22781 25768 4957 12167 4432 15170 17405 11105 26594 15229 15720 24189 18264
23739 796 26288 15313 9263 21457 3885 26886 26381 15780 21264 80 18694 26813 4210 15207 23296 10112 26433 10284
8983 4646 25785 9466 2184 5786 22410 25366 28284 2091 24260 27187 28264 13120 20243 19472 14515 5453 7113 22914
2689 16120 26655 16077 27965 1334 14659 27719 18186 16442 19733 10098 6293 14531 13933 26642 6066 12714 26500 4797
3934 24972 19712 9369 16884 18821 17178 4215 8471 20326 14020 6346 29547 2610 14953 27869 29520 22862 29542 27129
346 5322 10083 4730 5743 18582 22136 18993 14393 23486 11981 7427 9090 8194 19933 131 27778 11840 17451 25286
22998 29376 3289 10346 16384 12531 2713 4390 11534 11198 13695 17236 398 20121 24693 24692 22999 23245 2262 1331
146 3286 4372 22805 15235 24602 19503 28122 23673 18708 17104 10752 10006 26414 12965 14434 10870 17332 18922 6871
26234 7237 25568 26856 21968 20263 27861 4446 27715 10985 20867 5827 4110 23350 13703 7594 1857 15329 12533 12686
417 15942 18991 14080 19313 19298 12999 24542 112 14862 10446 20349 18473 8309 6500 24939 12558 16256 14913 7533
12538 20962 13051 45 6847 7867 1373 6261 24730 15638 17773 13533 21005 408 2719 13078 29420 2414 3385 4340
13461 6626 20082 15002 28975 18230 10381 20092 10867 18683 7357 6008 9957 29067 2471 24314 4735 18585 6801 4459
25101 10157 22776 24226 16323 10751 28248 27379 7876 27929 17939 19634 16265 26193 10965 11484 29272 6804 3000 13645
10349 13502 28820 20212 25935 23078 7894 11438 6110 9177 8098 3470 2660 7163 6471 27316 17343 11323 28947 3446
28324 10928 4934 24432 22355 26147 326 22813 22900 9705 11002 10103 10725 27431 17570 12759 5109 7749 5620 359
5736 20613 25462 4336 26545 9686 13427 6281 11449 2971 8308 29774 29071 28817 20002 15937 23744 11501 14874 29094
25107 22863 8387 4886 27894 18416 10114 20535 25639 28425 14534 28739 5254 251 1840 20790 1083 20079 22270 27571
2525 14007 381 20203 6406 4624 8793 4663 22443 10044 1358 27263 7774 13465 17229 2662 19305 3719 13723 9938
25831 19886 4016 24533 15385 27921 4624 11757 17654 959 15871 21586 1574 17882 21240 20047 15792 2892 14921 597
12294 11811 950 22445 1815 5412 12713 14940 20269 15423 23898 13484 9014 13900 28503 6523 7091 17020 12769 10304
10155 26852 21101 6430 26363 6872 26233 13332 19090 4842 15340 12686 6766 23058 7405 11519 26783 16714 12616 27984
20644 12544 23783 2679 15240 19508 11562 23623 3876 9359 10164 28551 14634 27235 19687 23390 7470 6174 7808 28097
1358 8242 23663 12290 4995 19734 7730 357 20731 23911 29316 7995 19034 14208 14473 17802 7961 8486 13552 23112
26949 20915 17291 26124 26278 1248 13063 11780 18074 23535 22769 27818 7302 21049 14216 19288 20279 15340 21963 9397
29649 15794 15420 7378 6024 13795 17539 27089 22120 7501 9729 23316 24458 20597 15531 27609 15730 17690 11485 18824
10932 16719 11153 20722 12061 16186 14161 12291 28536 8400 13237 19061 3461 10554 21453 3047 15986 851 3762 19700
29120 24182 28799 19025 22254 7309 5157 18742 19058 10365 3195 21259 14903 27294 16158 2805 28359 17767 2903 29477
7957 2812 21444 8628 16288 12727 6062 26395 6020 24032 26142 23421 7057 1162 16703 23922 5776 19358 19910 24703
16046 5079 24604 25571 7339 27929 6088 9429 12658 28551 25830 10397 20785 9011 25817 20179 3025 15147 18856 3575
29371 18227 6872 3638 19013 13535 5498 3890 15622 17186 19144 11948 26952 6441 9842 4748 5306 6838 11105 13199
8324 2381 27100 21382 7426 10221 11820 12793 21472 25473 13458 20802 5156 7069 11235 20205 13572 28191 13691 11893
10625 11672 17583 26860 5767 23773 20335 8685 20971 21372 15263 23067 21662 3750 16037 19984 28053 27324 6470 15104
27260 29493 14166 3314 18519 26576 7018 15021 11959 1763 1105 1056 19516 9483 10074 7747 1849 4969 6095 14419
18950 21453 4141 16697 1044 22778 2384 22102 18933 18181 9971 1402 2151 14152 19804 28291 1259 26172 15022 22845
3933 6383 1823 6170 5430 23997 14508 21418 28414 17258 26277 14468 25218 11466 9133 9265 27970 29466 8883 26615
18799 3401 5228 4541 27870 1399 10637 4773 12432 17961 15059 9313 22781 17362 14606 24003 8535 29379 12163 10250
18706 21280 11915 2741 14643 3932 10100 19810 28782 11476 997 6926 18450 23775 3654 14177 13070 3420 9053 6701
29898 13918 11887 18148 6398 26796 5847 16024 16855 29614 29116 10223 26214 5122 945 6075 13499 1255 21754 19182
15695 15334 25070 9218 6386 26295 6441 1051 7093 6017 28471 14990 26960 22611 1193 28032 3184 5636 20177 2951
9652 25749 4390 3293 25763 8663 12178 29392 13894 1117 3280 21970 19208 26871 19706 633 9933 24247 10051 12180
16644 6301 21305 25374 26725 9543 6405 235 667 5815 21610 4749 24766 20245 12804 603 18335 27555 15432 25776
16181 21938 27249 25104 9283 3411 6576 27048 6877 2127 15572 22700 3257 8234 16828 29220 4827 1361 18338 4595
14807 2435 4236 18856 4281 2648 2756 24631 4578 4257 26753 25479 26617 18657 5600 7702 18688 3750 12820 15021
24319 4642 3305 14895 7887 27304 8998 7335 16938 26329 12859 16866 8765 4160 15232 3 22000 28791 19911 24053
12662 17354 14240 8628 11828 12161 17894 23456 13040 18114 25345 612 1795 10742 6931 15708 17740 26437 7836 12444
27864 21858 16634 22632 27849 29446 24532 5370 27258 22350 16250 21303 3915 15951 3750 17065 13189 13878 6241 11829
15156 14507 16686 7420 6172 5323 18124 20222 7706 29359 8874 6950 7813 16651 343 23953 9625 20676 20294 15421
24301 23620 5416 18655 29232 155 4337 24870 5037 25695 20831 13541 4496 15574 25824 17195 29061 15921 20238 24108
19771 4967 16397 29230 19583 8407 16739 16853 27134 23574 14400 25828 16988 13686 4019 18074 11635 15311 17118 23730
24314 22770 9688 4723 25242 16844 20449 12910 5492 21863 6637 21484 25361 781 29254 23248 28589 29087 22293 3686
409 7705 12393 27612 4713 26801 17823 14357 11421 16356 8685 4474 24858 3034 9837 2357 9452 27098 19635 29153
29519 12976 9843 1029 19033 29076 18235 20339 12508 5118 4930 6291 14142 16767 16128 96 28391 6287 12392 9712
9574 6763 11562 21201 3412 24962 15964 7090 8354 26863 13289 14265 22024 2524 11532 384 3400 14594 4295 25565
21587 2480 19279 21882 27782 8250 13468 26719 19927 19600 20991 29883 15831 10588 27711 13624 4879 11809 18782 1560
176 18681 4884 26544 19292 9500 465 2194 25140 15717 23784 4389 524 12527 4323 216 22689 16739 19454 3012
13298 27680 20788 15257 5912 7056 14594 20235 12786 2249 22911 12255 14842 5764 2342 12937 24737 45 27766 5272
15985 20485 18149 1441 29196 4678 12663 28350 9777 8523 13035 1347 4306 11981 13624 9100 15763 24224 1756 22716
4173 2356 29558 7839 28418 13005 1019 5339 21653 19661 29858 28171 7872 2973 14674 23436 4297 16627 16201 16827
25728 3032 27427 5460 15449 2329 25591 5906 8265 17299 18962 27744 23496 18394 27872 13269 8295 9475 7767 19291
11412 2877 16829 4511 15863 26546 23463 21461 21016 90 21110 28813 9812 21093 6704 21955 25766 1756 25515 2517
14784 12608 10889 1066 6791 13154 10708 6760 8214 19963 26573 23196 21584 8693 29832 14961 20042 26737 29645 26435
351 9787 29324 7718 20223 22677 29244 1769 9284 12759 21021 29369 14893 24362 20197 12699 24528 25680 1323 1497
13831 13249 1386 16794 24220 27056 17313 12928 9418 17508 5308 28438 9142 19843 26833 7311 7655 26243 7118 21997
16970 5061 3805 23602 5451 16850 13939 20797 24816 12713 13964 28493 686 25613 21309 3886 20534 1690 11545 10635
27513 2410 755 18855 29259 16803 22863 8663 29297 13630 24642 18911 19540 27864 28043 15207 11025 22909 29141 27536
27805 13340 25044 27086 15789 19564 14594 10299 284 7092 24580 20904 14382 11643 5680 5651 11831 23959 10523 27398
24484 14255 14210 25267 28563 16312 15168 12158 575 11131 10942 12510 17459 8069 484 24557 12610 7009 3034 28406
17810 21664 23073 23596 1330 4366 24778 28994 20485 27703 7926 5898 7707 15942 8652 9290 14953 2122 28014 1061
27828 1359 8364 12291 28826 1180 9615 24662 25336 25072 6631 10774 17737 27576 9729 12819 16197 15266 14370 4789
14048 18952 1812 16749 8993 6623 23856 19353 2015 8440 16475 17536 577 353 15284 8614 7751 3184 10649 21300
15143 21071 9787 2224 12221 5352 23658 11213 1312 6632 28016 3813 14727 19493 9084 23574 7901 24819 24198 14475
6487 15202 5299 22933 27345 17170 25847 24196 5816 20513 13054 13429 15650 5643 29424 1541 29149 20994 9266 25514
27335 26763 26264 202 15899 14028 2011 1106 151 4075 22086 15428 2940 275 2387 24133 14817 29346 3682 28648
20387 7333 5951 29276 7693 18009 3715 22811 11340 22848 7330 8011 4616 25502 22140 11502 29221 28125 20050 16819
25793 29972 26153 16663 8272 9853 21312 20867 25367 8345 18231 24612 21133 28819 26323 16539 17054 27584 6245 6100
21213 28398 21701 16998 2170 7642 26067 15919 2949 600 19452 28386 8206 25188 2995 2837 23581 8672 8829 18151
7789 5252 25077 1564 5007 26137 26024 3236 27155 28202 9140 27175 4561 14215 3184 14186 2298 22089 29829 15200
7370 3087 17341 13942 5960 14344 897 1005 5531 4163 11116 17969 2280 20784 21158 18305 24597 10559 25571 12778
18000 17517 26727 26011 20173 25903 21049 11014 29900 29526 15122 11083 1191 8674 18640 23162 3877 10529 6911 28275
18713 25756 5124 23753 1943 28547 11126 23034 21554 17125 3772 15156 10940 20416 16877 16440 10677 14582 2878 13133
1755 29098 11114 9241 16347 20563 26974 3186 26584 22995 13657 13682 5307 22449 12173 23946 4273 5785 3552 21107
8149 3362 16681 29212 8231 1269 12866 7686 3858 10835 22011 15285 17748 23308 4983 214 12001 28230 19536 10314
17674 4672 7518 14824 25858 29947 27863 17730 23023 15972 6005 21132 14730 28687 20774 23388 13740 6569 12024 27804
2180 13438 26071 14922 6572 7932 1786 15104 13351 5069 15376 14797 25316 217 14501 16652 11088 6463 25772 16439
15594 20779 25857 22092 25717 26654 20772 29900 28128 27834 6080 20700 6268 1575 20511 22858 10990 20407 29560 5604
23814 13803 13300 1331 7304 22148 23284 3326 2501 7997 7927 25353 2901 6783 23295 21945 18667 4415 20536 19439
11102 27285 13999 18087 15536 355 22042 11980 14698 22923 3776 8466 7590 24179 10628 11343 29242 26325 2036 2102
5616 23204 2128 15271 21872 8951 10074 26464 9433 1204 26426 23747 20150 11581 22635 17519 8539 12140 19656 20017
21259 15798 10300 20222 23121 20410 1044 26226 17213 18456 24180 16862 24541 26587 12853 3125 28620 11795 16970 1674
10678 23187 13854 10925 18481 26529 14523 9955 14410 18677 21663 21708 17870 12370 19425 6435 20472 23506 7076 28862
11359 13203 23756 7869 14461 15201 4354 3686 27229 21416 21622 3801 15358 20737 18907 21743 14522 865 1477 24699
29414 12214 17758 21282 27774 302 26886 14714 22313 17561 28664 16603 12513 21223 20178 1584 21208 11940 8512 10067
27330 6442 4293 13873 3674 876 15198 26868 28971 23757 23663 28344 20523 16745 29502 14207 3370 24717 11446 10069
9593 27682 29768 26526 18503 18052 10335 11339 16281 13062 10551 21261 24068 8586 18643 23696 11281 21815 757 23579
29679 26744 15432 26429 11132 11138 5500 15096 7331 12322 20433 19184 18505 27693 24660 26537 9707 3741 932 6443
6300 10003 2051 20799 615 5827 26788 18233 21043 5708 11321 14157 18253 22174 16560 9455 24003 26971 8476 2439
13296 22003 29763 7462 12605 29506 13225 6862 26889 24548 8394 7143 641 11245 13103 23913 26609 24512 15352 704
16734 19076 20086 29394 11635 732 455 15474 27696 5686 566 465 5311 12020 918 9279 14375 8947 19905 551
15326 26599 9233 28361 4963 9725 17261 15246 14393 27622 20524 84 5547 28800 23552 5638 16647 5810 26503 19205
16965 14098 16286 9748 7499 16934 8526 19355 9514 27095 17579 27730 28390 8217 9263 9573 17392 14026 439 15311
3026 27794 17177 12548 22475 5177 954 19671 7882 22564 28825 24046 9737 29725 20543 5938 11977 21798 28306 5886
14729 15820 2978 16336 26178 17098 4174 20668 17302 14542 28456 3500 17033 24026 16211 3848 27709 29442 12845 15679
16668 27623 11707 8684 2720 23768 4430 29331 2357 9085 8955 3937 4339 12469 15470 8724 19926 5484 1577 16076
28252 7092 5071 2508 23739 383 17635 12770 14541 9184 12605 5525 3573 12422 26948 13956 15045 12994 10091 25953
14061 24969 12234 23701 23148 1731 11955 6495 15769 14306 14963 26246 8214 14554 10371 22215 13779 4562 25260 7629
1065 12378 1917 2139 15150 14312 19843 4448 7395 21157 11728 8191 28954 19385 15249 11065 10886 24557 6292 9842
14865 9859 17311 4221 9866 18124 20488 19556 16817 22337 21613 7687 22121 18215 3241 5702 5276 17432 20700 11379
20811 8602 6982 9369 13212 6252 15153 19725 21558 21898 24424 720 16548 18921 18663 11075 21626 21474 28987 10025
13202 20339 1594 28630 28588 12423 22120 13141 28595 4357 5257 2828 2759 23913 21418 20794 6283 22125 15761 15197
17203 2572 6518 24778 9139 25893 2466 26754 27125 22172 15147 137 7823 12803 16386 22024 2340 2691 8451 5340
14212 2591 5212 4131 26785 7632 13827 14706 25543 28232 28168 5871 21253 27188 11698 2716 16173 360 5325 1737
3263 15276 5486 8932 8118 14477 21648 5844 27206 29367 25014 20344 16528 10488 25108 11605 11901 24308 23652 27049
14009 20015 28297 422 16119 4845 20023 29097 20392 14213 1732 9160 16487 8473 17413 13437 4660 8881 14739 28041
15207 18495 18381 11913 13701 15454 21873 7422 29001 17863 29106 23134 7736 18649 19926 6964 4689 6124 5083 4739
14077 23545 16431 4921 29119 16778 27965 29542 4711 29190 21191 12256 17651 19042 15441 22456 3699 19202 14958 1147
22896 22594 5708 13620 7099 26697 12753 9711 18592 25207 28830 7276 613 23645 9907 14990 29397 9268 20884 24842
29657 1219 11296 4317 11402 25039 19570 22302 1457 17890 3993 4056 17603 16682 6047 27951 26943 2388 996 25097
29762 27604 510 22964 3862 14290 26448 377 6075 7558 12508 15279 21390 444 14083 14331 18333 21893 706 8293
24588 16133 15357 10947 28495 11270 29801 21019 14390 9528 16852 21294 16425 17075 24366 27204 5798 13059 4845 18071
14144 18327 15175 16394 14095 14408 25054 808 29510 11616 25373 28916 7127 3779 23728 4464 7608 22354 13918 28445
5046 28419 13828 7561 3893 8855 14297 13265 4092 6957 24594 6673 7396 12363 9283 13152 152 22523 5519 18709
18924 26402 19889 14050 3610 18618 12384 4818 20620 17111 28520 5686 14995 29469 14786 19347 25611 22253 28434 401
6781 5002 18352 25685 21051 23527 16601 4444 7615 25345 5825 7074 11844 23502 29834 2913 16168 25807 9541 4871
901 26471 29518 27158 9732 11969 25477 6637 12548 17102 15256 10801 17107 5840 11831 23281 7653 2436 15960 28864
6465 2509 17156 15298 11674 12363 6012 29008 9379 937 4031 13224 24485 1294 5609 13844 11860 25358 11262 15571
10136 27261 6759 10348 18363 253 18396 20124 25419 4181 11200 15682 6977 2896 2074 18310 25140 4983 7456 15499
1997 2095 1776 4712 104 9725 20146 26690 2162 5155 29489 28990 5281 28202 3261 3254 26627 23011 23810 29193
9619 8815 6835 24600 14528 14551 12227 16377 19191 3536 21930 19183 6222 157 295 14829 10710 1621 15025 3729
19535 8816 5190 13789 21916 21944 26903 13855 6467 9413 23520 20020 28523 29634 16285 15645 26111 9754 29677 15718
22160 16203 27015 22834 15712 16981 1541 18149 20539 21912 10900 10214 25173 16653 22693 5404 17365 2751 27308 12267
8267 3073 14249 3045 24708 12151 3851 11261 26817 15133 25807 25254 3356 13375 27447 6579 2134 23890 5133 12145
19880 2221 22855 19990 23928 20357 22389 13140 12359 19810 18621 104 13535 17045 28512 4491 2887 16473 16201 29485
13697 3828 18853 4045 16126 13726 12164 28515 10368 22157 13034 18105 2925 65 2964 24848 16292 20355 13720 7409
18166 5793 9498 9598 2427 13273 9135 2948 21618 3220 23357 25478 28469 296 8501 15616 28089 22631 10124 24703
15669 5337 25969 26880 14111 6878 9860 8159 14642 10035 11472 24346 18293 10414 4018 16242 21899 3696 16557 20998
22278 28009 3914 3481 4959 10790 15991 27198 3588 2619 2973 14092 21270 6135 25489 4092 29872 22783 2135 29110
12407 26166 15617 16099 17413 12650 7000 28875 13544 21179 876 20009 24868 7770 12679 8577 4358 7581 802 13673
15122 4804 21694 9873 20759 26468 7940 5503 23129 16195 15319 19173 11908 18739 28040 26103 3582 2041 16869 14538
16284 18200 21092 17860 24409 29452 17752 25365 12078 13604 14743 9255 19099 26761 20597 21983 29425 17686 29681 26337
25262 2970 24192 9469 15037 2310 19136 19783 11630 19108 9914 12121 8396 4210 22402 10880 8377 5753 29729 12944
23318 7538 11600 17355 10009 16235 3424 5997 29866 8422 19494 3685 14138 11357 11770 10778 23874 3577 2523 3642
9591 20467 5054 6722 19976 28292 8676 22777 22319 29594 9192 5180 19225 6113 15935 4420 20079 8636 11982 7512
18510 13176 18117 17803 19419 4618 16350 29134 8683 12823 10884 13756 14141 10239 12148 1079 8554 24247 29997 137
26630 19972 5559 8559 12410 26148 12374 8726 10052 766 4994 5100 11240 12618 2146 28865 28560 20034 18968 27682
21911 28350 11558 9547 24789 13713 25708 12297 13315 17418 4463 16213 18923 20256 10484 27617 4807 26712 3387 4385
10289 23192 4804 28079 9586 20232 20913 6289 11588 12026 25030 25792 369 29597 3738 6311 29537 8812 9512 28948
12641 511 23175 21818 1622 18257 4124 20685 17781 11567 3958 4982 9562 29582 18040 24632 16764 22038 19713 29964
984 533 11983 9123 15509 17540 15081 18525 14029 22635 9879 17112 3419 15495 12984 4165 9288 1775 26114 4024
16694 10072 15305 12967 16322 17867 9588 12953 10807 18413 21554 25713 21580 29137 17816 25583 7931 27576 19018 6774
22994 2993 25628 26757 2930 16071 6262 4845 25717 21280 28363 6991 17075 5397 17386 12518 24622 124 10362 1700
10040 26548 1582 695 4848 1385 21349 26197 18676 13673 1104 18550 9402 1669 2279 15237 8080 2169 15672 24494
29266 20056 7967 22713 18246 17968 1155 28612 28083 22640 26789 20836 259 12557 23112 6907 59 8742 11322 4375
16009 4320 19344 19966 1479 15835 18327 10902 9373 21492 19941 3019 17825 6682 24592 13071 1721 25685 28679 21527
25483 20051 29238 13018 455 974 15461 13587 18575 7055 27976 12101 10200 9428 18901 10391 16085 2668 17287 12279
6350 5774 4689 19283 2750 6198 25808 10792 684 21982 21627 10109 7231 25521 3301 26593 23474 16307 29315 4095
628 15283 898 428 6224 10070 18003 13751 20457 11522 15892 26606 27367 5830 20525 27009 23088 18678 17934 19007
22466 6932 17976 15944 13171 26820 2196 25539 3925 348 6403 22587 5440 15207 5122 29090 12661 12523 26321 25308
8058 6056 17288 17453 28786 29708 26689 29310 1151 11092 11664 21291 3616 15691 24944 4500 7647 19671 14698 2119
22201 13879 18627 7958 17658 22801 5848 12972 2422 8634 28629 17809 7638 7084 3522 3721 23353 18464 11820 3512
905 18645 8195 19614 1734 25502 24650 22475 21294 19133 2828 16524 11526 6909 29256 18984 9671 2370 453 15545
18296 12815 4548 12770 24181 10296 4116 3528 23517 2812 1280 10616 13875 12342 333 24436 27390 9961 4465 29563
7996 25361 15767 22045 20965 24190 3238 18179 1818 7725 28328 24861 1437 27813 2444 28152 15861 9812 2677 2722
17527 29365 20889 10783 12110 13730 22308 24873 27955 20757 3086 10556 6399 15216 16384 17279 10866 19523 8131 3392
28607 18225 27819 17613 29397 2075 19295 1433 14983 16711 19861 6134 22802 3564 15654 15652 5839 1941 10664 29672
20383 1371 14343 18842 17493 24370 14759 18879 16094 23541 6259 27588 11297 8522 28125 26755 193 26742 5505 758
11468 29704 5944 17117 343 4717 1201 21753 7419 5982 9470 10563 18916 1918 13771 26919 20370 927 26597 11723
11907 26239 1520 24249 3781 25742 5062 8969 17636 25643 11672 19715 16909 5368 15367 28514 27949 3678 15666 14665
26015 16139 519 6077 29085 12305 8275 25106 17674 22641 9322 5456 21067 12323 3625 22286 17619 22129 21180 13624
8010 26986 17389 24635 7560 28528 15969 23053 16658 520 6771 25970 23159 3777 21127 20604 7033 27209 17542 29014
5614 19894 11059 12195 22804 24553 2540 21475 3028 16250 22828 13484 29337 10178 4789 2574 18143 14293 4983 13885
10021 12914 28701 4955 3881 19829 19906 17785 26538 8173 22959 10571 4261 17217 26077 25893 18844 27687 21513 2395
1854 10825 4695 22746 15720 11668 4467 22819 27178 5142 21879 27685 9863 14470 25926 26444 9091 27793 26124 23609
24425 22965 25867 26210 26956 16415 13307 21206 16331 20799 4798 4716 25557 22948 24670 18230 696 25374 20070 4053
24504 23110 28333 19730 27950 22194 17044 16518 22897 13731 19496 746 29366 968 27517 2260 12247 10450 25380 163
7422 2122 10660 11518 28778 1688 22637 22859 17145 17834 10829 10504 25342 21999 12335 21796 15733 25511 27579 10769
7404 13289 14971 7361 21040 1620 22114 20365 26152 24239 8368 24244 14253 26009 10888 7114 20651 19385 26116 12264
14002 10232 13355 24634 21401 6283 10816 8023 21602 19575 10795 15294 21503 13263 22642 275 1478 16282 1834 9072
15207 28968 26426 9290 2835 13440 6810 24089 2374 2708 21751 16594 8534 5559 7210 6937 10298 19694 14315 11667
18873 8744 6831 16646 2174 17626 1786 29302 14925 25275 17326 22919 14648 2091 4035 3668 3290 11270 13263 16413
21631 9687 9454 3894 15852 29708 14236 28708 1122 17422 18480 12628 17570 20514 7065 8846 11090 19095 9961 23808
18600 28764 8979 24611 18442 16841 17910 8523 6741 4060 4181 10706 8048 11692 11465 17277 26473 28385 8336 8375
7470 6564 26626 386 22851 8590 13324 18117 6353 12560 10681 8106 28798 16211 8463 14901 23277 3485 10398 23883
1775 29979 17751 8316 28421 15100 15049 13487 9005 24752 19422 29057 18633 19067 3283 28103 21554 26658 27613 19542
24988 19505 27247 14019 13674 27890 3579 3786 22638 15673 6540 682 18469 16682 6186 3328 16457 1248 10089 15095
2840 24318 24259 19706 23365 18643 5581 10449 26288 10190 4205 6944 23240 29234 19588 6706 23990 27245 11385 11926
25552 16763 18727 25390 26503 4128 15390 402 19873 18933 29998 6448 4663 14913 2037 2514 19332 3188 26506 16970
26454 9340 18090 16737 10576 28121 29849 8457 23010 7725 6709 5512 14771 424 25621 1507 7115 4276 16097 27269
21093 10400 14738 21135 5411 9219 16912 2179 6786 17822 14997 23720 3364 4618 27236 14433 4243 23728 5680 1154
9543 795 29136 15728 8260 16944 14502 19598 12027 10067 7116 25112 13996 10150 6947 5953 6220 27694 28986 24184
29777 26065 28049 22900 27034 10522 18148 11612 957 23408 13807 23279 29272 24099 23389 10007 17090 12060 27915 12492
9364 4907 371 3713 1060 12659 26685 7924 20376 21954 13785 8590 26707 176 27756 17497 12404 25868 17692 24128
1633 21563 27951 12740 9179 25227 10141 4610 5598 24155 28649 19579 25491 7779 17802 13758 2480 24532 16574 19240
25035 26502 5138 19767 13930 6845 2098 5161 7111 1615 6955 21519 14789 16050 12863 18800 10793 9434 639 12937
24741 29299 6848 24945 22489 17051 12303 27652 21713 27473 21007 358 18524 24854 8139 27849 14375 8025 14417 28283
20048 29674 1654 27819 19921 27426 11727 24575 27238 10268 485 6909 14236 24445 12550 28981 15655 1569 25967 11341
23189 17937 913 25764 29058 10431 299 22222 19784 28797 27749 3202 29524 16410 5050 9204 24585 14394 28299 23052
19506 3204 27083 25152 16803 13388 20717 23888 11436 13548 3715 18266 10304 10416 22431 6944 29230 16372 8130 13459
3356 24715 29112 17811 29448 8817 9795 27350 4728 23476 20585 17696 28758 21098 26865 412 26493 9799 2045 13477
282 16829 29050 29733 9601 29852 23966 1327 20266 24951 24333 23390 29314 8978 27710 5456 11880 9584 22816 21266
15768 19693 29639 28120 1333 18078 11888 7360 12609 5290 2516 27361 9578 17421 2038 2645 3257 5228 19506 5271
11194 10328 20691 11978 11779 18984 4548 28088 5006 6449 6472 25114 15099 22665 22488 11090 19646 5853 24956 22994
12952 14220 920 15179 18929 11130 24600 1778 5762 12024 26712 25635 29403 26461 13111 20653 22380 20748 28346 13932
6715 16439 1037 11613 4158 27272 7436 18479 5880 25737 19360 9327 23025 17599 85 24735 5757 27580 26169 18680
11108 16856 6343 1623 10371 25752 6967 12237 22535 10715 10932 27595 7245 12615 10329 18163 14430 11717 16810 18202
4722 25519 12564 21234 9835 11853 9988 9622 20936 2061 29362 4348 16403 27525 2429 464 22007 8565 11276 159
7935 8197 23624 12598 19265 9057 21756 23902 10070 15628 23458 19349 19061 3887 1718 11789 24410 4832 12176 18126
28546 29876 11689 7250 6988 3292 22310 11522 9901 27689 9247 1387 21641 11924 4246 26522 14073 7689 19747 25505
15724 19093 12695 24021 20239 15634 11757 6688 1648 986 5892 10611 15071 21728 5816 18873 23497 15403 3859 9092
1890 1440 18879 28702 13409 22431 9771 17815 12432 27101 13838 4820 14465 3580 18462 1369 1863 27867 26897 17151
3337 28256 4810 3227 14816 19018 14420 20741 3176 15880 17899 21556 12162 6345 2246 15794 1687 28954 12026 2736
27997 29305 27205 1611 28598 3294 24979 7562 20527 23044 21195 2276 10567 9337 25153 25883 19588 16483 5794 1304
901 25697 14484 4735 4421 27663 27743 6251 17762 9931 10101 1966 28891 21989 13333 24407 8838 15657 10189 17899
8311 8002 12575 3967 10033 12451 15641 7383 26182 4 10939 29707 25308 14613 11349 1750 2302 16904 5304 16309
5279 27381 28410 26457 28363 28723 29422 12680 17274 10487 9255 24007 1789 4630 13861 2828 4799 17461 894 1440
28005 8150 10134 11490 11157 20311 24277 1166 17693 28009 11883 23138 14464 14469 7060 13822 7243 2118 25654 15139
14673 6880 12280 21194 3465 14673 22435 27998 19446 26391 17392 14900 7948 10821 20912 1092 22852 7099 26892 3332
6611 27578 8810 19820 17840 40 10122 7867 17262 28785 28943 5677 6700 23348 18715 6580 18741 5529 21458 12924
26365 23165 14507 6638 29769 27219 5833 25877 13290 21645 22281 27693 21144 1901 13255 24283 13199 145 8818 10879
23922 21239 15256 8419 19086 9304 13466 20764 28479 19361 26745 11347 25189 10947 11029 3216 26711 24646 8047 14477
9780 11466 8016 16905 10642 1582 22902 29316 14653 4233 24699 5178 17611 26233 20245 837 8356 5156 13295 22117
10224 16300 6602 5932 16432 29055 16598 5767 27672 4401 23678 7777 4471 16069 3395 5372 9624 12404 737 16574
2050 10674 3549 22755 21025 10463 15394 27713 22470 17141 27337 18754 6351 14646 13433 21081 17704 8105 9317 19424
2056 10767 26412 7894 12294 28937 12278 18937 5797 20283 14870 18206 27582 24923 11717 17519 29850 16849 11746 1773
3944 27205 19671 21026 22897 18182 11821 11536 20380 15766 6845 3326 15554 24810 16862 2360 5355 10956 18770 15073
136 18305 7441 11529 14191 5659 584 4973 4399 6656 26047 21308 18066 9977 753 17336 123 6164 12072 25763
12744 5398 106 11804 13749 354 28551 5794 28513 23618 1215 9863 28080 25149 21242 6407 17102 24400 4484 22800
18499 11685 13300 6670 14679 14474 26771 406 25923 5885 11425 20218 28910 11934 20164 18948 7538 6999 9838 2513
15166 23479 20285 12653 29150 7327 23826 2989 22117 16236 8378 9738 14328 8293 27623 13062 22484 28416 24244 2388
6539 4070 2649 3774 11448 7885 10309 28743 23434 14802 9516 2642 10592 2703 18377 15790 17711 16556 16677 18066
10657 11690 168 3181 19695 22878 27109 1515 3244 3714 1484 14864 12223 26847 5864 7056 4732 13383 1027 25993
6980 1322 6296 7026 13705 12104 8675 16400 1165 27101 785 14561 3615 8743 17934 10046 1372 12946 23298 22250
5864 13715 22360 17151 27956 18020 22029 17624 15888 8506 28517 6657 2580 27491 27147 14406 3765 24698 28830 27003
5433 11378 22566 304 20727 18706 27671 21136 24928 11079 26255 7295 178 22527 2301 11284 7112 14618 22776 25112
4064 5620 22640 25494 13172 23628 5001 27400 29436 5092 20475 17509 6148 26295 6381 29174 25784 24122 7343 19650
27061 29649 4549 12405 29154 20863 12744 29474 23120 3814 254 17295 17700 22773 8004 27849 18618 9238 7182 27551
14418 14369 7373 4355 9563 8331 26742 4813 23123 26855 27701 16243 13329 26390 4291 7871 4671 475 16310 21180
10688 23093 16397 21896 26764 25184 24392 4354 18483 11248 19792 6698 9953 29929 13864 3454 13329 12119 12857 5601
6751 29504 8966 7802 23203 6487 21011 10694 4688 1327 33 3196 27963 9814 2659 23596 20840 18819 24480 27100
3442 1314 29128 23744 13436 18513 14276 9376 24469 308 4218 3054 9580 5666 9670 10642 13226 26338 13544 2788
87 27364 7246 15500 16987 269 8270 18382 20397 24619 552 19700 13191 28663 29123 20834 11489 12469 24544 18486
14641 7503 19222 1495 11076 19578 25207 20071 17596 25472 15634 7793 7781 22616 14006 27169 12131 12823 11115 22994
9970 5049 4787 10430 11740 16232 22782 22993 19676 27692 27475 29029 23883 23549 2888 29241 29866 7948 20948 1013
157 11035 2808 1302 11840 7241 10620 8432 21975 21 17408 18540 16353 10112 18526 1441 24852 12339 5401 8718
28346 26243 28217 28652 28516 26061 22417 14028 19564 11098 3938 13524 5275 22876 18613 29254 26585 29025 14611 16944
29932 28416 9066 4959 11847 25937 126 2386 6657 3962 21649 28688 26107 15216 28596 16595 3168 4963 23156 24579
11992 23554 5623 13055 3073 1658 15560 6773 2407 21350 553 20167 27569 17241 25053 2748 19063 12569 8832 21770
14852 14762 21819 10459 4971 15772 16148 8182 5826 24415 11098 14038 19199 14269 6429 16738 29855 21589 14040 422
7377 6765 27005 13909 16196 6211 16382 14408 29280 14487 15940 28363 22606 14645 11261 21507 26821 11069 854 22848
2377 16214 22598 10205 2736 4414 9635 4534 6421 18202 16978 352 726 1300 23461 28987 17550 5315 4161 22631
15891 7068 5887 16840 26719 4875 29956 22866 813 81 7470 2322 20601 28583 28326 4547 20815 21703 25125 4989
12202 6379 18549 8170 21168 2004 3166 18583 28315 5460 25143 14056 25142 89 23675 28808 13918 14491 14594 28131
14588 16149 2938 27607 20157 10893 22916 6266 2743 20783 482 1714 1962 19871 3211 94 29332 3282 15549 12093
10671 12187 12880 27840 28903 8704 18507 16211 14292 4622 19014 11505 7722 28149 29222 13567 22497 16209 23920 3589
26071 3689 3004 16753 22949 25169 29291 2279 16843 23686 21767 3246 6645 25058 17652 5312 8089 19079 24040 15406
24542 3818 132 12831 703 2565 29262 25329 23693 18442 16374 8546 28287 28548 14581 17706 16085 23829 2967 23295
14944 29145 26789 23775 1197 22894 6585 14792 13618 21434 28844 12665 27739 20087 19668 2675 15771 20393 7013 3172
13052 25424 17594 2404 23528 22656 11097 23444 19610 14289 21601 2961 5318 22044 20011 16067 13358 23863 20535 12950
17133 7882 7942 300 17527 23292 14662 5089 4005 19840 7018 2526 21498 10089 25498 2502 4339 16212 10036 9246
27332 4607 19674 15055 15618 1592 3751 13854 9141 26330 29371 23615 10426 10240 29314 17281 25293 17673 27028 14749
26774 23022 25685 5125 3803 8829 9286 24365 4228 26204 23380 20052 7753 21228 5829 20029 19713 8606 4979 25981
15439 14466 29662 27030 1713 12447 18032 22573 7553 21905 4247 29648 28161 22579 25049 25745 28148 23973 22529 7869
8738 7370 8796 9327 17091 6241 26210 25368 29246 2100 11864 10249 13119 20070 28698 7257 11473 16291 905 13890
5741 12116 13749 25412 29075 2561 22520 29362 7143 7371 15291 8788 24788 21715 23015 12277 18683 15293 8808 25066
20595 17724 22867 176 19046 26395 16149 1532 3085 19608 13446 11225 5997 21936 7161 15026 526 29234 29944 25794
12556 11549 146 7294 4826 12651 7795 25658 10945 19716 18099 8467 4590 20161 21373 5694 593 3583 1445 9058
10111 16452 27962 21235 21924 22546 5830 22654 28115 14813 24652 29741 27027 4194 29983 19450 18899 24848 13469 15828
25651 22603 28893 4972 17021 17086 21841 17223 16379 2086 18832 4158 5959 24017 29575 2528 6196 6341 7717 17402
27863 12643 2742 196 7325 4717 15438 21194 16565 7625 19255 16978 17580 28313 5100 16967 8965 9493 8094 17014
21600 14205 26070 8882 10245 10732 6199 25303 2890 11087 15303 17145 11002 21644 12243 8153 19277 25693 26162 7148
1359 14659 12318 14884 22111 10379 21872 26828 24138 7405 27179 3100 11292 26358 19503 14879 2093 27401 16052 14987
23120 28852 13018 4428 25497 16287 28046 6345 3701 8517 14160 9915 25111 11395 8197 21219 633 28497 15766 23920
29415 25946 7099 18298 22473 26739 12781 18020 18709 14153 21249 28970 1133 29881 21121 29666 14032 11305 26575 22555
26128 20363 928 3623 14829 10560 9641 29066 22709 14337 927 2938 2673 8383 21046 27948 1564 3260 10661 21919
23912 18772 21303 28689 2546 2017 25335 915 11204 5315 7909 6160 24715 9604 5196 16943 20642 15315 19125 17044
6176 22478 7075 9189 435 12986 5482 7649 26025 14167 9159 28127 24863 22741 10298 6152 2443 4413 14130 2274
12737 3857 26579 13909 18677 13685 9158 25878 15492 21325 20712 8140 13766 11939 14413 1941 20680 11157 20468 17183
8214 28578 15935 7070 3017 18423 18625 12049 28000 17370 5400 25596 8226 3315 19139 11559 28702 21067 3105 2475
15730 10501 18827 21101 16317 16890 13681 18013 17821 7249 7903 15523 5362 6627 28092 8925 26288 25065 28497 3878
19681 21689 25918 13783 15865 12160 28445 8462 12882 8727 14028 7920 28861 8506 1585 5600 28587 22643 29996 9887
25468 18261 24117 29235 3421 25469 24486 14203 10854 21182 27745 4632 21502 8062 4103 21542 8737 2384 19795 7323
6717 18106 26742 656 3582 2144 8644 25575 21551 21500 14319 13093 8502 11001 2797 4480 25812 2938 1552 6257
13092 1483 21282 16260 3443 22322 11734 27274 21033 655 3809 12449 28362 22866 4848 8757 3955 15044 3313 3688
11554 11348 10408 3652 9459 18940 26766 8146 27855 60 12554 15718 16213 13809 26355 4416 11811 14766 18063 1872
13036 11634 9561 24111 6076 20907 29306 26517 6904 5919 5003 1418 6382 28651 4382 4380 23162 1763 2448 8041
20210 6180 21295 2760 5384 25954 23047 29460 27517 20598 2520 1843 22724 27986 16637 19941 29687 27232 2329 14196
15945 15010 29726 4525 22466 5805 17459 10411 28740 15443 18479 14859 94 1384 28591 12779 17242 13956 18027 26951
4909 21276 12662 3969 20744 13531 19862 20406 4522 17349 19715 24897 28579 2015 26088 22759 15440 4275 14216 928
21437 4817 28327 25724 18731 1197 15302 13065 2826 14925 23895 29880 15409 1552 8748 23821 19801 27007 15893 21865
27088 3619 20325 598 9892 18518 16631 8807 19827 6497 6503 8836 2691 10865 5394 9599 6565 2102 209 14840
6936 3164 8603 10263 4595 23407 10328 28985 6210 26560 19058 10381 5697 10000 17082 380 4966 23818 1111 6766
18587 20431 17694 28689 9005 16080 21089 6395 15585 14098 10027 4474 28799 7997 12539 16824 16269 2905 25675 27621
15900 22423 11436 20624 23344 19963 18981 28491 12536 15126 14837 16829 1703 15442 1253 13063 14235 7115 23478 24188
27773 28070 11237 19614 10123 1876 6448 19817 23635 20585 27378 18314 7333 22227 21983 17039 23695 11656 29297 12407
14052 22519 29821 3130 28018 19963 9443 27362 23193 22023 15527 23464 14796 13523 8007 4227 17676 20022 11304 24973
21056 1520 26592 3653 17170 8446 7069 1618 24025 19953 2088 3637 14418 2024 21718 2255 19923 6260 12498 4772
1872 16922 28651 8378 5852 21451 22791 22733 15759 17821 3241 24248 15999 4864 6768 3259 28828 6173 9731 12373
13882 12336 9382 11913 10008 27006 29417 21184 10279 28785 4695 12483 17521 19340 14274 13580 12889 22790 29012 2343
29507 12488 132 10919 29986 28281 6416 12833 11215 23935 5320 10289 11222 229 26694 8792 6399 11796 6659 3096
15341 7887 12260 2124 1919 23609 15688 29655 5775 7906 24821 6363 28853 22350 6827 19155 28715 16730 2043 23499
3586 16530 20095 15235 26760 15169 28159 20802 3421 9286 3 12616 28330 26892 5038 2289 16873 2425 26644 9234
4896 13129 22018 25363 28665 1259 10179 11991 9188 8470 20624 26764 9844 11194 23561 2638 4226 9364 273 16322
21626 12180 19134 14304 25763 6283 15813 4316 15250 20027 26967 24925 14277 18443 10950 16799 28504 11078 8625 21761
24214 12497 18521 11371 22592 15195 5194 5920 27295 21002 9129 26026 1864 12082 24443 789 11743 29183 434 11549
28003 3199 9492 18887 12868 29863 1072 17529 19164 13195 11722 11172 25289 12650 22714 22161 3800 28696 1971 25342
11300 24413 13337 10298 26595 17756 25878 14927 26929 11313 29005 18846 8431 9569 8889 5738 957 7512 4171 1133
26133 5949 1534 11646 16853 3041 26719 8570 21197 6486 4868 16578 12681 492 23348 24326 20896 13162 675 19357
10366 10344 443 16351 20427 23060 4355 29309 19846 3811 19316 26903 18015 14844 19626 20125 28293 19081 6948 2497
11168 22705 15176 19906 9873 5589 17061 13637 19497 28609 18015 24170 24401 9893 7302 23701 23852 17497 19350 353
11714 27533 28689 22049 25403 26924 29181 2242 4001 14841 3694 9350 20288 28506 11881 28961 335 11001 22080 26998
27825 13958 29400 22471 1130 6559 24093 9302 16718 2712 23375 6765 22195 19839 16989 18604 8646 12524 3598 17563
6895 4126 2034 10159 16673 21737 21045 17732 21963 11435 14896 25635 13354 4555 15609 13310 14962 29199 25305 25533
14520 28936 14284 26362 19873 12203 24130 26733 3370 7930 29383 15523 21696 21137 22078 26639 4078 15759 14261 3265
3977 24251 22397 16634 4474 5073 26285 22202 16078 4248 29727 29408 5562 12389 11670 20011 23650 21119 4804 1388
4836 4199 26882 168 20882 24174 23657 3758 24213 5833 23896 18139 29335 22661 21837 3416 3653 3189 10319 6874
28184 4685 6004 16119 14054 26967 5102 3372 13297 5178 9221 20506 1011 26023 3517 6811 5106 19975 2492 17651
7836 25462 10733 10479 11298 1716 24980 21949 18396 10616 9788 21386 10554 29291 29037 793 8290 16881 2091 14324
13024 2369 23583 14441 2811 12260 9432 29015 29670 13640 17489 9585 11116 27456 10006 12419 28774 11850 10856 6108
18804 5707 4671 14709 21522 8487 21865 18759 12818 24414 23971 8354 19137 2092 9161 17074 24003 8119 13913 8966
15784 10639 25418 13619 6678 10388 14862 14657 22146 22963 15596 16067 13528 15841 9154 27150 3356 24376 8605 4666
6675 17927 15951 4789 14954 7652 7944 3277 22791 13121 18859 21819 11755 16936 26648 29671 10505 14044 14137 23922
9593 10466 13663 1122 2383 11547 10157 12478 15686 22611 3591 10951 16042 12612 6898 23407 14841 17426 1818 25050
10835 15039 25084 17843 484 18229 14115 29039 11483 1136 8763 21337 11272 14727 22428 2561 13090 17444 22224 15448
7982 1424 5569 14235 19231 26420 16172 19651 9859 16295 29763 9070 25328 19169 7284 16191 2131 26676 21508 25752
24229 5380 593 23437 20472 13434 14697 14833 18209 5224 8874 28146 29606 24888 28378 28699 4911 20158 27821 12920
10520 7469 1484 10392 26440 4091 6877 11127 3164 16756 19209 12171 19017 3766 8603 22976 25296 25835 19545 12866
12727 8484 4655 21147 2516 18810 12609 20900 8333 9969 5491 27345 14272 4182 18470 29026 16896 19457 12625 4450
23877 16885 7117 25100 15684 29911 1806 4363 4794 24915 7171 17865 19127 14803 21154 4680 23120 27719 26076 9071
28505 26372 19677 19167 27828 18441 13207 19033 4491 1475 7146 12281 4312 18640 2817 24750 14598 22421 24627 24749
8930 12975 17540 13506 13131 27860 24688 6487 18933 22414 22853 27006 3995 22856 543 5248 15847 19076 21010 25555
13432 8181 20723 19794 20525 6371 3066 2307 11507 5150 13058 21807 3996 26833 25857 8329 4412 13438 11110 7807
15996 28998 10073 11281 2410 9643 12388 5135 6559 9285 23228 14894 22604 12739 12956 10012 18826 19451 2308 10874
27226 6275 6307 9054 21727 14675 1769 25483 10177 18866 27638 19619 16111 22793 12468 12961 17241 7673 28836 14660
8041 4809 364 19435 17109 3563 16379 4166 764 22332 22732 28218 5310 18148 3853 3954 5091 12974 21773 375
28329 29400 26335 9879 11897 2550 24923 22729 21007 14580 6496 10839 18654 17783 10013 24780 12711 23366 3427 4485
21571 13993 17922 11409 19537 1987 5770 22888 2152 21042 21611 1133 17217 934 9657 1807 19328 3882 16169 15833
17834 4526 13630 29376 21092 8335 14588 15044 12198 8905 10596 9160 16564 14165 16073 10693 28120 29919 18497 29888
8360 13915 16013 9150 22679 3981 24515 21101 16671 27952 26095 1379 25966 20245 7283 6864 7048 8446 25454 23242
14592 20994 4447 29429 17144 24953 1932 1185 9311 7821 16259 15272 19786 6578 27483 15123 22981 8620 28491 28094
1614 20652 6177 2702 1483 24274 19437 23707 22695 21162 28826 4503 22526 19781 15694 15596 16836 4283 29136 13508
17511 4136 15402 113 16598 25322 4133 19292 1439 15742 21629 9577 21899 5353 10638 16799 18269 19568 10347 29544
18461 12515 24330 12220 12358 26407 2368 17230 20290 28599 16377 16603 7577 23938 6502 23187 21880 11675 18066 17381
9542 27766 10553 1647 23628 4803 15606 3856 5921 26436 25092 11191 20295 24458 24996 20750 19820 25933 22644 12175
13444 741 15053 23858 22614 27371 4670 18782 12223 9410 17312 27204 17399 10089 4831 5562 4933 20191 6517 13349
16505 28691 26392 20900 27122 6558 7202 14324 29139 5382 16249 22028 28437 4687 5770 10976 10710 8798 19076 26889
1365 13555 17010 8029 6193 28372 3404 20122 20279 15970 13600 18544 3043 1290 1385 7344 28757 17334 2704 8397
28229 28971 19191 2894 18541 25048 4980 3944 8836 23229 21728 7061 2530 4958 11267 12162 28560 13680 2251 17074
23610 16992 22572 24573 7855 18425 24628 15064 19624 20371 29584 23618 5115 24472 490 6715 17633 2945 27968 2265
13401 10755 11659 21429 21971 17228 18015 14779 18972 2961 17896 13372 4370 14327 20510 1733 8439 8511 583 27639
22110 9570 14963 2057 15312 5511 5717 4997 16367 14855 15438 23445 9289 16669 14523 1526 28782 19103 5229 15315
29386 26688 5085 16137 9123 5609 17273 20366 18575 3319 20535 28501 1121 17043 5339 5260 12873 16733 9468 9558
11821 28003 3783 249 2257 12508 13056 5989 12164 24112 22522 24938 15950 20295 16572 5145 13579 16886 27119 8460
14449 4884 18546 19610 23699 15548 24581 21227 20039 11163 7499 26112 12260 4506 20082 3284 17882 568 20659 6501
630 16420 20758 21391 16131 25445 1822 25942 8867 4518 6572 17058 11054 14804 415 29561 7018 2720 22357 7349
29523 1427 24273 6749 15922 12111 24241 20086 10941 10694 22175 26917 17625 14691 24560 19357 8507 9575 5900 13892
26185 7690 26693 11345 20747 14820 13167 29660 19199 2225 23202 25075 22034 15861 4767 2404 10038 21963 11388 10896
3657 20950 26545 17651 5401 13314 6763 22158 83 9087 12050 11018 18610 21479 13607 10810 17720 11386 4321 18326
19842 14732 12212 20414 21455 5834 29115 16003 8412 4261 22808 26886 28857 12300 14678 3580 18008 3952 20980 23747
21537 24673 15457 3004 7263 1534 19357 15071 25539 10813 4690 4338 6736 22659 8556 11182 18800 21595 2677 633
24059 19738 11124 14857 18109 21260 26294 12749 19507 16948 24845 9540 18503 28645 11364 14792 18222 13285 16639 7635
705 19408 23977 23587 13221 10363 19870 11012 18636 10211 2524 16290 26939 24555 14627 19960 210 7681 12535 13420
10054 24267 23899 11990 24129 19550 22076 6410 19731 16385 1398 5060 87 4911 10518 8913 14725 7596 2495 18335
17824 25676 7601 7658 3804 6587 12631 23823 16674 6313 2275 23710 19000 19346 24199 28063 2057 22531 23179 4552
3445 1163 27111 2916 2164 24507 11555 17492 35 48 12389 26932 6076 5869 12956 4126 19231 7334 20954 7716
27968 29732 18809 9774 8743 2269 13116 2087 5477 11071 25230 3220 23317 7231 28418 15533 29149 23500 2223 29996
15382 29364 17400 25943 2368 18670 10347 13034 6761 1874 18831 11894 25140 5337 28174 6216 6640 11144 29230 23778
9332 23162 8700 12467 12143 12174 16894 6424 11852 21863 11197 19031 2993 12568 8081 8519 3221 14142 26719 24421
26087 1467 11009 2568 29448 13131 7748 27186 15948 8909 3843 690 9369 12962 14103 19186 1961 10613 11846 5855
11454 1750 17269 12235 28116 29763 28585 27059 7187 7886 21333 15342 18943 25053 18532 14276 24294 10009 1560 9103
21361 24746 13859 7076 2546 23181 17236 20322 26901 11737 15354 12892 29283 28937 10476 27260 23350 11151 2512 14044
12381 10348 8848 6623 4212 21949 7301 23419 14438 4457 11789 15486 7472 18164 13105 22056 20158 18125 21864 6373
25221 3705 7536 7968 23706 24318 11046 25186 5493 29970 12351 13529 25866 7376 20443 1260 13326 19631 17573 1344
17965 2803 23615 6613 18963 6069 29150 15774 17142 9109 16528 12778 1007 24919 4810 6372 4330 11642 28895 12467
7306 15244 15113 22628 6575 20059 10438 23942 22686 16585 13922 23684 4556 15309 21534 4754 23675 10936 27751 7803
24561 9787 10506 9655 24776 24777 23517 13625 16610 29052 572 17535 20968 19482 21570 22226 5862 6382 24635 17338
8646 25422 10901 4423 1946 2140 2606 4593 8363 18578 29698 19 3491 5832 3523 13708 5483 2557 544 24833
5622 25931 17065 22758 14272 15429 3142 13550 28853 25732 22069 27779 14229 2905 4598 20619 1454 26326 7916 3966
28535 16119 5331 14328 28743 17749 9427 24415 13361 11068 22878 26471 7395 1327 16516 5593 9980 5586 24092 29583
8401 25534 21083 14455 9916 5480 10902 11671 3358 6898 15987 11699 18628 12083 19676 4936 24213 3809 7696 12214
14534 19617 24350 21716 28169 19442 22173 12461 5205 14014 13102 3926 4242 26044 23009 11348 20478 5629 26141 25204
25793 15081 14285 13641 27015 21416 13835 5650 18138 11374 17802 24985 22254 2097 2251 384 2564 4007 11196 20490
3559 20599 21353 23168 3468 8989 14994 27386 958 14939 26260 24912 26282 5382 13090 15671 26480 19808 26870 3869
28676 5690 19113 5338 16653 7009 15768 6986 21993 12752 7345 21819 13061 2275 15752 8494 27023 11447 17876 19553
2639 22200 26050 11167 20102 18303 11120 6591 7352 29778 23235 3316 23380 15484 8251 8628 5529 25745 5479 18813
5348 14003 6804 9182 11657 4041 22670 10295 17306 16175 7745 12940 22316 3170 15233 12580 2604 8164 22172 14274
7722 2001 25482 21002 4683 17388 13124 23633 12426 29480 26732 19351 9991 13997 18230 22429 25908 10317 18357 14414
21854 5270 25369 18257 20002 4986 13696 23594 25508 22185 11354 16674 13329 15924 19306 1247 4167 29693 26331 13909
19678 4142 7658 14627 3863 6935 26687 16235 29194 20728 27312 19546 5475 16936 8368 25678 13478 22785 27786 5053
27633 20301 10365 981 23775 10922 15595 26981 15176 21309 14844 5554 23651 17583 14917 24654 25090 13686 24771 21121
13644 13273 28775 1111 29599 27296 15672 14039 11828 15603 16879 4270 19408 11035 7078 18154 302 10972 26148 27069
12058 12047 22779 16935 6958 24199 19287 974 16502 3499 27092 22285 20565 10529 5716 11451 25114 7178 24659 26756
10395 6110 25684 15498 18452 9183 29203 28236 23438 1794 20113 11265 17704 24703 12618 28882 8848 10378 19591 29824
10102 24614 19901 17309 15859 8911 21497 5049 21577 4705 17922 8974 12801 18010 24747 17469 17080 14483 7234 2219
22477 10525 25134 22067 17089 13953 19707 18094 11217 8470 24976 14800 7603 10357 12508 25212 18829 2867 879 6996
7622 12378 2279 18638 6976 14740 26938 28636 19039 28327 13109 8943 2631 27826 11727 26966 4919 26695 26502 19726
18911 25246 7649 2567 24065 2957 27033 23486 17091 12798 6980 22705 2163 20137 22353 1229 26033 1816 14361 3712
7416 6186 5656 7323 15891 23322 5561 27 15158 8188 21376 12194 25978 2949 13757 7670 27314 5562 13201 28907
29157 16723 5233 26316 5328 10148 16399 24372 7078 2789 17079 24103 20994 11938 6324 8074 8195 26092 11658 6026
13650 20692 5920 25371 11483 11984 22528 11875 4429 765 21420 9133 3847 4813 12664 1378 10432 3110 27471 526
9367 8514 15910 13272 12481 10852 1510 6851 29359 26559 27096 24678 2462 17261 10491 25424 4352 640 19572 8194
2584 4459 11150 8284 24624 9237 6036 22210 26146 29172 22221 6191 24894 14558 26976 29635 9165 21939 21629 25468
10541 18576 7905 23520 20675 25381 26561 28258 19682 6981 7163 14121 3039 10142 12024 2398 9032 10924 542 16370
20330 12495 3864 16771 24571 29383 11976 13679 23140 8125 16619 11546 13625 11896 21183 10246 2173 22872 14348 3913
26072 21848 13695 5232 16535 5106 16512 25741 25416 7806 13547 19210 26936 22464 15479 12539 25281 11194 4416 6055
10580 3737 22191 23057 8300 13043 27416 19592 22562 28691 28514 23671 22291 9536 29263 110 3140 377 5187 16568
3657 21842 8974 9417 20916 660 12789 26353 16095 562 6933 16718 16298 12493 5707 23009 29387 6171 27922 20396
6505 24232 3170 3679 18861 25272 2234 21587 25724 4407 27135 22493 8254 9388 18217 4529 16616 5589 20316 29546
21174 8980 1392 20636 21895 19034 22092 7530 3713 12213 20849 27182 3013 12610 10238 22525 22646 20913 2298 1504
24426 29602 10936 13768 29738 25489 2371 20439 8553 19512 21212 24561 16494 6381 8189 15978 1931 1546 23619 24033
27671 6832 18001 24627 21365 5393 10360 7321 7369 28710 27773 7573 21367 102 26467 13290 29676 15673 7321 24042
17807 20620 20939 6467 19769 15414 941 12522 6658 19944 4864 27419 25197 22703 13006 19343 15896 18896 15937 25609
27862 21519 27007 53 16716 18190 15234 418 10227 14471 20614 21176 12776 20847 19207 22525 11562 16151 7175 27838
3975 4254 4289 7386 14723 22930 1567 8190 12072 3956 4039 16701 15312 11399 2068 4108 9609 6044 5716 18704
5152 21781 6142 532 11609 22994 12382 29565 2064 25917 20550 23804 17153 19304 12096 7852 18773 11786 21556 11951
11143 17350 23990 11441 25193 20500 5609 29787 9810 23031 17230 25959 25544 5956 19563 5762 19450 19203 20273 11118
9021 14321 2567 10346 9686 2676 21688 23438 3502 18223 22370 23519 12815 18364 18520 22710 1448 16703 7746 24756
1296 10587 984 5942 19561 25109 13050 494 28624 29504 3643 2646 25710 15941 5633 1417 1810 3612 23272 22117
16817 2686 5667 20262 25250 26343 22405 8754 5127 16666 10798 4653 13028 19853 28216 241 23655 4460 25642 8726
3430 28301 22820 19262 28570 11688 17353 17631 22951 25540 3992 17179 28745 23412 13025 12165 29063 6260 9099 14988
2178 14067 19593 2467 15861 27795 23624 269 19824 18933 9972 9624 15287 18729 2829 27294 21385 23850 12167 18619
28449 20519 14655 14886 24422 7403 24089 21643 13386 6866 25293 23083 11695 7784 4841 1963 24590 8437 11186 23342
5289 17811 14665 26552 7900 4870 2311 21278 8619 12077 29015 25342 20848 16255 20758 6902 27342 3449 5953 25349
3814 10950 10122 25160 28871 18908 18589 15539 5088 29174 8227 8391 22111 20211 21229 8205 3534 18016 25559 7336
1652 12046 8978 26241 29538 29282 14618 270 11470 4592 26872 7834 6638 11935 11627 2905 8618 8022 5674 29920
18217 17497 24731 29251 12525 13525 23080 22812 2849 17474 21800 9068 23599 29933 15967 15301 24639 13731 23332 9188
7444 16565 20869 19156 11782 17091 14525 15506 4794 7056 10570 29649 6276 22396 27812 1527 12978 13147 9387 17520
12768 10322 16757 24034 26562 26852 24412 20961 17668 2101 19793 15493 29693 633 12962 24695 19036 17162 20737 24888
18448 14938 2298 24720 11557 2515 29847 22694 4342 1092 14812 682 28896 5671 1366 23561 6076 9646 20426 12193
23741 28414 12851 19195 6288 27455 25137 20197 726 15781 29819 10945 7612 2842 23288 14807 12326 10472 3565 19492
22707 6447 6401 29165 24565 2412 9479 4350 29412 2056 28832 22294 12091 1470 25108 2403 23442 1481 7337 26022
10996 18141 26922 7664 14788 4270 23648 13246 17180 17567 428 23397 21419 20599 10963 23877 26137 28578 25615 26349
28619 24610 15763 11334 23548 17606 24854 25253 15116 9100 1734 14995 7299 11125 14830 18602 29055 19170 28442 9394
10671 18773 12764 7933 21084 19803 12739 27776 24471 4085 21948 19358 1188 27167 1328 11093 11673 4381 2528 530
29281 2119 19529 8485 24498 17816 23700 3567 27802 20594 518 683 9351 7936 9726 9934 27014 9909 10870 10058
18758 3509 16631 7112 8879 17632 13071 2229 1039 25285 28239 11806 858 13517 5641 13674 19068 24090 26409 4874
5900 3847 23023 8386 25227 13917 15700 21636 20226 14151 27987 28879 6319 8004 24421 21621 7460 26911 21103 25520
5268 4813 22371 25332 6049 23156 15772 4454 87 8352 9842 13532 15047 164 3671 14288 18844 23021 2696 5863
17922 3901 13066 5364 18526 17664 16151 4347 28522 8468 2445 19982 19601 3033 11428 3308 12687 19641 24802 7176
15182 25922 14470 28869 12455 26370 20440 15587 6533 7814 17606 2118 5633 14937 26314 27358 18484 16420 13382 26709
6105 19698 20594 10833 5428 18369 14544 26568 17270 16948 13096 15872 21340 18278 29190 19353 22979 11344 14983 7768
12676 8823 4993 15975 10870 22456 25886 27776 24810 27512 14789 28073 16148 4733 16834 14910 28239 356 11707 14864
1994 11217 18341 13592 5939 8221 22688 22557 18069 21775 16345 9249 27419 13364 5993 19338 2242 28740 2836 25745
17 1467 27958 8999 25770 18096 24217 2466 16140 20459 20064 1830 13686 18301 3671 14738 27530 27224 14097 9898
2457 1202 3921 4497 762 19440 20644 6844 3348 16943 24622 22558 12236 10739 6089 207 12333 27141 15522 3812
26232 2557 25646 6387 23886 21351 13412 2294 9215 5743 13075 9164 8400 16547 17076 546 23476 562 20687 5086
24938 25476 24135 5650 15640 23431 1946 20827 3748 18045 16801 27840 28318 14172 3213 5651 26593 8419 158 5110
23553 16950 8683 17292 18721 8906 17072 21069 26086 29358 608 5376 24569 28178 9669 19455 2837 10621 29061 27827
13602 13972 1193 11437 3208 14457 1814 3080 16744 24875 14687 6648 18900 29577 2331 21600 7623 6358 2769 26231
25693 20755 2578 16315 6305 11540 3509 9222 7592 26379 14434 29972 28466 3314 16239 1134 18967 27004 13631 13391
29112 2694 12141 9946 15880 6248 12932 17718 14086 13307 25523 7260 24464 29763 1740 10062 23991 13450 9137 17549
13684 16985 5324 8348 22606 12549 10287 29534 7330 26494 8110 20113 26320 4887 21198 12136 28079 11279 4930 10234
7414 11605 27686 1822 11417 9556 4918 20060 24242 25229 2821 14869 21731 29087 18123 22381 20481 20636 28231 24794
24030 2516 27668 5866 9226 1525 23972 25356 6155 5497 21944 13755 22938 24530 15104 2136 7114 9088 12017 15590
7308 14417 28255 6701 17703 20753 8463 18321 2329 14443 21741 12941 22226 13685 14127 9223 29200 25027 2 22816
23380 8946 5931 23781 26146 16423 19344 26567 29005 19251 20866 2530 2185 17371 25337 18482 2091 15391 21769 330
7594 3399 1758 25196 15490 24967 7176 27559 27729 29384 19365 28238 7216 5851 2038 15956 5565 26871 20762 11933
8732 24262 5678 22741 691 7439 13055 17855 14606 12001 13664 26757 9907 4264 2105 83 12681 25449 4794 19206
2870 126 5497 18092 23948 192 20225 24682 23877 29703 20289 22450 24094 4399 28269 21388 4280 4015 1067 5290
24982 26040 28815 18204 22489 14793 29859 28604 29433 25743 22253 16994 29039 4585 4632 4123 22288 22497 204 27424
24553 1643 8919 14832 11016 8582 7919 8416 17633 16289 25134 16060 24702 4104 2726 16610 11780 28971 11178 13660
29784 27619 25454 1056 1743 21791 15479 14424 7167 751 10574 24299 4746 12528 7792 10156 10800 16918 8116 3282
14997 16695 7355 13188 4235 27824 1189 15490 3333 15395 11018 23018 13383 27775 22364 12500 13444 4572 29384 10502
10529 9812 18656 13692 17609 19992 12114 26067 10459 5361 4286 964 26107 24955 25269 27581 12672 1049 19433 5828
7481 8019 13635 13080 16334 29331 2326 22596 8402 11969 20907 22505 25962 20869 4041 6610 26840 16537 2698 27357
15549 22762 6043 21876 28125 3667 3993 8943 18314 21922 4915 27436 4243 12830 13199 18664 11589 1622 21290 1318
14103 29715 23353 10274 16099 7414 22580 13142 25282 20661 20781 27657 26484 16819 29113 29112 6157 25454 22741 27008
24656 15690 21344 14243 16315 19080 2354 15958 1815 17322 7918 7222 17466 20421 16107 11314 15275 8258 19057 21608
22635 6745 1659 17984 13503 17852 17481 20028 14227 1313 17312 10571 3198 28594 25213 25310 7993 12233 24653 9159
17172 421 7208 14988 28666 2312 28475 26685 13412 25149 24973 10281 22670 23664 18795 2861 18966 2455 14627 5107
29804 20275 22551 14130 3680 9114 13059 19552 25966 1046 247 5862 4547 3482 8600 21432 3661 14483 12857 2106
20227 26322 26942 28137 4544 26170 11957 23610 27271 1651 28195 1462 2983 16365 23204 27214 11188 22234 29072 22293
15595 9060 6777 10700 5722 14610 5408 28130 19756 4129 29424 13445 23172 24693 23565 20831 10065 22689 17875 16709
19669 16860 13940 22177 18685 18178 27635 16062 14840 2615 16809 6665 13438 19177 19159 14562 18455 14715 19876 12421
11152 9803 2017 3829 7297 13004 1781 24390 23187 22483 21039 18052 6969 16030 146 26949 23293 1077 22523 22529
18552 8183 28265 18017 22287 17639 6110 10636 22828 2680 7619 25016 26564 27021 13524 22843 6812 8505 5964 6012
8675 13281 12519 16097 13384 8601 18986 7119 25279 24505 25464 2617 20457 3534 27592 28112 17672 8099 22367 10765
14901 6781 27757 24884 1097 29970 4835 10748 25373 9113 10739 6017 12994 736 15164 17345 18880 10251 9393 8886
20550 4662 28881 483 2662 2563 18350 13903 7501 22322 18865 23038 5626 10793 7841 22746 6924 12977 9990 29131
23176 14507 2988 28536 10087 7431 29116 16224 1479 26726 16071 13746 20410 24488 12537 28558 28461 1911 28802 28844
17901 13672 27825 4861 2473 3264 4192 16786 11042 29472 16770 26330 13948 18090 14314 16086 4056 17389 12152 26802
29842 29504 1934 12780 9207 16080 23609 8300 17208 27473 15729 29666 851 16312 20745 26696 14315 16619 23147 21213
29408 16829 27681 18736 24520 8130 4742 21053 21220 9759 7551 10724 8068 29841 15463 25051 1362 8470 24329 10532
28853 5217 18941 19102 11696 18995 4864 21016 3242 8573 23394 20688 14699 3094 24340 12624 15739 9463 21887 24512
7337 2438 1615 403 28542 1653 12429 4928 26326 8080 14958 6929 17170 26663 14354 26392 5621 5629 2722 6671
21302 7196 21427 12863 26740 1136 1038 8790 4860 8867 19814 27110 11173 8120 22543 15486 19965 28153 12677 2710
1877 18432 16694 20492 27906 16175 8630 21849 8852 27017 1327 19625 5315 15276 29391 9336 29703 27752 23240 7146
4965 23275 14656 265 29652 3110 159 8851 585 7468 26880 22684 20268 13048 28684 25314 10385 27776 29766 16170
12153 23765 13649 20796 22741 237 20019 14586 12803 14751 16265 21591 3683 29339 27676 12864 28346 8896 26740 16697
11539 15575 8550 12467 15024 18174 17498 19273 2299 21176 22067 9593 16874 12466 27362 16860 29869 2403 3126 25276
12787 27982 1790 3055 29344 7989 7680 21780 1494 6247 27227 27760 5644 9824 5193 28357 15705 19264 4804 249
3917 15627 1078 22485 17983 958 9097 16775 26522 2769 22665 2468 26405 8947 16966 10740 28787 16560 15346 17532
29886 3884 1855 29917 25859 26867 1352 9478 16500 14807 12297 3245 23633 96 19623 29594 729 5117 22001 13208
11407 7541 4194 21075 25199 7929 24499 20845 27797 27015 28272 13387 16921 2437 21129 22140 22886 3416 2162 8109
4121 28419 2969 15968 19320 28779 9606 4793 3144 10118 28157 7620 3615 26769 13383 3491 28699 27201 6131 538
26130 15992 27851 20463 7966 8849 2484 15660 1689 9408 5291 6983 29648 8394 27807 13162 17126 1512 2248 13210
26158 7544 18501 20178 26081 11843 24474 16402 22973 3775 8566 3466 9863 23447 16167 755 24493 26574 4642 10541
9996 4900 4727 20607 25894 20263 27009 6441 14169 5660 22381 18203 13787 21059 6976 15394 8225 16029 28009 17249
14461 15563 4689 8972 600 19546 1821 21914 2565 6363 14283 29228 2220 20781 20079 25635 18344 22400 25272 25145
3530 9506 1460 4802 21550 18299 26985 13426 13267 23693 18157 1846 4428 3787 22473 7781 2157 6537 22452 25513
1500 9024 14540 22428 21570 13006 11847 9576 28 6697 2779 19806 27597 16689 4448 19819 3127 17718 20937 13074
14330 8368 15117 3464 25160 11706 28818 12742 9856 3584 5382 9522 14642 9241 7458 21848 24019 27979 19859 18410
25392 1525 29749 26709 19124 1703 27244 22926 19782 23567 15373 26460 27704 16790 9894 23566 13786 19519 24267 25705
24265 23100 664 16515 21847 25818 3654 6185 28755 493 10889 6959 9401 10355 2531 15383 8419 17837 3682 24143
16576 27348 22293 10309 20655 2910 5038 9333 27103 12675 16228 15852 5328 11459 16049 4130 11720 23425 6588 26708
7558 24931 2062 29653 1418 28780 24246 130 17392 11548 28745 3737 23973 28494 4823 151 15322 11012 22936 21528
27 1983 13360 19871 4435 8816 3420 18919 18224 29476 8409 6393 23090 404 4754 20630 17370 5747 8085 24194
4443 23925 2502 6926 5553 17138 21112 14366 12767 19845 5097 4939 13996 8826 6026 29338 18438 15418 23906 1567
17465 22773 4916 1208 5264 23668 20142 14319 24826 29063 21748 25192 16223 12876 22264 12701 22043 28153 21852 12450
9653 23261 1342 1289 25304 28701 17335 17736 6655 8985 14999 26374 16582 26616 6677 15136 25814 6001 26990 11560
10121 4484 230 6143 16831 29034 6945 17828 10081 15078 270 11297 24746 6864 1161 15816 6154 15384 26495 29724
11010 17225 14797 3710 1266 21824 20663 19915 1291 3936 4145 3612 25215 461 23317 28530 17432 4416 6330 20257
16374 16104 7912 4035 19916 20373 25782 3409 9349 17701 4188 10692 27013 19830 26391 8934 7356 20796 26423 5423
7412 23337 20180 22819 8164 20568 28530 10988 33 21698 2043 21310 8004 12902 12910 11359 29248 16295 8560 23077
29760 27548 18500 24398 12400 12389 6535 19895 21696 20824 5099 19883 12539 27654 2472 15045 18686 5224 15592 19306
21321 10858 11885 11861 13601 21801 13401 17049 17331 20268 13558 13622 1609 10624 22680 29809 21474 7028 25200 25442
21124 27175 7210 24819 7852 27818 7583 1296 29976 19441 27856 23652 8632 26525 13017 13591 17269 7043 10792 5081
4049 24234 5525 1899 25444 5492 29793 4890 8463 29919 14707 14195 16789 28586 22170 19376 20950 24671 10961 21004
13089 13170 22570 27753 11158 13499 8801 13506 10363 13300 11810 29389 4130 13162 20650 22336 8547 17653 7546 19129
27126 10188 28957 4989 5466 13623 22883 10338 22459 9841 16834 2311 21984 26900 11451 7712 13137 2241 382 2983
24231 1045 1802 15871 14626 21803 9934 658 23031 482 17276 4693 14629 12940 15393 27153 6555 15548 17163 16560
28966 8532 12365 21561 5379 13006 10240 25536 23661 23831 20166 6393 7402 10142 4307 18763 8262 6038 12731 865
24531 10841 26201 11383 25989 19761 29103 7793 25390 21175 16845 28173 4548 4674 29374 940 20434 12279 11198 6397
14715 17679 8122 14804 6401 17802 15286 26472 7401 3655 13280 10393 21289 19192 21361 15384 17860 11192 18411 29915
13279 5895 11228 10707 4765 13149 25136 765 18326 9434 9593 17848 13292 12332 10267 25104 12086 16908 3401 21391
27790 13154 9005 17193 14580 1185 20839 1291 18701 25463 15235 15026 57 10085 12443 16315 6876 21627 1105 7929
19012 27531 5482 18180 28859 15294 15927 29966 16844 4655 12853 74 6701 19768 1200 23159 15521 24386 17243 5494
6669 6490 1704 13179 14663 25930 24283 1856 26393 29352 15071 14130 23760 20865 8929 15513 16784 1097 10564 19470
17855 21309 16338 1753 15626 12473 14228 26991 17960 6393 7628 23126 9302 18076 28741 26438 23468 12590 22321 10751
18494 10038 19211 26278 29073 10918 21452 4667 23693 11688 6163 6058 14782 22711 17641 5709 9735 26467 13299 29441
23524 29126 24123 23225 12737 26590 17189 14940 26128 7379 17783 20903 25795 9899 28623 29504 15076 29372 10379 12734
7535 14837 13228 4696 29351 21105 497 13437 6960 6839 13222 15626 20990 10535 24876 20202 27710 13528 3735 21417
3475 13000 3527 28281 14664 22459 17527 7262 4207 20888 12442 9099 22351 27398 8615 28307 1660 9011 7969 14854
16793 23482 3629 6888 2832 18072 15673 3374 17142 27930 1542 10262 24282 2764 2515 11121 21571 29840 12181 28185
10831 17160 23169 7000 3750 18907 15719 26943 27755 3637 20405 2177 21915 15451 11906 10182 20441 18980 16607 28609
28281 14608 9813 1244 2372 10982 1058 23816 1800 9234 10827 16422 25213 12278 817 16798 28702 151 1865 25586
16209 2755 16272 29049 3198 9035 23014 16011 17486 22354 8006 18355 22388 7889 13995 27108 17877 9580 6447 17914
27461 23977 18184 21278 22240 18534 2336 9626 20254 11898 23840 12669 5598 13955 19824 18024 8380 29084 3018 6505
28478 23983 18549 22930 26755 24393 6511 14237 29002 27680 16580 7838 28814 1774 19558 5878 26964 4606 10447 8645
22917 19150 2862 25285 16206 3630 24019 605 11111 26239 28558 3312 20638 737 21958 15332 2675 3687 28765 14557
3874 2422 13265 21906 7010 3733 20049 4069 4044 5613 29760 21477 18848 14646 4170 6239 9641 14203 15288 18796
2260 1130 10272 12390 1095 2820 9204 15938 5422 9014 19071 15974 16989 10292 13224 20530 2777 22935 3308 7448
1515 14581 34 29565 24359 29924 8918 25234 24908 19627 16218 22051 22992 22607 15346 9744 9373 22091 25400 26453
16958 11879 24216 22211 21902 5269 26136 28964 8050 4485 7001 4297 22488 13285 3101 367 16147 22545 20753 15198
29417 7203 9876 856 13670 8290 1113 6551 23739 16393 10130 13595 3033 8936 5619 14740 29574 2321 1267 26880
5430 27108 26350 29914 19059 9557 16340 16282 7172 20385 425 3174 26623 24543 2547 20767 14468 7950 19036 22662
1337 1296 29625 1922 24905 26806 19809 17362 1811 16065 24786 21340 1959 9267 27053 25760 24270 8025 1427 8524
11795 22863 10332 16643 23619 3919 22093 18033 7853 4314 11196 27817 7126 8268 28556 21078 20424 27832 4439 22274
1685 6065 1414 9267 213 26907 26454 3816 21903 29753 16829 18663 18327 28843 23602 28657 8071 16830 17059 27146
15894 14282 21697 15678 858 21969 837 15596 775 16805 3319 25918 1180 9130 9459 21559 20889 28854 14855 18091
20783 24126 11152 4303 25472 9921 5720 6807 10835 28010 11249 7827 11074 13764 5957 9375 9843 20868 10280 8694
20106 28335 17158 21592 3204 15013 1696 23399 23615 11822 23733 4672 28508 19375 13557 13027 10929 12999 10157 16343
7243 3779 29295 29592 12878 9723 16141 10194 28536 24449 25470 21802 25254 3243 23076 1825 18636 27283 6302 13729
2063 12586 6070 8820 24006 6961 1541 5889 27036 10782 4831 2469 12083 17089 7513 21590 6783 25124 28193 2529
7763 12582 22911 7104 18908 20486 20317 14020 12303 20507 1342 396 16093 16619 15785 12582 28750 16888 15527 18594
29793 23390 7435 6038 12290 23578 17366 2794 21006 10450 24562 12926 24637 26079 1478 29302 9960 18705 9870 10439
9817 24453 12726 23593 26031 13921 27778 5183 29958 26995 22786 14439 16745 8010 1473 3076 13597 12841 27303 11200
10711 26129 21700 23293 273 16480 17469 29479 6807 25973 27704 7096 13991 11218 17710 26690 21306 25933 12596 20823
8033 24871 2477 20947 24353 24627 12899 171 20723 19466 3929 27982 6138 21437 20891 24985 14115 27002 5990 29849
1464 13451 8863 1388 17332 29164 13564 12647 16617 22960 26659 8413 29725 16648 15086 2279 6576 25093 6693 20127
10225 10996 11857 18349 3570 22595 17839 7689 961 1471 11073 925 14216 29429 29277 4891 19381 9273 21764 5985
14535 10834 11819 25904 25748 432 29960 12808 9196 5412 6689 14203 22289 18673 21731 17925 5971 15006 2157 8865
24428 5833 1834 24137 3898 20639 11361 9065 15375 24067 16576 2777 27563 28994 10791 1193 29433 20936 2312 11266
15422 13420 29616 16015 2573 22968 8090 29452 4112 29111 12976 8374 29040 731 17493 18794 10729 2959 19780 8219
4618 11360 8880 1625 5502 1485 1792 14287 16872 21450 25141 6240 20070 13199 13978 27647 1969 2581 16763 13434
18454 14943 17197 10068 5042 10477 21950 19930 21886 2641 24520 2148 24920 16855 18306 11675 9308 17688 11774 20631
22995 897 27085 19177 13509 11987 7108 13963 11199 3135 2850 5745 20062 11200 11795 2532 18914 19545 6786 26783
8307 21848 22894 4782 9684 25250 19006 4115 6705 4975 15737 1675 4099 12323 12092 13425 3704 16236 10241 21877
3753 10417 13287 21508 22523 19507 4531 21391 22394 883 15945 658 8715 3532 7184 17760 12439 7963 3601 6456
3972 15989 909 28324 23833 27558 27935 15993 26508 17264 4450 4170 11620 6936 5266 23686 24719 16999 27640 12342
13147 22440 22162 18646 8096 21450 1888 1038 16602 17503 17729 11221 5574 18344 22656 237 18396 18087 14903 24630
28090 12365 25482 23934 2662 19773 24233 23796 18775 22427 29724 26307 2830 962 3795 12257 6336 21623 15597 18435
9898 15249 11990 4151 3153 19586 11740 11709 21427 26649 3378 1371 24449 23196 18300 1462 11196 29049 25057 29000
2277 9641 20086 2778 15129 7360 22456 21442 27774 1966 17659 26749 28644 16807 6404 26569 11164 2744 15016 24812
8841 20324 20737 10699 26156 20268 28096 20322 663 19413 27358 15532 10605 24369 10609 11 29211 13040 27073 9009
23823 4331 21743 27858 28040 8862 1983 18094 18981 5774 12340 26492 9156 19150 14889 588 2262 15444 11268 1591
4648 21553 22291 5200 7533 1703 22740 7495 26211 8655 23610 158 2361 3118 21408 10077 16647 14464 5170 21300
17452 24435 13786 10479 14819 3716 27252 8563 24378 3823 16565 809 10382 19069 17097 9410 20408 21266 26087 9226
13506 17855 10063 10244 26193 7375 10203 12421 3048 10713 15042 12204 22019 3162 26993 15083 24145 5624 11335 23241
15139 12350 18865 21928 23243 4126 2537 13101 357 27285 1910 21814 7185 17147 8305 26629 3018 9652 7715 416
16346 8553 16949 6263 15246 8414 17615 9940 29623 24954 24833 12075 8962 18391 29412 11781 3068 16444 8327 11890
2530 10922 2079 25710 20210 5224 12271 7217 17505 12077 4599 24308 24825 9284 17103 19312 9755 20168 3200 21613
22012 5603 19283 18786 21858 7039 20527 22731 26478 28154 26948 12786 9167 2249 16628 27092 825 21918 14522 9536
5302 16069 14781 25435 20778 17214 8876 10684 17109 16250 28221 29178 26098 19763 25946 5197 29955 7783 10107 7605
22576 17896 10381 14384 13221 13965 14131 19621 5340 17588 2340 18083 14154 2367 17015 24188 8348 22361 7267 4901
16924 397 6242 22369 14221 25067 28154 6751 6417 16269 7465 4528 7629 4204 10777 5699 9305 27676 17671 11565
8574 16491 4027 23515 26085 9392 17134 19062 811 18287 7516 5163 4600 22172 23567 4358 9595 26286 14028 13874
3370 9945 22938 16726 11000 18369 16168 22098 6971 27663 2978 7667 13510 10096 26882 16047 908 2287 17704 14552
3428 20908 4327 16398 19391 15083 4555 27009 27705 406 4560 12302 15789 20542 3639 12384 11856 8754 9332 2469
12882 27164 1486 21591 8684 956 21133 3923 20033 28002 16091 15826 5664 21676 25773 22650 4143 23582 1520 13259
15001 97 29470 1801 8003 10113 4998 10336 21476 28396 14545 16185 17208 11474 21144 5835 26925 16596 20889 25091
23435 25087 23716 12194 21491 17976 9951 27791 14208 12441 14762 23247 4958 13596 18381 17275 3304 15531 553 4175
27298 3269 7541 8729 208 19381 22308 14180 16775 7696 2848 19914 16405 18521 28290 9829 9596 19720 9075 25663
6390 7391 2806 2703 2332 18729 19470 5735 15532 24854 20162 1134 4522 14345 3764 8004 4185 17740 24936 11678
10034 13729 24106 9206 24310 24237 21192 28426 7932 5100 3805 21958 5265 8551 12121 29498 20459 8219 5609 17834
11520 19305 29919 12637 18306 8303 16953 4151 54 9765 2398 9223 19167 12822 24393 27660 11762 23618 12996 6397
8268 15364 26834 7120 22248 26875 16010 3492 12029 10587 11745 216 7425 27988 8719 20972 26853 19939 5888 475
28940 4777 22313 13811 18441 27615 15306 28754 20663 18094 14801 26020 5489 310 25671 27983 20177 9212 25419 21612
7436 12546 19441 9208 4175 17335 1468 1377 5304 25712 10837 20938 18120 28923 16494 3111 13831 20580 25700 19880
19695 21472 1321 17305 5587 7625 24 4746 3796 22246 14176 717 21300 1020 24929 16687 28375 12329 18578 23085
9906 16620 11783 25838 15899 20916 12172 27691 734 27076 24880 8423 29126 7762 20817 12645 3362 15354 4633 4333
345 1129 6867 27946 26655 5292 16264 11105 10174 25523 10087 10401 28724 1718 2954 26523 9391 20326 28467 3803
18444 13811 9656 9684 27308 11457 4441 15565 18485 11708 15688 22582 9962 2766 4259 19622 21332 29834 12875 27082
26914 9356 11835 20616 13156 5990 20430 20570 11970 14812 18445 29911 25411 11688 10258 25585 16331 8825 16372 4518
29578 12039 20770 5052 7376 11709 1340 19461 15728 700 10829 25346 17310 25393 16856 6272 25167 16599 13488 9674
23792 6754 16821 19104 3463 13857 27289 9012 17356 1808 26718 2913 22982 19586 24953 13916 2727 17376 20247 15527
21408 5178 16380 6786 6169 3814 305 23176 14225 10129 19242 23904 13603 22818 13952 21659 25980 26294 4376 11677
4365 19305 3674 3067 16791 21751 10129 5998 19604 1801 8033 27138 24621 23282 16131 14800 18958 16546 24026 681
6240 1217 1319 5052 14714 25940 29378 2534 24275 4666 29832 28191 18224 23322 18300 27347 742 25500 4660 20981
9966 10735 2930 23810 5577 4524 4427 16712 6433 8906 1339 1176 22635 13308 11551 29511 29773 1427 15999 16896
27603 21843 8100 8788 10603 6758 2740 10797 19563 14198 27927 29665 4534 28658 25390 5588 6718 5319 26714 6116
3110 21679 7404 22906 16626 12657 9189 15254 20252 27307 9498 2280 3402 13384 11019 21113 13013 2200 25202 20451
15349 8251 12010 3939 27817 8534 30 6537 13400 24054 8040 25273 2754 22992 17480 8507 20007 19801 10895 10132
1268 23711 19904 23648 12635 16857 24807 24727 29527 6712 28218 9439 10669 8761 10800 20591 22465 21953 8416 18248
1188 14704 7519 6374 10601 24309 27422 5942 21607 22092 1488 15485 22689 27575 9609 23027 20379 27512 16567 13229
29546 24394 25307 12488 26632 26457 631 9377 27807 14048 1773 5581 2875 25390 22848 13884 5674 15925 17991 11523
5687 27809 12385 19583 3686 14111 21769 27814 13518 3894 6421 4464 9504 21696 18379 5585 22856 10090 5885 16771
7008 13245 5246 13196 25567 6912 7560 19615 4278 5652 21310 21986 12773 20722 18107 8882 13487 20932 6621 23648
208 2107 18578 10930 12239 20969 22502 7492 14445 2735 13768 8772 15706 17952 21281 27033 24347 7497 6987 5177
9439 17309 8100 26090 11970 10533 21274 2555 26664 27893 14602 6527 11962 2678 9906 8482 24076 24395 29211 13221
3052 24053 3408 17402 27523 26114 20675 16168 10991 3860 11845 26823 20863 23417 5917 20504 22471 19895 18334 3171
9702 2697 6066 19663 7096 24027 11931 1310 25953 10949 4889 2633 21555 22310 7240 22598 4891 22381 344 2061
9621 6865 16866 14041 5678 26354 10501 9008 20719 18952 22971 19858 17768 11061 4337 29984 20808 13187 10657 10794
1287 25644 28691 177 15143 19920 10600 8987 8735 10769 5927 5227 19982 27130 8025 982 18905 26905 29306 4157
2085 9445 29631 17022 27628 14541 25436 1327 1421 6106 17544 20072 7921 19403 22127 7141 22467 19179 21376 8790
27576 3725 12251 27394 228 19446 17968 24051 10289 7416 23239 11840 18514 3600 18402 19937 15074 15918 19981 17198
24312 11098 17131 10831 25459 22088 19913 1871 27521 3871 18038 25946 22142 13814 18390 12073 921 29684 11268 19332
20818 25911 6990 28503 22744 6717 15787 1738 5167 10615 20710 23738 26634 28311 533 8067 8648 7520 29430 1990
10795 29823 21730 18126 12166 18548 25032 17773 17993 2758 19462 13514 4251 23919 17292 14917 15465 13672 20000 2273
6791 2598 21825 3005 23621 12368 3596 27393 2204 21400 2895 16277 21349 27219 28597 5444 7694 26153 19645 21062
21015 741 16667 17361 22843 21260 29687 3246 13334 28611 27407 7289 13247 6029 26738 22282 21786 602 2469 14035
13291 4540 16054 4952 22969 15670 15353 13216 19687 4286 14344 2994 13179 12476 22106 15476 17574 8888 22361 15091
23663 6570 24602 3001 15372 8582 9030 28782 22466 9341 25900 5274 26631 27665 23306 4797 19406 19065 8647 10461
9644 6121 3237 10223 18714 16129 26380 2607 5303 11597 24640 15794 26193 16107 29821 19246 8504 13162 20200 15512
25124 3389 9277 22578 12947 21163 10739 29376 26516 14033 29376 9201 3341 8949 21737 20756 3867 23499 2053 18396
16356 6999 19778 9076 29171 29713 16974 12731 7597 9992 13376 29783 22007 24748 7526 1908 11205 6658 5396 28229
7744 6985 27917 11365 25672 22290 5365 13308 20563 16272 12256 9058 27257 7004 3386 16541 20858 693 18663 5872
12583 27470 7262 14277 2501 7131 29094 24185 18070 17883 10956 24770 23745 13800 14114 4511 3748 23003 24496 22034
19388 14339 23810 20203 23084 16576 6041 12538 29365 14091 12726 8726 6714 20301 9170 9750 9473 13237 29297 15640
17029 11026 23486 18645 26197 18754 10133 14225 25420 770 19189 21948 14952 21841 2960 19599 25193 22903 7492 26306
4945 21202 11823 14924 19027 16981 21440 5189 22748 7515 1012 4124 28235 8409 15193 23334 12187 4279 26799 24864
19393 14362 26660 2837 2898 22 24774 19066 9786 4527 654 4738 5284 3002 22501 24228 7836 16038 14201 23489
18352 8053 17248 11952 23413 24141 13680 12023 9950 21634 1371 3056 16325 1132 5022 8553 15061 29223 951 10561
2491 27469 18313 17511 20205 24015 18986 6165 15858 7562 17968 1346 14142 10966 13923 8304 10753 5315 24264 26675
9243 19124 27858 250 2479 16004 28298 21609 25053 2379 18546 25386 22803 10755 27091 7155 11752 14182 7876 2855
6506 27222 7858 5546 20750 28448 29560 20573 11962 23132 25989 18236 24320 28951 8652 1167 16492 2416 18508 12440
5478 13817 23337 3459 11122 18146 860 19060 17753 26540 27047 27979 12114 21170 26136 12766 7173 26419 1464 7560
21758 21392 14748 23205 9879 9818 29856 17529 411 28214 21220 25184 23406 15880 6179 18372 14867 18559 2918 17783
24009 14124 26548 20077 15486 18876 28908 10123 17732 28517 24875 15394 8648 19162 15900 11666 29838 19269 10993 20990
4204 6877 26665 19012 5589 27843 24396 5130 13098 17025 17298 4156 19208 23612 7138 27237 10205 29832 7517 10781
6709 16752 8460 14912 3838 12817 6650 3397 13138 24797 13147 23164 4761 8477 9367 7755 1538 11013 11142 2555
5001 19643 26682 6247 29283 13827 18761 17105 25112 3897 7715 19472 1621 6094 23735 9869 1245 22510 19706 29119
23810 1491 3179 18333 29748 11270 839 22923 25670 9450 24376 19257 17762 421 2770 23237 11627 8681 26301 28269
27752 8840 22569 17497 24042 6467 28917 13240 27536 13878 9139 23948 13489 19214 14961 15121 12409 491 3542 22073
4416 17643 19720 29554 16733 17883 20861 12547 26845 19148 6887 19884 1084 9128 7632 14701 8991 26865 17156 8367
29482 9692 15883 19171 3269 17349 22425 23662 28663 818 1099 17187 18685 26418 21551 4968 3763 44 3834 8034
19844 22554 4617 17763 7349 22731 27324 6652 27228 5322 27228 1287 28207 25942 2335 2273 15022 26920 18125 1773
8872 14647 19721 12235 841 161 9242 16074 19944 27121 9608 9309 22245 25218 9213 2713 26835 16636 12333 26221
24307 2101 27461 1548 21413 6362 8821 3874 28351 814 2816 19809 18637 18158 7839 7113 24902 13311 5485 27141
7880 10786 23502 7788 11212 3287 10753 11532 5385 17199 72 4710 13805 26041 11411 15610 17748 976 21555 23196
24427 29565 6699 5169 23963 22579 16175 18713 21424 6628 498 18782 2999 15940 6592 7200 22049 10459 16544 673
22452 17492 14860 27264 25424 4394 29297 1410 2789 13634 20446 22647 19876 10994 6370 674 15663 5227 22435 7069
9219 8995 3396 21673 14855 23274 23889 5949 15778 16102 29269 21880 9734 1244 11827 5713 14821 11535 1726 17288
4602 18962 2845 26499 1597 21518 16503 20674 19081 17881 8194 17695 24879 15607 14079 5603 26426 6693 24491 24616
4818 26143 28365 5627 17287 27899 24370 23894 19385 9525 7783 22747 13571 26336 11477 25379 11433 11569 975 23863
10645 24847 29522 7153 12614 24926 12536 1822 13412 9635 5888 21513 16029 10728 28421 1999 2831 8577 25977 15154
9136 21191 26351 18703 21601 13549 12800 18140 16485 14453 5531 1916 27965 21706 25614 11588
