65250
9874 24455 18914 15785 12512 862 28334 13450 24531 21553 3699 29090 12572 5310 7957 2638 1400 12105 2153 16008
23967 26206 21680 28822 6476 7015 18904 3558 12679 15707 3465 7994 2976 3888 11862 12339 10633 11175 275 1712
428 18908 25554 20138 7381 28526 21627 1242 18341 19444 3732 12993 24166 22557 19518 4240 5430 11365 7330 24770
25994 11595 17842 20448 17107 17838 19273 8695 17279 6432 1808 18014 2552 12341 616 19617 22046 17896 12452 15173
25756 20563 4998 13347 14237 2576 2885 13498 20379 24039 12968 11645 28104 19687 10655 13701 7658 7289 22584 6107
3155 17821 2233 16515 15667 15418 19534 1177 15797 28843 12426 2421 29576 12644 20441 17654 1198 26398 4128 13187
1081 27114 4913 19339 26399 13147 6202 28450 23729 26293 23861 21798 5186 15543 26523 28614 9708 26069 28530 21886
17758 2613 19057 27990 26216 14602 23859 22368 1134 12671 9051 25847 10538 10865 5633 5557 9515 23169 16989 27461
11311 28968 8260 16242 10389 22840 6153 19177 1025 7187 739 17752 18926 11824 27318 5076 14994 12551 25413 21403
12556 17241 27690 13374 18132 19399 29495 27353 28 27332 22929 15541 21711 8436 28303 15461 19046 15934 24797 17737
10105 22913 14583 25620 21821 2110 22100 7863 22289 28461 27964 3530 14703 16731 16289 6209 13460 17841 10975 21657
16261 1545 17817 26499 29034 15985 5423 11090 19064 14938 2240 6255 16038 3008 23226 17360 21497 19114 19577 29413
9826 3019 28101 3776 9100 8244 24380 3271 20790 11665 27193 19301 5868 12268 9686 26111 3555 19703 24246 4132
13219 25537 12093 26314 6737 14958 10517 7254 28875 197 7563 16756 25499 23220 19006 26551 23307 10422 14996 1053
5178 10876 15212 29990 18873 10796 6476 16219 26242 27329 25493 5409 10189 20004 226 348 11519 16588 17057 12676
1518 18540 18517 17705 14620 7953 8128 14931 1464 7643 25516 29307 21229 12740 3674 24048 14936 15631 19701 7888
15182 3215 8907 28139 20758 22535 26852 6469 25673 12943 19804 21348 12974 25907 15974 8116 23827 4716 6227 24914
550 105 8416 26071 13126 1334 3091 5338 11297 1398 23732 10295 211 20314 28901 14094 12850 9580 25205 2105
24028 5878 4450 12072 27297 28600 25737 8662 20011 21147 24566 4519 15960 29435 24652 401 21656 16661 2645 6025
12721 17071 11686 25769 14479 18681 10345 6925 388 25035 18681 28681 5490 13690 5556 25634 997 8745 15579 14168
15540 18986 11288 21265 17039 15960 11896 28406 12058 19183 24513 25870 5799 18690 12131 1430 4654 27384 12873 23443
3758 7219 21340 2186 5979 8259 2131 14625 7724 15252 7263 2709 21469 23798 4548 24643 25041 16092 26801 23511
27722 11943 5934 25000 15324 5282 12538 17182 18156 13916 10986 6099 15815 5324 24317 109 590 15071 22769 14237
18804 13782 2552 15308 27756 20969 507 20139 17479 21712 22916 17957 6955 27868 18102 27762 13881 15729 13127 20617
12800 1709 5014 15056 8679 6136 21167 20751 24778 8648 23817 13494 3585 24941 37 18797 16790 10972 16826 13360
3994 8402 8462 11256 5694 4702 17481 3479 24767 13070 22024 10887 17334 11865 10444 7831 5619 19504 354 14007
17027 3755 15105 18483 23040 5481 14685 2656 28768 5674 14916 10416 12960 27146 23166 23968 19632 1792 8828 27847
12242 20914 21884 13034 1536 13431 12400 8926 25497 29851 22012 13182 24091 22163 23033 2871 1475 23565 3181 23162
14152 11089 23331 22484 17337 18257 19394 25583 12292 5020 16936 21152 19984 24310 3787 391 29072 13918 10495 14032
23518 5251 26771 25189 17350 8401 4450 5478 21153 8908 13363 29423 4861 10460 22831 10173 27936 8995 24228 21642
27067 3998 23018 18322 13168 321 24020 14393 28546 1775 11582 23039 4225 6054 12567 2335 26086 3421 7478 17452
16489 28068 18013 10522 20198 13129 4987 24405 28389 18834 24594 12758 12963 11835 1207 7901 5421 25459 21262 24545
24011 11004 1097 23523 27749 3081 19876 17347 21329 4300 11923 19565 7579 29643 23541 10723 22052 23612 2117 839
21482 2700 27900 11658 2595 27939 29123 1815 27698 18826 22295 7856 27723 6429 4449 11530 16958 4568 11918 3339
9993 20000 5301 17607 16275 12840 17898 25431 28577 13545 22954 27841 5174 20904 6048 20062 16787 24953 10232 15716
21602 4138 20549 3901 2347 6929 24135 22798 7372 6906 6764 28492 23222 28471 4363 11848 25444 866 22574 3514
19316 4707 21382 21680 18105 11457 29884 6322 18306 18577 26476 8758 13858 20651 19900 25347 28978 17834 1787 26784
27197 20556 20936 18981 20305 19098 11106 27029 5023 14236 21608 26610 13297 7641 29719 27440 5449 645 20580 14130
29787 19746 8798 21106 629 19501 22005 8225 5076 18717 13490 21399 118 9902 27087 17199 22805 8831 22614 21575
28805 20047 1512 17253 2752 9672 28916 20736 9519 7886 15760 13618 23943 13010 10802 12168 3712 12565 21010 16473
28926 15401 17056 4700 19331 16417 20654 8623 18999 2105 28102 23673 28886 10362 17337 17606 29857 21753 10816 24733
8638 16602 21556 22362 12045 2771 10205 10311 2474 10810 10737 5713 15183 11209 13168 4380 22190 4000 11869 17051
15475 28470 19178 1540 14251 22546 27021 16920 16039 23445 5000 13428 13133 23634 14559 7212 7119 1454 19734 3872
25147 22238 9673 17652 26852 3413 9746 8724 20800 25844 25128 14955 14707 16563 8099 20550 10241 11475 20629 29251
7209 26845 9971 13518 10675 9767 3530 28971 15090 7775 12209 21083 17554 27981 19410 5669 22512 20226 3326 19342
29949 21932 9725 7547 9903 9822 6597 13263 21947 15854 4077 27434 7690 7538 29549 27477 2884 3415 11979 12894
13237 366 23928 14569 8965 8469 11053 4822 20830 16790 23715 6551 17033 18834 28899 27086 16847 12664 3041 7333
4106 24281 18218 20326 5326 26633 7121 21334 13769 27063 3913 29615 5209 1853 821 38 7142 25965 23002 10017
16405 21087 11170 7235 4467 2582 21476 12763 14530 20878 13796 15736 20753 25322 13803 29994 27920 26203 22962 22446
21949 15564 9115 29348 2103 26232 6285 18831 14547 14227 23292 9914 23656 13056 5522 15951 14708 5054 1303 11357
5181 17985 6133 20924 25190 2661 21240 10554 20106 8712 3403 27146 22901 6517 20791 11479 27768 25659 15039 4315
27395 16738 8926 8163 9064 23923 9416 4198 15027 12236 9374 13011 29458 16034 23318 4302 649 2438 14440 1284
7558 4756 2012 13600 15306 2964 3421 15323 7637 6298 1883 25261 6123 17897 25220 13096 13732 5072 23701 24819
1889 13213 12275 10101 9111 14742 29948 1129 19393 19804 3686 19457 21076 13244 22704 21911 8781 7301 17861 18060
5485 26399 21771 618 7227 15426 15030 812 6528 6027 24195 18184 10675 18010 25295 2503 18291 16002 13954 25217
25810 6850 15054 1802 21861 14438 15963 8236 27000 15416 22370 4581 20411 5871 16104 9946 19078 28244 18032 19263
27077 24939 29103 11753 13074 4213 15695 11360 24321 10858 18628 3082 29536 23414 26686 8867 5848 22094 28901 19012
9569 270 25248 15267 18389 10778 25920 4478 23690 11401 5774 22491 28018 19540 9626 15835 22847 22299 13263 5909
25895 26696 3634 12242 26907 14885 25518 26499 29713 2519 8248 18795 3915 29818 17096 3646 27340 8122 19147 13593
16578 20314 6142 2514 4720 7250 22224 8422 28383 6165 11760 28483 11671 19526 14165 24939 3071 16481 12728 23069
11596 3032 19667 15534 16986 23548 26887 18432 27096 17527 7091 15218 15510 26772 11144 22054 11911 13280 14652 23946
18075 9011 16371 8183 1544 863 6180 11960 21717 22567 19620 28607 27745 26961 18152 17307 18871 26989 9560 207
2489 9865 25039 27579 20379 19162 24765 14685 16449 18566 3411 28816 24873 4274 1001 17601 12637 1202 24528 7850
144 26172 23541 6186 17975 28871 26036 22715 18930 17230 26797 27310 28659 9963 25519 5451 22798 4206 18989 26097
9379 9658 15100 12653 20463 19407 1420 212 25496 28610 8317 24118 23794 15708 29939 14130 27466 1318 9048 15154
17041 20412 21413 2701 11828 28577 27240 19397 27594 4192 25352 20693 6071 17670 14844 20951 27004 10861 1993 24171
23921 26597 8380 22036 508 6213 14501 16472 22378 9186 8053 28346 3481 20367 16093 28026 23029 5937 9362 28893
17667 7536 28979 11719 29028 18152 3144 2661 3571 3807 9114 6159 943 12582 11514 6526 28935 7915 11596 4386
24513 2673 6397 22369 15492 14988 10335 14103 15979 19451 21961 21330 5968 8945 7891 27700 6608 28940 19541 29362
14109 13218 27291 20927 15771 496 29343 7488 21451 23733 18283 10423 15588 433 18756 5554 17129 21525 26315 22581
17307 554 19172 16517 3207 18578 21489 4108 1109 21711 15533 11518 18502 21958 24396 13246 25099 10007 2866 20250
29059 13405 22729 11732 10654 15819 2540 11015 4494 17751 5620 6133 19780 23410 27442 23823 20143 17995 19727 2895
24516 29523 20386 8629 10275 4565 21069 26125 12780 19573 48 22960 16618 9801 12366 24157 25848 2142 26682 13836
9668 16649 6544 2838 9931 22135 12652 8231 616 10618 28710 23267 6320 1159 21956 26670 19797 8617 18826 11167
12645 6204 9423 22366 1223 28364 18013 28046 26799 23255 4803 26886 120 26974 9391 19257 8330 6863 1622 1582
11104 22441 19327 12374 12576 7877 19725 14675 19832 2780 2181 5551 14821 15599 4370 14199 6619 10155 7104 14285
6571 21405 28531 4279 20887 7363 25038 12390 14388 29656 25750 8870 20954 10199 13623 15815 26061 205 12881 27686
4523 3959 23785 2218 26988 29867 6691 11587 9813 10509 19811 29229 3794 26510 24939 22782 19273 20603 13640 17326
11888 18888 26539 21867 12180 23271 19232 11862 17876 19615 3107 27075 26182 7382 19133 29186 6800 21597 22965 1820
4930 9062 21151 13964 26832 4128 1575 8400 19735 2108 15625 4389 24264 18193 16311 6688 26348 4710 2030 13514
8208 22723 6345 20861 26913 27614 26940 7669 27083 737 8208 25674 28061 2026 5526 12327 8718 26264 21596 22634
23973 18155 4383 29213 3615 21845 4505 9773 9112 21675 15651 25526 4442 12783 6535 18632 29279 8327 20287 1189
12314 6134 22684 19113 26465 15772 11982 14116 9604 7935 5763 20204 1586 28961 26271 25948 29029 23075 26445 8812
4765 25294 1300 26145 5 2066 240 22237 2754 26886 1278 4140 25416 18805 11295 16471 27182 6625 28033 28971
12435 3496 26532 20887 14649 17001 28566 16170 9543 23797 15722 6034 13008 12489 5585 1178 12606 877 17417 15860
20320 3399 25719 11747 9817 3655 13832 5758 15776 18680 14650 25276 12074 16576 27065 4685 4101 11414 28700 17773
27338 17132 25422 5242 29577 3560 4598 2672 706 7138 8739 20261 18636 2366 18899 14985 19081 22978 12357 15537
27451 17209 20310 20907 10178 15869 19861 9376 21402 18199 10374 29463 8816 8366 11399 11620 7319 20285 20021 5862
13220 17172 28168 20177 7365 7143 29733 1632 160 23510 15992 17014 19682 2907 7642 2201 1647 26179 5371 29152
8638 11348 16102 19555 6014 24814 19289 357 14407 23491 23151 5088 29584 1881 21173 1105 2948 27706 23924 8758
10780 2414 10882 6146 16690 19702 12901 1431 6642 2558 9369 13423 21188 3913 22184 1495 11614 21722 1651 19316
14073 6492 20858 14823 27702 3357 16372 2752 9495 3783 14316 28676 22383 7012 5996 23152 25383 9803 28508 15599
27440 5003 4658 4997 17547 11574 11566 15842 8627 23987 17549 6705 19515 7908 21903 5059 11126 16098 20639 22812
27830 25938 930 17529 2718 2712 16320 24363 9538 20715 24739 29348 3211 13330 21028 2919 20457 15724 15487 23564
2099 28218 7277 6425 10562 22415 8331 11156 8632 6369 21217 13807 10804 12300 12318 5954 8824 7348 29560 1022
1610 19321 14251 5268 28190 16968 20122 9792 28507 12257 15136 8246 21612 262 14628 28163 2435 2081 20522 16198
3243 18383 17374 11081 2346 22338 17943 29632 17573 24666 25437 24669 10701 4623 26442 27161 29720 11816 4978 29371
17616 6770 6451 1272 21256 16582 14069 6401 16862 29983 7611 11793 2564 25095 4579 26760 5527 17660 22096 21273
18139 16043 28777 7524 17765 23163 13044 12772 28737 25258 1461 9592 16454 21316 26507 20746 3854 12592 2054 20914
22881 10560 12002 19362 19562 9614 16121 3122 3510 9894 5048 19948 14315 6507 3913 8393 10061 20030 21106 19843
12588 18744 15211 28753 12392 8269 9076 26826 22522 20480 22137 26373 1599 955 17077 28451 11958 3635 23876 9784
24169 6583 25049 1332 28342 27543 1722 10418 17953 8737 1499 15009 21865 8424 11116 6069 18209 15100 15936 18205
20367 9606 10741 6273 15588 11435 13145 2609 3864 5013 14789 24396 9816 2460 1423 17957 13071 28627 24492 18390
20475 18816 6703 28558 14620 18898 22918 14646 2218 663 12519 8469 27054 28513 15385 3169 23264 6985 23639 12878
27043 22153 25693 16353 20843 26461 3558 3682 4212 25383 11259 19220 13690 27686 20302 28000 15499 10664 17838 13665
25038 5973 1981 4155 26166 10096 7150 1072 26038 19394 16879 9937 29531 21709 4502 20118 7682 11543 19569 9142
13322 28137 26021 10210 11882 23974 16268 23522 8729 20716 9770 29509 24258 4120 16896 12179 18635 18602 13383 1979
26079 14813 11942 12268 4343 10112 11657 21768 12571 20426 3601 14724 12521 8049 6256 12263 21964 93 21506 21370
19611 7340 27892 1264 9068 22357 14729 15930 16172 23062 13178 26053 15417 28927 4118 25484 21454 6742 5785 10754
15823 19186 8844 2144 15178 26368 24720 21159 16405 24217 13146 10731 14034 12949 1044 27433 26357 15466 6174 25863
21957 8549 18391 25726 8127 29666 25791 24404 15285 22446 7051 24704 17385 22386 5088 26076 75 29710 8440 14705
29914 3144 238 22666 18412 9245 18784 29655 13769 16501 696 4014 8705 22565 10899 16229 29097 14858 5353 281
22027 14053 25630 20557 14309 22532 16703 23446 7346 2069 27704 4594 4191 806 293 6580 2433 15992 14446 27584
19013 29172 11116 16047 9038 23780 28428 8829 4690 23291 20694 11579 5272 2967 18334 27496 2016 6729 6996 23937
24252 9298 29250 1299 27115 9546 5080 27195 26074 5682 3597 25139 23885 27971 1707 16256 2916 3926 2746 26652
22360 19214 18230 8449 16660 12407 17028 7395 6343 23606 15400 26364 19342 23204 3711 6786 20774 27770 7898 23885
4350 24328 26783 26949 29788 29046 4878 1358 22627 4302 19358 29516 20802 1385 18609 7749 14202 8202 378 24622
5933 13092 13500 18079 2719 2428 18240 10207 17999 29321 13380 13617 3702 27436 26865 26920 25220 3287 17312 25349
14356 13698 9854 6830 4740 24312 10924 10277 9308 14005 2254 6178 20687 5176 19156 25232 21142 24011 18788 26430
29900 4091 9372 10532 29441 12531 3394 10723 24659 26015 18704 23139 16429 15135 1863 25733 18286 15114 26455 28681
16792 28765 9957 18048 7622 29975 20893 14403 11214 2439 25367 25055 10745 29461 10247 15742 29324 25722 12001 23125
288 11843 8265 21779 4884 14498 3302 18153 13084 12492 12794 25089 6699 5587 7085 4897 2937 10227 5149 18355
6038 29889 29481 22652 8878 26119 16475 2895 28795 19554 28284 23286 8862 19903 3280 443 21324 2268 15459 17089
21464 22066 8066 8813 15869 2200 11802 18521 5042 29382 25706 12239 22905 19592 15585 3507 5760 23422 2895 24789
25098 23689 6224 17699 908 9013 25662 947 792 480 11186 3411 16324 7554 13329 15393 1364 26509 9422 29049
27610 418 10628 27937 8554 9745 10051 12995 4117 5260 9693 16589 21249 17410 18184 1926 17811 3589 13427 7989
15021 22347 11693 3110 24946 4113 12438 16896 20376 16681 15231 2807 28507 4204 22813 26750 27697 18242 17963 16518
17546 6449 25675 27550 17779 811 24387 17360 3920 8809 27634 3996 20380 9140 11569 5980 7483 8624 6811 7074
15211 3628 6743 8141 16092 16608 2682 7302 25445 16421 4784 24920 10168 11513 21568 10119 24888 12034 29528 888
8210 1089 6511 4913 22719 18705 12596 9529 3546 16958 12300 20925 1380 15593 305 15475 19863 28262 27580 11892
6082 28365 28742 24010 23460 11973 23252 18555 28706 24979 5603 16961 29646 8101 5103 21306 23563 8537 25 19928
2206 16674 17204 29065 20537 11962 6382 12289 28721 170 7211 21743 4559 3338 5800 1598 5622 9567 5402 29866
26963 2989 22265 27991 23402 17595 16641 28801 4326 18452 28568 11935 14421 16789 10287 9333 20347 16857 21064 24643
16606 11492 19014 21862 7790 1118 7813 24596 4278 12918 2895 10268 6562 12269 19293 9022 11880 1764 19856 9897
2651 25724 21043 8601 12197 6548 20411 4373 12212 15109 29043 7606 19757 18468 26192 5699 22839 11008 8842 13191
9528 4831 22034 25687 2359 11386 18842 14617 13466 27468 17685 26966 17639 1963 19896 9084 20233 16647 9 19534
29309 19824 2611 15922 25840 12767 28811 20318 23933 12950 26756 18751 3854 5210 15262 29924 21207 22950 7947 12638
25153 26721 29103 23089 19474 25212 20504 9426 2539 7047 24194 711 18081 4347 10201 6965 20075 9431 17447 140
10090 7170 28297 23484 1471 17805 19809 28432 47 12059 4720 14143 11461 2272 23380 14154 19696 20186 2924 10769
18123 26358 985 958 23112 19364 9681 16220 20060 28415 316 24895 473 27598 18693 3618 10866 12303 166 8311
3168 18794 14814 5436 24881 16510 6528 8110 5851 10659 19862 15184 10761 19397 1698 26169 17590 17711 11143 27737
18284 9968 4787 29787 293 2093 689 8618 29660 510 8183 7202 7817 18131 19206 28727 26055 18759 17072 27892
16260 9287 29758 29083 21226 8583 19713 16752 343 9334 6332 10776 15840 6682 28107 29654 17576 15042 6558 495
17151 5674 16383 10711 25932 21659 18314 13447 23825 5181 1978 29199 10307 29063 6775 14059 328 25441 7929 7627
17419 10993 17772 7721 26770 6861 11072 4631 6618 7479 17581 8652 2957 2671 7336 8620 2207 12982 5177 9236
11196 8135 23960 26019 13909 19493 4330 21997 5136 6648 10118 2660 22084 11416 2381 9020 29094 22527 13874 9089
13092 10753 25305 10401 26289 2452 13821 14836 18618 16830 15069 14990 23679 8072 22800 27308 25887 15799 10109 28727
3625 27449 20114 15599 21476 27149 11247 17059 4098 9616 14154 17381 26454 8455 21212 21718 7862 8289 27965 4430
27081 18455 23873 24377 21365 6932 9641 28925 17446 6686 352 13308 13642 28170 10530 2215 23701 23584 23069 3695
7620 2297 24595 27076 29559 27672 23066 21427 25447 4827 17584 3341 9775 1537 2643 8598 13079 20543 29230 24238
17160 4288 19352 29644 15456 23381 9716 12090 6806 5654 3518 596 25681 3539 22159 4327 28117 19781 26613 17424
7970 1808 22175 17156 58 17460 23282 21572 5044 13062 29188 17538 3430 28533 28736 11821 16095 10324 28948 4676
4752 12846 20755 12623 11784 5550 14976 27415 10887 18419 20053 22199 5597 5842 6558 14573 24834 2700 3468 13284
9013 17492 10211 16958 22787 10244 16928 2253 15006 9624 10797 15558 18184 5724 639 29428 9013 2640 1135 5195
11011 3688 5542 5583 11633 2797 11262 25903 27652 12331 5716 2212 10858 12957 10151 5012 3677 27647 13888 6782
2363 19510 14369 15733 8183 18011 6673 9206 752 20231 7039 1402 29332 26753 1983 5339 12812 28864 14183 2231
6310 15458 2629 25604 20691 11701 22457 17168 28517 9071 21001 19047 22035 13314 4512 13917 3199 4372 10381 6305
18116 8268 4892 26293 7648 16609 4936 18238 29526 25629 9337 21309 17976 3439 18878 12970 18316 20624 19215 23830
19212 7659 810 8485 8113 2016 15603 1428 10489 7512 29313 18465 8589 26827 8525 13357 5536 25222 15255 10130
15208 9257 29228 2860 3542 8363 24199 8299 753 2406 18028 19811 28252 22599 8283 7489 28847 12688 13421 14427
4175 13402 20944 6088 15629 1784 4451 13887 3867 1438 3993 19896 17548 29430 16787 18508 17225 20381 24245 22866
3627 18886 5812 19672 15688 24037 724 15210 3692 22593 13400 25043 3658 2560 2574 8105 25528 4498 17101 27656
22825 20279 17207 25588 16996 814 2876 27417 12615 97 14001 3103 1361 18464 5898 25576 19743 9284 12660 1642
15159 12460 24726 5302 10526 14521 10458 21558 20240 16675 1893 1762 23817 6775 22286 14132 5719 1030 4605 8318
11349 13002 24964 13986 15684 21477 4519 16812 20936 12760 4281 2317 1729 23404 14225 6485 15660 13827 1978 947
10350 19950 13573 6631 29718 10778 9501 7378 23703 12148 24700 18971 16293 3204 26019 27401 7917 19189 18976 10740
9940 4087 6534 22866 26384 1755 8613 28158 18820 2548 18403 22183 26442 11348 2249 8289 15083 22297 364 19607
27984 625 1518 618 20489 11801 24954 17210 29441 16093 27395 23227 1757 6785 28281 6600 16065 7313 98 13641
5733 21580 12328 28957 16561 11626 13675 29713 22898 27640 1876 27459 11475 17151 2805 1299 29457 6585 29344 20423
29586 23474 20474 6437 1377 22615 9521 16115 19027 13671 27388 10419 23420 14445 4047 19482 20322 22604 13986 8413
5842 9822 27815 29979 10322 10557 3603 25646 27631 12608 15337 23551 17365 15093 5962 18498 9725 21331 14481 17726
17547 10016 15153 24846 26879 23382 21143 3272 10202 3101 16812 7763 11289 24528 10922 8560 27787 16771 26878 17599
28401 19993 5852 5412 9592 28284 1659 5866 21434 23003 488 6408 24707 29953 7868 23668 2461 14788 29384 14358
4525 4106 14834 27435 17793 19355 9166 5921 8192 18871 13266 11748 19312 8546 3007 10904 12697 24489 10308 13024
28407 19019 20516 15859 5412 26383 6011 9134 478 14482 26522 1608 27135 26458 2910 9004 11015 26557 17065 22353
25121 18521 15917 20496 17093 26491 27284 25410 7514 7426 10275 10616 1587 27863 11623 10226 5102 6722 3751 10200
5000 18771 22991 15191 7609 8509 28181 18638 21665 2067 20195 24225 18422 15569 26837 3493 22599 12181 29209 8352
23573 4998 6462 7848 25884 12625 27933 3567 6046 3652 252 6258 2712 3576 21742 19260 17040 17529 12077 8391
22040 15545 1177 29296 27414 19032 6452 29195 27210 6852 16369 12170 18134 28951 28883 18725 2764 21976 1410 3198
13313 29653 23132 27629 27839 2900 8043 12491 27004 28411 775 2894 26726 4545 26176 21293 24350 23078 13243 18417
23026 5674 18407 22086 15041 7105 15399 464 29844 2008 9297 12245 18283 3188 18504 4592 17420 9357 16546 19329
28414 11125 3277 11361 5141 11038 17246 11346 16593 15731 22672 13422 7163 7077 20355 25140 10295 11964 12479 26804
25037 5412 25589 3553 11440 15737 17636 22654 8294 9753 20507 18045 20382 12157 2429 21499 3922 23691 10313 13881
10607 25833 18585 21932 24991 8373 5408 28127 8582 11666 8789 4831 17602 12367 28780 2633 16697 11862 11312 17344
3420 15287 2560 18000 11387 24398 21029 15691 7054 15559 3930 19790 2347 15197 6279 26765 4443 23846 5875 592
1364 16288 29072 4673 26816 9939 20026 27480 9278 7741 6850 13876 164 28401 19950 16177 17876 10130 15427 23504
6763 13344 1836 17558 19877 8791 8873 26289 6450 1415 24630 18252 5981 21222 1823 13453 24877 27615 24384 3501
28071 4754 12914 20997 13338 25563 18914 28939 16851 11661 28951 1324 6749 19071 2864 25277 1208 24583 13136 3767
14840 12017 21828 4743 12396 3961 7760 653 29382 15752 22591 10969 9870 1586 11575 18108 12005 8343 11170 3518
6204 4927 27861 10102 7660 21455 2554 21038 16573 7160 23130 19794 23753 13130 22310 815 24039 3023 27897 18082
4827 21334 20667 23190 10515 25366 3646 8126 5879 8498 10574 28116 8633 29288 6496 7034 15864 20798 28159 8945
4460 3033 15282 17819 12186 24857 3150 18312 23574 6279 11270 10752 25659 27341 15411 5560 18581 6002 9360 27139
26275 15860 15780 3762 22285 6852 12491 22028 19764 931 25475 1807 17329 15313 4993 18410 12156 18412 27268 6952
21715 26077 4988 11431 11152 19637 28510 26649 16929 27064 9800 11394 26032 16560 9818 6978 28315 22889 9761 12740
10224 15971 17293 7579 19597 17579 21085 10575 24132 29617 7840 14162 13476 29888 1966 17583 16675 7624 19310 7544
19058 12756 11423 2346 13178 7735 9943 2765 9998 5338 22933 5259 25674 19467 10925 15420 2525 7161 3438 3155
16145 7750 29713 23476 4803 14841 29954 22524 29587 12322 15274 4108 1595 28743 18474 17987 13826 29607 1386 21781
2851 3462 2858 4118 16948 12765 27489 9320 4822 27274 26456 6880 12229 11047 18056 1402 7325 23842 22980 992
9666 9223 9108 11471 4461 29068 21555 21839 20083 27665 12721 25684 14523 18536 9040 3459 1988 8644 2531 13754
14795 24196 18185 28203 21953 23454 17432 15059 17249 7299 13715 27629 10490 924 4735 21481 19386 348 27642 5363
28259 25765 16446 10390 21795 12229 15590 8740 15250 2750 10255 29012 5828 6376 29691 24073 10531 22508 19386 21894
8480 26139 6852 14928 20525 18166 13346 21818 21950 23157 25714 2523 12466 7831 17688 15372 16258 21382 22105 25858
10299 154 12102 10799 22107 8480 681 29653 26183 29471 16775 5936 15392 27140 10632 965 185 28484 697 4298
4786 26977 28138 9948 10304 17456 15276 2497 23181 11002 980 27202 18120 11341 15979 28780 27005 27089 21124 10072
7332 10186 11519 1151 14752 1116 21737 19883 9765 2338 76 26962 20248 19895 12046 18908 9827 29585 16423 17976
1983 25329 14949 29842 13042 19281 5498 14007 1454 6092 16325 16024 20798 9906 25047 2052 10529 12826 18631 14604
652 18950 23754 256 9821 21143 16791 2764 26655 12252 29536 370 6349 6678 18501 24024 27790 16781 22002 22628
3324 16127 20645 8286 19244 8446 13878 25413 22343 13105 13811 17046 18419 27280 28064 16407 16065 4810 5401 1659
11923 14369 3961 13062 28284 16447 11496 9473 13455 12323 9598 5026 29813 25406 6704 26935 291 23652 24558 2359
25398 22013 25385 20714 5860 18588 25674 17449 10168 13130 25392 21042 24279 12119 11112 23979 25210 19210 9783 27852
20323 21066 28653 15075 28734 13147 19625 26364 2386 14406 25693 1364 24609 5839 28150 9765 14215 1663 7970 19364
40 25108 9598 27196 29205 6782 23512 6409 29105 12683 5792 6228 10669 10628 6879 27174 21910 7806 19160 10313
265 28287 8282 7345 14159 2065 26136 26046 6384 12363 14216 1004 12906 27830 25546 3433 14065 25008 1538 25356
12731 6601 12342 13920 2399 2811 18760 8343 20780 17737 2978 19263 12180 15686 9917 26565 6078 9840 5872 25544
15042 16318 15395 21163 21582 26425 27540 10661 28242 5995 23219 21229 15756 24109 26306 8572 12588 10138 4861 7431
19852 21786 14450 7373 27731 10143 7846 18190 22605 2190 7299 4588 28607 17449 9430 13792 14933 14964 27069 4730
8446 6715 18431 2547 27773 6082 23588 21088 29723 16023 29049 7431 10248 18394 12077 26255 28022 26887 800 11777
23833 4347 22530 20114 5468 23246 5147 18015 7747 19675 19958 19322 8500 19037 28398 8679 9907 10867 4119 22198
26758 5021 11911 17014 1713 3973 19378 18023 24791 20336 15260 15685 18638 26392 13729 17422 22984 22791 2358 9923
4462 28261 20327 13331 26996 15259 25703 8074 5358 22300 26336 17532 17206 23637 24288 7966 26323 98 24898 19683
29027 9121 12921 25701 10117 27274 22150 8693 13698 898 15655 4182 6611 20461 17663 2275 16515 25618 5035 633
26249 6731 13516 20520 8868 10685 23499 12824 15211 23644 8024 29268 9945 1745 4301 2204 20202 17544 2326 28001
8681 9041 23175 7926 18143 5343 20848 4871 7348 20496 9671 7126 4868 16651 4432 23004 19944 15544 8540 10058
11190 27963 8292 19239 13466 19690 20045 2221 24515 17482 17639 2690 19786 7234 29632 18608 8719 12720 7111 13166
19842 22933 11032 18484 18402 14092 13925 17230 4004 7546 5670 9113 11904 27211 14552 19892 9809 5130 8691 22466
24146 3376 4717 16549 20503 3824 8912 24728 13806 8153 10331 19303 3907 12878 3909 1760 24764 28007 9242 6027
22815 11910 16852 9442 26614 2521 11006 10712 11506 28119 7698 19999 16544 2807 28094 26288 14068 25383 29550 7120
14329 28004 21093 21575 29178 28622 23052 28156 1150 3104 2926 24076 26732 11314 20575 20822 4789 21537 10134 11368
27384 2858 17505 3857 15719 4326 9187 26338 7883 15003 19583 29338 22798 1884 29840 14041 27165 22895 22369 1027
4317 12791 20739 11826 21196 27218 9162 16198 18854 7410 18770 7949 13350 26168 24200 9258 17978 23841 1279 440
955 5683 4285 3216 25945 13123 13250 11945 25391 14365 26576 11638 19871 26517 21366 17469 23035 19405 17713 8845
21904 6323 3906 23450 6581 13496 10528 6047 24132 6276 25106 28879 23224 29846 26120 21502 29695 26811 16312 28822
4926 10236 10059 2612 17659 310 18072 25471 16990 4982 7863 7407 15158 7728 4474 1613 29270 7045 19395 19254
23340 15616 17137 9671 21233 11790 4840 1573 9884 17476 29221 13882 6947 4244 24129 1660 5476 17023 10508 3855
12673 13652 19985 28404 4439 4298 11843 941 17532 11761 26604 6300 28720 5890 3287 23730 8073 1520 11343 26329
10333 12262 10711 14670 10155 10995 29071 6638 16223 5561 7096 13102 19107 5305 12111 1393 24479 2253 23446 4734
8981 8883 5048 9493 10903 24370 16365 12445 5415 22060 634 8223 22956 25336 2224 22477 24523 29932 14823 9935
4782 17714 1510 4881 17513 29478 23168 2566 24622 20860 12518 26363 13751 23037 22152 14320 17966 5201 20584 4869
1107 3158 21613 20295 5359 7959 19015 10196 14741 21003 4718 4398 27709 5404 3214 5812 19094 7790 9273 24569
4400 28594 14143 23123 87 11719 4058 29138 14757 14041 7058 3239 2495 25002 28140 11213 10132 16333 16913 245
22014 16645 2030 8756 24077 27476 4616 6702 116 28277 2431 24187 28989 18001 1155 23601 10526 215 4440 29348
5355 28428 1553 3962 23138 14724 23846 24344 269 10579 6046 26060 21757 17469 25557 14957 22422 1922 19710 5565
6525 11163 25445 1847 2435 20381 732 21874 16704 28199 28386 19440 29028 9118 13231 10231 3998 2639 7431 5019
12672 11384 1651 6841 7716 26952 26011 12271 12409 12765 23885 16374 17536 1425 20 13534 18679 28912 24150 3702
19547 23499 8000 12302 8916 4049 17091 14364 7332 26252 15401 14861 10657 25267 29307 4761 6570 21204 9185 14625
25215 20110 6266 5911 26943 14077 26262 27328 10222 2864 25815 22986 4777 382 18884 18831 16549 23606 25529 1935
1491 28462 493 23883 12321 16528 23813 1183 21124 8939 10734 12880 16078 9767 19839 29655 26720 20512 1000 10887
19252 26806 29537 10401 24056 16531 23345 9718 1400 11450 9377 9563 24436 23634 18284 16704 22390 11332 19445 22600
21241 28968 18408 1281 28737 4881 28141 24761 1718 9073 9064 7709 28131 14522 3640 12951 27838 24026 22769 9191
2268 2640 3471 9388 8309 17707 13835 20256 28929 14307 27713 11432 28966 16371 3552 6818 487 6099 16790 14762
14986 26959 25916 13158 14899 28267 7578 24259 23839 22390 21625 19112 24882 23424 20952 6483 16335 7633 15163 15093
516 27415 29547 16095 23688 12524 21936 15123 8934 4911 11143 28049 10538 25731 20104 20561 945 8603 28738 8550
19367 169 28494 2009 28282 21842 9783 21795 9861 22827 3462 8735 2945 5347 15414 24385 23778 6111 9025 13114
18094 18908 5192 7022 4172 18324 8136 4063 15453 10696 22807 14361 23210 11837 16056 5312 15371 20547 23958 11163
3897 21505 29737 28294 11466 19623 8130 16366 25013 5619 28275 18505 14124 7320 15093 26495 17135 16212 25213 20620
3550 15564 4992 22138 4858 27185 20592 14593 25610 9967 10331 2950 11649 7068 3129 26680 26832 2844 17281 800
25233 27608 21067 6297 9909 15179 2706 2064 23644 11656 13386 26284 11174 5790 4808 13672 22051 17951 17088 29710
10555 14154 23952 11032 13353 5167 17379 12278 27332 12378 2367 11089 12403 7530 2593 6231 27093 12959 20847 23315
10168 24897 27998 20815 16322 5143 26025 21049 706 12892 27823 5405 18447 29230 7720 2789 23219 19166 16988 2015
19821 9967 10565 23084 561 4300 27757 24091 2371 8353 25380 15949 17387 13551 25806 19424 19788 27347 22803 23389
22420 1312 19874 29749 3681 13386 15082 11962 4952 15656 26085 4109 3189 22694 4379 20708 2614 27294 5333 18176
7932 24189 1974 13826 3226 11933 29157 3058 29653 8385 28751 24769 15488 15064 20605 17230 8351 5429 18022 18493
10271 29940 23887 15418 5086 13803 19987 20397 11494 21338 8875 4653 6612 17622 22350 17777 25903 23459 26760 17806
17397 22330 363 26544 22856 6958 29729 8020 11979 26983 19366 18065 29389 26677 9429 12703 25952 26463 5018 23022
1093 6291 20849 3437 17754 10858 27327 17604 16677 7166 4025 10471 8828 16232 13233 78 6911 3264 2422 24730
21857 9419 27804 21566 13632 9975 736 2072 6226 1610 14227 1882 11332 17943 26495 4412 23137 11918 29491 19061
4696 10293 22551 15402 12911 20537 6454 16832 29079 25043 12989 143 907 23602 14540 22356 18413 4139 6787 29125
5591 22347 3092 11718 15090 8556 26319 14786 4054 23105 26358 16132 18153 21008 14749 26047 1720 18490 18852 28948
26237 29760 18654 18992 3284 17892 23837 1085 10897 11836 5952 24439 19602 10869 8878 4226 11794 28750 14091 5094
7767 12916 6277 20823 2132 23688 18845 20708 13746 29154 17780 10373 19019 7151 6595 18856 22768 10601 2547 12402
6417 29589 9496 13406 24649 18758 15405 4326 22551 19048 6349 28414 20638 11569 24221 6222 9164 22595 9748 3182
21527 25759 24682 7703 1419 13745 6923 16612 22896 8237 909 10210 28543 13412 26573 13618 20286 7618 20794 26012
25693 24863 17948 27818 18845 20509 1559 28884 20386 24753 5424 9429 14996 29284 16733 6568 22866 2389 2191 7739
1513 7541 21824 1572 22475 9950 28325 6751 7726 25809 6929 6426 516 22715 1658 25006 9034 23187 26543 1725
29119 21166 20090 7715 25003 14838 12223 21136 17226 26050 28557 29710 17399 837 16088 2412 27294 29649 22217 3101
11922 18176 1898 20124 6178 4433 646 26636 24146 5038 24984 8020 4698 4404 7012 25335 16497 18099 12726 16755
529 28617 26386 3331 4254 23810 10213 9714 9826 12806 1442 4219 13260 2427 15086 16222 11469 24281 8675 8527
16240 28459 25110 24327 14225 11503 22530 4614 18875 725 23461 26783 26869 14585 21875 23352 28968 17999 4805 8026
21291 7637 6305 26759 20863 7163 11828 8921 9006 11858 17335 7943 2136 7260 15001 17039 26184 16655 11103 4263
23060 29994 23385 19633 12702 29592 10053 23362 8970 18905 20432 5727 4512 24852 16828 13777 23611 25941 26555 18819
13755 5869 8253 21720 6187 26950 10729 15800 18544 11403 26228 5160 12777 5680 10094 17154 29142 2902 2922 25677
20351 28099 27669 8139 6357 25321 19504 12103 16720 25639 4765 11783 18791 29948 15265 20928 7546 21181 24818 5087
12420 25353 21318 19075 10999 21801 15296 29935 4725 22775 7812 14475 10138 8303 6318 4932 7590 15316 5609 10170
186 19551 12953 11050 17489 2624 10574 6063 17273 12175 25984 4810 15787 28901 10558 16836 3939 17219 12986 21656
24296 23411 25425 23092 12496 6851 9585 11415 17492 22348 11635 4040 164 18190 5757 28057 11029 920 15809 24214
20819 4668 5835 20726 16799 25250 9309 855 5197 16200 19383 12857 3294 29027 21074 3523 24887 7530 11258 23853
256 10811 1791 7414 29632 2028 3132 16894 28533 1976 15898 24930 3864 17343 10310 26868 26715 476 11672 7146
4814 20763 28748 26926 5046 818 29353 18622 26947 3525 22514 27836 29528 6494 3086 15771 6016 3628 18132 15139
16481 17186 26334 14001 16957 17491 8259 21857 25640 21937 5524 11950 12707 29355 2901 5361 18735 27321 18316 3172
4077 20607 24512 5321 1775 10679 11737 24392 18078 9949 14406 29208 22894 26414 5877 21799 9364 20527 26863 3958
9933 26985 4211 26273 752 27667 9227 21690 7973 20852 15684 24865 19139 1148 29933 24540 4337 5130 29931 13621
19387 11516 1802 7807 25832 24343 27298 20543 10923 28665 11807 25620 14414 403 9158 23331 4785 4943 20371 22067
11298 5999 10113 4026 25207 7703 11667 18942 7738 5605 4046 19203 23047 18417 28537 15846 27604 22198 18367 12811
10471 12562 17803 8706 10649 26366 6345 27930 25559 12602 24069 19611 23428 25261 908 19324 27691 17655 18409 12223
24214 18639 4930 263 2742 1846 7403 26891 13899 26096 24627 27710 25884 17868 29311 1159 20205 26330 8741 20888
29540 13082 904 28243 18060 12872 28405 1692 25550 11080 10854 26394 27638 26457 7268 346 17935 23754 22337 7574
12126 18956 28487 26114 27175 12476 26364 14761 8372 23012 19008 20009 20847 10731 21661 22844 2774 18769 29751 18033
18967 6813 5334 20929 22196 6097 11659 26274 10759 2732 28088 18992 1919 21788 24521 10813 12518 1688 1182 11254
5119 27372 14060 18481 22846 27923 16066 9388 17903 1481 15747 22438 19279 25093 29914 25663 5384 15363 7456 20786
10007 5351 19101 4209 4358 16629 25295 6441 20600 2498 19184 26208 9911 23423 11603 14791 7818 4130 18929 20866
27385 12343 6119 20013 6977 19610 23397 13290 20686 13704 5675 35 20215 26598 12250 13039 26741 2319 6236 1291
24866 14246 5727 22303 9149 4425 11172 7526 23285 10966 10654 29289 15044 9058 11893 22416 11108 17377 5076 19653
27411 7923 1848 14539 3785 29375 24326 18317 514 11514 12977 11964 6185 7941 1833 11024 15996 25500 27907 8556
22475 10592 9844 11461 16786 8016 25512 2869 26990 24339 1972 23994 11361 28352 22065 19081 1090 5219 23964 15149
14238 1705 14500 15960 3731 27128 6664 21990 28244 4733 7578 994 13202 16284 3942 20584 2519 569 12081 14041
9428 3627 15739 21907 11848 20165 1352 4919 11925 15012 24669 20720 21482 18197 6897 3671 16363 18136 21251 26485
15589 26999 22594 9661 22605 26419 12346 29069 6305 3163 5712 15028 2933 17378 11757 19581 3423 14916 14507 26316
19523 114 17124 10195 11456 2027 9123 2620 15001 1079 19923 17967 14098 22109 253 27457 24757 10105 22951 8823
20502 14989 19132 25998 18527 16391 8356 20196 8634 4468 7002 2067 15803 10830 16805 2714 7896 5460 26912 28719
6088 16364 17684 21689 25705 19452 5518 4761 23062 13063 20237 10923 3951 329 20660 16780 13418 25869 19142 12688
25159 20177 27914 11377 20733 29772 18625 20016 9411 8968 7143 6608 20838 2716 5277 28922 13722 13899 8451 25039
11478 621 6112 9007 923 13460 10189 24992 1958 13616 23133 17740 22650 29568 1824 715 23629 26458 10217 284
28480 21387 28842 20013 16162 13784 3583 10451 21722 12058 8430 1182 3904 590 9286 957 29258 1666 418 18691
3882 5886 19863 14115 13324 3397 15846 24371 5951 2024 11678 1004 4503 21932 26477 4037 4512 19906 22241 22507
10070 489 19518 13694 19799 16113 4111 10022 22002 10813 26844 13616 14702 7173 1448 5828 11663 1482 5233 4680
3060 20359 24804 28602 4876 24924 94 29572 582 27298 8521 17872 1050 24868 22222 21069 22350 19727 17085 28049
21970 19155 1783 11692 9352 19084 23012 12939 15725 21424 7104 17017 12200 17264 13454 17799 7487 17414 5365 14743
20990 16726 25388 10077 27344 2414 26916 9065 2661 23003 3133 28444 28969 29527 26342 20262 18863 3290 5858 16075
10529 21636 11823 70 21866 18652 21750 19720 22901 11680 301 29557 13133 20497 11890 10621 12786 6338 9982 8572
9859 16187 15126 1900 28415 8377 28407 15601 5809 25256 21411 21786 8948 7148 6212 4483 27576 27307 29586 27273
29183 10109 8599 5509 5894 1185 19967 20574 28158 3858 21291 16981 22651 1529 15322 10345 27407 17313 5191 25925
17273 26139 21151 19677 20425 17550 10685 20103 22445 27030 4586 1355 8660 8716 10114 23067 29592 24107 24421 21232
18978 13567 24964 130 2733 13724 21996 7463 20771 17820 16759 21347 15635 2720 1756 18144 13968 18585 14990 23214
13057 25045 5685 15825 13500 22262 9822 23957 16764 13554 14229 13663 9951 5885 13622 18952 16566 4977 29980 4680
20913 2105 21951 8375 6137 15744 6459 13950 23080 8854 14264 7417 29894 20239 3044 27813 21596 15309 3699 232
17132 8702 16332 12508 10146 3802 7620 2221 16544 22486 12230 25060 5039 28622 29306 20399 8343 23507 9534 2385
17852 5264 9499 3904 7712 96 9754 22749 28031 26615 15697 21740 24115 29572 28572 13950 6532 8851 13037 12413
22459 4797 9201 14185 14502 20992 9827 18056 29552 16432 13143 9940 20325 27486 13091 29906 2809 2384 24210 2526
9632 12678 26617 5983 5176 26673 10018 14227 14339 10911 284 24018 8384 3163 20411 5852 29905 9736 2262 19350
12367 18795 8163 24476 10971 25424 29496 7389 13987 7708 16877 4157 4620 18006 29380 16192 6897 28286 12752 25292
1862 23985 6262 8451 7113 834 12209 21971 10053 13641 3673 7341 714 5530 5629 2126 25519 5006 13858 1755
25866 7617 23538 19340 13901 26874 23749 12621 21262 18077 3195 19001 18822 17387 16768 3883 28524 20227 21131 29498
16014 23057 15222 18514 29359 6673 20560 8969 27288 593 18371 11023 15984 21185 24241 25908 540 10382 23202 28277
21092 6694 8945 4495 7858 5991 24375 6523 27911 25735 15159 9991 24650 29806 7819 7522 12724 23292 17067 9137
14671 7428 25775 12713 9975 12108 22623 2163 18707 5036 8236 9529 5400 16413 23184 5144 13361 15988 7470 9979
153 16722 25443 22647 3398 1518 26904 8278 10219 17324 1098 7650 8335 4564 22008 3166 22906 7299 9809 3073
14403 15354 21768 4298 7475 12101 2428 3785 22475 6499 26847 28102 26720 18668 2655 3570 15816 15607 23949 17043
53 1377 13911 23284 7961 7499 9753 18838 22960 5154 1115 3135 13883 10207 6865 20207 22516 7006 27628 4584
12912 25041 13341 1403 24913 15276 24861 9081 13767 11957 12035 121 18261 2672 17014 14833 4827 25581 3846 8778
19896 5411 7403 11241 19559 18345 5732 28464 4109 28567 4715 17881 4084 15676 23789 8637 18006 991 15334 18028
7744 3628 634 28845 24521 14345 27390 17351 19272 16591 17615 2153 28907 24944 14808 1002 19412 28840 2083 197
11442 1452 2424 1576 23706 6102 8015 20445 23571 28303 775 28376 20608 21687 9778 3874 16270 24284 2102 16762
27829 22989 28891 18814 213 590 17078 22302 15764 15672 2684 18587 7192 9493 10870 688 1094 29926 7821 7570
10843 7137 6340 13199 1272 6836 10698 8519 27914 12730 4422 22982 2364 10004 994 4550 16982 7316 6041 25464
13397 17696 3697 28750 12885 5058 29807 9492 6544 19542 18391 3356 29397 12512 8219 1137 25305 17230 4926 15483
26920 18752 11166 19687 5619 2600 20866 12403 19722 1025 1118 20032 19925 2375 11659 11104 24967 23054 21313 11948
12655 23720 26857 22970 17043 21587 23176 16900 18346 7185 2932 23676 3305 19423 2226 767 24360 26029 13558 19638
25230 2978 9783 20976 4475 29666 20060 21658 14729 625 4027 10426 5737 13012 7245 18242 5904 24681 6657 25998
22239 8258 14227 23634 41 4286 7505 29891 2216 10580 5865 27861 20059 29433 6175 24779 20478 24525 8358 12698
6669 25780 23071 15806 15165 5242 28451 16759 3228 4899 8035 22258 28280 25540 2054 23444 72 13231 24697 1384
27543 12959 4076 26385 18569 11167 15390 718 27600 3312 27689 14637 20535 288 26561 4412 3625 24132 21051 19475
29680 13683 23282 8288 28333 16519 4837 13138 15176 20146 17736 22196 25906 23970 7731 22507 29056 6523 29906 15584
4686 25618 19348 7252 9739 28320 1143 6270 8054 19802 4373 20809 29968 9671 23008 11696 26663 6778 24694 21789
13304 24355 2705 12095 20498 3147 22366 21796 16523 18236 28237 17567 10486 12925 6825 10648 20509 14161 20744 14696
9574 154 15653 18825 10602 5887 20850 28337 15209 18445 354 4472 19662 24726 10522 21675 1042 4154 4794 16735
17328 20499 3371 8807 13884 709 11541 17416 26371 14173 14788 10293 27562 1543 21148 8910 17699 19250 7711 10490
28424 1086 5257 20743 2514 21687 26180 13570 13830 4168 26029 1504 12767 15452 12037 29245 5673 17676 8779 4597
7005 22878 9154 11464 740 1341 13548 6394 6607 20036 15926 11708 4611 27314 18947 4500 9890 2661 2329 20307
3613 13995 143 26965 16598 20083 14997 20005 13805 53 25085 27216 28613 24332 12098 22545 26496 23951 12916 15543
24441 10471 28140 5064 10952 1074 2178 16839 28619 3963 14897 13371 20347 14153 26317 28201 6898 613 692 3911
14313 24466 9942 15763 4969 1885 14103 21839 4567 29524 23161 13582 24215 8143 14201 4648 15027 19290 7667 4037
6846 6929 4605 12870 3700 12573 20560 14635 112 13315 23561 11729 6724 18700 28610 15130 19119 3489 18583 5379
21892 18637 11957 15892 28543 27395 1786 7705 9858 13025 10232 21856 20452 20427 12742 21773 14494 3915 15764 7884
2151 5467 310 9330 12880 420 18351 28120 7360 9108 4662 14643 10878 18771 29238 21828 13951 4227 3608 3006
11450 8823 21424 13351 18218 20219 7414 6351 29891 29202 21557 2892 27408 23561 1896 379 23067 21311 29152 20968
19929 27111 59 7140 1310 12477 3851 10679 22644 9818 4902 15913 22122 10856 26532 20333 4316 9909 11846 4551
26111 23021 29103 15827 10451 29652 4579 25493 25254 23260 8843 25199 16354 26447 1667 12691 17937 27970 18200 4520
10507 24497 10551 20493 16302 16172 20546 8766 14939 21947 21074 29273 16394 17409 14583 28803 8761 5155 22821 11432
19322 25956 16221 1625 3471 7614 25122 7645 26210 27905 311 16859 15821 20106 17105 6950 16584 28365 3325 9497
29756 13717 18610 15193 28830 9699 18048 13635 18068 19590 26154 13658 24624 20277 827 28798 25660 14001 10030 13200
26064 5716 5116 13184 23440 28741 7113 10399 26791 25857 9399 22224 25191 21959 6357 23001 3673 14245 4520 17018
32 28942 12708 1780 27095 2878 19505 25377 8189 21647 2581 14724 26636 5162 12267 22538 5472 17678 19806 29766
14444 14579 19651 6611 23805 21923 3020 5473 4924 25064 16415 5407 10208 12933 4507 4078 25902 11062 1958 3415
15851 21203 28756 28862 13798 17195 24288 22822 22227 29881 19171 23856 24640 24585 6381 28114 24125 22556 7691 9308
1427 16543 17416 13552 11908 11510 29555 14824 27962 1076 24320 17165 20271 20915 6245 21613 8662 3708 2287 14349
16722 23845 20908 14806 15250 2685 23796 4039 13525 29018 4710 1829 21486 10700 11350 26970 22501 9990 12275 2934
27065 26002 1901 22181 13584 11127 28449 14844 27806 26537 21883 5522 21639 28605 10488 16768 26797 2572 21653 18325
17869 20596 2313 17006 17285 17412 28469 26295 2947 13462 15884 28299 23591 17671 26877 23297 22670 25800 7342 9244
29088 14208 27024 23306 20598 29219 5693 10095 19693 17716 7497 20571 21477 2449 19326 2086 4867 1332 27856 3637
25259 11560 8957 12665 3431 5868 12665 3390 22791 13927 28038 23589 12331 11982 16933 18520 15193 9210 15800 3818
28610 5479 22392 9378 393 5418 16220 942 535 27873 22672 18079 11073 23029 26883 25812 214 18030 17464 21685
22948 29613 27893 14266 20313 25439 23744 15642 20031 24983 27373 5451 16657 20124 28039 5734 2464 20540 11619 26074
10026 14066 25805 7594 3458 22947 2929 26194 4969 4171 24364 9574 10293 23277 28171 18694 18292 4295 22832 25178
3252 22663 13048 14519 29404 3874 14975 6784 17115 12864 28171 12337 4603 19731 18130 20637 29122 21243 5428 17630
7723 9723 22278 2846 7077 20358 22007 187 24454 697 270 26055 29547 6631 28815 155 14195 3644 7967 27675
12387 22655 23352 17446 5466 19704 21009 26243 22287 5076 23889 8040 17785 10558 11020 17851 15954 9130 28926 16107
8673 9769 19274 25342 785 19952 13738 14748 5203 21323 7211 8545 23399 29282 25017 26123 2130 14480 28711 13132
3093 26386 22761 17777 9275 1336 26068 14342 18800 2899 484 26401 17602 25337 17088 27200 17828 18652 6461 18196
8133 15242 25900 21420 11692 6508 22458 5049 20904 6172 7742 29267 25264 8472 18726 28420 3498 12186 1395 6183
3012 5729 26707 13546 19101 13515 13335 24829 25415 9371 28259 27136 24000 22340 18883 25941 28321 21910 3762 24562
25607 22625 15591 5321 9897 20728 5030 28855 13737 28667 11173 18822 14900 27971 10026 6705 3794 8160 22000 28549
6349 4253 4527 16757 28626 24246 14872 12648 21917 14669 12604 15267 15789 16249 17275 6923 15215 29272 11553 21940
24110 15259 620 27818 15294 17215 12543 20455 11124 4215 24676 14669 25851 29435 27951 26585 25583 2159 18936 11760
16847 9997 10667 3465 12075 10422 20206 29595 28371 2961 18590 23642 12468 11084 23647 1203 28685 1457 5327 7166
9703 23731 5534 10101 27309 3164 4051 24623 25033 6498 18521 13909 25675 29823 15778 29403 21648 24808 27112 7096
16961 11561 3004 13189 19177 3554 29103 1399 12676 14476 6483 10020 3194 29339 24873 6602 16830 23028 12970 7623
11777 16917 5978 25187 147 3074 1963 742 15569 947 11044 19021 6705 28010 1177 9875 23632 25501 23568 25407
6315 10636 28148 14272 22841 16834 12945 8912 22609 8752 12276 26935 1658 18423 4974 25041 16878 18145 11972 1987
27135 15973 870 12580 26226 17230 6999 26411 5893 18156 24697 10371 26353 10270 27374 6244 26215 9587 16718 24140
15680 4808 5310 29419 8477 16869 21922 7717 6515 1949 4993 20647 3172 3458 1020 14090 6775 17162 15606 17517
17561 526 26391 2213 23791 27566 24167 9423 3128 9584 2696 16992 1458 11605 10345 27294 1275 5221 21240 4499
1202 14752 6634 26667 24039 10103 6844 15279 15452 10035 10620 13569 4526 6375 8305 21076 11988 10038 25617 5958
15680 26493 14743 4738 27573 25318 14383 9234 2402 24993 25323 21342 12401 18981 19042 2441 29036 26741 15545 7163
25082 17400 11990 23344 19169 14562 28533 18412 9528 5266 28401 12657 7103 18544 17563 10122 28939 1190 25265 13207
15666 16125 29699 23799 16538 6077 8758 10763 4665 12472 7986 7120 1094 12659 29645 8849 17360 12159 25023 3735
11088 5598 5450 660 3371 14045 25887 9176 13473 7999 472 29991 23314 23037 7640 3699 27010 16031 12467 18148
23557 20405 5154 21895 21846 17370 12895 7485 24155 13319 15813 1516 4175 29668 6236 2082 23873 17980 27175 6579
894 3253 14158 12268 22921 17231 21747 21400 28863 14810 16149 10247 21588 20390 13179 24781 24047 26325 27811 14825
20245 20617 27203 23835 3817 6925 13580 29896 14589 29202 11405 25805 28764 13202 638 21081 27516 8154 9142 25882
13872 6319 19419 229 3071 25922 23800 23428 26335 16855 16061 29868 17881 24867 11985 26298 21347 12986 29788 22623
20070 24352 29329 22088 7496 14716 11462 29501 10811 5789 7659 24272 5765 20964 1980 1541 22970 6078 25802 22626
9629 19578 1044 1473 22779 29595 26679 8405 12687 678 1577 6174 27447 12078 25516 11224 20313 2841 6216 8995
1212 2343 9020 5648 8841 23785 2040 4044 26110 22570 19137 11130 11523 29595 11487 19515 12254 29912 23797 23229
11457 8482 25928 9826 2961 5537 26914 9699 11506 22707 11530 26130 18561 2776 20036 1398 3309 4722 28935 24634
7370 24998 2600 5018 17480 10459 5714 15465 8545 405 18565 23816 7416 5074 4065 19459 28813 11549 20132 15093
18710 22425 26975 20706 13163 29147 9737 18005 6739 23842 20743 29556 18516 26302 2382 17835 25570 22011 4784 9134
4138 1542 3544 18641 1752 19638 13869 26461 21397 23063 17125 19697 20483 13352 1359 29613 19108 22883 5629 20631
22293 25672 16164 9139 576 19886 22579 24635 7901 18055 16819 1217 11257 4749 19166 821 15167 25810 890 29955
3697 15701 5678 6478 21848 17277 1754 4458 17869 29015 7740 20915 4927 9623 3815 27134 19021 22911 2169 1387
25943 29117 872 29750 14555 21946 19582 4477 1688 14212 23229 28248 14551 7916 15674 11562 1017 17788 20809 13815
25744 11287 6189 7964 23435 22579 542 28579 1562 6147 23861 920 24059 26866 24590 12112 122 1339 515 13049
2591 16116 7714 6386 15017 11547 25983 20875 8159 26993 2393 16449 8942 4195 29243 24891 7577 14628 19754 26952
12798 2569 20155 16048 11340 21429 22519 17034 13235 22073 4296 25947 20320 4713 7479 462 26919 23995 14622 29544
10566 15771 25998 12340 25669 4544 20357 16749 16196 27773 22266 18715 13629 17967 23306 13525 27118 11542 20579 15698
23580 7558 3509 2365 24699 23471 26490 27085 11881 22541 19215 10729 11084 13985 16882 24951 8632 8655 13965 10428
14126 28395 13020 14332 4135 10612 25694 7495 16251 10758 9955 15444 12225 18835 26654 5383 22227 7985 21224 2898
7305 10548 25015 5399 17763 23443 3866 13657 29780 15807 2901 13585 23627 24964 24857 9218 993 11356 8126 24230
5198 9456 8682 19732 9189 6067 19748 8655 266 13333 1652 15058 7791 29568 18545 10569 6007 21878 22113 2148
15237 13961 25555 5938 18459 22349 11222 26107 12177 7789 8127 3135 28848 3946 17652 19208 28218 15329 9561 6112
19037 14060 25023 8335 6778 21779 14785 24041 10651 16062 21292 17872 27396 9662 28092 6417 19276 16728 685 29514
11034 6038 9064 23574 29942 2030 9852 28008 20143 19392 8450 3886 4588 18940 25862 1195 28680 19927 9323 16253
11180 6322 4932 25091 27819 4872 2613 570 28898 10952 10985 27322 1888 17137 19420 22034 15014 11706 20757 22600
15250 20057 23257 18965 8473 5149 21868 12349 22934 1296 10218 6635 9592 18854 8686 10826 18952 17191 26353 13154
17515 27784 26476 7374 29438 13994 11913 24770 4853 20437 8952 18038 5994 29577 17827 1930 28371 22419 29088 1800
14620 13485 10898 1186 18421 21309 13281 14081 21136 19646 15648 22127 3090 21216 23026 1865 22829 26283 26972 23558
12183 10686 3331 4204 5302 19019 25378 13713 10787 15497 26016 21173 17915 3832 3463 3773 10996 15524 11020 18071
29536 3458 27581 29076 16421 19700 15688 7561 11652 18411 29216 9613 18577 17333 27357 5279 24243 18799 13355 21425
18548 25925 3849 16004 23378 22776 23335 15566 6397 19928 27220 14380 15905 15451 20832 28867 13602 16415 25690 15370
29408 26114 18984 8728 23097 17492 4912 23255 8966 17793 19879 1230 2810 17561 9869 13921 8372 7688 22209 23492
21400 9743 1403 24981 13487 23220 20682 27969 21493 12177 7858 23582 28502 1744 7609 28572 3271 27499 13453 19207
1703 16766 3780 20990 22069 27188 4290 1155 28753 22953 20588 6339 9137 21066 28294 15701 7163 4038 24420 12164
2384 27493 20274 12486 4895 13753 15027 29133 3572 22095 15632 20988 19111 5283 17909 16658 18010 9747 6488 29267
8271 11569 406 7801 28212 29623 11576 27326 25324 16641 6502 10699 27193 26737 3892 13954 28276 28011 4101 21550
24541 1382 21125 187 28889 11998 957 228 2909 6055 3595 20454 18116 10023 20357 9726 25806 24281 19976 16704
3341 16322 522 12521 15510 19742 5812 19013 28472 17914 29574 29118 16886 7865 12321 25724 12899 2600 2496 16262
29197 16633 27492 24518 23803 9932 23359 7960 24174 20421 18597 10954 12548 14155 15184 16905 13518 6880 22829 19624
12149 1580 21819 7529 5845 11129 14249 15480 7114 23353 28309 18570 14884 360 6129 11542 19400 5267 8943 7453
24187 5837 24072 19241 20499 18205 12942 18963 7321 14721 24644 10090 758 3843 13614 22715 1669 13916 13584 13227
15709 8537 10160 3372 592 14515 475 27415 23342 14182 8616 4853 8536 1539 687 2959 6704 24701 8094 2390
29772 14776 17453 24351 23624 3924 5605 21759 2399 1173 778 13160 12142 14281 1246 4620 22712 22038 4881 8613
5289 24306 9702 16769 12398 12497 19115 8709 17822 8949 9549 12471 959 28199 10565 20187 23596 16599 27894 23756
11179 12059 11766 16430 23675 8517 23448 10903 21333 12070 2309 864 9850 23666 24 22004 21410 10172 3745 27748
7665 9694 23061 9775 7488 22704 7053 22597 11489 2877 25034 29231 10184 11645 27300 15347 9037 2747 3057 28976
17651 288 22366 5129 9692 6370 6063 25587 23656 5237 12803 25536 20805 21865 2840 3133 16602 22317 21842 26987
12118 4978 18908 1251 15970 9602 4629 10535 15053 10354 16761 5343 28009 15622 27903 18516 18128 5256 15582 15016
26424 18343 27488 13088 18728 29944 14344 2800 22781 14844 29217 25093 14166 25790 8311 3042 14956 24649 25641 12214
20673 23202 7249 11934 6111 21505 20876 16101 944 17751 6026 6716 9457 1200 10990 7667 6884 15921 17194 24316
27954 12576 18830 22605 27941 26960 1722 16072 17906 18426 21729 12973 15376 24521 7972 13292 21550 25583 14648 21976
1838 28267 831 22806 4981 22783 6501 12320 24950 9946 22162 9534 20040 3304 13767 17945 6314 12646 16248 2857
5678 20312 1623 15441 16334 9331 6866 5546 7598 15296 10182 29382 27988 17819 5498 20907 27451 1874 29507 19781
4815 410 15772 26862 17127 28204 22087 71 6767 2068 18710 1685 29125 27513 3098 9496 24335 10660 12595 7393
22972 746 13529 14961 18194 27198 20682 25936 28628 25346 9515 29521 3501 20341 9316 10012 11207 1399 20351 7751
17587 13007 6073 26254 27493 163 14767 19969 27704 5990 6527 21737 355 4251 22445 15682 3497 5634 18308 29337
28954 6530 27084 22161 12373 28229 17348 23615 14930 24425 18721 16956 21252 19310 7821 25658 19057 3290 28600 18513
2222 3112 11966 14362 28218 8872 2443 16135 6263 25679 11089 11825 23001 5992 13534 6444 15611 14008 26811 2743
24971 7905 20885 16887 19492 20552 17578 14749 26389 15712 25248 13819 24149 17184 4208 11897 14770 3755 25031 1052
3789 4379 27628 9063 13117 15707 14103 1019 15213 11008 26200 25989 22 27503 23861 1607 19199 2907 2133 18184
15446 3981 17149 10175 24163 1244 5333 27637 11988 28196 25575 8954 21885 19811 4018 24942 27758 17511 23886 13134
27351 12642 269 18386 2834 25217 27481 8267 3422 8663 23919 27449 5017 10584 24167 23708 11352 8260 24745 20412
8245 18821 8933 13742 12176 13371 2051 9561 20310 13550 25182 21435 27812 29783 9080 5232 26538 8198 21511 23255
24283 29312 18604 26698 8486 18218 11929 4654 17848 18518 15804 11603 10978 3000 20408 15758 26488 22017 18908 12066
25409 12474 9351 25092 10550 21566 13286 21571 22841 21629 21217 6778 12139 12905 24272 16816 2971 20537 29485 5159
3137 8174 22957 19815 25344 20067 5823 6779 22945 27632 26062 10588 27460 11820 21353 29237 7365 28682 27159 26370
7254 9300 15429 26836 8819 17264 26150 3699 17000 11673 28878 28020 239 9847 9907 14235 26561 28841 16389 18116
17263 29767 11221 14914 13171 13823 3339 15429 14183 6492 20721 29673 10854 28932 21334 12441 16687 122 18106 18494
5370 16812 8898 12697 29231 17549 906 6195 24407 10089 22663 22254 19719 5632 147 21323 28707 23216 8619 17575
5369 11375 2785 12525 10210 28224 3742 2943 23466 19541 25785 13374 1593 29485 11162 11235 14727 2354 8886 11615
5402 7454 22504 1604 21601 29940 3995 15361 27780 13866 7104 19496 639 21241 125 28631 27144 22605 16985 27832
14358 18643 1740 15519 26848 14494 27421 23106 7309 11012 11058 29383 21997 20452 15043 28663 13668 1877 26730 9986
15767 19205 27131 16410 9289 13624 5674 4118 14550 1036 6633 20024 19305 3276 11484 28288 16955 120 15226 11864
1763 18606 13443 19370 26625 18419 17532 25567 5090 9159 12616 10120 27430 5048 9576 9807 26614 25839 29546 6840
24062 23831 19262 27055 20747 22448 26585 12026 26905 29936 23459 25766 28555 12149 21147 6585 22382 6240 29158 24281
9324 19052 2531 21451 8456 19099 11157 5822 4415 26778 7306 29220 4009 29150 27363 1330 670 3270 17639 1280
18670 22679 5356 7780 24635 29406 28327 19249 7037 21815 24383 26261 8651 22082 9239 26099 25346 12660 24244 8444
15075 19044 6145 29722 18721 777 2934 5136 777 22887 19713 7377 5583 1712 2537 13368 11055 21968 5310 10334
23743 26463 8399 14123 4147 11004 15634 27073 13971 18734 7874 8654 17993 6126 12808 16578 1881 89 21444 11100
2247 29035 2243 16674 3181 26936 20084 14146 15394 9822 12233 19834 9249 13340 4803 13207 17042 15497 24080 26568
21740 8587 10001 22304 18477 15651 19052 16043 21218 7075 16908 26810 9807 655 16889 27775 26153 1673 22649 12381
6070 18458 301 6473 12817 29908 21367 8047 9378 28254 4336 10041 25527 26167 26171 21147 28546 18079 3431 1742
10270 20593 17768 1038 2463 27006 24042 29654 22575 24618 17709 16683 9836 23497 17713 3656 23444 22181 13451 20026
2005 29750 451 8554 10296 3122 24326 2303 22499 19358 24642 28866 9296 22356 22421 18860 17376 8079 5676 18779
7814 18823 10698 4434 25969 20060 10323 9177 26447 10595 19165 15106 11208 24854 22849 1099 20973 7677 24145 10450
8665 25806 18014 18000 22654 10611 13889 11690 22648 1962 13278 1047 14659 26216 24782 12118 1022 12783 13908 12704
24194 16975 28125 27845 16902 12900 10432 23968 7932 25959 1868 26885 14609 5396 16265 28261 11718 16641 2252 9783
14545 292 28230 17461 9073 7721 3978 4379 25429 4363 15798 27280 25902 17143 26698 7304 10547 3794 23643 2455
11911 16445 8614 6533 14776 8081 22424 22829 29205 17088 15717 19643 18489 4209 23857 16165 19601 5898 28701 12827
12616 5708 20749 5590 24417 16474 172 15013 9271 6552 6925 21676 12836 23957 4055 5007 9333 27119 22337 21897
7251 28376 17429 3723 19208 18130 6455 4049 15647 19819 10852 3487 22217 8620 11012 26677 20784 7082 24958 1109
4037 13759 26230 656 6496 6472 1138 533 8926 29863 4320 23555 24292 2473 19982 2348 23807 15361 8951 19083
21332 27922 20965 17071 10426 6213 23613 8554 20572 1253 9116 1835 15238 21532 10174 3566 12940 9241 18784 15792
13007 10541 29574 20485 23401 6444 153 1740 22285 18966 9645 19904 28452 20641 10348 1722 3406 29281 8694 7460
4079 26305 13307 9983 437 23608 14728 23499 15263 15242 1853 24771 26722 15898 16164 1502 23028 7673 29661 7025
20347 9306 23444 24575 22864 28055 16252 17998 21821 19391 15497 10281 3575 27168 13996 27927 6258 8617 5265 25818
3769 17966 1111 9165 24432 21345 25217 13268 2687 8023 12816 27970 868 26847 24312 10831 12185 5297 27602 7551
5872 28986 14815 5746 13979 17794 6750 8475 14045 13043 28617 7796 24445 26393 14092 29080 2688 27105 24966 518
15130 25107 17207 19578 19538 21612 21848 15266 17549 11872 24120 11172 22870 11566 2838 2812 5152 645 14464 5772
7915 23299 4173 1496 13756 15907 21495 28824 23160 20192 10405 9863 21751 5951 6074 7677 22430 6035 7274 29658
25576 20213 27606 3018 8121 27857 10129 29980 4853 23215 16244 10631 25547 23057 22912 2145 9967 4349 10233 28143
2422 3193 16488 2004 25980 5031 19845 7144 14576 18413 18445 29455 546 1332 28602 2175 394 716 27476 15244
22827 26062 5776 25769 9101 23319 2148 8366 3248 14163 11123 2461 23572 25880 11284 15033 9769 29144 6951 3836
12227 27693 2760 28725 26154 24765 28806 20000 15863 7792 16597 11870 25081 8534 2566 15734 29591 17508 5577 10201
18434 18305 25797 27823 17205 6404 26800 11560 26250 21240 23350 5401 20125 18536 14867 17639 16554 23402 23632 12872
1205 4165 14306 7016 14525 8915 17621 14933 21574 20487 27147 21184 13462 25944 18861 27507 18546 3142 5070 2703
9611 14784 17971 17479 21219 23969 19591 28935 29114 5252 9281 7184 3752 29846 14343 9390 6528 5697 9644 18818
15489 15621 29489 1617 710 11228 332 15246 7877 7213 24527 9850 18557 21131 16631 2051 11400 8041 13273 22144
1062 8656 26769 12441 13437 4045 1063 18845 19382 21018 18977 17862 8067 12219 21083 18266 25789 5550 16568 12370
20145 24215 27061 13232 12797 15959 22990 11370 29070 5875 19884 13800 4255 5664 17913 21905 25257 28833 2673 1999
29895 11758 19891 18394 8698 14299 25723 19993 10998 14098 2898 3660 18483 16364 3513 8694 25079 5929 28750 9726
15327 11652 9589 15274 14078 26961 18307 19660 6800 15852 28736 29657 28520 20171 13881 6798 6121 11164 21323 15030
25190 19850 26757 11430 12361 15675 15662 26100 27305 10559 1172 26831 19104 26281 13318 26697 13147 25217 10395 18569
27263 19392 11733 18087 11213 5006 22497 15020 23524 25587 25487 11981 20199 29681 4984 12091 6340 7167 25152 13856
20262 4280 15239 17413 13236 11608 15793 9063 1720 10995 27936 13211 15735 14205 8450 1641 6692 4261 405 7289
1133 4967 16358 9641 14864 29585 29861 26211 18036 7352 25223 18635 13827 21291 24634 9405 4032 20885 23559 29810
2052 4976 2044 18910 21326 8517 28551 5229 27105 3926 5722 6224 15149 8 17005 4068 26130 9416 6226 20075
29082 14582 1223 25048 11740 17008 22649 12423 12105 10675 25149 22553 1587 2590 639 29574 19647 223 25392 25298
901 315 18544 23341 17164 15269 20122 10603 18969 11779 16916 10053 288 29038 15305 8474 2656 27130 28611 14963
18041 8024 13279 1703 13150 11469 21969 23459 17369 13016 7903 27504 12926 19108 8579 22952 14063 20173 18144 29866
4639 4947 26992 310 17944 26741 20265 11051 7730 610 20858 16026 9615 13359 18221 19199 1630 21100 14094 3036
2507 27064 7100 26730 11636 27131 3949 7263 10377 11302 17764 5397 13122 27805 22781 13316 13013 19637 16768 25007
3647 24565 20364 2661 14709 4901 22248 9322 16397 6408 6149 7938 20220 25535 15920 7267 1920 5566 26909 28637
4228 21761 27418 16027 2526 3504 10824 10921 2555 24832 15661 24595 4314 11504 22680 24895 13905 9699 21901 4126
9241 1751 11772 21882 10933 7586 25807 320 23911 12486 13630 2145 19650 27204 5845 9860 9964 14515 25647 18766
23528 29139 12184 19018 20896 14958 18313 218 28467 24823 2981 25601 27803 15429 461 10120 26811 12174 3878 21355
11036 5103 25200 20518 9316 28901 16187 25566 21753 14616 4392 15629 761 5073 13769 17110 15827 3660 21723 10914
14510 2610 17219 28875 27814 13970 14205 22196 21375 13082 19070 12063 240 27442 8469 20145 2913 5763 14229 5128
27963 12402 28505 3127 28182 6268 16699 25958 25539 18623 26683 15523 11236 26315 4370 27087 18200 22878 24012 7355
15708 25784 14849 11526 1859 3713 9426 7564 8497 17226 1376 1388 22560 21919 18550 8673 26853 3825 24851 6255
12521 1577 8009 21875 6359 3451 19539 9855 14947 18908 2103 2179 12536 4360 24887 22697 23225 17667 19807 9492
18511 26095 17007 15307 7783 8940 3117 28061 18971 23925 28534 24989 23294 19835 28073 24019 4680 15835 6168 18928
8582 300 20497 11502 9142 20740 20103 17379 26663 26243 3653 5828 17766 11461 8217 5327 22544 15143 19862 21464
1445 19984 8805 16073 7971 2780 4100 16942 25689 22257 29841 26881 2114 18981 8487 696 17749 27314 183 3460
25010 1440 17463 23464 22721 10866 29259 24290 12390 20843 6147 15387 24183 19752 25413 4009 297 479 25914 14751
10293 9175 16593 10272 4728 26462 26928 20312 29290 26688 8129 6908 9169 11216 20316 16355 6028 3453 8353 21920
6320 5688 28681 18812 10419 29706 22883 1834 16344 24990 13612 7056 18203 22114 2493 15306 6129 27247 20488 22719
15906 20219 7594 11982 13861 24192 18780 6119 8381 1653 139 8904 29245 26121 27057 17897 15786 5381 25695 2268
12743 20740 18373 27056 21044 7193 12192 21320 21285 13556 24556 26188 11573 28269 10888 23543 19796 4093 12707 12012
10082 22230 9831 9009 29665 23124 16318 24669 5594 16362 7500 13462 26153 6408 96 1526 25779 19516 17429 22753
1269 27032 2305 20528 14707 4551 22676 1283 18066 17095 7774 6246 19763 21049 25373 24731 23995 3785 1837 21965
25756 3992 5310 28143 6130 11958 8330 24041 6177 15732 24181 5266 15655 20151 14542 24607 28306 16270 17282 4263
29519 20596 8926 23239 3752 8022 27490 19805 1067 28307 16439 14743 15943 2213 17495 3344 8545 4612 797 19371
11104 11200 15453 7402 4824 15842 28404 29328 7913 20373 11783 2252 27176 5990 4210 15990 5086 2032 25261 13495
26777 20972 13570 20651 22037 21151 17668 19279 26311 25871 2444 24920 6927 13824 18616 5278 2176 7477 26788 16138
15430 29565 29713 19439 4528 26564 29098 2746 27066 10263 1907 15045 19751 11698 24064 6209 10937 13495 24525 5283
5130 13665 15866 1663 28087 29897 20327 3949 8522 24607 9066 11168 17748 27600 16469 27641 5934 17835 28502 6513
4178 12166 7902 15305 1696 24819 24383 7474 29755 6894 21042 28612 10862 23867 7806 27399 13077 18236 758 14415
23601 151 7381 16285 5401 12064 14937 26547 18405 6900 9586 24305 10193 18862 673 17816 3884 1903 4419 18961
8295 33 27070 7592 15889 19099 6556 22676 25231 10342 14748 20629 7168 12964 3327 14857 19902 4302 14881 6234
28590 13143 12949 29324 12851 19148 8214 28055 18209 18948 23125 21617 26928 2338 10390 7319 11747 12480 29665 23338
21261 6486 17010 27549 12419 6125 10952 19188 19317 29371 4242 1398 20697 16119 3058 20433 28880 10259 19653 585
23866 8679 12820 6084 15202 23781 8780 22464 22659 802 10933 6186 11757 3226 20630 28931 23527 28622 10044 9746
24318 18486 12889 3087 24146 16428 10349 2067 12998 6536 11524 12643 5191 5466 14132 18055 1303 5526 6080 12467
20207 26503 15865 13778 10813 21603 5781 7665 11882 29662 24062 23179 546 20270 18806 8386 1393 3947 18343 678
17499 20445 8781 23331 15093 29478 10487 4284 1698 24144 4331 10459 12891 13727 14303 1493 23953 7334 5698 18265
20193 2311 17641 1879 23174 13458 18619 21320 9165 850 28828 3394 3458 17762 29282 8009 13031 15002 26964 3929
16716 12220 18705 11121 16005 26238 27809 9899 23715 23390 20805 25851 6429 24570 14471 25632 7379 19742 25619 2414
23130 4912 4992 4580 24861 11544 7966 4222 17775 7847 27387 7329 25497 20228 14795 28715 15092 24711 23038 11237
27198 1808 6728 29233 19423 4605 3121 8764 26514 18453 22340 27169 598 22020 15178 10174 20090 24383 21215 22128
19585 5523 9369 11522 6620 28748 22005 6324 1739 20172 9288 12088 24493 3668 2883 23917 25598 9804 17994 14325
1945 22408 26599 14004 12110 1469 23812 8441 9845 17602 15994 16872 21866 27809 4181 7962 23189 19559 21644 6109
8733 12815 24722 3550 29319 1504 16991 21847 11175 6533 7308 113 8197 22006 26993 23698 194 20281 19370 7255
26601 17306 20026 18601 23530 6977 16044 3004 22527 5630 22736 24709 15139 19662 23354 10561 27427 18055 14555 7829
8565 14626 27940 26198 12747 27379 27396 2452 10581 21425 24774 7306 2471 20730 19424 263 11509 11519 9124 29392
24940 4949 26852 3372 8685 5507 14589 25236 22382 29024 16353 3708 2049 5709 18552 4109 15630 17956 16692 14074
5970 20202 22525 13746 18288 23127 8088 25817 6779 6886 7168 21226 25817 8836 29533 27160 15823 28392 17825 3415
13707 18202 27918 1674 28136 525 8225 22593 20041 29399 5255 12191 29841 2310 15174 17321 18846 26843 9276 21392
21316 22647 9352 6108 23999 1302 7684 26665 10646 13578 2708 20229 11241 72 23175 5792 3322 16748 24588 12400
16529 19463 25581 3977 183 19441 9247 18635 26231 5777 19489 26215 10062 23469 372 24713 19209 7967 9923 3431
13771 2490 17494 27888 18565 3580 7997 21003 12260 21449 10900 18228 7050 15794 15060 4747 29903 4676 14515 3135
8982 20461 248 3506 16926 7609 13654 4571 2462 16518 16278 22661 7864 20016 27545 11670 22406 25437 29935 3812
3395 20979 23816 23847 29557 26267 10442 18284 11532 28011 11189 4211 13803 13092 10727 18316 16538 19034 22067 7426
22670 7491 28082 29154 9005 16229 21908 27480 29059 632 10557 10312 23501 8983 1988 23691 12158 27023 1888 11675
2051 7635 14590 14680 7084 25958 15156 16937 29406 20454 16802 9948 9172 21583 25201 20262 5668 4708 1907 16727
19603 11684 25257 3984 24826 11446 8907 15661 23182 8620 11573 3471 14921 2257 25697 20860 14587 7106 18657 17673
12694 9916 4210 28617 15740 24980 27932 2286 10956 13033 28474 18810 808 12907 7585 16567 10861 29324 10906 3301
14254 22815 6798 674 15883 6236 28566 13865 28530 17057 20561 12541 19678 384 14654 14930 16793 21294 28677 14672
515 8844 15379 21809 2820 29919 10590 905 19140 4291 5933 28406 13760 26164 7857 7116 18108 20639 9160 56
12985 29861 26680 19490 4529 23432 1936 10839 24195 20426 19408 16185 22511 11775 2855 23095 1564 1041 11487 14944
24318 20904 19749 18640 12582 21521 23855 17040 14441 7407 1054 12534 14256 4347 7498 15722 7990 9294 26383 29401
6264 23462 7680 14543 4598 548 25660 6649 3635 3324 16453 14735 18933 29772 13037 20110 1323 729 4395 2617
17878 15987 15384 12225 5795 23385 26635 6114 16676 6793 2651 6620 14473 22870 434 24553 6327 4914 16415 25238
16780 26666 24410 14174 4988 24847 20624 19717 26539 8733 15796 3214 7911 23870 1585 5986 14553 26967 29179 28204
24790 6719 12125 15914 206 19279 193 14666 19900 4170 5058 1366 29435 20686 15658 20801 14121 17505 7606 15994
19928 10572 3973 22795 15714 1210 18771 3771 14921 13950 15754 19509 5126 10072 21193 25688 5586 15621 283 24744
24115 12560 23637 6600 26610 6317 28726 25751 27849 26747 1658 18066 1668 7912 9556 708 23977 23834 4674 23248
21984 4648 4256 5302 24140 9204 5558 12936 8266 10443 13454 17820 18903 3023 5447 4888 4205 13382 27442 6768
18841 3375 21771 9705 4633 15236 6804 14177 12219 18895 3038 21412 7806 4975 21541 8979 19124 9602 14182 12419
24114 4492 5110 10121 3706 2926 25980 28974 2182 8673 27233 16264 19810 21157 5645 19720 21020 22505 10770 12432
5503 2354 8606 22067 391 28350 6795 16201 14263 11089 13558 27283 26037 782 14791 23390 24345 6874 3678 1440
19922 16972 12857 25464 26362 15263 6267 8502 11935 22254 9690 3298 28331 18477 24736 5570 8586 24469 13522 1293
5117 22759 15362 2635 7956 12616 1619 12171 15124 10078 14344 15687 1791 26336 26497 28094 25970 21837 3348 10790
28855 11864 3510 23770 24451 932 15245 20443 16429 25224 29391 20108 11650 9217 3426 20562 5978 6874 851 17006
24534 18374 22165 13302 5301 21689 13709 21561 21362 12372 27403 18718 12339 736 11947 17009 4934 22891 23804 26756
25323 16259 24453 29904 28534 21047 14720 16806 29795 16381 21185 25910 28756 24572 11756 15841 2999 1489 4934 12112
8920 3323 15834 16237 7275 19942 1440 26305 9402 16481 2031 18254 17026 3327 710 25769 22980 6798 18750 10112
3708 832 26507 8762 3809 4972 22375 2922 5864 12715 15324 681 3891 3517 10151 22394 29473 5022 673 6679
16929 26941 5984 23840 12676 17488 22136 7527 16254 3271 28188 25049 23681 13229 4006 29478 26134 12915 523 26407
19665 29176 11197 4911 6320 24947 27076 1634 26109 12965 29924 21116 7624 23044 9056 20531 7569 4349 23169 25047
2323 17403 25696 8658 24109 26586 19360 22996 10538 19829 28440 5080 21334 1702 6814 13371 11377 25836 3691 31
27014 15998 6261 29822 7052 4612 18413 17301 12724 24268 1055 1571 8821 13429 2799 7433 12204 24770 22173 5224
838 12437 1981 16897 19041 6390 7905 28815 5759 6927 5041 22752 23120 26023 858 12273 11743 26429 10148 15819
14754 18234 8311 5736 2825 16468 24025 15543 4027 6963 29682 7662 3715 6293 11267 4701 1068 1263 18299 12341
12250 27334 21376 24992 3508 21833 21118 14180 10719 27180 15515 16948 18876 3616 25000 19560 18368 20908 23420 1402
22481 2972 1224 23218 10102 24854 11309 18222 40 5397 20646 23422 22950 13466 16076 25804 26333 25428 29136 23316
27382 26882 15340 13622 14207 6706 10608 3854 3147 23915 16345 16330 20876 3926 2030 6869 5232 28513 19796 16629
5949 25634 24347 24806 14838 24383 20508 9442 9214 724 12126 22466 8499 10936 15227 11200 19044 10487 14722 27821
13016 27956 4235 19008 14355 27494 25237 29223 24117 12269 29295 6122 19390 15452 19247 24504 3992 25529 15982 6989
15868 4116 8716 23112 4575 20124 3712 15757 28108 18599 8711 22270 21260 6060 17286 6725 24454 21624 9193 7540
19706 20646 16145 27770 19698 10751 13484 9230 20765 8281 8098 1581 20326 24636 21539 5166 27010 14431 10141 21166
3123 2229 11280 27189 5170 19993 29549 21040 20099 2571 24375 2679 3246 4092 10856 4247 6297 6869 22787 16292
14804 9422 11574 2156 29222 19323 9037 29815 22996 16638 20802 10918 25277 8981 11088 25664 14319 8386 22440 27768
24932 14289 17091 14755 23250 22616 1359 18077 10467 28804 301 14247 1977 17885 26022 4876 16806 19838 29912 22527
28723 2726 8863 23182 973 10180 28244 24940 12361 21243 15376 8479 1594 7872 22966 565 7037 12856 5275 6936
10745 5609 15868 19060 7910 12818 9350 4393 6555 24964 14163 10734 22797 20591 18354 14779 4071 1441 22370 12741
8505 28144 23410 749 4016 351 16193 14121 10097 27054 25351 8352 15305 16758 7692 7427 8071 28321 12811 15337
18630 17575 4459 1041 3586 26206 25210 4695 26568 21259 23323 24313 1434 23058 2421 22175 28177 5220 19205 5370
13590 17862 19216 2350 29062 6100 6131 28631 25160 5136 10907 8241 27949 24242 12476 24285 29296 12880 18281 3579
5302 17044 26216 29990 6573 22160 371 6663 25487 13053 4389 28969 2326 3325 3083 27188 29850 17833 8255 2975
4904 8752 20248 18961 26099 13188 11792 20838 1256 5161 27612 27970 19724 2340 11598 3120 20252 2243 12570 27161
20685 9425 7727 22430 9705 26986 5784 17628 28445 10201 23352 14593 24364 16143 28445 734 20577 29600 18252 18895
5358 18295 1881 10900 29607 1659 12472 22047 20366 18654 21551 24301 1068 11796 4491 27902 20017 26190 26722 17459
15850 11847 10855 18989 19043 12575 286 15591 1195 22926 20183 27889 19619 23371 29193 11379 2096 9314 22350 13021
521 4919 5209 9278 23605 25796 15081 3394 2974 2195 17866 15320 10401 1148 13189 6683 18095 8917 24 12038
20949 7 795 4242 17520 28 3490 1734 11236 4878 1177 2476 28237 28503 26408 13272 29232 4703 6098 27461
7571 6349 5391 17209 27976 18132 6985 3957 27896 23623 28622 894 17027 8057 4658 12007 12274 22936 3402 18160
8903 8743 26906 25657 17953 12088 6581 28403 179 27086 4663 17108 3855 10835 6133 29919 17153 8331 19318 28787
13010 13632 2795 12853 22678 4049 26401 28958 7568 22548 8021 9371 26221 25827 19745 16222 15785 18249 19844 5355
17673 5175 9020 24515 23121 18249 10553 27605 18660 14732 11344 17626 12705 28881 24273 6284 22367 20013 29114 24274
5436 3640 29445 6249 28810 10106 1708 24791 2069 26021 9524 11593 1258 10428 28214 329 13066 1289 6973 26799
27910 18301 10934 17144 14847 10587 8025 15455 9529 18543 7188 18576 24638 20928 12347 10763 24530 2819 8945 4117
28544 24492 5396 16079 9395 82 3165 2607 3494 14657 17247 7731 6650 8612 22706 24403 10935 341 2443 6984
18780 23681 9920 22821 23745 7519 7070 605 19660 14803 1425 7523 11395 20933 5728 18703 3219 18953 10228 6610
10546 5767 20977 26215 22759 13818 2584 11262 11598 13470 15037 1888 23227 19866 16631 18077 17579 550 17183 26197
1796 2765 21430 10248 16498 2630 16603 7988 13153 28181 23455 7024 24916 7374 3166 11787 29342 2764 16549 9548
12018 13164 7747 2749 11137 21429 26596 5063 22160 23760 27786 14187 17348 15367 10483 1691 963 14216 21430 24210
1879 11577 20812 17458 1947 27331 22430 643 18953 16136 8752 22880 22792 23361 29274 5328 2768 14832 8327 15468
14211 6851 11109 14240 6379 8368 4424 10996 9574 17296 9490 3110 5403 3717 18771 22743 26079 25871 12652 7233
20120 29530 198 12159 15035 13934 2038 3474 15891 17291 10920 18345 4375 17053 15331 12485 14612 8006 19778 2114
7942 3827 4780 1587 18604 3106 28733 19754 22518 25948 25974 13063 13903 22809 14024 23948 7853 17001 13247 28642
2281 3936 6529 13284 12474 9458 26496 27514 25651 10028 27588 4198 8386 23614 16728 20997 27878 29680 24979 27379
22507 24325 4222 21651 11186 14602 26410 23852 12177 3999 23603 6913 5941 11787 3084 18106 12928 26152 2694 16658
7337 21291 18720 14228 21915 19225 1477 1043 29029 20218 29878 19397 26194 20014 11765 12977 25703 24408 21847 28000
29277 29491 13842 1768 15366 10963 22151 13431 20276 20712 26771 9570 2440 27027 3436 20392 28052 15211 21114 20558
25843 15521 9311 23340 28190 8238 3032 3698 2784 20783 10342 25818 9130 10275 9135 13444 2297 18016 8381 13880
24675 23880 28300 21799 9735 12721 11257 12125 4376 21181 13130 16442 23077 29333 16346 25860 11541 23198 19191 18595
13633 24634 27049 6355 18132 26893 12156 24278 10295 10034 10903 8019 18296 28598 20943 4842 8120 28923 5206 233
911 17777 15879 3589 29798 14099 9859 20300 13987 6966 11865 4576 9148 21215 29853 16721 28685 18066 17139 9470
10635 12404 6872 17333 16387 27548 17532 23339 24831 19859 3941 24172 26206 13210 16612 2915 1082 495 361 10095
22975 9097 2368 28648 27364 7927 25192 15413 13746 759 13615 14226 3203 14886 25635 12699 7657 1893 29516 23027
18269 5779 3816 7577 25894 12500 18699 10633 2620 18493 2828 26871 7693 5114 192 20089 4820 20786 15131 11659
21703 24760 2017 28093 3481 11865 19861 11924 1809 1465 4079 28552 11532 4812 9907 8244 12900 3751 4350 16106
9621 15952 12548 6086 10529 13096 27410 8905 6773 19619 14550 20714 22286 12057 16216 25459 24667 19427 19672 8252
9289 29991 24520 10665 20771 231 25764 2080 17161 4416 8141 23414 28566 944 17177 27675 21305 2155 1301 9499
13191 8595 98 408 15587 19145 14421 18737 1490 24667 3776 11413 27776 12865 24222 21257 23746 5274 4067 11708
17699 20711 26992 25506 23198 22808 21427 25555 24631 27691 21048 22737 2515 13699 9086 17926 4736 17821 11098 8088
28268 988 17594 16398 26246 22750 21740 14328 9648 15354 23765 5998 10124 6773 21322 2680 2186 12720 3411 6923
3645 12752 12307 13969 3380 20157 42 22375 291 29476 7535 19878 4341 477 19311 1634 18300 9604 1099 3609
1364 9326 1109 16171 12548 6623 28715 20276 10606 17472 11773 14163 7972 24121 16354 2532 10622 6150 12027 21331
11096 23701 2435 4380 2458 23176 16030 16753 8034 11430 867 4528 26859 6710 22906 2732 26041 11921 29452 22747
29278 14958 6308 25196 22718 6359 26687 10920 23427 2851 3641 29113 22139 23760 4972 12138 21328 26862 21790 8490
20302 25673 5927 8303 9577 18434 14478 177 24591 27425 18242 11567 19236 1327 5316 24413 6821 7438 2157 14976
14432 13548 29435 5146 4594 22755 5706 3584 28030 20573 2862 27523 548 929 1785 9419 15974 16559 8283 3746
804 7637 7292 10090 3990 5136 13244 29851 20241 4138 26190 26330 12130 24009 8562 19569 7388 451 25517 16505
21059 22075 27172 3379 14743 1126 4533 15117 4172 23966 3374 12818 11654 24388 24550 25906 10583 28344 745 22165
25844 17827 5393 2557 22015 14465 607 25384 18694 22469 24078 3576 4629 3756 23058 20093 1355 16360 24982 27080
26554 26858 16247 29136 24366 29307 29457 26476 15532 11979 14822 1938 24706 5442 24351 6572 23720 22394 6145 11993
10762 1778 10081 28418 22356 23357 20182 11212 21233 8989 15328 20484 20195 16474 18525 14033 29550 1407 25790 8120
12598 18957 1093 5660 26923 26306 27141 20352 22957 16149 6095 27571 5914 8821 1674 19158 14458 15662 10273 29802
27512 5012 25128 12761 21925 8115 6636 28827 14999 35 10494 2279 941 12304 23628 26116 12244 19083 23845 21609
14005 17841 21285 14261 12820 13899 27083 10832 13187 18122 26689 7249 19917 19093 26875 17347 13113 8512 29261 27468
27424 18327 11295 8286 23861 11789 9927 13918 20550 11537 20030 5453 20463 14913 8024 18163 4277 5768 21791 24004
20851 1604 8012 21057 23338 14970 13171 15015 2269 13355 18480 22909 29224 5257 24019 27206 21650 26234 1641 3799
21793 8085 6420 4328 12310 25956 3566 5914 3639 25774 929 12680 5635 3800 11387 925 3164 3219 8342 13043
12431 9041 8701 5920 19424 6725 2804 18885 25721 28609 21660 16592 4139 20771 20354 7225 4515 4214 2454 10473
10117 18385 27455 3634 29253 24295 10052 5963 22786 21145 10481 9282 267 17924 25240 12018 8500 2478 27439 12849
7916 5413 3561 24013 4353 16774 15996 22578 14274 13582 20346 16807 15636 8334 23732 25456 22667 2093 1344 17686
14125 16845 18401 394 28264 12040 4908 13873 4742 6128 12119 29643 17442 24472 10673 18252 8924 15859 969 8128
21531 11484 26430 26930 19457 631 4404 8770 15666 18294 9676 10354 15898 27054 27449 20315 19746 21093 22318 1923
12340 1081 10394 5470 11882 26224 29169 10518 28494 21932 28312 21452 14932 2737 21306 24026 8421 21371 28765 160
16494 19999 20182 5517 11707 17403 25189 8222 28407 13894 18115 24211 24336 14573 7194 13866 10476 25695 8607 14286
1213 22367 29969 5309 4622 17246 2195 14616 5386 11766 19051 6056 4376 13102 26122 13045 15331 25025 11368 14469
27299 28346 21770 178 22390 27070 23804 9679 7434 4025 15397 10115 12995 19900 3004 29255 701 19883 24235 19731
5919 23112 24415 19733 1444 11637 7794 6709 14904 26480 24672 21862 6989 11643 9099 5893 11607 12156 12351 27289
12708 20634 29780 8458 7855 20912 2158 11111 18705 22603 23142 479 1801 10372 4639 6759 18569 29629 8947 20717
24690 12183 4051 14030 5326 16760 13833 13591 16472 8469 23201 1056 24426 28159 27010 16474 23339 19256 13063 12581
20378 16486 1418 6971 17955 25666 26888 27406 10477 15992 6265 24368 27284 3084 29960 27190 5440 11505 17552 17650
8171 2096 21926 19504 2998 4386 7125 10036 5624 7385 23105 16780 16994 11944 2304 1304 19834 3651 3074 20785
2577 21342 27478 18756 9480 23438 9368 9007 8840 24120 8141 5157 11242 17390 28253 20495 24822 27987 21807 23017
23983 22137 24889 22183 28431 26196 20447 22073 27368 7734 3565 24221 22024 18573 23713 10857 14133 14609 9855 28146
11777 21669 26101 22782 18808 17493 26101 2980 4905 14563 29199 26526 13125 24432 20864 27023 18552 18026 5200 28746
9463 11634 20928 27945 14300 185 25986 20281 23728 2260 10521 7925 10035 16890 8350 26095 17628 20563 26073 18879
21763 2282 19523 28566 8905 6602 9267 19282 8549 18628 4098 668 6511 10465 17085 25397 10842 13757 21414 2659
15696 24562 22186 17136 9231 380 15746 17410 12771 18688 16848 16135 4156 20638 437 7042 14267 22567 68 10206
17689 2481 24772 27965 4551 27860 27722 26679 5495 10395 9158 6372 8836 22468 8603 13078 29814 9789 24442 19898
1642 25961 29684 21199 559 20997 512 28927 15601 26537 18484 10493 6588 4307 20164 3221 16843 18931 17223 7252
3357 88 15068 3024 27404 9311 26104 22960 3995 24007 23730 618 25616 21386 19855 9495 28020 15958 13807 13975
8225 24548 28764 15163 10427 8251 29586 20009 29918 29156 17803 17012 1646 1473 9395 10015 7305 12230 19650 1504
15096 27242 23248 9505 8072 24199 6549 6744 1017 14382 19277 11554 27855 332 11481 19704 9113 13330 16385 614
25058 23023 2295 17341 20296 4380 11182 108 5203 15131 26150 307 17765 15662 9428 17669 15686 11033 29679 19627
15194 10518 2986 5435 934 18850 25231 25096 5112 21164 16850 2508 26333 25463 378 27370 24615 25244 12414 8756
6783 391 5235 6822 5506 4118 20302 19877 21754 17117 5370 24606 11464 21138 19392 4905 3786 24380 4776 346
16374 8925 12873 14665 1873 22096 1100 25023 23455 19441 1418 3790 18618 10643 8639 22992 22354 24928 6169 16994
18196 29553 20216 11294 23162 847 26293 12506 15607 19048 14875 13920 6062 16015 19871 892 30000 22246 5375 11993
12751 19619 13268 25513 9432 21213 14486 12958 29406 869 26039 27951 28990 19103 8200 26631 13817 12415 28692 5655
18243 8757 17921 15477 19912 5634 28263 22711 15813 5336 18268 1427 22811 16017 4291 4994 28697 28446 4063 24852
24936 17388 16212 27398 23665 10038 24710 23928 5075 18148 10578 27619 7375 19727 4963 13733 29090 6565 7767 24531
29325 22505 23094 22928 348 17869 23596 6856 15048 2453 18603 15818 22239 553 18446 6013 3233 28779 6453 21586
6174 16436 9508 5246 3627 3665 20398 24807 10530 16848 24808 27769 6062 15764 19582 19733 14764 16268 781 6985
26842 16960 8332 26845 6404 14478 18175 18221 1173 4537 17555 21902 15298 7900 13063 15983 2663 24156 22324 7977
11444 21292 19765 11199 6086 19583 559 5397 18124 17117 25570 9207 23800 17990 17966 28613 18535 19004 2899 18177
4560 7872 2607 1582 17725 1158 26109 17213 4554 13615 5707 7119 8637 28937 15660 21308 24173 9046 18910 23815
29676 5888 7243 3520 3662 6108 17076 19184 14245 11816 11693 3942 22340 15209 14166 2705 24493 15440 1237 28784
12816 20673 10639 23741 6255 18702 18548 15986 17851 12421 20234 21176 7141 263 11470 18885 12626 29363 29979 9149
5948 7446 25715 6627 21451 22652 27062 22830 5240 21099 10895 12628 26352 29591 6211 6421 6824 8500 9235 13462
24224 2349 24660 9116 22649 6950 10080 1111 3206 27650 18731 17288 12897 14590 25545 12846 29279 4315 10722 20524
8067 26967 16442 17467 17104 17979 11258 15655 7153 8267 27612 9357 15766 26820 16484 25530 17949 10854 8222 19393
6354 18083 23270 6936 19935 15137 1194 24249 621 29822 10494 25907 10542 16674 14919 22452 27552 23817 28527 6018
15685 23766 27101 9015 20924 17326 10593 8394 28042 13288 15504 12391 25246 15016 11819 14314 1001 18045 18130 25857
26618 24543 16048 20947 25924 10419 20731 23043 21783 24651 18656 17272 17737 820 3130 17038 7066 14013 15438 16875
9276 3452 22514 19378 16937 26072 25753 3923 5214 12720 1887 21483 11742 11936 7813 24716 22386 12343 29760 23137
9456 20583 5526 2704 8699 7901 22942 24289 7200 5673 27139 5236 16879 28534 1377 27374 3431 10570 1061 21986
7864 22779 18653 23551 881 6669 16508 11352 7378 3483 23245 23298 28423 12254 19123 15635 10036 11653 9922 14043
12701 27194 11628 21056 9816 25050 6422 17860 16048 25189 18322 5642 23398 24772 8896 19964 27235 22807 14315 29617
28116 9701 4665 6716 5332 4459 19106 2497 7408 24073 12454 15823 238 2502 25042 22040 19877 5302 21703 12954
21471 21511 6104 20005 27215 5394 13216 6808 1899 15986 10229 2130 15454 114 1682 17806 24711 1007 24808 9579
23130 24028 26918 10810 2544 16010 2161 2231 4324 12892 1408 7663 29344 25106 16682 17703 16427 29083 6214 26251
7352 6109 14137 11499 20955 4382 485 16213 23277 6297 6240 13376 20192 28498 19131 2890 19781 13111 9211 853
24149 22212 2203 27320 17873 18714 19893 4977 27283 13237 3439 23670 319 26104 21753 5604 23154 27693 12408 24026
13164 27260 14547 15100 9947 24111 14784 4874 29204 2426 8967 14685 25918 21758 23036 5671 8465 14158 9241 26533
10825 17972 10252 6037 14052 25562 9343 1873 19228 14698 10583 8965 3318 363 720 14288 14684 16444 29082 5070
25769 21401 1862 143 3913 5406 3427 3458 2401 5921 4625 11311 2428 29215 26336 12400 5828 15174 26603 7000
5733 17056 28289 2331 26414 23609 6411 15705 11818 22290 9267 163 10236 22686 25973 6365 18751 15949 2778 7262
4376 25264 22505 17659 21989 2663 16265 20438 19529 18442 29684 29771 2851 13533 23998 10841 3120 1677 6318 19196
25137 22594 14383 4008 16508 20312 28637 9759 25585 13763 6702 8300 12134 17787 27283 28292 8435 15506 1819 24392
24970 15064 2202 11038 15197 21858 7178 21777 24628 9315 25973 13852 16662 23871 9106 27447 23795 11120 28129 5497
13362 6558 24480 2957 23943 19499 17715 28734 20251 28912 4057 18262 10338 4551 20684 23306 3455 24709 14621 7850
4652 17669 20634 14068 16151 22953 25122 23604 14453 12637 27733 21623 4246 15650 18716 11228 206 21529 5151 23378
23739 14392 10367 23580 3126 12128 15730 22181 26870 9539 21901 1942 3734 21118 17154 8401 3485 27709 26469 13648
20788 5801 13325 17969 17161 7783 29385 5408 10612 7917 29804 26124 15508 15428 13493 26160 6202 6329 16551 12950
19258 2017 17871 29320 15361 17449 6444 18715 12078 15989 8719 26370 10536 15957 25844 7197 9076 21207 10985 24397
2823 19181 11313 15554 2019 3796 16059 17478 24667 19193 7593 17141 18098 23775 5308 29751 11882 6481 7792 22629
8422 14190 16432 13037 11792 22295 2150 13671 18607 21210 20388 687 14433 10951 7029 13345 1672 26748 8579 7877
29353 25839 9008 14489 9338 16168 15699 26489 581 3758 18059 15266 6129 22461 15378 7796 10995 17773 9765 19706
12679 24494 3098 367 7334 12891 22611 26083 12226 7339 4344 17149 173 1801 28333 19899 10333 9004 3993 11829
22677 23150 7929 42 6457 20264 9162 25030 24878 17592 10438 16911 16243 21141 29935 5311 2417 8473 25845 20248
11159 18172 13898 9719 22628 13444 17578 20216 11896 3320 26222 18574 24765 27518 9723 7277 12401 744 9731 25967
7559 25975 1737 9032 11674 9133 5892 16300 22844 18122 29973 19727 26977 1591 8516 14527 29566 19818 344 4727
24129 26324 19750 11839 3865 5721 16137 15507 6101 15408 3245 20561 12889 3539 11361 5557 20580 27739 1605 27712
7390 9118 15421 8004 16734 1664 15389 5100 25886 11700 3475 28686 16678 5039 29726 20740 6469 4039 2913 5161
21523 9718 10237 27543 12662 3460 2179 13429 28906 23478 27645 6671 23325 20388 28078 17707 15647 8048 26497 4803
3798 12980 954 28347 27545 8681 17993 21594 27506 23882 4032 16159 2262 2494 8016 24774 19868 23851 21299 9329
15058 18730 25973 602 26338 4109 14101 5106 18417 9036 6366 26002 26252 22407 6219 20943 11959 4807 10277 12632
15244 15056 7720 26611 21271 954 4968 13019 68 29938 17418 22234 15642 1655 14802 19388 10596 15539 9952 29109
1341 5899 17271 23128 27968 22864 28052 24678 4415 20627 26847 24465 22219 25434 20936 4814 16899 19401 24015 11637
2748 7073 7674 9912 3242 29630 24147 27067 4208 4648 19966 4177 28461 15386 8370 14107 1418 24368 1064 10704
26066 15663 20499 24285 15919 2557 9614 6177 3211 14336 17177 27906 22762 2226 19396 1318 8564 10615 17146 29342
5071 11645 25651 18754 17148 24033 1114 7218 2649 57 21015 8251 18866 6326 23316 21148 29895 20377 13137 5242
27251 10881 10052 11434 23431 16419 847 13249 25766 7638 7056 13924 12743 14576 22269 8782 9496 14320 9477 25346
22255 4987 5822 390 13109 6584 6896 16929 20663 7780 10217 21915 22105 15123 27162 19084 6889 15933 4411 21239
786 27498 9186 16470 12917 19081 7925 10668 25879 12598 26711 8303 6427 22682 20963 22220 29299 11349 3439 14198
10761 6732 26706 6743 11786 25405 15548 14991 22026 15120 15276 4623 25551 17977 27024 11065 6151 18753 1905 1268
11107 21503 8487 3353 3241 4283 26178 27198 12283 24515 11311 14258 17955 5402 6451 10643 3 5536 6519 3393
24735 5162 18987 20634 8650 546 7548 9534 27376 17711 23776 12638 22430 22643 20869 11867 5527 12209 10776 1204
8637 23880 18349 26099 22020 12378 3167 27911 8030 753 26257 4244 3634 18106 14653 22949 7159 17748 12129 26474
26705 21099 14335 7165 14080 22459 4899 4261 27906 748 5726 25480 23438 16480 16927 23880 9400 12106 9540 17242
22797 271 17127 21013 11196 19144 9492 9373 10562 1359 3586 23633 20907 11561 1232 21899 1176 13726 863 26076
5986 11630 15175 17064 21004 27416 11198 7989 29354 26080 27450 24221 1299 16342 9524 3794 11676 15173 19378 19201
4457 4501 7270 12488 7020 7366 15866 26432 752 28028 25193 1308 12429 19794 10920 16872 157 28113 692 14176
12548 4294 5158 21313 12283 27509 17758 10011 14258 6634 27240 15129 12086 8226 13195 21920 2580 26477 5385 10539
22841 21773 22332 11985 13287 3127 21316 9050 14128 5538 26495 8900 15875 20592 14329 20910 19491 14390 18057 10798
8602 2897 28637 22625 25685 4422 24530 7128 3679 28875 7155 1850 28005 15081 11037 3131 5874 17738 23188 13035
22132 12923 22285 8629 6601 6912 3321 18256 24241 12138 63 29006 15267 9627 7854 19472 935 25135 4735 6049
22904 10881 29468 25253 19420 19086 13740 5816 29780 1918 16841 20875 1394 3749 23115 11389 19576 10490 27561 12307
3140 5154 19152 5740 21801 24961 26007 4407 12818 21811 22964 2508 13369 5538 26957 16247 15519 12781 9268 22323
21946 2900 20363 16405 18419 14193 12762 11718 23038 12881 6503 16398 19851 15526 23187 3219 9239 10820 8183 14346
24134 26137 2114 6652 26786 24252 16245 10103 8853 19049 12302 17415 26393 8531 23473 17683 22370 28142 23338 1039
3228 14620 26806 10085 28750 3403 20547 5454 6552 29378 2859 19247 21548 8813 8764 28341 644 14013 2696 5559
26390 9397 7477 27327 3618 26407 17382 1278 20140 14830 5123 12063 24112 1435 27729 22990 29019 22545 14993 10836
19784 17819 13676 1273 16821 11166 7516 20765 28874 25390 11108 212 3735 6918 11880 8 4043 14513 23081 21824
29623 8514 25716 10 27130 21091 19722 7478 16342 28778 11366 8588 20249 17688 21080 27605 23000 15869 13574 10065
15311 9794 2567 29412 4179 25783 2651 15669 21266 12656 28483 24524 21647 4389 7889 23094 15975 5648 5213 7772
23367 10841 18456 27168 7280 6044 3687 28917 15995 29429 8171 14059 3290 28963 8961 195 10476 27000 7179 26663
26032 8942 23305 4252 801 12965 1397 8291 28227 19646 22762 18725 764 20723 14271 8288 6454 10355 14198 27745
810 28541 11618 3164 16306 7015 25725 4706 2978 23097 15375 2323 16828 9443 24685 14079 12702 15007 8411 24175
7235 18913 25517 16303 16327 27490 8928 4968 14905 12181 19439 11429 16690 28568 10222 25373 11427 22392 18869 21451
24375 28317 1789 27992 12759 28706 27118 21323 3216 14358 23773 26201 20555 24278 6444 4131 21337 16873 3195 22662
28330 21855 18284 14112 1014 13048 28615 20018 11998 2114 7384 17011 15767 13353 13296 28907 4268 15146 26762 555
21741 1441 5526 28659 8407 8056 14416 23351 11777 14374 11891 29397 21243 27608 23646 10180 24208 1939 24240 23795
1222 8963 25849 21365 28209 10526 26062 2104 11253 26495 26650 29399 26717 4526 15893 8960 22516 25482 23353 893
6336 17043 17251 2600 25910 23574 23770 2312 28845 9253 17024 14577 7827 28380 10267 11181 6759 7736 12968 2786
565 11037 3816 26098 29730 9681 13801 17974 16464 1641 29356 3684 10223 13504 6681 27047 21643 12331 8674 21499
3758 21117 25783 23503 4048 21157 6271 25328 21370 13909 4259 13173 24152 18347 9810 6694 2716 17511 4340 18507
15769 8304 9018 28546 7351 12836 11309 25048 25978 1985 25835 24994 1491 1949 6089 20321 22752 15385 1147 14440
11041 5088 11973 25137 12671 13462 6064 12993 5933 13001 7395 13087 2217 16503 3682 6010 25815 18157 2901 26960
18351 7424 2749 27540 9406 5144 20898 6373 12130 22394 10673 19227 23764 28962 10673 22113 27485 9024 27794 3340
25627 28713 29352 11366 6889 1149 5611 23234 7498 892 28305 15458 19993 9678 20841 22848 4943 20041 7932 11109
10750 18540 26615 19877 9160 4256 8898 7209 108 20724 16063 4487 11437 494 20602 9212 15100 10233 11424 19063
10476 2595 7267 14755 22335 12624 26681 20788 23343 27694 7947 26538 29464 7576 13983 10746 15396 2830 10089 10194
5496 29081 10917 26265 8344 12247 8538 27 6452 11452 20827 21141 18003 488 14130 11498 25188 9191 15415 11759
6987 16205 12229 24305 20024 29432 19922 2004 5751 16379 16525 29238 22058 9008 6852 14308 7161 8942 26143 9557
26554 20648 4513 2451 16060 1731 28527 14474 15053 23284 11088 26946 21647 7371 6573 23562 8325 16940 21933 11408
7627 23082 13314 18115 11892 21193 5058 29883 2355 22691 4433 6055 8609 5240 18309 28208 29717 5493 22465 11166
9839 26592 17786 9298 16324 29539 2783 5663 17076 16291 16359 13987 3179 16984 2968 26985 19701 10615 14309 2753
21418 5566 3129 9398 23018 8667 27802 24299 21012 8003 2299 25840 23565 26969 15898 8224 6637 21769 6077 14812
29417 29377 7144 19555 1541 25654 13195 490 12358 14841 13492 16520 10887 15701 10357 17087 19609 3496 12685 25472
9087 28181 21742 5286 13432 28759 974 4658 7403 15248 23149 3371 29274 18421 2659 22385 11992 1625 11612 16184
11999 24382 13237 542 13360 24047 14161 29769 23449 6222 27861 4751 20171 23402 28162 24455 10438 16403 1259 1397
5604 9567 23588 6977 5620 19584 171 14701 2053 23068 23862 4409 16011 25191 9695 2082 493 22957 15753 1122
17494 27229 9987 27544 2852 778 18414 17606 23752 2210 24329 15945 21228 25968 24826 6839 11916 7633 28375 265
22100 20710 8457 3241 29553 3863 29368 1781 29023 28385 14668 10746 18635 4023 26636 5015 25724 2147 17425 26537
26518 29506 14687 17924 12894 12067 25745 14643 12678 23100 22391 11969 28596 15182 28136 12097 14559 17882 4866 21192
15519 26244 27646 26215 12973 24780 15663 28721 14669 12760 23227 18177 8947 28728 4708 14413 21187 1071 2394 20092
8839 7860 19457 324 3506 23147 8693 16934 10316 6840 10735 23163 2545 5353 1729 27881 29679 8148 20662 18153
5241 7397 15654 17393 16665 11397 15970 1779 4581 14207 17424 19998 7001 12374 3613 25406 8369 7509 12336 14032
29802 23804 15078 2474 3473 18462 23857 5840 6977 7993 23648 11696 24517 27508 18483 4995 27521 3408 12594 9709
16521 29443 5158 3734 9356 22934 13805 7305 24957 27896 8781 5994 20405 29023 24506 11071 1544 27300 2661 27518
20252 23186 20097 24127 9876 12915 5640 25314 6564 12210 22704 1940 22720 10960 11404 15945 2787 430 15672 9636
24808 21683 18903 221 24906 16749 4213 22663 8940 28587 421 21421 6425 19864 11995 13310 7173 20831 131 17545
19630 16419 11712 21294 26677 8937 406 8889 11138 880 13916 21178 17908 28499 4558 8307 15882 16169 7916 21831
14213 6703 23453 14422 22227 23899 6973 3460 19526 12764 19615 6513 4624 4041 13240 29598 24864 21154 11527 6059
15932 18617 26122 14830 25099 17806 8386 5930 22931 7027 5355 24280 1342 7849 1698 1216 23241 16132 26282 14917
15585 26882 26469 27818 9469 21342 20518 27604 16940 28257 25422 29350 4192 14918 7721 3074 1774 17136 2018 6469
3262 9949 19586 28351 24766 17675 27086 8083 26336 22150 4584 233 22464 17120 20300 21831 14472 10771 13117 3313
16866 22200 19632 15862 20846 28061 5905 13655 1464 24463 19386 9970 938 17856 2539 12766 24267 26364 9339 17550
10983 4897 1900 2066 18029 9879 27403 539 20928 8713 9948 7054 635 4449 19296 224 21286 2889 13599 5279
16519 10026 12772 26028 27680 18710 25958 13642 13292 1967 11806 3020 11221 26812 6512 6467 4671 10167 9977 11267
25417 8626 25826 577 16068 10932 14518 1575 18270 22244 22707 14834 24528 3500 20535 11540 8126 21400 12156 2544
175 10427 12887 29221 23738 26624 20708 17608 10491 8545 7894 4084 17667 18700 20572 29597 14727 24523 28157 5484
10916 841 4884 6095 6718 23458 25702 25685 1130 11522 10399 3806 20957 6231 22389 29763 29249 17211 21865 26754
21275 27701 24784 4654 15538 9599 4317 24483 20859 4301 27939 5207 12179 19603 17804 1381 1778 10669 15204 2377
24784 27653 26248 9296 11959 20699 848 11823 17249 16016 19077 7613 14544 6024 13385 13285 19384 8705 4594 17924
26232 4445 10858 17482 26237 19164 15591 20203 4119 27166 20264 15649 5480 11697 10481 20548 13380 8717 25960 20968
14070 25460 8618 15031 28281 14268 5682 28309 11894 20813 4708 25429 4504 17286 17941 1093 7389 24237 3643 7980
481 19664 7322 27022 23193 22403 2917 16847 13630 11831 10496 25797 28623 28734 20905 1438 6682 17383 11100 29476
3898 28077 20188 1380 7531 27173 21695 811 22203 25760 5162 21125 15820 1598 12505 3049 8307 20113 3502 27724
687 7578 25303 9715 19781 8113 18566 20993 15790 11665 8915 19399 11872 4618 6994 23115 21182 24925 6015 3363
1502 26193 21935 5766 22639 996 18004 11329 14028 21044 14427 27416 28627 8106 7675 27266 15307 28871 20644 23515
5463 6193 29550 12559 23434 21566 29916 10791 21388 6445 27616 10618 27057 28516 21721 293 3246 5199 6944 22556
5817 25677 2054 9788 19288 23005 10569 11845 7706 16800 16953 23119 16857 26510 26367 18660 5287 13467 15059 17248
1300 3971 18140 2994 25686 29271 3239 13579 16844 22722 21409 7861 15082 27896 4833 13835 14858 14330 23902 15642
20640 8019 7000 25260 19049 25040 20642 6583 21477 922 12028 21403 29417 24354 21382 17286 7932 12066 14089 8093
25674 11545 18900 15423 18922 2627 2664 2260 28032 13936 3491 22543 2793 676 44 7895 5922 27164 2742 7892
4256 23279 21381 24188 3583 29503 23360 28053 12997 21532 11002 548 12470 18092 6113 24384 25588 15333 6728 4607
22251 26135 5154 6088 18370 22426 24921 482 19726 16870 16576 7262 15048 2175 19408 27954 12498 3677 27272 13640
13774 25018 11083 10677 17465 16599 7533 13444 4489 3196 12662 8048 25282 17090 9706 19419 6364 7561 3462 12031
7296 15215 11766 6903 27667 22957 26726 10425 14993 4538 15047 27148 2529 14613 27541 28667 77 26878 24281 1523
25942 18346 26169 21922 21750 4703 94 4641 5473 13085 8136 27201 21353 1613 26346 12386 1157 17330 11532 11874
4196 10772 14456 14504 15522 13841 18482 19574 4134 12852 28796 23641 14356 25457 1445 17456 13727 23001 14392 10238
9918 16075 21267 17451 18476 5074 22347 20555 8225 12053 15172 3474 29612 7787 23328 25617 26738 8524 16108 14689
18629 14598 13093 19330 22064 6203 23705 7369 10524 12403 4908 18520 7085 23334 2823 8662 1963 5178 17999 1525
13591 28564 2029 23095 12053 27414 24110 4531 19084 26768 4107 3839 1909 15686 10184 25799 10321 28870 14417 4298
8410 26135 1700 19202 26574 25976 25664 3410 17995 7294 3930 5071 20822 18324 10205 18568 15421 7619 16821 23113
23050 26546 2524 29348 29008 28458 15089 4697 19926 22878 16970 17401 13902 9716 19331 20429 1850 3930 8815 957
14942 21935 20454 13037 28890 13244 28153 1250 12237 18737 17807 14795 25365 17022 20786 9073 8397 16057 17442 12430
947 8221 2613 13589 24344 23356 21116 18427 4748 908 11586 22308 20184 15016 7992 1324 3848 24408 2235 12784
19680 3468 10161 20469 22383 26742 8338 1660 13621 490 25516 25345 13180 15473 20226 2483 15305 23990 21747 7611
12746 15345 13552 22935 15864 12407 22244 23569 4990 1356 10977 6493 13399 25982 14406 6240 538 15777 2638 19311
18423 2428 13000 24036 6393 2306 10842 23385 28015 7349 6382 28695 14265 8827 6081 14040 4982 13522 11072 2834
29896 4210 19413 14045 5876 7468 3524 8295 11233 22102 3215 16322 16556 6104 24242 11517 15467 2821 10739 2997
16052 11799 8050 15038 12599 20770 5823 8539 26752 23965 13420 25246 27452 26548 6390 7969 11674 3572 22887 3577
24254 26679 78 11776 3418 29780 10044 25792 21971 5214 2643 4186 23377 11777 15096 13634 10785 3227 29111 3530
5858 9661 20834 23162 26899 15316 410 14757 2729 3190 29016 14744 29409 9152 1702 14819 15889 1196 9627 19420
5817 24076 1279 13465 21616 18881 2322 15342 22039 36 16235 1428 5772 15326 7011 807 22927 29872 2328 4465
24176 17891 15813 23335 26844 29869 3909 6955 1532 18930 4524 12744 8287 7613 15329 15167 19435 20879 25525 8065
4424 12205 24457 16598 12333 13098 292 16252 4721 10386 18090 6000 2898 17055 12851 16098 15557 2375 15000 28474
12804 2507 2365 24446 13158 5331 1391 4372 14175 19655 20458 29561 10185 7720 5678 26453 5920 13286 22185 16619
14835 18563 22063 20438 3123 230 21775 8526 16770 8396 10363 9311 5145 8684 8925 22450 25000 18179 26042 4292
7263 29990 14723 11879 28542 3527 14257 20185 12610 26855 19764 17191 26394 23516 15533 24930 28276 20769 2329 23876
10129 28255 3630 26655 8941 25746 9630 23519 25647 22979 16033 29170 20000 28398 17802 23148 4255 11899 16852 13446
25945 26906 21525 4229 16227 1242 10042 1282 10046 20544 28766 4664 29425 19788 4107 17455 13821 11853 10407 10446
1155 21587 21022 9 7136 24023 6666 6252 22855 26945 14452 16840 21930 21340 12653 22285 27340 11316 19993 20873
22049 27317 21339 29551 9571 29213 12730 19223 10939 22178 4082 13968 22255 6245 25057 28721 20028 16531 16427 2557
8696 2808 17236 14466 12634 9717 21561 28062 12970 21294 3324 6231 15285 2672 4616 11275 13791 14719 16063 10218
28736 12427 28482 27388 27542 21016 162 4822 29199 29155 29598 20202 4188 19569 29315 17610 16544 10739 17389 25170
19013 2198 3798 12520 20591 2871 9500 25115 24625 6477 4967 9258 23319 11553 10862 13622 8871 11452 6300 13527
11216 9229 1332 25548 15907 6818 23291 2426 6078 10981 28140 26760 8965 1132 7067 23569 14962 13753 14712 4808
1958 2703 1100 14519 20522 27927 5770 8238 22327 27156 19176 29062 14753 8259 27965 35 11720 16055 17941 19595
28222 29329 17896 6713 1911 29997 6304 26405 11867 5929 25265 24392 9949 13695 14692 19247 12011 7769 28437 9918
10485 26334 20098 25562 24819 19182 19281 20093 11225 27341 5955 12071 7979 8071 29804 29740 3131 19551 24812 6660
27755 6507 17115 12019 10236 4255 22166 16223 24331 27824 18737 21650 13221 27639 6404 20136 25536 20397 18097 9724
11474 468 20346 10873 13486 27966 24433 3073 20812 16397 27176 2259 6127 27056 6405 6811 26349 10285 12905 9736
2367 24558 14970 19758 27662 16519 9312 12670 16935 28270 11955 10897 19472 8355 21685 5118 25323 837 4224 89
3463 8010 14763 28517 29888 28617 16848 24905 28835 20044 23173 3941 7102 16654 25692 15259 5162 10165 2342 10053
7952 3336 22455 15412 6842 2263 20072 19678 24046 21839 10316 23382 29777 25886 25904 6946 2081 17367 9800 18072
4554 27279 14293 16404 17387 26141 11041 18615 17424 13134 26410 20890 2095 21669 8644 1410 21037 12711 21180 4928
26860 12094 19944 29590 1357 653 15987 436 16497 11901 12555 10335 16416 28673 12203 12413 22543 28150 24335 10796
2366 29171 5518 12834 25612 5450 23937 4293 17806 9316 26921 20488 5019 9722 26544 21528 28544 20107 5487 5111
15531 2076 2391 921 187 3913 26201 25618 11055 4062 20700 9802 26843 4077 13830 24656 4692 9723 8934 22760
7296 13887 28177 1775 7503 4059 1549 29249 18791 16060 16829 6949 10909 22962 13760 28830 15849 26855 12218 13164
16039 7606 8524 17549 1020 16156 9867 28936 1449 1220 11513 4260 10799 21711 24456 25715 15316 14809 11778 13481
29499 1823 198 20285 12317 7073 21444 7966 10871 13362 16789 29606 22539 7533 7535 29282 21360 5876 1854 20231
9797 19329 22601 19230 22157 7620 27452 4513 5077 23055 23194 26490 22191 16310 26576 15429 18926 18705 7513 21683
17656 3994 13985 28958 7316 8044 17204 11323 29848 23690 23038 5456 8364 14644 20851 10588 13117 15200 25678 26917
8120 20760 2223 28775 29433 3293 27096 28452 25123 5396 16706 17414 28965 21536 16098 12187 27493 11801 13973 25898
22725 26849 21499 14105 18356 15651 5214 27655 9461 13813 7544 27330 18470 10356 20424 16020 15871 12811 5622 3642
28044 5642 29613 17676 14704 14206 12491 17919 27428 13090 9968 29329 20125 6398 11974 7499 13047 12533 23075 8860
6016 7376 5548 20085 4315 29748 20401 29964 7799 3646 27730 6984 13886 25941 22886 13135 25346 29387 26170 18294
3009 22261 7885 16209 1426 21102 28221 5363 16310 17416 29962 28913 2639 24635 27655 19017 18436 9715 24965 29089
7591 10961 10498 25188 6260 18876 14794 13475 22534 8442 2963 11703 20336 13849 12990 9892 679 2627 25089 21151
10137 23101 25931 17008 1619 25136 12404 9758 6189 14972 18305 20304 11288 18274 23492 19104 19433 5131 10002 25204
2455 14390 2879 11881 22771 18718 16575 8260 3340 21358 27757 15470 2377 6685 29282 15128 25872 15496 21329 23675
5158 840 29087 28331 23470 3817 7141 26220 19960 27021 13273 16244 24234 9085 9908 26245 21768 7667 8233 1365
15635 9554 1959 210 20217 15383 11898 25693 3166 24760 21228 1501 10720 21023 4537 29434 9750 25086 22579 29274
16446 11074 9870 10439 9928 4021 27146 24481 8271 22737 26170 7232 9818 15830 3501 8546 12075 19328 28162 7002
300 28419 15569 5303 23919 17628 25267 9394 18842 7910 22503 7936 29455 20045 10144 26057 6927 26553 27419 23036
24079 10543 4310 22625 18029 944 14825 431 25406 25255 22271 22277 5013 21837 2667 27018 27146 17006 19521 7754
24597 20651 12883 19660 1097 10799 14000 3199 14827 21079 20445 19837 2004 17679 5372 27369 19792 26009 4461 13408
24065 5324 27618 18624 1612 25523 13894 12113 13174 19934 6815 19193 6955 6583 22190 25272 17953 7325 20625 19383
26474 4499 21542 1091 4172 28527 21480 13851 10767 5154 256 18412 5277 25429 16682 3686 11621 4606 16938 23005
22176 24177 6926 6549 29821 28809 1865 27951 20177 20095 27647 16396 21588 2105 11967 13806 15261 13072 14321 11973
19268 22914 29239 24395 2679 12597 4664 23935 12454 22991 26850 12061 6978 7307 10934 28365 13855 21714 18370 29144
2730 2826 2856 5555 20627 22505 26783 21505 3156 2486 3598 10727 25233 3989 26914 5713 18861 18460 9419 28332
1350 23295 18085 8207 10965 12193 14603 8016 27504 8389 11663 18952 9951 6758 21597 12903 15561 20058 21780 63
12128 23937 20251 11153 25807 1242 6584 19532 17760 713 9190 24498 5108 7417 7808 10674 11298 3073 18679 13687
3572 8264 3383 4087 19454 11546 12811 18785 24455 24971 21616 26802 25391 11339 3789 14621 25489 4494 26372 340
7227 16968 15061 14485 29963 15906 12060 1904 7445 16163 24762 18395 2879 26641 25491 21127 2935 15337 18823 27196
12536 29325 7450 28691 10349 15181 23801 17184 645 1576 22143 13154 11734 13081 17461 4316 10805 11180 8974 1187
7531 17668 2942 23515 6893 23260 16396 9949 14122 25264 2212 5347 12535 22408 9671 22899 28745 15301 9887 13845
24460 22400 8987 14821 25490 24852 29447 9277 20941 4150 11576 15537 14390 12608 9625 16647 1082 13206 25353 4034
27158 16280 11024 20877 26106 11169 29784 20023 29875 3775 21967 26008 9821 29293 23326 5989 23719 17854 4586 27546
4179 15696 5254 21999 3447 17842 10358 5560 5844 13353 29371 9756 18438 16950 2824 6998 20561 24628 22011 10440
19425 19602 3646 23170 28444 21192 6117 14654 13992 11339 29873 16886 26131 1515 3604 26640 5537 3293 5609 21984
8747 20610 23899 25474 12712 24294 16120 13259 17023 29316 2650 5967 5047 16574 15164 5123 3961 2235 3758 6371
19110 23701 27347 14884 12007 27728 26291 23436 20396 24529 7201 1101 16361 20387 10222 22157 28915 8747 8785 6889
337 29186 18481 21570 12773 12237 29471 24607 25187 5208 946 9912 17806 8272 15700 10586 17007 10732 26945 17716
9955 8263 8317 4652 16681 1518 23876 16124 4624 13240 12859 10874 23866 2913 23014 22508 29120 16162 21624 29524
18031 769 5462 19201 4760 10035 13911 27150 29774 19116 22510 13953 7611 357 16888 962 939 27251 23554 15694
14437 19543 21982 12803 11139 4741 10190 25313 6882 389 16393 26058 28377 11696 15700 20756 7109 6467 23668 20977
15723 11581 9437 527 11602 25953 21780 7751 27763 3198 7662 16572 21732 383 17113 24578 7936 22827 13735 27526
6642 24514 7656 3776 26402 26012 13628 13683 10103 24866 26025 8891 27214 11393 13577 21825 14954 18272 8091 29374
23711 3093 22644 7096 22789 9660 10515 1492 24878 4421 18959 11120 29790 13007 194 7621 29581 23960 29628 13975
3956 1019 16906 2443 10327 22994 6059 11121 3904 13015 6286 28542 11634 29121 27178 12844 28842 22524 5291 23277
4905 19583 11056 15521 13960 9561 25679 4352 16682 4107 19976 28707 19275 23392 1621 1363 11099 27258 9210 16016
1486 15406 856 4242 27871 28309 6214 7863 16771 10768 3080 15385 26505 29812 7976 22684 2415 15412 19170 27236
25399 7458 14614 23273 20645 17706 26997 2629 1269 13977 10167 16498 22409 11264 3028 5634 7721 29553 9024 26228
21073 19131 8689 24047 18267 6598 15858 19165 23269 11744 9118 2318 588 7924 10717 8412 2158 13818 863 22272
2158 15648 8900 18435 16589 13017 2432 6933 10442 7982 16031 29024 8822 22503 4730 19291 13223 26183 9313 2602
14412 28058 8919 431 12278 21025 7080 6914 9488 14973 24914 12773 21204 3929 15632 11636 2645 12279 22372 20855
23867 12036 11142 22696 11480 29097 19289 28387 8528 6269 16935 20315 28904 22260 20395 27497 5855 20493 16463 23579
4054 4931 4481 7738 3159 10602 20708 11948 25975 18320 19384 29601 19585 27294 14872 25130 21481 25582 19964 6071
3407 11758 6911 5513 29135 29242 18772 18503 7981 7234 18203 16564 16635 906 12821 21316 1518 28311 15931 14059
10704 12818 24898 15685 20272 14560 9499 29503 398 29102 17159 26324 14915 16967 23937 12133 12032 5497 10139 20473
11946 27194 1486 1814 12446 22283 24486 20935 13103 4720 11794 8733 19369 11382 1046 6072 10840 23094 7809 18012
8539 22004 26203 11317 2597 12261 8963 11345 2637 14375 24163 3187 18099 28458 21822 20928 7909 9954 18632 15185
17784 28106 29337 19813 1548 14476 20215 21504 8644 10241 3738 756 6053 19805 28206 21165 22845 28247 20354 20798
7193 16286 15161 25448 15969 25734 17503 26154 10278 24395 1720 4943 21699 29936 22509 26046 4429 29137 13334 1565
13150 7829 22764 24489 20577 22967 21548 7670 1346 6261 17861 17860 20238 1648 4361 29781 6485 14074 9805 17827
10721 29884 23555 20269 13942 19676 16458 8903 2054 19736 16105 20125 23400 17039 27884 16382 4411 14210 16797 20496
19231 24945 22807 17804 18986 26728 23211 10886 2798 2096 12827 1906 13779 9129 18365 12743 15771 2969 28225 9936
13569 13691 10145 13119 28061 13580 2149 16768 9365 18192 4130 25288 11823 5676 26341 16340 16822 11670 8729 19835
29659 5854 15213 7561 27642 6691 8943 17161 26711 21656 21529 7992 3465 28510 18007 9278 9358 6782 14853 8062
22760 15008 29391 5967 7038 22742 5121 24614 3660 17120 14418 10761 29772 28188 29846 11915 25868 12712 18310 5539
1005 5227 14391 26379 25477 23025 16645 18109 25132 24740 2136 27520 20129 10511 18481 4874 26759 619 26891 9850
26339 492 18668 10006 29380 23804 28323 891 29205 29244 12344 17230 21847 11781 10978 8108 6522 19498 24218 2338
3000 28752 19132 1633 3676 11306 5355 28082 26643 14062 21025 19526 29840 20928 26079 13955 9327 22001 22477 24257
15375 20136 8331 29107 17840 28508 497 23965 5624 11040 9561 26971 23145 19367 28853 3000 26711 18893 19643 15925
21421 2127 27907 15532 24281 4415 235 7234 12629 11692 21385 26561 28172 16980 26235 27592 10424 12028 26882 14890
13524 2026 5940 10759 8241 13953 10296 17334 28872 24119 7984 11446 7464 24738 10487 20865 3098 5398 8777 26384
23784 21774 24191 24802 26478 20551 5527 8268 27804 14475 7804 17122 26161 28030 16965 20706 9766 9391 21423 26230
26264 5126 764 7163 14362 20922 17018 28136 14036 10148 28622 6345 16320 5472 25438 23867 770 23227 22183 5210
25795 25091 7076 25828 17765 17033 2700 24891 20054 1347 22129 20642 4548 880 16774 16973 4845 22082 12016 10065
27666 11995 4709 19718 18472 21150 28322 25921 25209 28633 24624 22347 21832 13124 3205 23129 27156 5437 26803 8873
20500 4224 25882 54 25158 21792 13100 23950 22628 22104 13104 527 29866 7102 18600 28979 3224 18342 11603 2565
4154 5090 27222 11885 29563 11924 25788 28988 13935 15141 4459 29320 636 14712 12099 11421 9195 27617 17509 21335
19849 15087 13784 17478 13848 17707 16928 19474 21742 13060 986 155 1971 1814 6615 24131 3497 19949 5093 20953
5479 23709 19778 19957 12525 22785 15489 10948 23228 1625 5353 10979 19378 5624 6588 24318 25303 17506 23224 19894
26156 499 24775 1625 1318 22673 19756 18484 7651 15631 29635 6814 24544 20057 7877 27403 28048 29394 17777 10213
10352 19687 20607 13476 19088 9533 21776 886 4115 2694 20072 21658 2611 8781 5059 25113 24345 16479 26131 20635
3665 14805 1270 3178 9818 4350 12969 7135 22650 1375 27271 23892 7611 15049 14688 21340 7854 8947 29820 19479
28147 18031 13228 23979 18163 4545 7128 23353 2083 16741 27968 29763 25876 20915 10551 22156 29526 10803 28521 538
9365 12212 4063 5081 29234 17980 27911 24215 26550 11657 16992 431 18837 26284 17561 9355 5650 8296 14044 19551
6827 22860 29672 9843 1667 29349 1537 2167 18550 2352 20200 599 14991 21731 13884 5878 11384 22810 13341 10868
11245 19319 3300 26194 28610 26393 20567 25702 28272 11170 17962 10746 11179 2412 14416 7020 12510 7369 23670 17051
20652 27200 4095 10953 24461 29848 9021 4165 27143 26696 3342 400 4671 17339 16942 22228 22994 20361 1716 12732
1700 17918 10801 23614 26894 5783 8129 2800 21785 2856 27787 4928 25293 23556 12157 1518 9007 28105 27381 1040
27044 24616 15658 24150 5050 608 4077 13960 25267 27770 7325 12346 6690 29519 18511 29568 26613 11029 16221 28030
14820 18225 12188 4350 9343 8291 24843 13404 18449 2415 16223 25122 13732 14307 16771 613 17844 27344 12493 24411
15130 13305 3417 27592 2198 12823 606 28309 13388 11044 29231 4297 12418 11158 15550 9192 24085 3529 3029 361
7135 806 26778 490 23697 14959 3032 8528 6938 2338 14247 6611 5738 9791 9610 1312 20082 24971 13372 9010
2868 19172 15526 15663 5841 11620 22207 5630 22408 23005 5263 18974 11345 3343 23687 8739 16433 26780 487 6570
28690 18088 6084 553 18198 26801 25143 1859 10850 4159 20772 21800 25126 12727 23808 13756 14233 1107 5327 16916
3431 7829 2708 20386 13968 24090 2519 22928 28908 23588 28025 2732 13828 7523 16606 11064 2179 18250 5206 21906
14682 16168 1757 16558 12463 16747 10482 5806 20795 19468 27676 25934 19083 5638 10622 23848 15444 21000 2689 25843
20743 5001 1046 9372 24563 12271 25475 9010 29944 22862 9275 2539 17791 7081 14607 29967 1231 7573 23831 10403
779 28549 9792 17617 17682 1310 18804 13959 7811 15988 24658 26757 4997 29801 18391 23473 9301 23312 6469 2067
20553 6192 15359 7439 395 19663 22208 14950 28067 14312 4384 7901 25043 16787 25124 18403 28379 14866 21241 4187
13660 6971 15408 9677 22186 25028 11490 24150 11903 22368 7404 23251 23256 16181 28244 5472 20932 18370 12401 7629
26816 23323 21221 15948 23000 13752 18256 6821 3355 8253 29573 16299 13626 28993 26904 29688 15976 14314 21854 19888
22115 11493 5646 16082 9540 14630 28015 4632 10606 12975 2709 2183 18503 18658 15477 14986 17789 2074 374 12662
18539 17774 24344 22837 12776 16437 4112 14263 13141 9974 21480 25548 2399 7438 2019 15199 19179 12690 4476 648
19 5290 5405 25863 16106 27527 21939 11871 9606 1878 12892 19981 1833 8053 5376 22896 8739 20311 3097 24129
5149 2280 26429 28409 19540 11518 9341 4146 1387 7589 10753 28831 19612 7839 19166 11086 8512 10823 14609 24900
5797 3004 6075 1522 2296 28865 9901 29058 3183 3300 19932 24621 9193 26294 23644 14975 28310 14177 7992 27829
13619 28826 26951 1162 13980 28736 1065 8682 3982 24761 22427 19015 13789 7183 18365 24183 13134 29896 11309 16718
8242 19473 21824 7091 15904 21382 1621 16566 27220 18160 20394 28246 14905 28798 27197 15665 28611 3629 6488 19374
16205 19846 20379 1935 16865 9395 1485 28973 6455 20152 4227 3217 10701 16105 23377 11159 19259 9807 28645 3596
25203 21953 25667 3874 6287 12069 25032 4844 28610 12985 5983 28304 1813 17182 21372 11011 9251 25475 26633 12889
11851 29592 3742 17735 13876 29992 4381 29176 5711 1766 10291 25240 5568 19520 28465 27957 5189 29838 10080 2435
27388 7969 8304 20815 17879 9292 11770 15535 18069 24946 8456 23184 25076 26766 17776 4724 10505 18659 6379 22567
25723 199 10202 19683 9575 15320 3421 16340 21349 26198 9525 28085 6093 19608 10465 14591 16587 5692 21794 3144
16433 5939 1900 11033 8522 14695 1434 24447 12146 29894 17956 15144 29788 1459 14129 26579 26129 22759 27323 13455
14318 26331 6622 8106 372 19212 5546 21593 14360 5329 1934 13546 5185 25691 16549 27011 16923 8791 12270 11182
11758 20473 116 16304 2717 12191 11059 13967 23195 11554 22491 22283 14217 25379 25877 22051 26058 19753 12125 14655
15478 11917 18513 22838 19481 28864 12886 11377 20883 26594 15189 15332 24397 226 11292 5541 17878 10390 26783 27461
24548 28148 21757 27754 16467 5130 16459 4728 14569 18738 27389 12094 6475 11296 20311 4072 11921 2916 13563 9493
7648 18791 23781 12899 18063 5509 21483 19816 21872 24913 18251 18510 9840 21839 22362 9438 7241 11375 21799 22312
27568 12594 8606 5104 467 16938 26008 25108 573 20427 4366 9627 29138 22504 14792 14796 23756 4453 29127 24024
23000 6214 4601 29335 25422 8915 20079 8616 15933 10049 18815 14396 2843 4079 3520 5336 27729 18165 26869 11424
28562 20109 29178 20109 27470 5243 7916 14907 6274 5756 6729 5507 17364 27789 16172 26292 24383 29886 10739 21657
11568 6672 11692 16794 28895 24688 8374 11121 8916 8645 26783 23233 1955 11759 10591 7715 27730 22357 18869 20544
2787 23088 3154 5694 9373 19158 11061 6709 11184 15622 23616 9757 21010 7420 24283 27252 12997 3657 11876 1153
25419 16901 1323 6141 3470 25863 29041 19806 10349 7467 5679 7663 27740 16603 1508 2838 29814 17268 16078 25517
7142 10995 20517 1268 28800 16490 1053 5397 673 1598 28446 20508 15700 28396 24365 25356 28530 25908 26005 22721
27164 23105 24117 24118 1998 223 15113 15041 23572 24987 13372 3830 22595 9258 19495 15243 26744 23120 17746 4812
2162 25815 11590 17949 17708 26124 2977 5453 1961 12502 23618 7766 4972 19011 1929 25978 13117 8 15855 28024
5797 227 739 1557 27939 10177 18648 16807 27423 18775 18627 27742 10807 6183 2655 27198 29054 11367 24653 18597
5564 224 10836 729 18136 9485 26929 9991 25770 12977 6162 5559 7957 28908 9391 942 21049 25429 9731 12889
28172 23082 22822 6311 28524 28993 14667 19677 2627 26294 19474 6454 12340 9896 11281 10276 15624 21146 19724 9886
11311 4467 29763 14757 21202 27949 17658 3444 22522 21879 21528 27763 23744 25443 15945 15467 29882 12152 19434 1042
5916 25949 3119 29190 6074 21398 25296 14741 22579 21349 2117 16169 16126 28556 7086 12237 23951 14378 21176 29348
9106 27036 22789 21162 26990 21010 2932 15163 4323 10539 25482 12409 13181 13770 2531 11445 8629 21004 22557 22771
18956 9555 5491 29521 15779 12808 20375 392 18869 10703 3500 13470 18501 23798 1413 18693 6324 1067 26273 20401
17793 27966 22712 9187 19114 10276 131 26698 23685 22021 26980 12254 17274 9844 16192 20092 29193 16084 2282 14534
28888 29889 10685 9636 19055 19837 25910 7164 19472 2358 18786 24744 10337 14440 27895 22401 25308 13343 9117 18306
4817 26391 21999 2064 20589 6222 13573 13722 1342 9233 23181 2142 29290 14976 14169 21813 21071 29881 16959 26312
25228 16115 23520 24098 4193 23290 14234 27997 2821 8251 5379 19544 21959 24909 12611 1560 7614 569 19659 23927
22718 18191 24335 6093 86 25385 27006 21739 17629 25921 6748 8707 12948 1746 10691 3187 8995 14747 20754 18666
3893 22691 27509 1637 29200 2215 12554 26218 18522 10021 18730 5013 10930 11058 6678 1759 16166 20775 1479 26563
26044 19324 7300 29889 29223 12204 12882 29238 7723 21899 15142 14121 9377 23112 23264 4282 10967 4517 23110 18296
22211 13330 9448 28580 11902 24340 23053 16047 6211 29633 3895 18640 11721 1271 25265 23833 8260 10405 10235 21379
6309 24593 12192 17221 11041 15262 4461 5075 12397 19086 29587 26608 23884 10998 25725 1479 3197 2183 28911 2154
25510 26597 22193 14758 22484 8752 17691 17340 4994 3593 15553 6883 28395 22627 7010 22877 12833 7426 4125 21891
25452 3614 29857 6367 860 25978 17188 28021 10911 24034 2493 5188 6475 944 12966 25979 5162 28837 19782 208
9926 3262 3705 4397 26946 860 12969 24199 25665 12108 14826 25360 27339 11514 12706 28088 26146 1332 2690 18416
24448 9675 23623 22625 15295 7726 13350 16385 4029 25543 28451 11247 6136 17023 27268 6850 16637 6722 11897 15329
24319 12757 23833 17463 4910 23298 23856 9973 18801 29009 10727 8951 14359 9399 15364 1496 14415 7978 11968 17939
24650 27451 24491 11942 20187 27544 9778 3243 17293 24186 25869 5901 12964 19068 15869 12648 18891 20865 21088 23618
13756 1942 5409 3011 16698 2467 24080 21844 24185 3910 25897 9873 29139 16156 19538 21593 11756 6389 16035 25616
11937 14458 16137 8850 9396 15759 8914 10644 28536 25316 3942 9852 1629 4319 8889 15296 18099 20930 10502 15335
255 3701 21728 16071 27787 1134 20564 3773 17129 23327 18606 6399 22452 22268 3607 10992 13247 27521 6489 9845
11163 18263 16650 9559 183 10283 6674 2252 160 28600 23184 14891 5074 19684 20915 3258 17768 12519 1631 11069
29880 5391 13388 15677 8338 24946 14926 11625 14518 5161 5898 8311 9831 29452 5832 22374 15920 23737 20476 15848
4300 2797 17672 4228 2354 14945 3935 14557 10611 3303 19380 15920 1481 17635 9585 7130 18145 12699 16882 143
22024 14605 1642 13548 1619 4686 24708 16874 28041 24103 22377 10856 6399 28674 22802 29236 1688 3922 7851 21182
1225 18834 23043 21231 9620 4035 22612 11446 23659 12512 13495 11053 8359 814 29707 29188 1675 5364 24656 20397
13720 6181 9557 19429 18709 16497 396 7994 23082 6082 12086 7167 28426 3241 12394 20556 26756 11179 10378 29692
18095 24439 14589 16425 14793 24569 29807 988 18374 10046 19564 27701 20625 3449 6261 16513 23740 15852 21647 11562
15303 5599 11515 11318 332 18754 6512 4784 5201 18755 14177 25768 27403 14144 1365 21418 27052 8923 12698 6133
1390 23271 14097 11655 12027 22112 19239 5334 21834 12502 28438 27983 20907 10640 29367 21326 5 12424 19306 12641
22042 8036 23261 4408 3790 22713 18726 25841 3504 7882 7672 7152 24870 20749 9234 21095 14518 12845 16787 3809
26435 7984 10160 28373 26080 13468 27929 20867 14215 22195 7885 829 12525 2281 23715 8996 23456 16309 27448 15523
23 5800 26505 18145 5411 4419 11472 29228 22648 25996 7386 1420 4150 27144 22885 1632 9862 29092 14745 7909
17531 9042 23149 5666 28976 11180 16054 14520 11215 4741 9073 13891 28643 2605 27633 29319 3511 16109 2594 20574
28019 395 15684 20674 27361 9339 20806 23164 5531 14715 22506 26859 23600 9128 16454 2753 18843 24007 5653 2001
23425 18416 6705 24608 8383 19472 7510 4198 17216 11860 9560 19080 14856 10127 27110 20463 5566 28650 21906 29527
15645 26539 20172 6221 9022 18583 20020 694 12159 9636 8508 2081 10117 26649 16509 7347 14697 26262 23215 14399
29976 14117 2289 23715 6738 16704 10739 19656 22057 25383 21587 21915 5055 22079 26247 27670 27484 3009 16116 176
13326 22736 11096 2886 10949 1931 7762 4724 12521 962 23626 22119 12405 5668 15035 21769 5526 16402 5406 18540
21436 10477 21238 22220 12062 1687 5321 17956 28989 26340 17392 29692 2030 26689 29409 21032 12345 29726 9145 3400
26377 11773 6799 24430 24099 15535 12281 21999 442 25549 8622 19317 29628 19798 14537 26095 6211 11809 17005 23899
1367 27714 17307 28422 12212 27854 25633 150 9507 11068 15935 26827 1353 25512 989 12000 13109 8826 29863 6453
6600 9676 9840 18849 6411 17617 4638 5987 20472 18447 14692 5708 16067 23081 16531 13245 8156 2839 4448 473
25157 23757 13469 24104 8891 200 7056 9222 9770 582 15952 1264 23807 14643 11624 15466 12477 5322 14343 22474
24190 26812 19043 11415 28875 8404 25200 28991 14234 5483 18077 23807 28093 18268 3862 25097 22375 2006 7569 22153
23118 25836 12011 28916 24859 8352 17690 7968 29896 7982 2545 19167 27332 26694 201 11544 26719 20984 28147 19540
21629 3487 17645 25819 16623 9383 13617 577 3073 21204 23733 8315 15671 4048 22178 14161 21654 23246 22978 958
6040 27924 41 19929 11067 28875 22891 1898 15122 26482 7659 21380 4041 22958 6828 21003 22720 9531 29647 44
21346 20956 13176 19496 776 5792 7005 9330 21540 26047 19883 21362 3741 1008 16505 5454 23509 1909 29357 10369
18642 10815 22810 1290 17936 16670 3340 25275 19330 7766 3846 28166 13099 24790 27499 25092 12233 11021 189 15560
9902 21277 23605 27373 1460 10578 22220 1708 26819 24699 10052 1831 7122 16578 18473 26223 9398 14164 9959 7257
8565 11214 20416 29633 6545 6679 23777 12033 3860 20853 17898 27640 22114 20832 28928 28216 1983 6702 14589 8935
9908 22741 18575 15652 3843 19832 19505 1258 23158 15175 9308 10900 6742 26175 27767 18286 25351 24491 3997 13176
88 12142 25678 23806 20169 16111 19037 8871 5513 17225 5739 7299 12708 14161 2161 24442 23502 22758 396 26673
23712 10880 16315 4042 23155 25759 26221 18283 1623 9093 26789 8145 20941 15704 26700 20125 18182 15646 23862 21487
12163 3995 25049 63 20698 3855 11108 8770 7791 1014 2075 11851 14369 24921 20467 28103 25758 26770 27639 12231
29633 20722 21712 18135 13763 26665 1367 21533 3680 24823 21406 27757 29500 8614 13597 1217 13616 7675 29370 2128
13370 22694 29 17005 416 23771 17197 4247 19107 17428 22099 14839 20740 15413 12650 2497 24052 29042 1408 10358
20099 10175 14916 16573 4968 24894 25188 16490 9305 3218 10492 19344 24870 26592 12007 2128 24944 26101 30000 18223
6923 20669 20260 2581 25585 14400 27459 20876 822 13670 25313 10877 19830 2390 18684 13112 27209 11951 16401 22929
2572 26121 11668 23888 20312 7321 19873 17294 24962 9190 4007 9167 429 7025 23127 10935 4460 16414 1445 11660
8599 14825 4138 7197 2499 24076 6871 22392 5174 24149 16737 13985 16000 7903 18250 23725 10590 17904 21885 19258
24709 29935 24555 13325 9158 17434 1637 23437 24600 6938 20798 24120 11197 10880 1540 18173 27879 6151 6611 29743
20404 26478 20922 839 2832 24376 12686 22326 20172 15504 24833 25948 13575 24956 16894 6359 7217 26801 6761 18117
28405 3565 24852 10279 15830 27637 14407 15851 21536 22183 25775 28050 9931 9208 25441 9534 27499 21792 5786 921
26240 8036 19796 17488 24550 19181 15869 28921 10873 10125 27196 29486 14112 22774 8031 21211 19216 5184 7695 10220
13433 24403 29540 2589 14341 20519 23002 2353 27802 1690 29783 26445 26228 27436 17263 10288 1418 4352 8254 2273
13970 17266 20565 11532 6979 2589 8442 8784 27856 13821 20239 16766 7349 26826 24209 4761 145 4421 12080 11700
12709 14473 10280 17187 24318 20437 22498 8592 15771 5624 19343 17988 8185 29847 5378 18892 19166 25296 22877 21409
16343 15750 1875 19298 12210 13098 1323 12523 2233 25177 28151 11337 1816 15738 9881 9309 22739 20234 19761 7561
18036 7048 27899 14950 28610 16978 25400 23947 26666 20585 16726 9041 10477 28680 1535 26761 7855 22810 537 8048
13119 22128 90 5865 29183 12210 9794 2920 14521 23073 6181 28930 28243 14254 9193 515 14409 19575 15878 22504
3099 27616 21534 7761 25358 10421 13259 14127 24823 15855 14575 7526 18893 29877 19606 21224 18629 24022 2532 29138
19226 15604 27897 4444 11339 24475 10354 23657 25496 12024 14553 11814 10024 18086 936 8594 16205 12760 26321 12700
13309 13850 12217 13070 14846 23481 23193 3802 23003 15788 6167 1462 991 13894 22743 26682 15033 9462 9127 24251
8696 9371 1640 28542 29780 17597 12295 27727 28939 6604 10410 6842 17489 16410 27113 10964 6229 871 1424 31
20238 1755 1066 9513 26216 22049 11474 14224 18084 14076 10811 10788 21103 526 136 18209 8996 27366 14632 2986
12977 14718 14572 22115 19541 1527 13763 10645 26166 10111 11522 6631 5500 14992 14229 8474 11751 10766 2776 4846
2882 8970 874 25471 29131 28747 16299 9797 22646 21353 28258 3875 7466 16595 12927 1911 26063 8628 18295 23505
6253 23548 18498 23306 29928 26679 24326 16639 8003 17716 13447 8742 19760 28704 26864 11310 13931 15384 5886 943
29167 26843 29973 5181 6990 5208 1474 21272 27715 21270 16406 10312 20381 29702 20340 28449 7024 23388 15708 15315
20801 6596 17478 17059 19568 11962 25687 26211 19996 15236 5070 16312 879 21814 5471 6641 6330 7829 23192 19085
11663 9772 12914 23437 19581 3949 28595 28551 12826 25033 9656 24620 261 18779 9158 21557 17532 9069 24990 23543
19563 19895 7728 3323 15347 26974 1418 16011 940 4318 13021 25607 21598 5755 26649 3133 29792 4819 3957 21906
13965 8915 24520 3711 5576 23733 19298 19110 1130 8537 20018 10334 26020 22116 4118 28971 15068 2139 25870 22488
21670 7843 8028 1846 23123 6301 27270 22886 25360 4968 10029 5137 15017 29292 19367 14769 26948 13302 29798 12196
491 17244 14449 26600 3991 11757 18529 2684 5182 11554 9164 8535 3665 15912 7340 7713 6837 8115 25526 10015
4863 18637 19396 1923 24629 10654 25891 23379 7025 2244 24813 17649 3357 4178 29506 7520 26606 18995 24233 13032
10975 27247 3778 24695 24198 21196 9615 25258 16138 25822 27041 22454 8798 8502 7495 10230 1692 20126 25166 18904
16370 17803 27223 21254 25593 4734 17016 16923 24726 9223 12541 192 19684 19746 7360 4233 29890 14064 16937 8459
17140 22933 7957 14267 17974 18195 29619 18371 16542 21457 8405 15690 2286 26873 17979 11806 25775 25835 11030 3602
27178 1777 28078 25619 23810 12672 29988 24284 20477 19020 17153 7624 8843 28418 5826 849 7003 27011 29695 14224
5121 8958 13904 23642 21038 18247 22510 18032 9272 22794 15202 12191 6958 3904 14538 27341 10382 23318 5140 4550
18618 11920 18665 28832 5417 13004 4106 9766 27934 15418 15149 6907 10628 9099 18419 3209 16773 25327 13628 3463
13594 155 19494 12680 10808 8501 29106 27711 27423 740 12444 9550 930 22005 22333 18493 7794 13926 10877 18494
16739 1060 12941 11123 10536 5349 6001 19498 5296 20110 29579 27432 16542 12948 14764 11334 6612 2887 16644 19765
1612 1118 13390 2031 19687 25844 15935 26578 15820 12751 7589 2484 27115 5576 18103 12125 23551 8326 2264 8641
16391 7646 1472 27658 20848 4278 7666 11533 17913 12812 12741 28234 12006 1888 5230 15571 18602 8199 14752 28818
20789 15848 20610 9191 20143 29439 11611 29136 9050 21006 20413 12989 12217 29674 11639 11301 13177 23962 2686 28420
21797 9176 8627 29651 27477 11990 1694 25009 5078 21211 2453 18358 28864 10406 2591 27196 1585 16836 16107 14021
28385 580 1981 7010 22735 19402 11739 8634 24664 26655 8425 1591 8370 24534 21697 2193 1759 2093 21947 3245
22859 3072 2278 13792 15936 15385 7404 20374 20761 14949 1039 15384 6817 13523 27694 16698 11795 10659 26196 14343
467 26938 20120 20178 8405 15880 26375 11511 17551 29129 11006 9874 24495 26649 3953 5329 5496 13548 7427 13824
10017 16668 19456 8746 21717 19710 5600 10330 5248 10858 12318 9034 24906 1578 10920 23575 9808 10321 27006 24973
11487 9315 16520 11912 6954 8304 28485 23330 6060 18203 13412 3000 9321 27077 28413 25939 17341 19073 28765 22257
6650 18420 19329 10671 42 24317 25652 4139 11735 2903 2563 7735 22883 13754 29189 20425 5911 10371 8347 17278
7600 7423 17278 2260 18790 8943 27268 10863 25730 28340 29942 11298 5836 14453 24246 21818 23300 25934 17557 29256
17952 307 25324 3687 13337 11132 7877 11172 12182 26577 25176 17857 7475 25522 29409 5037 10302 29583 16385 8438
25986 10584 23875 13598 18752 24429 21562 20418 5619 9666 20365 28246 11326 11857 22456 12187 11199 17124 12043 5866
22067 367 29198 15040 20967 2378 5171 27081 18402 19119 166 19250 21112 12687 4505 1894 15505 12127 28939 19780
6493 20107 27358 4163 20628 27921 25807 14737 11234 22492 5789 14614 1434 21718 2246 22447 7795 14500 20474 5857
18265 289 18261 7727 6928 24747 9553 4894 13643 3144 19652 24880 25989 12655 26250 17365 20490 546 20474 19403
1242 18480 17451 7915 29389 12539 7951 25151 29315 10722 835 15814 5188 11466 15053 19876 22785 11961 6406 9367
15033 16146 29800 9223 28443 6742 22959 25998 7859 9222 25891 23143 18749 14288 3578 2160 16576 9618 29558 14808
22751 27125 29179 11434 12465 21364 64 789 5262 1231 24136 8014 25366 11482 4831 5495 6555 12491 25669 851
19577 17012 21405 10041 1780 13742 29236 29679 27429 24564 4578 16308 4202 6888 22156 4520 10629 28997 958 4766
28791 23676 10634 27132 19876 23770 20878 23571 23332 21333 5503 11708 28081 3724 15889 19013 2596 11535 6075 3982
9279 1263 17819 13815 28462 3368 7598 10038 724 25404 27124 9454 1897 29337 6288 27956 4316 9064 23789 13253
7972 4763 10501 5512 19616 7982 3513 19349 19332 15757 26115 15634 28177 2538 833 21584 3834 24346 17755 15699
17168 3753 13229 11279 14670 25993 8807 9860 14780 27247 14920 27135 6901 26703 17517 11948 16782 29203 24188 5714
28914 6479 6393 13897 29718 7274 2448 6075 8940 3371 18080 28387 1471 8944 13526 25074 7368 15417 1863 5698
25400 20459 23398 28121 10580 9227 22806 22969 23226 6913 9937 20364 6890 27247 8701 28002 18113 16779 14755 575
24733 22197 5482 8385 26190 22818 22873 22154 29604 24922 29165 17898 9236 25197 13013 10538 21639 8877 6799 17078
3929 27139 23974 7895 3856 2066 12964 3718 7972 17393 3788 5888 18350 25719 25045 19545 25955 24509 11554 17086
25862 5153 18631 28782 26655 27141 20680 18939 17111 26289 895 18355 2949 25463 5885 11416 632 20381 28281 24021
9390 6048 29463 29100 21767 22671 28324 2060 7883 10336 28969 601 7273 18957 6438 27608 25804 26689 26178 11120
22586 17320 7795 13439 28590 25126 17138 21291 16962 22062 15021 3852 15982 10372 25580 3433 7277 1526 17800 7803
10283 28648 6027 6195 14764 23078 29641 4790 10394 6674 19737 29094 13154 6850 25080 11064 23023 7565 9035 6562
9075 4993 25194 2537 19805 5887 3850 19363 14973 7020 22975 9415 5099 19972 21660 25913 6760 15790 8230 3969
29319 18031 12528 25065 28251 10706 6179 24022 5764 11475 13095 248 7528 1276 16390 15371 17751 9048 14506 20177
5897 3313 2887 9663 18220 5080 17407 4322 6467 29340 9596 25546 10693 2178 8887 14789 27326 9049 7794 10862
8430 7341 18791 17809 26406 3520 26460 2449 16607 23988 1341 20462 10395 14839 9185 9944 12594 6300 14863 19560
8281 13637 6415 11938 3230 16920 29487 12131 18259 20350 29756 8456 23646 23470 14182 17664 16404 25139 15445 12374
26519 1358 21241 22837 4862 29776 10875 6786 22520 24096 4244 11952 19586 18934 11847 14386 81 4189 20451 18663
28525 22049 8732 20090 12277 7059 19390 2308 14758 13509 10469 24832 29640 16288 16680 23293 18605 2466 9759 17372
29337 1127 28166 869 8286 29007 1434 20556 7507 14254 28822 27886 21809 26437 10130 6006 25256 4303 26555 29553
24734 29294 29133 6541 24223 15704 6489 19746 18234 6760 22544 21740 11315 7935 21926 21443 27735 13427 15106 12169
10154 29849 3223 6206 7932 27627 21507 19102 19677 10658 21207 14282 25751 893 11495 5378 2186 4550 16212 17377
24705 1730 26219 24565 13112 25145 3731 8835 4926 27427 1245 13687 29780 8592 23105 14498 11739 9227 3493 26368
8771 14552 21787 23259 24521 18442 17768 17125 3451 4175 20855 4534 2755 26111 18693 6120 17726 25390 26869 2459
4036 20478 8228 12189 27774 14650 16025 12071 16681 11746 28407 5202 5690 4824 20079 18234 29029 19500 23485 26378
1074 12561 27441 20365 19002 3798 21619 16871 17703 23634 12304 8276 2871 656 25439 10257 6294 13103 1625 28660
14554 17620 9589 3620 16555 1227 22991 18987 5948 1538 26528 2444 2875 12325 13756 12218 9863 12731 24589 16915
959 3087 25605 7493 29729 20742 14053 3084 4314 29315 16677 20882 29738 13329 3579 24714 5797 4916 25944 8981
11299 4590 23217 20763 2910 19312 19148 2046 17386 26057 4510 14453 25999 21442 6786 20000 1568 20503 3059 15661
7550 21664 19371 8507 20391 29120 29010 14068 28591 7135 18536 8765 15229 23879 26930 26442 7790 10578 11568 17364
6337 29896 26671 22444 6492 12332 346 28687 10596 18160 26480 3556 2216 1704 18503 10718 1307 21515 2138 21361
25898 27975 16771 24070 24874 24999 10907 22821 5618 3831 22087 19645 28219 13480 12236 5180 3375 21054 29116 827
13454 19094 29610 23483 650 17172 335 183 12488 18722 11787 15094 12157 12218 2773 4987 13105 2056 28194 15981
12947 20327 15137 23970 980 6106 18112 16809 29926 22831 20607 332 14340 23039 1998 3698 13683 29241 20993 6456
16742 7452 12423 4036 5511 5110 24189 4257 27186 23182 22457 1486 299 23485 7865 5463 20661 28811 13360 17474
12047 10680 26497 26662 13537 17754 24248 9853 26773 2427 5509 24762 17282 21018 18955 13291 17038 24380 17600 23070
7469 23899 15845 12437 23671 8645 3283 11804 18027 15308 10760 18114 3617 22528 6784 9879 11514 10314 6722 17828
25541 22052 23059 14877 28996 8628 20101 7656 7599 12287 15291 15944 16100 24628 21848 28407 24250 16903 1617 26041
22851 14687 23746 2602 23489 21240 10090 19643 20547 28413 20105 7824 1655 24065 9802 14580 19126 10256 23829 15527
15571 14696 3313 6935 7133 21987 27939 18971 4272 2317 2947 6147 7586 3484 9203 16327 8992 23428 11113 16550
24055 10905 14896 12481 20818 24927 22863 2830 13081 11617 4571 24779 14863 21618 27810 28237 15923 9974 16202 13240
5254 10431 4423 14537 15282 2392 24173 21014 10058 26416 16016 13535 13402 6478 9925 8576 10086 245 8692 15923
3273 24112 17427 8431 16279 13485 15265 21165 6714 19280 22194 714 21074 13699 22261 13799 5643 2356 187 9915
4336 17546 17275 15932 14519 25475 15870 22626 7275 4371 7001 8381 4355 14473 12654 8053 16490 13156 28866 22055
4568 8840 26413 6491 6007 29518 10538 8488 21996 28603 7224 19744 3562 7457 3894 8179 13418 7207 20792 18857
26135 17760 24330 14917 28688 888 11596 26104 4048 9115 26762 14607 12560 16682 29360 16462 20585 8421 25128 460
29829 27897 24699 24077 21950 3820 12008 10477 6355 533 25225 13020 14341 23277 1298 24220 127 26510 24131 2763
20307 16829 206 2266 21238 20381 12845 29754 22027 21372 17904 20414 14427 3544 3336 15237 1469 21671 17178 27561
5768 10100 25067 25753 19980 3393 5475 29765 14227 16011 16961 9384 18699 13402 25781 23670 11728 29887 6566 477
21929 23556 19797 8488 4343 17714 5470 4511 28138 7387 13054 7882 15110 20426 25039 29232 23110 28009 10295 22209
1621 13043 5067 28416 18015 12972 6286 10403 24492 3478 19602 12048 28030 3896 10404 10261 23537 11558 27103 11939
115 18664 6801 19493 5020 1103 24881 7571 18499 3832 27472 7481 8093 24504 9233 22766 9686 23178 10966 11788
643 16254 5125 16204 24148 12412 10846 21420 21984 15724 24998 7156 11433 1259 8589 13855 13190 4576 29711 10567
11790 15468 17032 13228 28043 27957 28846 4719 1472 10100 8164 28652 13113 8611 5102 11685 23639 8390 791 14298
25449 23238 10364 6167 16302 25042 26928 18524 21804 21220 26618 5836 24959 27835 3808 24554 21376 28390 29932 12181
8427 21327 23232 5056 5493 16821 946 19261 14491 7050 125 16273 19427 16455 29663 20163 10789 25384 14140 995
10158 4098 28513 15470 7432 24805 741 5199 21857 29674 12865 27063 23132 12076 899 21164 6417 4120 12646 863
8053 10428 12805 19920 1891 27332 21380 27217 16279 12934 27008 7510 22951 21719 15087 16600 23193 28393 12145 8533
1422 19277 5889 22732 11664 6980 17165 10933 29330 28250 5800 14904 15866 16237 5886 12499 27774 27779 1780 8322
8691 18334 27640 22470 10202 29530 24331 9028 852 12491 3451 8621 10173 29583 5608 8469 21852 18364 9598 8094
11553 10061 23402 28953 15530 21865 12734 14187 29291 15759 1110 10010 10163 20357 8371 14010 18253 6358 22018 4443
27918 7350 11093 839 14269 19015 15419 10009 4423 2268 22226 4446 5040 10409 16330 2725 29512 13193 16370 19571
9611 6830 4155 969 25101 24470 7001 10557 22866 16866 5960 21154 18852 21083 16560 16739 3538 18474 29272 8737
5571 9558 26330 24417 29749 3827 13170 13375 3560 24395 6568 2754 3328 21146 18059 29211 10928 877 15328 20230
16183 16824 19118 16303 29976 16329 20888 23644 19985 24851 22821 24579 25579 17654 8482 13569 20307 13040 6982 24487
28467 8885 3729 18915 13928 19795 847 20767 23748 17011 4984 13430 20058 16074 3306 18870 25087 24354 29633 21550
22531 19543 25273 16633 13660 27439 16364 190 24010 9982 17343 23849 19200 16482 21295 1341 6897 6004 14511 10116
24757 27892 22643 29450 21371 15554 26965 22608 15277 14650 7511 17713 10473 26897 21847 260 29613 18408 9319 7436
9677 20872 28527 15922 21023 14564 8390 13415 6246 11054 4685 8766 4757 27167 29145 13485 27764 16538 18051 11451
9082 24901 27360 12436 22704 18604 14571 28380 17970 2893 15209 918 16938 4171 20333 14452 2724 23165 15170 22998
28483 4327 3059 15968 590 29835 25618 11324 27608 26993 2930 9243 22678 12510 3244 16732 11283 23143 7480 17839
8777 8834 17874 976 23538 23403 19446 2054 12125 9044 28541 16041 28595 12747 15331 13751 4298 24500 18809 19189
23710 14103 29444 5414 29975 6955 15036 24940 16655 4409 22605 17876 24334 24018 29819 9541 22883 11444 23886 21566
20625 16056 5360 11953 16270 23267 8990 5024 26272 11963 2237 16539 22685 18986 25005 24806 17672 14051 13501 14294
11889 15174 24121 21558 3502 14757 24997 21336 15742 2711 8620 29128 15069 12826 4770 8790 14807 7865 19266 25473
7171 2039 20348 27199 26887 8768 14563 9997 5875 3684 22876 24369 12637 29083 20520 17037 13201 27060 2527 5294
14383 13311 18877 10184 26126 21185 8892 27014 24307 19969 17218 10940 6236 17435 22157 16194 6761 18710 14176 14323
5579 23838 19991 6680 10397 16372 22684 28760 24878 21747 1672 10398 27715 24931 12683 6596 18649 18815 24242 15949
23073 18728 5212 28275 2291 14001 10339 3814 10360 16621 27714 13406 5560 6667 7985 10022 15099 16787 11630 11085
25041 1877 9305 17185 15613 14459 13255 19048 1100 16658 8259 23531 26686 5535 2123 7303 19483 29870 25860 9156
16807 22800 25178 15362 16738 11614 5964 14755 7021 21575 27605 4896 9854 26405 10702 24168 24893 15 1959 26698
18605 18329 8924 20123 1962 7977 7472 14710 28047 27139 29771 9229 26367 8025 7003 25263 6454 1804 5524 25989
8072 19196 23136 11875 27781 10328 21676 6422 20855 12642 23625 28890 19335 29175 28086 14397 16818 4052 19243 19617
13279 18442 26288 13615 26254 27412 22110 8556 1110 11392 10102 2215 9939 26567 19571 21481 20388 12542 21655 27597
7959 13198 21877 18870 27526 14098 24667 29793 10124 16261 28486 21048 19959 12012 12006 22725 21177 21438 15661 21645
16829 12235 28333 5233 9116 25163 21049 9749 14324 15576 7787 9385 21990 24249 18112 16130 7525 7722 11500 5049
27741 8437 15685 25350 12300 29240 19457 29532 5375 15355 11831 15065 16679 27653 23700 19270 20973 28368 865 4464
24392 14758 13128 16717 8170 4534 27279 3151 11222 20914 16908 15298 27437 4943 20357 12430 21832 26734 23231 14957
5364 18649 6592 9402 8708 15032 662 28784 9050 17479 27574 13051 28276 7108 28401 5326 26792 19579 29632 16664
26345 20299 14989 18242 1689 11021 669 11280 18216 5420 16180 8015 28695 7656 7601 4974 272 240 25225 24225
24130 9314 27047 26945 10379 17788 14269 17192 4643 9065 5789 26964 18408 17806 5040 13622 18712 561 26911 6723
22248 8057 13714 8838 27585 22730 1289 1167 19608 15832 11185 11031 22654 22396 10772 18889 399 8134 26572 11487
27512 19041 27842 25640 20319 1887 7908 382 6465 11079 12215 8674 11334 21573 780 13062 21372 20901 17841 29024
4771 13897 11310 9586 3718 19360 19937 26891 13813 25464 22362 17779 16128 9153 1112 27580 11001 25653 20452 13404
8353 24262 16619 15003 20956 10296 5201 9449 12811 18774 26248 11698 29492 9265 24564 22132 6080 14178 26028 25449
10648 28390 17858 3316 9348 28311 20531 7255 28762 19533 15326 20412 11561 29741 26495 3445 11948 13460 1515 7132
13188 6217 29244 13876 28496 13014 9431 1648 20733 7443 20439 11149 4479 11018 21776 8227 15957 5411 9708 7239
18336 16334 25734 26121 28260 8646 10835 24657 52 18900 17737 8561 3335 26867 25533 12567 16415 21856 22870 2491
11220 12249 12346 15301 8907 18705 17835 6147 5082 888 13687 7551 26139 10838 28289 12326 6220 16419 25964 11127
2167 8582 4519 8531 10058 19137 29781 15172 14291 18524 11755 7314 5888 2898 13556 15710 8269 7509 10957 20376
15574 10195 19662 1038 13043 22163 8860 5209 1580 9323 10552 28943 11870 10312 27603 6174 22875 20596 13733 6503
12492 1791 12841 7363 6836 28045 2229 783 2787 9691 21379 846 18090 4689 11495 4442 15849 21815 28972 12808
16735 26326 19967 21904 26465 8546 3216 12598 13787 4909 21804 11597 20912 11346 3871 17662 9729 28913 7034 26488
28370 8976 16251 6462 13751 10085 22408 16033 24351 1105 5879 12558 6035 3480 8100 1478 23392 9159 4531 26270
28068 13139 8210 9636 17812 19426 20858 7820 29654 10553 19125 22469 19825 21289 19988 19434 17337 8547 2273 27959
10361 5844 12433 8222 1880 28246 13600 6692 21223 22872 18363 11964 20843 24670 4640 25062 28789 2714 20721 11753
28187 762 8267 18000 6437 20543 10900 3847 7593 22807 16146 19060 12501 29267 29751 27349 29877 18566 25932 11234
18511 7231 10164 5341 7769 14794 15785 19938 18399 3995 26085 3282 4229 11218 27456 13403 483 22531 21645 27971
24451 14374 15491 22294 26874 13073 15622 5211 25434 12481 15150 16326 15160 18554 14739 6773 9579 17996 13355 322
17865 2360 26855 15613 24855 12033 22488 17786 12490 7769 5671 5552 260 22493 26261 29471 20033 28065 10985 11220
27834 23914 463 3203 1055 658 1034 5466 28156 18120 2044 12885 22665 29644 13331 27922 2615 11294 23 25726
4952 9621 8143 5216 5861 13389 15318 3283 28478 21039 3735 7021 20353 2153 5277 17809 23414 24027 3792 8872
25772 12991 23261 4038 18268 23082 26921 4650 10200 26075 20858 9634 2951 12212 29333 17337 4825 17604 24380 3969
28662 610 24711 29783 7048 29703 27342 28349 11214 6912 14701 990 20179 138 8310 6063 15937 12075 19782 5412
11651 25762 17153 7788 15899 23759 10970 25602 1546 26040 12798 18489 4597 15465 24775 4611 7961 2463 10155 16033
1367 18937 23502 2623 12736 19081 21574 26310 14633 5129 17526 20182 24828 12924 17287 29699 23225 23981 4185 23953
27312 4965 10432 16889 27240 15648 7736 18959 29661 24433 24684 10420 2668 27302 21326 17655 21810 10671 28010 3457
29733 10722 1086 27283 26788 18720 5099 17641 17207 11198 12892 5507 25957 2899 16642 9172 5148 2094 3645 16292
4897 28260 12017 9789 24073 15055 17113 8195 1696 23358 8637 29068 3519 16515 19581 26164 12973 22418 28392 27654
21989 16356 8284 23089 11604 5120 7539 21948 15582 29101 23559 20820 22042 27884 9330 4961 10520 8912 9236 24631
14908 6453 29080 16641 12842 9205 27876 535 10341 1711 5319 3920 16679 20838 25145 25501 17921 20641 6190 29393
13424 18426 5567 22084 9934 2715 24039 21248 3444 9719 2432 18183 14642 24553 25134 2576 26280 775 19508 28900
8726 3414 3623 25588 14819 9174 16034 4980 10050 6975 27635 10242 20781 10987 18649 10756 5714 18752 19243 8359
18438 21598 4575 26102 6433 12640 934 6347 17250 690 28064 1744 26059 13901 29627 28754 25181 6486 1780 28966
29619 21099 3154 8658 2929 29953 8784 7087 23208 11989 21714 15936 17203 23096 21529 5112 11345 675 27651 7504
17753 9381 5196 29550 18032 24472 24300 9575 1486 321 29170 2714 12162 17066 29154 23337 14408 15578 22297 5637
28686 6781 16179 19870 6201 1565 16134 1078 8452 3846 20326 7061 16585 20777 3469 18255 3392 29536 24531 5330
13623 23467 19754 11028 21155 7437 26374 3554 26023 21589 26998 25840 18840 3240 1041 13989 2634 1132 28198 4731
8425 13270 15716 5537 26407 9004 17708 25476 10164 7538 11278 1676 18299 10500 20196 18141 11927 16183 7965 1348
23755 18415 6873 10459 4135 13879 27126 21856 11308 8037 29298 8980 8536 3427 12274 28138 17255 18442 15079 29553
27271 25948 10849 27371 6096 22431 7939 2459 6227 26031 29336 20292 28672 22518 22033 24060 9296 13919 18860 13932
26484 9418 10708 14122 6491 17497 21399 6336 14365 11500 6471 27293 7974 8162 11041 14759 24049 18879 888 19434
11272 9649 9272 15898 14150 19342 23337 11968 8854 29691 2465 11381 28409 10787 15118 14590 28182 16286 28906 10951
24268 27267 21887 9022 21501 5062 14734 29749 19715 3062 836 8460 19700 12189 8764 24304 2052 12821 6627 27952
14430 13230 27142 19264 1398 13189 22097 5039 7455 6158 26395 3601 14668 9918 9693 8850 21190 21799 9928 29757
17263 22191 2189 27319 29989 20196 21636 12637 16811 23575 8693 15376 28464 19949 6705 6364 18983 11259 13620 1381
1983 18232 25484 19186 2249 29831 15038 19372 4384 1595 17782 29201 845 2702 6086 10805 22239 4234 21157 7616
22121 19727 15175 5126 21862 20667 15266 27424 17620 2927 84 868 17635 9337 18796 17796 15624 24730 20878 25615
3895 1066 14348 22483 17567 24886 17013 22530 25696 3054 3148 13407 25495 1726 13603 20901 26361 14027 7523 22623
15639 28933 13250 8378 9852 12318 18166 21214 1549 10090 14469 3634 26093 29062 22485 18742 20753 13992 4962 19031
13158 11317 13709 22551 28631 10381 28130 13004 722 28005 19737 5788 13628 17864 8928 8312 13103 8439 3496 13449
17609 23206 24888 6687 2401 9941 15435 24578 9474 13341 25924 8337 16135 12836 19668 20359 28988 16111 28636 18364
12585 7636 15616 19749 10622 18916 28036 1693 21812 2214 24808 26041 25698 29258 15230 27394 8507 13335 18237 21051
26041 28458 11999 11505 16086 5095 28583 24339 9130 12471 18228 9555 23564 29495 22489 17751 8583 13173 20786 6394
17802 5092 14555 15427 17659 8489 29416 22151 9519 21827 23600 16073 23282 3103 17545 8102 5217 10137 11152 4164
19838 12144 6272 28526 20161 1223 21549 1658 18261 2410 2165 27938 26799 15639 27507 26371 5257 24802 13979 596
6536 24652 16537 26238 27981 2479 17702 18744 29673 4545 27275 29545 28354 2663 27637 16187 13233 26063 17153 20757
17514 20243 19719 20114 17831 5273 2233 23018 14365 25683 5139 284 18611 14176 16211 26172 23160 22358 8027 20266
633 3270 22628 4582 3587 28987 28810 14887 13690 27402 11208 3737 21510 5979 6843 18540 27872 15713 17477 27616
5014 3419 1407 22153 2805 20501 87 16690 3359 19796 16831 27664 21996 8177 22256 9448 14545 25790 18391 1311
2136 802 20021 18183 23480 7614 16556 10206 15979 14976 18562 7981 1380 1540 28381 12220 26118 29708 14820 16514
5992 1063 8452 3061 18826 18820 13756 19143 27924 7019 14481 25765 5973 813 25183 12771 18344 9602 11557 5238
14078 3276 7656 14066 23647 5596 9140 14296 1619 16078 22009 24213 21918 21844 20263 4838 18121 8711 11854 23530
14732 1856 1906 13681 28515 17140 9399 26266 16563 6979 653 18501 2243 6853 15444 22789 19369 1628 20254 8037
18123 20046 25213 8133 2900 19848 17646 23796 15228 10923 389 29841 22390 27820 19525 790 15174 28976 8601 10875
26113 4102 26618 9679 28075 8755 26570 1842 11645 27240 17308 5828 20769 22168 2281 8586 28889 2215 22487 10599
12014 15716 16171 3123 26543 8178 5239 22925 6471 28604 8243 2792 8917 11334 19819 27053 27188 1496 7505 24523
319 18743 7222 18374 12037 29051 16976 6814 22895 23615 18882 18857 3394 3454 7761 6831 11486 2734 19373 25553
14270 28864 19695 12626 7434 28162 22848 27442 24652 19058 28554 24169 21473 14798 1472 1059 20947 24590 14556 18867
18422 28757 16095 18519 17090 8960 23421 20140 8338 22144 26357 15193 5880 6486 22939 6398 9676 29470 16657 6446
5098 9802 12968 15395 8469 13232 24900 6524 22083 742 22357 2696 12796 25565 13937 11357 25877 7944 18932 2093
5030 20089 12459 29990 16107 30000 13559 27492 9495 25827 26394 24253 18658 24996 3618 27713 22085 14400 11244 29163
23089 25040 11545 6756 23506 1772 4510 16380 29636 24321 16341 2223 16026 28207 18236 24386 1149 6528 21448 22468
26168 18580 24996 12349 1567 14166 7822 14442 22030 6683 17249 23905 10485 26799 29203 20035 28458 9332 7984 3987
20066 28537 6325 16224 22758 27906 20514 26753 20237 17844 9381 24152 26946 22658 16333 5824 18152 3991 17066 12306
19538 29381 18689 24842 21923 2241 11706 20457 13901 17896 23348 19341 1704 19711 6170 18890 17922 16976 18868 12436
15445 17635 16933 3432 20414 15477 4317 21262 12324 5179 27407 24970 26985 13512 23693 26755 12517 3181 5407 3700
24713 20419 21003 17641 9489 26559 21556 2531 4545 22546 1598 22931 27231 774 11372 3694 18245 290 15500 1628
15585 18726 17314 2827 15576 4818 18253 21019 25792 9525 29275 10334 2274 4819 18235 214 23307 883 15502 23343
26860 410 11379 1376 1243 2160 17180 15784 2038 20941 4250 603 15580 10157 15877 26265 17120 8439 26068 19483
22111 27677 1256 7356 28179 21488 6475 18126 18350 17888 20189 18016 23599 1142 26418 9343 20897 16803 16490 13544
7771 12333 23795 14323 29351 15907 21751 11398 24242 23205 1550 6632 18939 29434 26373 6035 64 486 11885 8985
15961 5647 12088 22395 22580 27759 21582 3320 23130 17893 24862 26220 5117 28144 19743 9191 19755 16547 18618 29248
22545 7366 27752 6037 25987 11716 20108 3109 886 29499 25944 26055 12245 7252 29391 5655 21173 14503 10362 14606
5597 9884 6370 20887 26350 25778 17857 21798 18795 6627 8704 21577 9372 21426 4943 7310 10693 21859 6978 18573
12170 16724 16357 25383 11037 10419 28248 26426 25829 10398 28020 3049 29245 5576 12829 26728 10282 24838 20403 9908
25920 29347 21664 21691 18558 21063 1733 9121 10995 15409 20937 25533 28697 22329 12716 29723 2502 8108 8707 10968
14302 27437 6455 382 27765 23811 26640 8298 6060 28675 10340 7572 10065 9698 3110 19556 11548 1110 5127 25331
1481 18866 24903 18032 13904 5041 18367 22162 321 6584 54 12593 7164 29014 24779 14027 20473 11222 29186 19986
9901 13163 12774 14725 13048 7757 4084 10769 20551 29411 8478 3954 25773 5891 4200 20408 4457 1051 16370 6451
26701 27893 1860 6324 19609 810 11180 22199 3734 10918 24526 7241 11638 1556 28210 25409 16427 3791 2036 10693
27288 17005 17011 25080 6105 4476 17260 28196 23702 129 23425 11910 29558 14456 26810 1250 28875 1503 5473 5709
3836 15015 29584 26711 5689 11530 25698 12817 11145 24707 21346 13276 23798 24789 4805 10706 8278 23324 3402 15410
26510 29511 15700 13849 23540 24815 4042 7369 24930 5263 19030 10457 12240 5050 25320 10013 9629 13471 14317 1897
19452 19358 21387 23360 16224 24929 7829 29135 14794 3734 2990 21347 1241 15571 28017 22211 27994 19704 29854 12119
7428 15025 26200 26814 14108 1014 17512 29558 29434 13931 17204 5595 16506 521 2372 14595 5057 14681 27480 19944
20215 26306 2290 11098 24168 23378 6527 1150 22575 1741 22776 20267 11834 21695 21586 5649 7130 21675 14359 347
28048 29128 13256 7005 8898 9555 8606 14084 8968 28248 1657 18585 29731 6117 5265 4888 29742 27689 6162 14727
23559 27892 21968 4368 28287 16527 19294 21468 10414 14908 3643 5451 12817 16921 22754 4915 27709 21899 22117 7609
1778 209 21515 12147 13820 14008 936 17203 21881 4487 1787 23724 6852 13119 26131 1384 24671 3702 18811 7324
2595 16067 7292 16069 22105 8498 24378 22897 17944 9629 14460 4447 4774 20350 9446 18094 13659 26085 1549 6213
5699 16260 5931 9300 25495 10713 24601 17787 14696 10769 18638 9911 11479 28424 14660 1976 29954 26521 10834 14282
15547 8910 11258 26242 20643 14345 11073 15300 27969 15060 2826 14150 10325 15751 691 3253 15936 2349 25156 11207
26826 19274 28848 17610 29823 25 2615 4907 11503 15987 13422 1603 4375 14150 29827 26426 1949 816 19680 18125
504 23807 21433 11891 4817 22933 9596 893 24715 3066 28315 7880 16459 21363 12178 27543 3469 2281 4653 9326
6475 17633 9450 22670 24275 6751 19734 4243 12603 20987 9608 28195 17532 12648 16176 8552 28887 428 10707 10763
23509 11277 7883 19467 9138 25656 6119 9584 12916 16737 25501 18840 6871 13409 24409 14496 28091 20710 14881 25719
7270 23333 19359 24096 18896 10013 7765 16665 6323 24404 14002 22030 21451 23273 14129 19132 23930 17071 4949 24380
13928 29658 16768 14811 9986 16190 12995 29677 4903 8357 13784 11057 20610 27560 1170 27306 21554 10724 10997 5975
8044 23757 1117 15912 16573 9810 28618 22750 1645 18599 7163 23299 11452 11264 6861 15212 257 21420 16135 24590
25794 10384 22673 4436 23097 6900 29065 20804 29896 4191 13122 27769 19146 22628 18997 4497 22542 17293 29823 22918
27292 3637 23906 2727 17693 2101 9648 22607 18296 17515 11283 11272 10608 21998 15132 28253 27791 13927 7500 23612
5274 18316 26538 24088 9309 16329 19757 5841 21811 21050 7538 2390 25113 17534 10623 18700 23257 4588 16096 4886
24767 14016 12083 10330 25985 3785 2600 7401 1763 26671 21561 14948 21906 6537 22437 24411 10659 1429 1817 26253
28636 5317 16024 21103 27276 7377 20203 16669 23148 28566 66 26350 16159 20161 2098 9113 1537 10323 8462 29061
20617 24958 23555 17556 9850 13711 20993 20043 25554 14870 21067 24463 18338 1193 6701 13432 16744 11637 12932 13865
16122 4983 14258 18931 17591 20708 22928 12659 25427 25787 1856 5943 22220 12882 17357 29268 4551 16600 5493 29198
3319 29116 4683 23426 20795 4583 3328 27861 19735 23476 26330 27053 17172 27524 14198 14048 2114 728 18971 16989
8854 25832 8496 14332 998 24381 727 7538 3435 8230 12653 176 27117 11146 27067 23612 421 18358 24030 6399
10304 2254 6267 1347 15540 14685 19881 2203 27455 7502 7872 15102 2534 1088 3966 20870 13407 11581 18050 2535
10974 11511 14361 20900 23316 8967 19369 17236 3341 13766 11061 22456 19256 12742 11870 11986 28464 17319 22387 29971
28221 730 17617 1274 6300 26651 16014 13171 26955 28166 3753 23284 9527 24450 28825 26290 27424 27070 18035 27934
16870 13759 17514 3484 455 28156 26059 7868 15800 13474 28922 6806 11635 26253 20475 11140 1283 5389 8341 1977
2208 28968 14394 9959 11501 4637 24780 5101 25597 3678 4292 9385 758 22355 25232 8384 27624 7467 4312 6768
1547 9593 23738 865 17112 27240 21835 14165 23948 24587 19282 21341 8848 22979 10760 17704 5956 12837 9533 21764
2183 7996 18181 23524 14568 8826 16934 15691 19501 23397 22143 23147 13244 1108 28363 12768 28316 26898 27479 5082
19180 11256 6816 25267 907 27880 8314 14243 12053 14989 16623 21821 1532 2387 1538 493 7116 12016 22434 22336
25029 1296 28756 10925 27512 19525 4514 22908 14359 28711 19642 15113 15951 12241 5622 9212 11520 4631 4195 4539
12408 27852 534 22165 18885 28780 3353 29593 17310 8367 11947 24036 2660 21380 24853 18959 15256 5930 14501 24514
25620 12602 7511 9832 13599 21306 24112 16610 14371 12961 7513 20714 10167 10844 8069 28325 20504 26318 13281 20325
28423 6613 11325 9293 8236 17870 5728 13189 28668 26684 16442 21387 27377 24102 7493 4200 6916 29003 19618 17569
8706 2657 10002 27522 28129 18934 24357 8365 12726 12184 14588 28769 27432 27547 20183 21295 21793 29134 704 1121
687 6667 27584 14710 148 3530 7011 8470 6244 10350 10812 14652 4259 27061 11527 17159 25326 11294 7781 26553
8413 565 7516 10488 15955 15529 3738 16770 9266 25154 25479 7408 4495 17451 8288 4764 17064 1536 23202 9657
2357 5158 6918 25321 23313 22645 18082 29955 29085 13333 9721 15953 15214 20288 8213 20539 21990 23331 20569 14887
22260 2864 23107 4454 11460 5176 22249 11540 11137 20495 29783 23218 9745 14579 23248 26103 9517 25267 24408 28694
12383 12683 15123 15971 9606 11430 14954 5015 3387 19328 7 19467 29297 27884 4371 14513 10011 19419 19562 17463
4244 13999 16611 828 28920 15720 17351 12048 14310 420 2195 27612 27708 8479 17464 26805 120 12603 14556 22752
20809 6129 23010 2813 17950 14007 14238 21211 16134 3566 19741 27963 23718 4261 13675 1999 7885 1228 28776 27091
27448 3855 26380 24706 16721 24692 2658 23416 9910 7836 9726 5384 29813 23094 1470 26162 523 20564 7439 5567
29471 16927 2440 6271 7320 10003 10547 19132 1163 3923 25141 8595 21970 29730 21384 27114 1733 15423 2279 17431
16395 13257 19477 1646 19483 6207 22573 751 383 27230 17022 15468 23433 23775 21466 13091 25050 557 20569 10049
24172 29227 21979 8787 10383 18217 7987 20877 17979 16259 10091 2482 4109 28927 11048 22253 24727 5665 10333 3592
8316 12503 28294 7339 9319 26108 18012 643 5254 13577 21255 24467 23131 25251 17990 29901 21237 13617 6545 18992
23269 23589 26988 20103 17001 22330 15795 17279 13333 3772 4537 6022 7069 23016 14021 3013 16707 23148 29665 20075
7121 26533 4191 1718 28879 4174 5610 24636 18695 12062 8525 16834 2503 29213 18050 1547 27201 16795 5698 29559
10186 12115 5329 21082 9417 633 29381 27412 8130 25594 17920 1493 11578 1592 22065 25662 7669 16197 16682 8010
22164 21712 14589 11481 3608 5754 10204 24693 4919 23836 3909 20333 26973 17091 14918 12183 29603 3174 24049 20000
4873 25964 13309 24425 2251 12988 18766 6785 21934 24781 29336 21947 23342 11798 27931 18437 909 11183 106 29954
18337 11103 1481 13149 6041 20010 18141 9596 24503 25061 6557 950 7941 1358 21526 25779 20 6127 2976 27485
14736 8224 14744 25592 10053 15787 25558 26704 13007 23740 4496 24206 9405 10203 9 6201 21315 4411 8940 21658
5996 27490 24685 3769 19090 28695 27604 391 135 22861 5305 14595 6210 12435 28270 23278 15204 21876 11043 655
18401 4655 3397 3249 18921 6460 25283 20879 8824 10154 22910 16194 7079 25898 3443 11023 14847 17985 5479 4108
17894 19699 10203 12625 23008 5884 29553 19275 10389 22389 15060 13642 14896 9517 15714 6968 1589 13382 29315 18714
23665 19251 21775 115 6211 28035 13476 3888 18341 28230 5680 5571 8136 19158 22239 27719 29891 10483 15323 12177
29435 8570 6125 29818 17121 10920 2320 9983 4289 27010 8323 28069 27658 9611 1183 18295 5887 20823 21821 18921
19099 4503 9023 2652 12875 18013 212 18401 24906 14491 25391 25100 24478 9289 15996 25190 14918 219 10541 18504
6262 18649 13618 1056 25995 25482 21870 17217 9902 8152 2840 7688 4894 27115 9751 7161 6262 14114 26369 5882
2798 6332 8947 13229 18425 12320 26375 725 2130 27505 17965 29679 11788 18906 28618 10808 3076 9934 17727 19966
16515 4343 11013 18778 15160 14901 1764 14777 115 482 28074 27111 19397 25666 5615 14791 28200 5829 12544 1043
7732 29886 6812 4269 10632 17807 7122 23913 18607 18452 16073 1290 21886 12913 775 26110 775 29222 22351 14071
28349 11010 10662 10071 7909 15210 15463 18033 10791 16348 13858 29767 12841 8460 15831 22543 17137 8781 3057 11177
762 3291 1341 23958 8845 18126 5496 27599 26843 8680 11887 20418 20549 28958 16724 1505 20562 26801 13398 26258
25570 8001 12446 7471 27831 5353 24794 6896 25197 1658 1223 16914 29360 21399 28785 28651 9348 14016 27501 10884
24273 13611 3064 18635 16616 25244 553 26227 26453 18715 469 13192 29553 19551 26205 21087 21980 15130 21418 4931
6880 10439 24927 12522 22464 22947 15935 16578 21039 3694 14113 2845 4691 7623 16969 21488 29241 14638 24743 7366
22762 21114 26751 6102 20949 4019 23370 26763 20631 24468 4059 9 17647 26093 5126 17120 6901 25003 21685 7783
9236 1269 7069 4206 18975 23352 6518 25154 26852 21126 20883 4855 10108 27903 25497 24782 5631 14862 27828 4043
4650 18852 10243 3160 27032 9679 29875 21124 29943 1324 14293 7866 14614 8208 9187 26753 12668 3150 12346 1944
24422 312 596 29350 22440 3206 25150 24341 5109 3599 27348 14458 15447 916 4366 27619 27011 3087 24936 14825
19988 27461 6577 14404 18957 19526 14186 14267 943 25441 8521 23931 18993 27656 27188 29275 3737 4367 26414 17485
10746 27136 21056 2893 28376 3884 27802 24237 19875 22988 10395 11482 28149 6112 23863 15963 20142 8288 18667 9753
7959 2851 17876 13909 14913 15780 6662 19178 11384 422 9893 10116 27550 22178 12881 22430 7954 3074 13633 2358
20956 1609 162 8466 20628 28167 28693 1696 27068 14836 11114 8451 7449 14041 4132 4990 21841 4780 4194 22561
11699 26354 21120 14454 4562 3506 26854 5442 10722 8959 18374 1158 28388 23669 7520 9285 25576 7620 21801 28179
8347 17673 29919 12439 22282 8034 18257 4897 18808 20900 14414 7631 9116 16902 5792 15009 10521 13209 8240 7205
19073 29816 18910 6906 26398 26874 17808 7280 16617 20245 22074 12493 20906 3554 11093 3775 1480 14615 27690 9507
4436 9832 20869 24314 688 7591 29885 10132 5726 18154 23357 12722 6366 22965 25001 19044 16335 27945 21907 3546
26064 8567 22325 8063 4722 16139 10417 25151 5664 19610 25043 26423 22577 2728 4943 16112 19475 16465 4190 9622
27133 28346 13402 957 25050 4567 29017 19994 13327 5467 25735 5151 12729 3597 6980 19535 11577 7439 8891 21655
12109 12936 21430 28147 10192 12352 17473 26383 14845 10013 13061 12263 14107 23954 11765 15872 5382 6480 6989 27989
16478 13686 2316 281 8530 23769 21489 26626 2418 16982 22984 15875 4423 8139 25382 20517 24701 20668 21414 26494
26270 7774 928 21203 25634 4169 13727 604 11676 1248 19963 15938 17419 25671 1863 18452 13192 27320 15542 19573
15794 19960 9543 19576 27845 29540 13160 12109 17383 7166 4456 8393 11883 2766 21048 481 13646 13232 18083 12177
11401 25426 4797 18930 26109 7072 22518 25165 29314 12223 13474 15472 27903 4849 27228 15234 24751 8686 582 10569
22857 7629 7145 13164 15690 28918 27859 28229 25784 15798 1819 25125 16745 20784 9223 20645 114 5941 22711 20949
29268 1420 7953 19019 18308 9655 26078 835 25482 28709 10567 194 7333 6337 6 16546 1997 27333 13945 16197
580 28646 1371 27469 27441 17186 8348 11831 11726 25313 2967 3999 1984 29050 15479 8283 22784 11828 15488 9407
8804 18211 18051 6270 6571 23798 26751 6937 19380 14173 12335 20242 12684 6353 7844 26568 795 13771 28316 2174
17424 8514 25495 13389 21366 10082 7891 21608 448 27527 18947 1855 3615 19916 26112 12590 24663 24241 7547 2279
6434 12743 2399 26670 4770 6835 219 29109 21957 23900 27487 18762 28862 6580 22633 17502 10419 25275 1896 16596
19825 13807 6831 7088 5191 23231 9847 26981 21960 2526 19451 4094 24424 25726 27484 17811 3650 12923 26961 8002
26889 15843 13857 4321 6166 17294 20295 26354 24320 13444 26806 15222 24073 22293 27950 17076 20879 3104 15290 1972
8948 24737 26187 8985 8027 15286 19071 5139 318 9287 3884 7253 24370 654 27113 10345 26800 12287 322 496
21384 3638 4671 17094 15459 23376 16249 17530 13707 27020 12915 18910 13598 15815 4111 9614 22759 20543 4007 26832
20471 14055 13142 26574 13800 7304 1637 3349 21681 16013 13313 14397 12486 28724 11762 15325 20272 29225 9560 10087
5899 8691 19823 8034 25953 3814 16222 17546 5684 22291 1659 15304 29832 11909 25673 20557 6712 27874 705 26403
20907 24726 276 14438 24381 24833 25275 13935 5905 349 5827 4692 3468 5152 6047 14214 10630 4169 14963 20118
10520 2849 1700 24576 268 18828 17044 1124 25382 5292 15673 2200 20237 19124 20522 10736 10059 4005 29695 3599
23400 28373 12702 18100 20222 19960 7343 16428 9844 15688 8727 14234 22615 23755 21245 29248 4720 4693 18628 27002
25815 22045 9813 27258 6798 15920 21748 10881 3939 25155 7196 16977 7262 2101 3862 5522 19220 22717 11569 8431
14191 9724 6459 12444 20925 19239 8213 6240 8001 9091 6836 21703 8072 10379 21315 13499 21014 11043 27543 27383
26242 26823 3010 27679 8982 9653 6380 4048 2834 7174 8793 8519 1909 27149 29861 6451 15070 10865 1299 9456
20575 20815 18536 22183 13274 15410 24743 62 5191 29365 6883 786 1957 8756 12640 9190 5346 17712 12776 23411
22971 2069 16026 16112 16411 11983 1308 2228 18048 3754 7486 14670 27560 27773 16955 21415 11445 1464 26051 6188
20331 25652 28701 1679 24689 4492 21508 17128 20685 21192 27629 5290 10637 9836 11288 12325 1675 18977 20256 6433
27461 25603 22205 21629 20133 19281 29378 8213 16508 6330 13196 2932 260 13421 15348 21951 14320 23203 29481 27904
18726 23811 14519 17223 6363 25905 2107 20485 18963 6877 28567 1865 19560 1669 2024 9790 1855 19852 18294 7374
24105 29354 4426 10620 2114 28486 20582 8728 3546 6445 21542 26697 29154 15760 25312 19759 13648 19030 4087 12563
21404 8097 502 10548 20114 18104 23009 29795 29656 4640 7421 6252 5193 20703 26013 14961 16511 238 16679 9378
476 7427 24190 14596 15005 16854 26598 12405 2038 18440 6674 24303 25811 27602 4465 29032 25766 28179 24874 15659
12746 20483 16495 15788 3695 24112 26428 12326 12214 6270 28682 12852 900 9923 26778 26006 10737 17601 1866 28628
22537 25612 13169 27928 23919 8013 22036 4603 28462 26600 29538 11519 19712 29939 6684 29572 20733 26154 19517 16238
7457 21752 9946 14445 10521 7485 10885 28569 9948 6380 11931 4072 13549 9655 14722 12590 11188 6727 25720 17698
1764 15011 14664 21206 27938 26943 18842 3452 18623 28182 24466 18028 17953 18019 14432 17428 9235 116 20624 3005
16106 1551 21141 20441 16980 27965 9486 3318 5305 25661 24614 24364 2199 11872 14854 5581 2789 28919 22913 2822
3419 29723 6018 6608 4200 16119 24876 7545 22545 12941 11562 11627 29366 22247 11052 4138 28595 16490 22383 13482
19425 10355 4786 7704 9062 26471 13840 7687 6028 1525 6387 18282 1229 3446 28714 789 15225 21323 3919 21406
25396 17452 25051 7437 24139 5440 138 3618 23747 5183 5929 12863 10862 511 15987 23369 21684 22536 24731 28523
15378 18577 18077 26312 4010 15042 1205 28531 23779 3018 11627 28525 29505 8935 20112 12444 15117 9037 18926 7358
7784 10282 3696 14895 6751 9123 23566 29978 25164 28158 4293 22133 1181 8187 22993 8612 20526 1872 18256 20261
6843 22084 11592 19569 17444 919 10316 4937 27478 22891 7689 28210 4129 13662 15045 14729 29557 21827 5181 10892
23163 21145 6039 8758 27720 14747 14887 28955 594 13223 20826 29694 28869 22220 16778 22755 7982 18674 22480 19020
8744 20150 13558 11833 28759 11521 1760 16936 11003 11234 13001 29825 16961 11658 5067 13460 10820 14791 19721 14115
20530 1422 1969 16517 9950 15269 22110 7646 10575 25600 9403 18749 23414 27286 19079 14218 28187 23054 18203 21040
5638 20225 29969 14285 5420 15509 29715 18813 11203 24387 11311 24055 8784 5084 15517 19768 15609 26467 8256 3687
15493 12235 6918 6292 25654 70 17634 15377 10325 29523 5746 1881 6949 27889 13535 3134 267 18257 26489 94
19838 4967 21052 22218 657 3516 5489 26970 27213 15016 25686 6602 23314 5880 6078 3896 1265 15310 20751 29758
13947 10234 20072 25098 16510 1122 5977 25446 11143 4239 10357 3911 27655 12618 15639 16244 8604 7046 11771 11653
25450 14606 16660 21423 29745 7601 11167 24405 2600 10762 4011 20131 23897 8653 18898 12740 21539 4948 13498 19278
21769 24276 29178 7100 27066 13406 27218 10710 17146 12506 24561 25450 14651 4137 10684 2974 9187 28655 21354 9810
29342 20072 1124 25490 7764 9318 3226 20742 29610 18580 9801 19527 20468 2201 14552 3377 17519 8194 18024 7972
46 12267 22470 21263 16224 19249 11314 5829 7939 14803 25326 5471 26049 5466 22903 300 4026 9706 8470 7354
26189 24985 16054 24477 11993 13042 12877 24584 15910 14698 4111 17293 15389 8717 8564 25931 26439 7289 10036 20399
25969 29666 10314 11142 18548 5280 9581 29883 22396 7337 2763 9783 2926 6528 8647 6545 6150 22887 10683 11608
26010 11450 4552 15877 24470 10574 17779 7249 6709 26232 15536 14252 2706 17070 16068 28343 8591 14230 20606 26338
29429 14004 26994 29199 11566 6775 18899 12498 330 12857 3138 27879 7404 23865 8229 17936 14510 27806 6898 6052
12087 12815 12531 28059 21252 29042 4297 13148 26675 20534 19458 5204 18573 10781 16591 4438 26396 23924 20748 8602
7377 25421 9085 6612 26735 20994 21816 6873 15745 2920 20799 11214 24892 1886 7137 17761 10677 11114 3129 16188
15680 16336 3705 22825 23790 22934 17459 9138 11070 23991 23623 9076 22600 3619 5172 8900 22809 18116 23530 21422
13456 19989 782 22200 11370 15054 1873 25120 9428 29416 21002 24549 12283 10965 18401 6195 16536 2271 28147 18007
27247 5242 22276 7664 27608 10916 26753 10664 15739 27286 7685 6181 24288 27454 17217 1374 27817 11239 26575 17473
12014 13556 22507 18946 2150 8024 3497 15988 336 12418 10886 1207 5396 18772 2674 27879 1377 25756 14401 12452
17949 9783 23119 10192 409 19392 7574 4036 11553 25707 24916 23915 24496 25557 18313 28832 7987 23469 9179 26742
3906 846 9801 10303 6588 23298 3377 20045 7128 21971 6417 20488 28044 3132 7385 21826 6179 255 3981 27465
7418 20160 22839 18472 9362 16520 18421 29019 4451 2427 4963 7950 12385 10783 9035 19835 7506 28399 12188 9108
18470 7129 5793 8982 19107 9406 20111 17589 14681 2629 29895 18318 22208 15602 10878 11959 23471 12930 19866 16147
15719 10627 21723 4061 17907 29604 21388 17570 29738 29518 29792 11356 23561 18464 9129 11190 11871 13470 1950 6897
8191 13930 7633 22218 17510 14602 26595 552 9992 8991 25004 15802 14653 2913 13177 1923 27601 16237 15710 4660
6786 1794 28655 17835 25553 18720 17236 8241 10987 701 13706 13705 17741 6048 26756 10116 18719 9575 3299 18535
16347 12211 21154 395 24055 14235 20105 25337 28838 7962 7932 10927 25444 3397 22066 21027 28170 7004 22435 28664
10262 18295 13144 6730 9347 480 12945 16774 26639 16378 1547 13161 7312 5844 28199 16636 9423 24557 29006 4785
23457 10524 16112 1816 3108 5567 10243 11121 3715 8053 13576 2004 7500 26016 23654 6731 11123 147 16997 10710
26335 19461 27492 19904 22921 28030 4617 5815 12378 26674 22157 17409 22300 14868 2939 762 6265 4166 25558 14246
15723 11729 8289 26608 19624 11402 29177 13366 14134 15616 21520 3755 7274 19986 6519 1925 19840 28030 13556 10493
8615 6830 24787 27479 17378 16629 7513 9637 6417 15001 21079 5206 10188 18559 851 10407 184 24149 4826 5889
12300 17202 18640 5761 5524 16714 1772 28386 25372 14269 16379 6703 9584 28847 10987 1535 2392 23927 4603 19652
14814 25424 21607 14536 27948 6043 17546 29394 1728 722 7248 12704 3549 27637 17606 10975 15177 12199 28484 8811
357 3062 3569 18698 25906 15162 24314 26446 4214 28208 22122 25750 13877 16100 5901 14146 4988 1987 23945 13792
16155 29429 27674 11541 12532 16287 3748 4610 26317 17113 18831 3866 28121 12440 27995 11624 28201 21732 16719 9508
19996 7692 19196 25803 10282 19177 12387 2899 5967 7674 4688 22352 12888 22122 3365 22770 10295 13521 8432 17485
19284 8227 8086 7030 24092 21195 7552 6257 15572 28818 16131 21167 7109 12249 18675 24 21276 1340 29490 10373
15549 17471 24897 15741 24003 27774 13025 1428 2876 8776 16324 6424 14175 15978 27090 5375 22617 24513 5377 11673
19824 20937 3568 18877 7321 9471 6142 9438 15602 19677 28098 2420 13554 11692 24432 8729 24594 19450 329 13823
9001 25507 21858 17614 13581 10938 11394 18859 17656 5250 23504 11419 9477 20401 12061 13503 13395 6621 28432 29206
27020 4079 24896 2630 3224 25394 19164 22567 24988 14235 2661 25536 5665 27288 17669 20357 15191 23274 7254 1808
5335 3103 4163 18293 7648 23742 9615 10892 11829 26956 1869 28935 22098 26111 19115 18585 7095 21395 20133 23417
17463 6262 17679 27861 11812 1278 1224 23262 14135 29232 19097 16159 1242 29368 16300 21028 10960 12079 4466 18089
4206 224 22831 12622 1736 29149 13936 7138 16058 21099 9546 5877 9979 7608 20097 26351 11138 15468 24225 8288
9454 5564 5690 22319 13798 16713 29405 13002 11163 13294 792 5433 6581 9847 11468 24630 13266 26374 27090 12682
528 23399 8453 2453 3559 6977 28069 28410 16697 13733 20861 28293 24740 21549 29144 28215 21815 8401 25783 9407
7995 16447 24089 20930 27199 10708 14615 26215 23746 5327 18972 28528 16370 10445 25441 4176 17791 22183 13091 12848
12250 7591 933 21902 18491 13224 5476 593 4505 27046 12404 10787 18204 1518 13993 13949 14216 17863 27675 8981
23802 14450 29065 6715 6461 17760 945 23143 7399 25285 28360 29782 21712 4117 17909 5367 1275 26721 28181 9779
4569 23884 10756 12393 21998 11801 23332 28344 25789 3635 23992 2128 20088 8927 19845 6083 26308 17704 15061 22767
16147 27245 17400 24144 10779 13882 25403 23251 20789 17054 12396 26176 3496 15900 9695 4649 13691 12647 14194 8793
9146 5479 3903 2361 7398 18627 4216 23505 7924 8950 26430 29333 8658 28837 2199 12362 7774 736 6177 16299
10310 12918 1404 1699 21165 7958 7639 3853 25335 16353 14787 752 20328 13324 11752 18420 14209 23818 13051 885
24964 9439 23424 21117 24486 24293 3857 21921 25814 1405 25984 11283 22510 15245 27328 2396 10717 27575 15223 28240
5672 2927 7117 25090 4878 15639 17198 2885 23786 26070 21438 2452 22418 24364 20138 16112 7983 14460 17024 9584
22230 7391 21811 2767 5727 6086 3402 11176 1028 27315 24804 3742 5540 8630 2556 26238 6133 22506 15834 5850
10808 12607 12846 23822 3127 770 26267 2578 15689 7444 13887 21580 1815 467 5793 7609 15883 26085 1020 3516
23912 28453 21058 24300 17145 14311 3871 8189 8419 15528 23126 17292 6079 8391 14301 27586 28577 26144 8819 15990
14706 25544 18355 15903 18474 128 29593 21764 21354 6439 26598 25121 11671 22929 17873 5691 17326 26409 8286 15064
6987 10621 21220 17815 17581 14597 15726 8059 4403 3064 14827 14117 13684 7061 755 23783 23684 14072 13515 867
1615 28427 12115 9810 24583 19463 23581 4971 27818 23068 13439 3868 3649 7136 29886 24626 15920 28977 28080 7177
6714 13897 14438 2738 22736 29974 21253 29780 24491 8030 20013 23807 24431 129 11909 8407 16718 21956 8728 16116
23002 16613 18077 20144 16878 10100 10688 6918 19301 9342 29742 5671 18659 15448 11335 8993 3871 25897 22852 21072
372 23656 3505 2121 3636 5366 27630 26762 3171 11729 26965 2710 9756 26978 28314 24101 21919 767 14817 21235
7836 25415 27095 19207 21016 61 22357 12947 1984 18699 29550 12236 29707 12480 7994 4035 24603 28869 4077 11029
14448 26777 10514 15047 25588 10528 9133 19548 2960 24992 22601 17430 18307 22250 22061 9887 15012 18416 7551 5543
28466 3374 20962 960 7321 13925 10818 20543 11427 27989 20791 23899 486 3111 1371 7973 14378 27129 20975 10586
4105 14523 11457 8936 493 13134 2125 16447 18588 23737 2956 24764 24530 2348 1260 11136 10593 15311 10950 23504
6584 9311 26088 19968 25407 19475 7030 1584 17419 14396 3404 14976 16963 11289 7410 22984 21076 10752 6757 1224
7701 3367 15876 2824 21116 11836 24003 4034 29700 11552 6123 5091 15906 13065 1354 23198 5290 10350 28826 23872
14983 19138 10360 7695 3351 11564 17404 10173 7497 22984 28480 8522 26248 28477 13248 29500 6592 923 10851 734
11193 10152 5414 17562 22752 13601 29226 5946 11577 16190 7193 7180 10262 10114 2914 22278 15799 23025 17453 1949
22139 10396 14493 26908 2982 15464 25132 208 18996 10649 5855 20275 20195 12383 22406 25664 10018 7031 11882 98
10363 25637 8816 16916 22175 25239 20514 17296 14790 29700 2987 29219 28225 25852 12322 7094 9238 23315 12968 20747
8533 23579 13669 683 1043 17066 15282 20820 12208 25450 633 27734 21955 29605 18276 23026 4205 7195 16046 19148
18091 20503 10335 3935 29422 17347 5231 22557 17186 19562 6148 1172 9784 3298 4134 1327 6993 24944 24888 25031
20148 845 11801 4298 9140 1787 26817 20277 121 9490 26734 22978 18428 18552 6068 26230 21621 3373 11060 11844
416 9615 32 11427 24820 10088 19516 28747 12258 13008 16881 27169 16684 6144 9223 25638 16189 28769 29938 16019
12496 21455 12663 9861 11023 28404 16698 7504 22630 25077 486 574 9890 14453 21373 17980 24705 10184 22571 21273
15868 233 13993 8952 25495 29679 29018 11230 21966 276 20747 17141 24542 2214 20279 25033 8943 25513 15717 3172
21900 9269 2007 26627 20892 11687 3039 18579 21697 5769 18502 16002 2239 14932 13944 3542 26859 6351 155 24029
21311 13070 24897 5363 14785 25767 15662 12989 28591 17562 22697 1231 29815 878 8112 7991 23628 18135 20014 5855
20789 16905 20283 29314 10511 18297 17545 9071 841 28613 7680 17743 550 12555 2200 6845 15636 21047 25858 611
29575 11286 15974 27230 15872 5784 9988 20081 17986 1565 6586 26507 19622 23919 4221 11556 4692 13271 12688 5484
28328 13324 24737 25525 11738 25463 24352 11513 26054 20180 24975 20295 16056 19507 24930 6417 12118 10957 8728 16698
28176 23983 28423 973 10584 8703 24325 2435 21190 25592 16652 19996 8106 18264 2730 24744 11991 19066 21026 13355
12232 29431 5009 3254 8662 27758 749 6860 9849 5146 172 3178 20649 16059 9260 1509 11501 4155 25237 16989
5745 11928 5688 10890 28447 11834 6232 22542 3914 4415 4668 23279 4895 4429 284 6965 27783 25142 11312 26752
22547 10832 12669 7705 16406 26559 867 6896 10801 6954 15257 26903 9276 25251 2546 3333 24231 3426 16440 29487
18372 22284 8428 17669 5353 10257 7479 13082 29765 10459 26289 6678 19476 22219 29673 19276 22256 5191 7682 25436
20137 3157 22960 19781 24360 20945 7988 20379 13313 15546 623 21961 29281 2357 4255 13576 25724 20785 2347 18820
15679 12573 20838 24664 19390 24729 4190 24951 23297 27095 15766 14449 3174 8734 13918 9729 28406 13251 13828 679
24651 19873 18453 27579 23901 14630 15116 9987 27247 29706 26933 24272 27481 10558 16090 16372 29380 22010 10912 18573
1286 16941 4235 18425 7061 29521 2250 21875 12318 16659 27735 17916 21143 28163 22509 21577 14385 14174 13121 24478
2931 844 4621 14301 8522 29251 29630 19989 12703 6147 7245 23001 17970 26890 16062 25614 24379 8322 21348 6481
20132 7002 6182 15703 13702 23488 15212 29635 12358 23714 13399 11516 11354 25321 16491 17057 22092 4111 6234 10710
10601 8048 25281 9887 19830 13180 84 4512 2218 24455 26860 6936 12263 8910 19872 18380 20055 3308 8555 23748
2768 27379 20344 21951 9631 29816 4811 27824 24515 12994 15305 25678 2 27636 23850 19918 25772 25182 25584 9840
13529 27025 7710 26700 18269 28197 19179 18186 20965 1014 13135 14789 17338 1108 18875 4104 25377 19747 11939 18165
7939 27590 12617 19097 19598 23502 12640 16323 15851 2537 4430 3872 29420 25625 26872 23770 22727 8255 8761 16236
16219 22475 14540 12780 24565 5592 16789 2903 29411 13176 6763 7513 23587 19830 5515 5834 2418 12074 5673 6649
8076 26345 7329 7295 1506 13633 9994 27002 2090 25723 29109 21586 6039 3836 6172 9377 7800 8931 21845 29219
23874 16671 29418 21169 5395 12336 15249 28213 2103 16436 22123 11959 25584 16280 1112 7997 7478 2860 73 24106
9318 28980 23082 24429 24950 15732 24923 27867 14409 23396 12009 15862 27835 24262 14882 21009 3876 14775 23078 19282
4491 14920 27740 25982 29046 6726 4885 29659 16676 16932 5784 12504 19808 3846 29786 22392 5944 729 21996 26414
24058 21187 4222 741 19751 17774 22854 17075 19415 5008 29204 27637 3044 2641 27890 5663 16817 21195 14694 10567
26603 8644 10270 27475 9569 5806 10166 997 7920 17626 27131 23884 29135 4445 28824 27058 13476 25848 28854 4483
11386 7526 3110 17270 18719 4134 5013 16104 7018 25924 10159 4940 4287 28884 1209 18616 28193 9728 20482 3321
13926 14709 10275 23996 21776 21107 21706 22275 2082 8302 5566 9176 20084 28058 15032 27884 29047 1480 10797 12639
18245 7042 4499 10010 23636 12415 18336 7879 28298 7370 17463 23208 10324 522 15147 3939 1175 19072 20412 26396
12559 10936 453 9656 29983 2010 10416 23690 5553 23342 26211 5881 7318 28361 16793 3376 5725 11750 5918 10496
19222 23138 8457 28152 6424 24250 29266 16704 9097 19413 23399 14517 26949 9417 1974 21428 16346 2526 1854 13528
2166 25664 25105 16754 28853 5033 27971 23056 17637 24086 28737 4698 10141 5236 5289 19142 12276 28029 26532 17769
19676 12373 4890 2783 16318 2946 15794 2051 22281 28116 5039 11468 10972 3318 14848 24143 5562 23380 15321 9925
8403 9384 8351 7082 11905 29401 663 7 15343 27349 8067 18669 24911 23678 13909 11232 7525 19387 23393 5812
23238 15956 9600 1229 15459 8814 22890 17156 9634 29065 15037 27868 7169 17780 3586 26550 24183 9647 23766 19611
29778 11772 26295 12303 22790 24393 9205 11122 11040 3543 19609 20764 12519 11952 14905 25641 16278 20956 14595 21099
25489 6037 11641 11855 28789 14350 20603 12161 3948 24877 10317 4723 1592 20240 16032 20652 28150 27399 10899 6816
12437 4348 26021 10289 10293 334 24555 24749 14272 8352 4749 7050 14954 19128 9048 2385 24569 7958 13263 20147
6688 24870 16870 25689 9546 23542 7793 24047 1439 2054 11496 1264 17369 12293 12907 9533 20415 11428 19390 26303
8465 15280 21590 25462 2265 1432 23099 14385 27999 7305 16234 7501 14897 9951 26682 16722 29506 3758 14160 28954
23178 17229 22928 27003 28900 1284 24034 10021 5168 24478 916 5896 8111 28857 14555 28810 9381 29936 18919 3295
22518 9565 28571 10450 4879 29204 25783 27948 17327 25851 26255 14207 6785 2702 5373 13445 5529 16754 24753 5280
60 28271 27434 23897 25464 6738 9498 20885 520 17275 16567 10463 25505 29591 19239 17113 12475 18072 297 29315
22626 14281 18504 7236 11273 28512 7234 539 11500 21006 17097 4556 2811 26909 8951 2767 2668 3966 26718 8303
20950 14319 20200 20668 40 26657 7381 26924 148 2737 17500 6635 5311 10239 15689 18403 15592 25536 20345 4165
2486 1885 6371 14038 29866 9932 23882 26920 19593 5233 25970 23508 27209 100 4686 250 11331 13650 13146 19887
25076 23330 7779 12740 8936 6893 28205 18539 21973 13122 16848 18664 24669 24430 4637 11252 9468 19914 27998 10959
1338 7746 15373 7350 22589 16986 14018 10776 10929 29725 7089 27682 29655 15490 26968 15900 13577 17154 23105 10424
5075 2605 28107 7821 5856 15776 27790 9117 5402 2774 2794 2484 20247 27631 7057 3429 7613 9781 27548 5949
1350 10725 20274 22990 3439 17515 24421 2965 20111 2602 6120 15480 4558 13746 18331 11575 12057 20675 11870 21129
24544 16625 27718 28414 5218 5797 18610 11096 26415 10199 20449 24434 11992 6133 8080 21643 18968 27979 7639 6365
3756 12171 16728 14128 19424 10777 18738 28018 599 1075 19184 28540 14978 21844 29715 8900 20522 10836 24628 16526
7813 21393 17942 17467 9574 22855 29265 6028 25230 19739 10005 25360 15094 2643 5528 22330 12043 20020 12856 4781
9482 795 22242 13627 18974 28163 118 24089 16402 3452 4102 4618 14102 10321 18012 25688 25809 6294 18555 28374
18930 21991 19006 18233 27145 10100 14937 5103 7713 28013 7397 18610 28448 611 4040 22513 14852 22678 13015 16944
7254 8777 28241 346 5697 26825 13058 27747 3287 6211 1211 11710 10767 28498 1870 20310 15608 5836 2260 24771
3553 16404 10191 6947 27422 28506 23393 11724 24681 12393 28675 19756 8076 15279 26404 19931 29869 21523 27711 4600
22769 21937 10143 12220 608 26613 9875 20265 16220 7672 23813 26106 5228 20896 10894 18868 9002 11971 9448 17938
24209 14754 27620 23180 20143 8258 8239 17226 19793 3856 19247 1062 28064 3169 26102 14033 11499 7048 23357 905
23791 27465 25010 9204 20312 6226 7921 20801 29803 29884 16718 21477 2767 11830 28450 10434 2736 3598 8619 20893
7553 6930 22947 6665 14667 10261 22394 9492 24000 4189 9861 18743 22804 23619 26109 1556 25783 4675 19130 2252
14217 11826 26452 7973 29990 9638 22280 3313 19480 4975 15454 6293 20336 22879 25209 213 29983 3464 25251 2514
22230 20239 25010 15289 27717 24758 4792 422 10922 9187 24410 29327 6129 16316 28011 25658 27562 9938 20658 15966
11217 4091 12818 24167 24806 5754 5359 22925 26865 1580 14424 780 13319 5259 28448 12348 8916 18244 7514 20496
25446 346 22642 5469 1258 11668 22932 24931 3251 25037 21035 2794 20102 2868 21492 24220 28197 10805 23107 6953
25701 4557 16510 27234 21594 4036 22338 5676 19323 8102 389 3042 10340 18032 28795 4336 26138 10179 8664 2367
1827 25338 27735 7861 12359 13689 24467 7404 14077 14743 3560 4198 29229 29491 5248 26513 15842 12991 21711 29289
517 27265 320 7873 12636 28810 12040 7347 19092 22544 12392 6911 6215 3980 26405 5787 21672 7483 24827 17478
27745 2382 7988 3616 22752 6040 17025 1964 4310 17422 22161 5954 15405 13860 1287 23450 3556 24407 19022 1904
27151 13085 26954 7411 11389 3363 20552 15642 22391 29891 7986 6603 28009 9468 26906 14984 13526 9132 10203 16539
28691 13232 17891 24171 25010 11874 12732 5500 20365 7207 5862 24790 4408 24925 20576 5380 22977 12488 15281 12102
21866 8076 5334 2251 8241 2769 3276 7896 27622 24864 22542 4632 15342 18287 4904 4827 21698 23570 19124 10712
27894 7697 22784 4931 11792 6910 29646 13868 23582 14205 21208 22142 15742 19775 4037 7374 19158 12001 7603 11684
1229 10344 4909 24104 11791 7554 20131 5331 24917 24420 14579 7633 15051 29040 23212 8609 8008 6744 1225 11813
14884 24874 28363 3175 5469 22231 15937 3622 9142 23307 23374 8487 13278 13774 29407 28479 6769 15122 18942 2106
26147 19639 27707 14795 14511 24434 9935 11734 28937 15123 14734 20511 29139 17463 29523 18025 26042 9375 15183 29511
13862 7332 22578 11502 24054 29928 15347 22557 12438 8090 15229 14523 12682 23670 8405 25800 6610 3779 10166 25240
19395 13210 2391 23293 8614 29767 3924 28865 22183 25479 18359 18065 23434 16509 20174 23008 11272 21344 19742 17757
4502 10417 8947 12354 2447 17986 12570 21532 22733 3780 12826 3459 1990 20252 677 23360 10206 23231 24692 20947
6132 2253 9031 28166 4079 532 14611 6512 16844 12659 14199 13027 25450 19197 25190 24226 21074 328 8627 25991
584 3888 17535 12361 6196 25361 5777 10598 19391 26533 27639 20577 4034 19063 28234 13281 6836 15288 3119 21413
9204 6667 26729 7381 15201 17015 8944 15154 25281 7382 25167 25385 19411 26936 27680 20618 23662 9142 15591 16881
21129 25601 12655 310 29954 11434 11199 16490 14357 20244 3341 17707 4707 17357 19481 22662 28303 19463 4698 12341
25846 2601 27084 937 23317 21911 1368 17693 2419 16301 15324 81 10189 2335 11327 2088 209 16660 17664 26641
7581 10106 28288 7087 21150 17829 29407 22055 26992 28636 7634 21951 25993 11707 7509 3455 2358 21267 3379 605
7027 9038 12675 6036 4429 4001 4971 9825 14281 20762 17543 28100 5945 14510 4093 5068 11153 21341 1544 23017
4496 2465 1155 8696 20914 14665 28093 23065 16383 8134 2517 24692 21831 433 9847 21257 23284 5878 15725 18539
18516 6674 23220 5455 21229 10507 3220 20357 13936 14209 7895 27154 13348 29407 21611 25924 16199 4139 7914 24337
7675 13883 5959 4529 8680 4084 26551 6008 10205 12113 22567 17841 26941 15942 17015 21878 1913 13411 6453 29682
6967 27965 818 11718 15084 23619 4050 588 19825 21877 52 3667 17729 8916 15590 21001 2538 24890 10813 20820
4233 16119 29913 12619 7564 19496 26842 26028 19118 14394 20174 22286 28400 6481 5096 21897 9494 26369 8355 26235
27180 15971 20732 17329 8922 22716 17365 12404 5253 8366 14216 7113 6556 24960 11192 9353 21805 23359 24277 11805
3829 5928 16790 12036 10973 29395 15748 5759 7733 22224 20496 11967 15889 434 25816 9073 10993 15768 14475 2739
11364 20984 20603 18091 17198 15888 3479 27648 6777 17235 24895 25328 7716 3889 13935 22898 25601 17242 27867 18719
19627 15324 14742 9621 17008 3771 9946 18468 15944 15998 16334 20844 23679 1927 14320 27645 26021 5176 1484 13423
9505 12599 5367 14267 4212 27102 20987 17728 23258 3736 27533 29081 27692 23529 12226 15402 16990 5059 9594 2132
16022 22857 16720 22184 1407 10552 11175 11712 27648 24482 26277 24868 22205 28801 24069 3904 23856 26333 19152 14311
20916 29924 7647 25880 7388 3558 2753 17181 8538 19087 16510 12860 5081 5304 13272 19039 21072 12559 9188 503
6568 27683 29983 17206 8216 1421 15747 16003 18644 25629 10116 8334 21991 8768 1260 20233 9642 13504 12204 9801
11062 15309 14926 17294 23374 13600 19838 23514 25137 22430 26905 2368 2001 19459 18594 3563 25434 17357 7828 2731
12187 2782 3911 9116 13821 19032 20792 5628 4263 28009 12637 21768 3599 8386 2643 20057 23500 18776 15856 22106
1026 18850 17451 15511 27064 20892 27705 8794 1803 3257 21862 15847 5824 27077 12714 20080 18122 16570 5707 10852
26925 22621 21153 13716 19254 22755 6002 20803 16689 22909 6141 25515 8519 4404 18441 26500 11762 27455 12297 23917
23837 6850 29479 8443 9044 7987 29174 6097 9605 20770 9026 27695 11055 19048 26674 3534 5832 12426 18163 4110
4424 21062 23253 20998 14945 4508 20717 18613 26064 5767 5796 14677 28879 2154 12254 15197 24377 12890 1712 28492
6893 15338 12664 18612 22513 14569 17489 315 22301 24830 8360 5018 15160 27094 15763 29908 15361 18366 7402 15815
26626 27398 3687 28008 21397 7373 9641 17515 14626 745 25050 26589 21482 15458 25545 23943 12844 7486 4120 17298
28690 5719 6413 3389 29227 16797 27984 14952 27375 377 18017 10195 11770 8330 12123 25885 22198 11368 18696 10555
16868 20740 14182 22994 29394 20817 12898 23529 14305 27922 9446 24050 28437 20791 15799 11464 10819 4339 4736 17283
3404 29529 21701 2796 24184 449 19704 19564 26826 29417 28819 20978 28869 13772 22478 8271 497 12475 11051 29972
18537 22132 9545 3090 2050 15714 20785 18889 28703 23770 23275 14905 20348 9279 24772 18313 7867 7159 12500 12976
21998 1474 5958 20721 4745 6989 16430 18139 20272 23116 26034 24354 9768 2703 15052 6683 4515 3610 29050 19572
24613 14245 13107 26667 16157 6256 28493 2345 20598 11474 10063 18329 26880 8711 25301 6381 27624 28299 10480 5463
23934 11630 26393 2050 8469 14883 4965 24593 23943 29945 19822 21752 2072 14444 2512 26349 4972 22855 10356 22706
1468 22650 25988 22280 27035 15397 27528 11016 12603 10711 11412 17965 10123 17100 13743 11719 4525 20887 8168 91
982 6965 15813 21055 25767 22506 18712 673 3496 27372 11549 3921 16761 13432 28238 1950 3261 12895 27411 24386
17645 6119 1019 26957 10156 23652 9995 14224 18230 11592 11352 1740 11416 5768 12866 20887 21318 101 19360 21468
22441 5325 25503 11499 16797 7627 4934 29274 1310 18313 5036 27788 11740 27760 11048 15487 2634 14920 9636 6684
17950 25944 4688 12702 28109 20829 25538 19624 25822 3708 19105 3782 2179 24657 6576 29303 2302 6010 21019 29551
18327 26304 12642 17020 765 11488 5852 5480 21817 29235 647 17481 12888 29317 362 6983 8422 2564 7263 20509
12187 7149 6747 7054 28664 14613 17613 24537 362 22617 22487 3743 26803 2554 7059 18564 14738 4493 7607 5690
8998 15899 9647 11949 16369 2675 24551 8396 11934 14419 2313 24585 1101 9536 24701 20176 28064 8107 13087 19038
3231 3034 1960 27732 4349 3159 28083 16412 25358 9243 5590 3523 4984 29235 5246 29106 17119 22982 14233 604
19834 24935 29436 27932 3867 13600 3150 4228 2721 27705 1738 24829 26499 12005 19776 3015 29530 22814 20109 5516
1133 14709 7739 523 7193 6892 12132 5438 5909 22191 27754 28648 12524 8240 16878 15163 23405 17765 8115 11872
17158 12362 21507 19899 22064 10512 22244 2185 15154 10898 24813 9508 15207 6404 14688 2437 17009 13039 19413 25191
20725 15937 8483 5292 9070 26833 2598 23464 7514 10837 20256 24454 12058 20041 22628 27839 28769 9909 27404 12364
27113 4711 15051 24174 23373 20468 7901 4399 13934 17994 20438 7331 17723 5678 10553 14055 22872 2703 18763 4426
21665 27877 21079 20904 9087 19660 13827 9986 10329 7784 25531 29680 5002 14262 9820 5625 6248 10690 5851 12949
23633 6345 23692 26958 20970 29225 15035 365 21127 8735 8258 27478 20782 28628 14803 23726 6347 24065 1083 21019
3030 28872 23404 9003 11102 18666 19215 6092 14430 11168 27356 21863 29125 25765 14312 22137 25246 25022 14307 13461
22004 16884 18117 14652 20591 10024 7356 7038 26107 29039 26832 9996 24180 27649 13229 10293 6355 23269 9841 16443
18769 5788 14288 25636 9096 21954 18353 13477 21165 24337 13072 10958 16362 2320 4429 12793 24848 29644 15076 8648
11477 21947 12479 21687 19642 26697 28551 11527 22963 4057 20249 18752 4066 19104 7180 1127 16209 18568 9090 4288
13473 4754 1349 22986 9410 28455 91 19653 2220 11234 21516 20225 4551 1367 11857 18515 391 19453 10705 21903
21152 2907 6790 21458 14767 7844 274 3202 5991 22457 10106 9971 12151 6138 19120 9678 12057 18820 26513 16352
5621 11879 15311 29456 21148 4271 16074 1974 29524 2498 24526 15740 1910 23092 7734 23505 28973 20461 26885 4041
12772 20741 18380 12140 25014 27834 7580 25494 17517 15043 1611 25357 4305 9191 28599 14392 28397 28546 25072 23686
17127 24444 2928 4740 7000 18381 26146 2971 24560 6395 26783 27417 29048 17089 28292 5246 29121 10874 26816 11342
15886 14027 20607 21828 4231 3132 17322 28777 8114 8805 6852 19878 20608 25465 21503 21131 10630 24518 16650 14534
23527 16900 9629 15925 19233 15309 10294 17750 24475 2018 18881 5249 18715 21288 19927 7563 23368 27541 20138 16491
570 5309 6349 13086 23802 28676 2331 13697 26895 3528 22053 13684 9356 10982 22750 21520 29565 11355 23568 11225
21909 15803 14115 23396 16048 11386 27387 9311 8836 24798 19991 2967 19348 3882 5775 5408 9870 28636 27625 21901
3270 8138 13390 27527 732 1315 3620 28954 16456 29833 10408 4810 5591 22842 9561 27168 17417 12574 18133 8872
2784 11776 15188 29466 12413 14632 14599 858 24695 19360 16103 12748 18431 18532 14679 3916 23966 9852 26384 8020
2069 13603 5689 9146 110 23581 21640 25923 24124 18085 26700 5458 7740 26471 9851 22347 5797 25606 14154 19744
24805 15204 23635 4041 25819 18481 2487 1349 3887 159 15642 28859 21190 25860 23696 19676 22017 28129 22585 2073
19225 25549 4770 17846 6619 8185 11996 16389 9841 5588 2744 11521 300 12920 17631 15983 23372 29847 20934 21146
24989 1819 3433 2965 23560 4386 17299 9645 1860 8292 5556 9257 29637 14596 26478 10028 16041 10311 24714 28792
20167 25715 23350 27633 27460 28104 23191 28683 22298 19817 23003 27244 254 10201 12650 9044 2418 15473 25242 18278
10581 17008 28420 2263 28650 25209 12513 2391 15505 2473 18735 14641 21420 1744 7707 2955 24857 22500 23429 18946
24521 17477 12854 13678 3778 7206 10129 3505 2054 28474 15622 3916 21161 13990 5415 8086 11351 11986 29548 4215
21069 20994 4702 16032 19071 9677 21228 7117 12441 9390 26856 29803 12112 12897 24665 21536 20165 7313 1777 24377
13674 21823 4957 27931 25740 11803 17408 1197 27591 8878 16490 8426 19990 17839 12345 19023 10254 26026 26950 5152
1368 21872 3002 10303 24548 17089 16204 27346 1753 27724 25177 8999 23691 28107 28022 29992 3128 4757 16078 20981
25649 10611 21308 24985 4563 18477 7657 14331 28272 22035 19875 10835 18899 12445 11279 2002 5210 27282 29886 4705
28386 18620 12312 24461 10672 29354 15853 13318 26564 3626 10308 23498 8001 29788 9028 1880 7587 10992 13049 13659
22514 19182 16819 15200 28103 18713 7689 7303 20455 12336 6072 23250 24015 11906 27661 10389 22713 13963 12175 15870
5224 5034 1849 25456 29330 29828 1052 16381 20549 22647 12276 1144 13296 22322 22434 9564 28721 11084 20506 13775
16482 5624 18879 22029 10796 2232 24044 22400 11748 3428 16142 4326 27505 18376 7044 17303 1874 23535 18233 12889
3155 14220 9953 26368 10167 22006 11313 21752 1187 23053 4878 4334 15803 16212 3219 1501 18485 7288 17763 4194
10327 29577 11641 14396 29990 16270 29554 16251 22049 14684 24326 23384 21510 9787 8428 19309 28968 23561 2473 21161
1320 29998 10987 29830 22101 25140 19641 17414 17850 11696 21861 16124 14517 3438 17731 10570 24521 17906 21729 18192
11106 12436 29579 7516 5469 11842 24182 18837 13986 4441 26276 8322 18865 1200 29641 17266 20663 23707 26829 12240
6443 12307 28481 9066 15966 7868 27335 13145 5703 3998 2216 678 29503 26041 7233 24335 20220 16854 19133 24959
27583 1959 7470 3991 4350 24079 19690 22116 22169 23126 10240 1408 17109 29893 9042 25455 25678 22061 5145 9072
9874 12967 28379 24697 14638 29912 1115 2430 187 11382 5156 15884 13329 12741 14439 24383 5069 12404 8741 2538
15509 22271 2917 8414 19128 22217 2172 1013 3262 12803 11362 1444 11295 14076 14401 17382 4701 20328 18922 10709
9087 26307 20096 23269 14424 20183 17124 11 20182 11877 4181 7472 7744 11146 2649 22515 25002 1244 13695 9598
18923 15872 14299 23639 22624 10576 21097 2643 25740 23428 2282 9110 22013 3037 16514 17153 20593 22418 24576 28475
16229 26231 4916 29072 592 12743 22706 10613 19032 2811 17324 19362 10237 2782 13890 9407 20885 25725 18814 5001
12194 21995 21647 15184 7928 20954 6048 28109 17301 1852 21019 20727 19938 10038 351 18961 28596 26114 3185 13594
19541 11779 6441 16194 15898 7866 8741 29812 2624 26005 19368 22755 9780 26850 19665 7026 12477 10104 17973 19839
12657 10139 1869 22470 6812 13492 9413 11686 13284 27731 14131 17633 12682 29570 24689 777 17209 13027 29240 25443
28032 14325 18712 5246 28853 6504 13137 18109 2806 5406 18808 25742 11102 11478 11198 22805 16684 29944 9933 13895
12013 17251 912 26853 21506 28452 24637 24777 3002 28703 6085 18003 3500 18026 4994 26919 8774 18937 12036 5047
18616 10014 17047 18472 2041 8959 10605 22522 7737 26328 27491 27959 22962 20836 18363 1619 3534 28948 11288 28227
14177 18564 9289 5987 29107 18124 16613 21324 10114 19695 7054 1053 2788 17052 17755 13109 16997 12016 21241 25984
8117 3994 17473 15978 24490 2771 3646 23747 6874 12685 10516 16617 19423 9654 20054 6575 7439 12939 10296 15656
26135 24681 17168 2217 20951 19716 17749 22679 15144 3068 6120 20319 10666 14521 24186 3699 136 19019 25545 8934
11497 7610 3210 25517 20048 28325 17890 17808 13702 7858 8043 4567 14822 20740 8652 22425 13096 10534 22514 4749
1482 25127 29731 25767 16335 24023 23022 18836 809 21122 6800 21252 6337 12849 10155 15243 29332 1151 15491 10417
7935 16185 25162 27756 19970 14418 16809 15080 9070 19491 7344 5293 23657 3115 10467 18768 26732 11561 5485 25949
26982 6973 5968 14808 1133 6607 389 7886 17900 4343 6690 6188 10145 12682 15379 14663 22572 19366 10577 8381
15320 2773 19135 3668 29930 20134 16651 19177 28599 10408 23394 879 25615 24624 23304 19015 26328 5810 958 8484
24936 6893 20818 16683 17292 22809 23089 12961 22049 12138 16098 23567 7919 23434 7599 19671 14227 25142 6069 12279
26305 21915 1920 7708 3102 14328 22616 28402 15640 14655 20520 22932 11814 10988 5390 1432 15970 25684 15613 4976
19190 18784 29940 18508 29173 8912 27484 13115 18576 23695 28478 17451 20451 17576 20520 6250 15105 21927 392 18983
8712 1488 13397 22159 7988 13909 28772 26428 14988 25872 7976 1833 20943 9071 18815 13549 8215 17563 5243 15189
2847 16143 21522 9310 9974 12349 28831 28228 4381 3104 8672 19706 15588 747 28947 23792 8208 21370 15405 5350
3059 1844 14006 23494 12019 28068 1468 25234 28567 8945 24543 3138 4017 23689 15142 379 22506 2268 4565 22226
17535 5687 18020 259 28340 24155 15376 12170 8198 11341 21997 24322 14041 5745 7098 29548 22895 18006 21921 19710
932 25644 18026 12534 9941 8823 16480 20037 15904 1103 5788 13957 12684 11793 11322 369 12555 18621 2782 14909
18507 16433 24136 15274 12001 7691 29218 8130 1226 24127 21693 1161 10074 27092 2498 27521 4810 10307 25674 2666
11474 12697 20523 5783 29727 15784 12004 24434 21549 14589 7989 23055 18639 25152 17320 2894 7506 18389 23182 3951
3922 23652 3324 29795 20702 13893 7015 635 1013 3832 11448 22060 20412 630 526 14303 4465 28577 11173 10991
16244 20099 19318 17164 28287 26898 10817 17445 8610 29926 27925 9095 22385 920 23857 9050 15457 24425 11649 17782
6894 8349 25511 27910 11122 12304 23200 18303 29072 16165 20955 16750 11313 15421 20436 20983 20893 29427 2574 26306
10428 25751 10334 15833 5557 25054 3984 11222 12665 4534 4175 911 15203 26857 22954 815 24870 14960 10042 23710
27579 20358 26467 28329 1277 24273 2079 12540 19182 2117 7149 18138 28471 17976 29939 4841 24756 10233 5545 13433
4426 12668 29319 5766 17985 14115 3075 2985 1711 4996 20089 19314 22378 12150 21968 18603 3413 23439 3188 22941
19749 27904 13494 11813 6652 11694 24472 2240 27562 2666 3607 13528 450 29985 8013 2460 8396 16296 7477 9508
15763 5293 14128 7361 19477 23652 13135 4914 12852 29073 14137 13979 27612 21231 3374 12506 19353 15887 19964 7393
6840 19377 13642 27100 1148 21716 12100 2141 13694 9668 22265 15794 2921 22069 10530 25765 4825 15182 13323 29589
5977 1503 87 10173 2769 26382 4444 22271 11778 14961 11376 15625 18082 25699 27880 21537 23254 12491 10183 23265
27670 4317 13137 14864 11433 5196 28625 7435 27437 5742 7255 28322 22879 22635 5721 16282 29483 8767 21793 9833
11408 28682 16876 3034 14393 12886 25363 6784 12482 3097 28143 21514 9847 3870 6016 26411 23411 20965 23762 21847
27672 29445 14249 29404 28370 28057 17345 28109 28572 15606 13698 26747 14528 8661 19065 854 27219 19708 23550 24873
9106 11407 14121 5511 14317 9279 23260 5325 21699 8462 4913 28807 29091 10015 25322 16306 7591 26995 23761 9680
4691 4615 16993 13109 18305 20301 12707 20664 5918 8 4921 9799 16879 24734 13515 16988 3305 11040 1007 28953
1524 13500 27429 6976 16890 12218 3536 24159 12786 19521 23282 9606 16821 128 13537 10526 27200 7277 7599 29036
4114 19001 11656 9489 2943 13124 5 15215 12767 29164 28522 26779 11313 19120 10368 12095 25156 28957 23334 3624
21327 10147 11086 16034 27961 19839 18295 8853 16294 13721 24219 7567 26852 7879 21967 15324 15676 19462 13386 6016
16413 13721 6929 19930 25397 7530 22575 9127 1741 13066 15611 9343 19958 27748 24666 4377 6681 20107 1814 12912
15622 25739 606 11864 22821 26824 22811 7296 11182 26123 25230 29156 15050 2199 12640 22040 14213 7065 27105 29954
9212 12588 17204 6925 7338 19476 12847 15988 822 13998 20781 16156 7997 24199 24949 18915 26871 21004 28681 8014
13999 8889 7593 27498 11438 2205 1571 11629 6176 9106 29510 15890 19323 24877 17476 12966 25930 11137 18151 807
9822 14320 14880 541 17941 12255 19952 21448 21351 18497 27168 2384 26756 27348 13800 4908 3790 19121 2430 5437
3139 563 10287 2884 8724 23243 5316 16125 21911 27764 27423 9483 19662 23365 11437 1204 5424 24500 29809 20557
22698 8620 21100 12933 19933 28837 27983 28351 12538 26983 17279 25952 3736 28228 23983 591 29501 21731 15944 7963
25866 11687 11736 15316 10114 26893 3182 4192 1838 17316 12591 1558 23884 3258 10452 8891 8563 10345 22637 19764
22425 21076 28027 29703 19586 13828 20637 19943 20213 28231 12368 23259 19561 3595 21951 18201 1627 9371 5862 20871
25011 16072 16623 29677 5202 25912 24263 22338 24411 24253 16029 17613 18195 27606 7201 11783 781 18339 2379 26086
26867 12770 26694 23567 5710 28250 3365 23910 7586 10205 21886 29289 11558 22551 7250 23347 12032 28551 20199 1359
12662 14747 6594 1423 29990 18929 4608 17723 1512 13688 24414 22446 8045 18102 3436 27753 19620 11195 10647 18115
5456 27544 9400 16626 28320 2247 27948 11179 18751 4742 2735 29627 19322 20465 12790 11142 13916 6816 28274 13868
25551 23740 20758 2089 11093 9383 22580 6786 25493 26205 17862 3149 20863 12394 17727 22225 12053 10369 3465 20014
15814 15169 9374 20218 15792 27824 24924 12129 20312 12023 4359 21375 552 27123 16062 7822 4436 11431 25274 24176
19163 17377 25064 21539 2747 27476 29699 409 11560 8230 15890 12106 14469 14555 22388 7190 4482 5648 20334 16247
23251 5442 11355 21068 1920 25361 14366 1546 13956 7909 5958 29930 15879 18110 28987 24903 1775 2921 27407 19049
22125 19619 5480 11860 4595 22433 16665 26355 23214 21009 592 9983 16517 3020 5276 21702 24622 25618 29069 20084
29651 8438 12098 13628 14555 25217 29445 26744 4865 22617 7550 26834 26565 23589 16002 15781 6522 12787 15639 28865
28312 10344 3841 15785 778 17447 23002 18859 20435 12857 20969 2844 24791 17331 20185 5698 19974 5259 22822 24304
2292 13896 28476 25060 18578 16066 8327 26999 8589 29630 8277 26800 899 7588 26976 1008 29588 6465 12026 11664
8210 19255 17923 28290 2129 526 16946 21077 7255 8420 16954 16686 5261 11767 26153 22137 18550 4648 19649 21677
8644 16998 8964 3908 12293 14282 22241 1044 16890 2850 12040 13566 11134 15341 1610 1577 25607 8722 28059 16466
26060 22951 6604 16691 29161 22926 7117 15740 18709 25966 11328 14415 21253 20069 10775 24498 7121 20307 1394 8499
19617 579 24931 25383 7947 26189 19228 29614 17227 126 4847 1591 7547 27494 10937 1873 10818 23640 1024 29887
4210 19501 25068 7246 124 22509 22388 13141 20154 20866 26778 13027 25249 8965 20680 8036 23231 13775 26686 17663
24651 15202 10905 7083 15296 20282 20514 26887 19543 9684 28157 4969 2254 21964 21453 29169 3007 9973 18296 20596
11391 2829 6117 19694 14100 8416 28274 28487 25515 4522 11727 19790 12438 1320 22029 18488 21329 2125 8661 835
29843 24000 16864 3702 1337 29147 4600 2941 6771 4099 15311 22496 25898 7285 28024 24248 7541 6490 1331 16881
12720 28657 15154 4067 26568 24331 5859 27303 9530 124 11052 1314 9230 7285 14890 5368 21984 14750 11715 21184
29944 12717 2988 18692 5439 27078 13501 19641 15722 22559 2930 22673 18826 21835 18800 6462 16639 29286 6342 11458
2631 13843 25743 20449 1930 12662 29630 17061 25709 6483 9194 12775 24208 15656 21631 8505 10667 20962 16148 22281
25843 19272 11569 918 14545 16328 15749 27396 11909 27909 29350 3415 7318 8295 17145 6181 6786 12853 28353 23857
14540 23164 28136 5459 21396 28069 4793 10098 29986 13880 5800 14085 28830 24928 27769 18948 15259 26425 20824 20050
19169 93 6350 24384 8838 16423 23507 14917 26556 19460 10245 28604 22692 25638 18217 20995 2707 24920 18143 21438
3189 15763 4923 8826 21822 10636 22698 14540 29068 24437 15608 15367 15604 6632 19747 24941 16103 17176 15326 2326
23898 20812 25043 13063 14444 12472 17677 7709 4703 11259 16195 10994 23545 15806 7328 16407 26893 22325 16086 15860
3097 4936 27013 5878 18679 29032 19797 10989 6523 16488 12510 7598 26669 8802 18024 11837 15153 11547 14902 12415
8827 9716 18436 4734 17654 4206 927 560 17405 13051 15511 9343 20165 8035 16807 3435 4132 17677 25516 14027
10935 11745 7150 2697 16915 6451 1543 21892 23745 22278 25356 5604 8000 13171 14659 28669 16574 20599 25922 29343
16111 17014 13210 16694 4685 3490 27569 9180 4420 3785 17494 17263 10349 5866 2074 6923 21494 16817 25948 8674
24271 25273 17402 16089 20452 3147 20358 28939 26278 19768 577 14206 16043 16818 8330 12382 26048 12783 12909 24954
16320 16798 23198 4678 2315 11345 12360 20083 20705 9987 24002 8119 15506 17820 28596 24477 27698 10757 5277 16583
9904 15712 19439 13977 22130 22939 14046 6040 26444 4185 1789 17215 10516 5214 13695 17811 6712 21957 26809 29402
26924 21581 6801 19405 17742 7059 25385 14891 2706 7947 20579 6280 7994 24017 27601 8455 20470 1591 14891 1708
18268 1429 18740 28880 16482 1699 4303 12262 7860 27476 22579 18247 26775 6264 13408 5093 15700 18023 2631 18237
17523 209 17454 15415 18316 19365 3074 15935 20594 21598 38 3918 10177 11468 23054 25670 4488 25835 11481 8338
21894 21900 20057 25083 10513 25667 15139 29500 18161 20763 8846 20671 10827 10014 20584 18852 969 15093 8859 29237
8362 26267 20994 20524 28096 29606 20341 17382 21300 11459 17737 21114 23010 14101 10291 3097 17304 14504 29215 20609
6796 6872 17639 7396 2457 22956 17770 23724 10882 15105 26303 16536 22216 19254 21626 20759 10394 19801 21608 13701
18007 23169 14189 5681 19882 4981 1198 29092 24322 17113 8259 24141 15521 24666 15328 9148 10889 11924 26732 3520
24391 23002 7845 1074 19183 6679 15857 25336 26576 9470 24152 8008 16278 12277 25898 12615 15940 10484 5656 26514
20262 14727 23092 21776 27217 28043 3018 25485 22412 29393 15299 16644 5180 3677 26692 29987 10418 19843 28389 27910
20394 9263 8257 29320 5986 25080 4795 3613 11233 10621 10052 25722 27390 26967 7090 28122 11383 26053 26660 2414
11727 1874 5230 19397 11117 12671 27722 6808 28027 6239 11736 16034 8859 29314 15183 16609 6806 10879 10226 19951
942 16720 16519 26967 7747 21442 23560 6949 5821 14269 1371 12641 16720 1340 22643 20124 16187 5903 14000 21070
26679 7940 3523 15458 12705 6201 11349 19440 21832 21431 28660 9775 9087 25344 1521 2496 9518 3770 28803 27526
10534 6385 14440 27172 5953 10364 27554 16068 22121 19041 19950 722 23933 5514 20912 24801 9910 4747 9504 5725
21282 6534 11748 23782 28769 545 12834 27410 5976 18469 2221 2481 19737 11558 7156 2677 18187 9374 13925 13812
9076 14021 13253 24486 16683 3520 11426 27297 12357 22958 16219 12086 29742 1838 15504 13100 27723 21229 8260 351
22857 6191 1671 29108 8247 28917 12002 28942 26401 6750 17582 20741 28721 7973 22713 12672 25960 11231 25961 13443
25009 26494 19742 2978 16863 23507 22079 3368 20090 14152 27020 7157 13685 3458 10149 23555 8866 27639 29613 8195
8367 23349 1377 22937 15937 12482 16008 20842 8438 8055 28736 6730 14116 15908 5273 27263 21488 17497 25187 12298
26911 12500 11989 12248 8325 2621 12352 14025 12573 24635 11311 29141 11381 148 29950 25012 14033 23122 12781 24600
6596 21242 11709 2199 22820 4124 9417 14356 9519 11057 26734 16234 20921 27137 26106 19639 17362 12276 14645 28625
28219 6077 25919 10573 22125 2216 13736 12172 4033 21495 8086 2578 5101 7915 21504 28811 23110 4903 13723 27399
12327 7984 16300 29972 19597 8564 15620 24720 9137 24899 13897 16529 820 12871 19906 18836 14383 3847 378 22777
16795 4970 2438 20915 20699 18844 23541 14101 3168 13811 20247 23771 27379 7736 8284 14611 17247 23520 15618 5241
312 18341 6634 15558 1886 22430 2207 14216 41 21887 9409 21914 12638 19913 28916 26539 21120 11316 3609 7147
24097 7081 6827 6777 9461 27773 3023 14720 15490 2951 19876 16085 566 11138 7972 6120 21895 19858 5847 27312
29218 13481 24903 14103 14515 19984 16880 9499 10733 29585 22380 10950 28040 26967 12246 10580 13999 890 27703 13099
4072 26478 12728 9182 24391 15115 3098 20386 8017 9979 9752 22093 19984 6626 27431 4624 5215 29720 7110 17355
3803 6687 4313 7040 11686 4078 10176 16266 5949 14573 27912 8439 22461 5404 29612 5639 26379 15896 14985 19556
6062 15839 27215 2132 1488 7459 29881 490 28163 7400 10211 6051 8906 4446 3875 16839 16672 19210 16295 9154
12768 25637 18611 10322 9690 23021 18931 18746 4631 24477 24934 1124 8938 16661 24153 18162 9836 21652 23632 6909
3876 24436 16616 14056 7301 11638 3675 16347 5304 28193 26909 27200 25297 24480 243 18699 24885 326 25142 19667
21191 8215 8418 8239 21314 2546 5239 8541 21288 11258 14557 13622 28720 18618 15213 4750 1183 15785 12359 1078
27806 27462 27509 25154 1081 1361 16807 7223 9083 8971 5314 9913 24251 459 8788 1378 16520 19236 8342 8700
7075 29543 29915 23920 11046 485 5204 29781 28349 25857 14188 17571 353 3408 29317 2150 23655 21386 25058 22680
15769 20590 8660 22253 13400 27820 8613 2509 17573 27167 7157 1352 666 13034 17901 29964 3055 11453 736 25373
4536 27586 27616 13054 4568 23375 17564 27810 3368 27838 11905 24589 29380 20112 28003 4483 16000 17759 2761 25423
23467 3034 21973 1090 2919 15304 4557 20533 11338 12484 13598 17242 7153 18085 13691 18268 11297 20087 23176 498
4577 1386 13784 18549 389 13875 2965 24032 3112 8811 1785 7929 13251 17101 13711 24270 22978 26459 24652 3675
23101 5248 7018 20603 10137 23251 14987 11791 4072 28391 5988 13424 5334 16693 17221 19987 20593 6669 6434 13213
4796 7558 12998 2741 10341 23275 15898 18516 21557 24432 7901 23834 14548 19282 23015 4347 703 18237 5583 12836
19786 11065 15685 26789 17476 23835 19398 12573 21340 11409 19563 3423 19478 27861 17008 13070 23053 14911 29869 17789
29728 21450 149 25833 23934 28913 26955 19573 25867 4774 15932 29221 11623 405 320 15031 23694 8136 20810 2217
537 11799 4958 29967 9836 5106 13549 3451 11991 3929 16609 4469 9988 21445 20929 608 28537 1443 8335 9408
24047 9117 28918 17074 2929 14565 25161 27226 19257 21085 28925 20143 13265 13656 17215 863 14606 22932 24174 15306
10358 11417 20255 19289 14799 5623 10198 12375 972 17928 15156 29535 28392 6663 12169 12004 22511 7624 22515 7306
14835 26174 18973 28781 14610 11793 20210 5896 444 17919 21853 26290 15175 14983 11243 22698 16318 26306 27867 20488
10356 4448 11351 3323 14809 14104 6047 1431 11494 977 27802 12773 313 26007 20164 29593 23300 17304 4612 7284
8960 29875 18316 14498 18664 5139 14264 15415 16196 23188 13383 4213 6500 29746 11206 7455 20686 344 23511 13449
28501 24710 10616 18180 17314 20077 12969 16653 6054 13835 27810 4207 661 74 15202 15018 14442 3110 3016 2472
22187 4916 2278 27217 27780 26295 21945 24614 12394 15247 19244 24066 19097 9200 2097 139 22420 13160 19455 2614
19629 12019 12237 8318 5675 15755 4577 14115 26668 22262 11517 3155 24666 12773 18874 12412 27616 17336 18053 29798
15845 8170 5708 16122 20221 29715 186 10696 15817 20814 4751 12652 29859 6121 9476 18872 5320 17933 11267 6700
4644 20142 606 3187 21095 11048 23304 28010 82 16112 23392 5206 8114 13544 29863 9469 521 28752 3994 14466
15858 18251 10049 19943 2315 13421 19958 10046 1847 14515 20122 22390 4936 6251 28336 25878 19552 2127 20063 23602
14565 18286 191 7158 19758 11393 1851 8704 23319 24639 9225 2378 7471 24539 5214 2938 4914 24065 19733 25777
13413 763 21663 18117 12457 1255 3683 3746 9181 26637 4604 27371 7740 19716 27958 8663 381 22090 8710 2477
25828 343 6564 22183 23815 5852 14071 14142 28464 19996 16269 10082 2763 17196 9456 9551 12893 23255 8822 3164
26496 18743 14095 949 6797 18307 25587 28964 23929 10394 13988 7313 22746 27262 5836 2288 8473 21138 4347 27566
13085 25764 9443 5572 569 3304 11231 13527 21520 29677 24908 3767 27078 20888 27316 22163 19813 11799 7340 12364
18292 23042 14388 22917 6177 29486 15581 4105 27488 19544 21634 7679 9635 24524 20794 22307 22048 10189 9309 15634
18396 11519 24865 6963 18891 3757 8590 489 24337 16500 4002 22971 8451 22671 5403 5 27648 8732 24785 4566
21927 9083 18306 11148 8595 6758 27493 15437 28161 27884 26256 18615 16655 11285 7166 14578 5530 2519 14378 23562
20455 6783 19995 18712 21121 24912 26108 18085 12551 19310 2630 3583 26779 18057 11573 22767 8936 3298 9859 11131
1061 18869 2372 10307 929 11218 22093 6347 2837 8650 9292 16150 21695 22809 28231 15360 24037 21414 10635 25703
10155 14911 20086 8265 12375 1389 26294 29734 12450 18840 3804 6508 14781 4054 24900 24463 17373 17441 4065 18099
20701 7390 25534 15851 9684 19349 13327 10912 12698 10238 14885 12536 23016 18029 2793 20331 15136 22767 6198 3073
5464 134 12718 28099 22262 15895 22983 20856 7828 3767 11860 5876 12379 29287 20424 2043 3880 13812 26829 27896
7993 1277 4958 14080 8208 29529 7578 29324 8536 10163 8015 4512 22385 19273 14473 20907 22885 17063 10333 19858
665 3398 26190 25616 24350 10491 16075 19148 9605 25909 20975 7113 18809 20005 17843 10190 13387 11055 10384 12172
2474 25491 28039 21540 22715 8096 21220 13743 5763 14206 3842 902 11834 11061 9233 17912 6415 10957 3452 28742
23971 17474 7884 22845 5127 24660 13689 13791 2423 19894 5727 20194 22595 5062 6965 11337 15824 26878 602 8010
13526 22759 19188 11298 11882 27475 23545 7431 1634 13590 11000 28275 17352 10821 19914 28210 1057 25682 11306 4524
3790 26001 21632 3853 18225 641 9959 6409 23191 17690 28486 28372 18264 2283 6125 22995 8794 10896 27916 8203
15704 11394 22219 16918 4022 927 5256 20340 29983 22111 20062 11455 14645 13450 16951 26472 6571 29482 19720 11198
8810 3876 9058 19616 2011 18836 6502 9287 25083 15145 15370 12394 2138 22998 24473 7902 7210 1411 22323 23425
4461 14738 21278 22701 20928 2884 7250 29051 29445 11574 16344 2162 16255 17685 28802 16434 9955 18620 26445 16470
10365 12789 4796 10781 11817 18013 7852 8804 3937 11724 16991 26764 11091 16726 20673 8632 18303 4914 13708 7789
15361 29921 17972 1383 25006 27241 22136 26165 23210 703 18362 8231 28455 21724 19699 319 2912 23500 8960 7119
27085 5648 11459 20688 19696 4397 23563 17948 21284 23587 19099 15647 15419 3102 24953 3621 12520 8537 542 20790
359 4811 17131 25972 18650 29939 28531 9279 7769 9784 11628 29401 21207 7701 18905 17833 29852 2253 1145 7693
13681 9102 25914 15884 22196 16107 12639 14910 21698 12879 4361 8439 3471 8392 4196 9037 22450 3014 135 10334
16599 28615 7588 8018 18891 4805 12347 23563 15891 18205 1053 12280 23731 13552 15778 3969 795 5865 16244 27824
21162 10797 20873 10579 2830 26222 946 18924 246 9788 11736 12689 18267 1337 27765 2196 13742 6075 168 27216
24360 374 17966 3957 6832 22789 1818 349 26634 1364 27962 19332 6871 5308 14354 26485 13589 9104 18827 17838
11625 20983 26394 9944 12712 23278 26339 3692 8706 2306 22998 17571 26916 26296 3331 15006 8348 8793 15 22845
28027 21613 28978 15885 18063 11746 18672 19788 4692 23497 1160 12638 23924 28872 25034 4027 25364 4874 27337 7152
27537 5236 25738 3485 11556 7119 8557 18433 8071 18917 20388 8760 14587 2782 11692 6619 8784 1212 8511 1272
5697 11323 20615 7229 14732 27791 4630 11928 10062 6285 2066 5659 7991 24391 21777 4932 11929 1767 8823 22622
388 28126 23139 24306 23015 18879 7295 14826 1004 27597 17571 16666 17852 2979 15331 9570 19056 16124 27876 6639
16039 15265 3608 15712 17301 4872 19119 11854 17008 8247 24064 19402 23959 27054 4931 3325 19991 24870 25548 4928
4187 22404 2136 24990 728 19601 15357 5795 8418 15947 5536 18179 15091 23397 29958 6411 19223 2848 22296 29849
23813 16153 9624 18420 9765 7531 2772 7783 1600 29328 24043 1826 23350 1821 3810 28691 7181 9109 23241 4522
13426 14690 8284 24431 8222 29924 28805 18048 1976 2396 9543 9668 16402 5502 14722 25793 260 5207 21248 23902
7378 28815 10457 29649 11420 2150 3665 4728 19894 4453 3921 28477 13960 17398 18376 9493 21183 5101 28929 25413
28546 26202 26648 25695 18239 20273 11750 11850 14334 12452 16352 9349 6787 19092 4654 9628 29195 4248 22490 8660
15732 19919 16551 14074 3435 12822 6847 24689 27237 13397 19539 24038 9449 11445 13052 9507 20811 7965 13792 26897
9275 22497 4606 23687 14956 12084 29895 26512 26128 26165 17430 23454 11180 6545 21863 25039 21040 9454 10340 22176
12126 17359 29852 2971 21114 16988 17537 13276 5023 3820 13204 160 12594 27041 20895 27727 4484 29057 19006 7257
13326 19970 22802 26927 777 12560 15725 17523 9201 20534 7403 23662 21223 6216 26493 8254 20332 11676 2316 4486
1293 21619 227 29216 25249 24223 24675 13729 18578 28044 18361 16741 377 25944 12864 19994 24267 28768 3448 27376
13229 10654 19847 13291 18548 7489 8537 842 14064 24395 13744 16041 21907 18138 8030 15167 3430 18157 9306 28630
10167 17639 11230 25556 9300 8306 11442 17025 4407 26276 15358 4961 14504 22274 15890 21832 6951 4647 1195 22208
16901 22234 21753 27041 16796 26170 23670 5235 15170 28005 20288 25754 16449 16325 1553 25443 5091 16845 24006 9854
8191 4204 307 9316 14496 22911 630 11472 2626 386 24909 10033 17282 26943 15983 10755 3406 142 2625 6125
23782 17219 20012 148 19879 25872 804 13709 4039 3216 16020 21182 12821 11353 7518 22494 11479 12344 19520 15311
16088 11091 5593 1358 11043 3722 6898 25104 27724 2193 21363 11793 18961 26208 24161 24049 7517 3509 24963 26231
407 7658 22661 1613 19962 22894 8738 10543 11363 21479 6287 8696 2220 24575 29664 22577 23483 29774 15216 14714
22599 6375 20942 17959 22642 11465 17815 29262 12684 7038 3888 22498 22384 5747 25990 17093 29874 14534 23732 23930
20953 8151 20100 24518 27905 9682 17846 1196 21923 1145 25693 20681 8280 23051 3836 12643 13204 10279 13825 22637
28036 29526 25358 21350 1217 15304 19814 11637 7829 4540 14587 25465 7852 24397 14246 25102 1313 4936 10582 29628
1304 10523 4817 15238 12539 2195 15088 14134 10070 25950 19729 21368 8132 733 1453 14113 8491 20431 19088 10105
29229 21684 3332 11984 3145 3279 17981 25458 10507 25637 10869 9502 26072 21979 16073 19857 2841 8528 6003 447
17410 14224 19508 26097 25773 27495 8127 10953 16102 25469 29166 29431 21480 16166 16841 29688 26664 3494 6916 15014
22626 10542 3857 10778 13261 4897 13031 13990 20792 23483 1734 1136 3458 13613 326 862 25350 26973 3099 7225
15736 4435 28714 28372 6423 28058 17423 29804 10006 190 26441 20460 19128 5446 17979 8235 25170 23294 29704 19881
3215 2414 12514 23224 18359 20459 280 4814 1182 16177 14729 10878 2661 7495 27259 15523 3949 5952 6749 12552
10923 26255 20214 14112 28448 10267 14380 24973 6861 8954 555 12445 20751 12104 6499 21663 1064 18215 18947 22454
15259 27007 17503 11242 17996 28 19193 12987 608 23323 24966 8157 25521 10929 19820 20929 22429 12789 568 704
7500 15035 15217 16639 29315 27769 19278 13776 2644 9537 6519 24632 10053 4112 4980 1144 26385 21853 6957 29788
7089 22472 5172 17148 21687 29082 16 22703 11648 8567 2806 665 13732 8232 25506 26305 1590 18186 25483 14692
4304 24441 4575 23625 24462 4713 9604 21003 5356 333 25882 5295 1035 10517 10530 343 11773 8750 4391 19528
21930 18592 8974 9843 26783 23915 27223 28657 13122 20610 4821 28780 2855 11095 27931 12745 4704 29333 24016 1240
13750 22938 16358 24591 3172 16069 18474 9004 17191 15097 6626 27161 28885 26462 5625 12366 24985 27493 27662 10208
10219 6811 22251 15619 25440 9832 4397 17461 6825 12001 29767 3499 19371 8449 13241 12618 10933 1066 10199 20675
2989 203 1356 20829 20076 4296 6809 17889 26682 24679 8174 22131 11652 10641 17565 7155 12830 19766 2367 13918
12971 15844 6977 13031 7204 18282 6451 7546 17771 10735 8413 9314 11566 7250 29074 1614 27235 13090 22153 17021
18106 16258 17806 28444 4093 1016 17960 15394 17854 20262 22794 17809 19612 16248 15790 24336 24122 24218 3466 23636
24417 7762 29359 13234 7341 29372 19358 16740 23858 3840 877 11397 7215 16522 26170 10943 6743 1379 3468 15318
4471 5757 27724 19688 23601 22412 2253 4736 6943 21570 29724 3909 28092 28679 14373 25997 24644 4004 24086 11358
5299 22736 563 7286 19085 23255 19456 26049 14192 2045 5946 7356 14898 24287 25058 14364 12877 23764 12785 18869
4193 3507 15951 16223 12303 3490 9665 7663 16803 5872 19491 19158 21385 23348 20092 22535 29119 17939 11080 1099
22049 13260 4374 5927 12211 23739 15734 1426 1216 10006 15995 27439 2856 28327 17679 5582 9983 18471 8108 18788
14672 11663 29933 4749 17493 21737 28779 10423 21904 24740 7924 6650 19458 5482 8292 13175 29167 22511 20094 4615
26175 13870 154 8200 9036 10652 25332 19634 620 4558 16164 13563 50 6143 16121 14789 761 17266 4250 17655
426 7598 2517 10640 23765 22606 25363 7965 16695 7982 15124 876 20737 24430 19586 14236 22190 24290 4316 3384
26826 1283 17268 7424 9330 2754 25776 27836 11718 27856 4791 11208 138 21721 26354 8320 3834 10447 21994 27257
18771 18312 11704 2185 26280 26314 19423 10277 28006 25381 2584 27041 1615 25265 10097 12853 869 13787 16982 14430
21024 6855 27079 17828 28444 15854 19886 7228 17570 23264 10887 4225 5961 28698 9920 4989 13578 11162 10696 26724
14041 28277 24789 5086 16582 10691 16217 12238 21426 17103 29310 4563 1371 24018 14447 10739 12392 9866 24006 954
13618 19112 27325 6447 13449 26915 16931 11468 9815 29629 17743 15314 22196 827 25421 22852 9189 11167 11123 5388
16916 12638 23089 19515 9806 7929 26084 28322 12697 12946 15979 11696 24823 6954 8834 1363 22530 4297 5193 3379
18225 14278 14843 23567 1529 10118 9223 6259 24075 2725 21156 19168 14168 24785 6435 27067 29122 18118 7350 19651
27206 20159 4243 16049 10376 29263 28103 20264 18699 2498 457 29522 24041 8763 13469 11993 24303 3718 14535 28790
7324 19026 5680 10179 5715 5736 25007 13796 16372 11215 5050 11328 9730 23204 21207 28370 10912 27389 11368 28114
16765 26004 17672 14844 21196 28935 6963 14000 11318 12006 25714 9461 920 29315 12528 27336 16721 2302 10785 3687
1694 3397 28586 16741 5827 14752 17876 14055 3718 24241 29882 1563 28518 10466 5025 4103 1646 21266 5697 24869
2194 7350 26835 9268 21198 22518 14580 21684 7648 1149 6680 21332 4807 21852 17382 26835 25413 23691 25285 7977
18766 16130 15265 22647 21629 15587 19870 20629 3546 20752 16275 5531 10524 17192 29005 27985 20365 29242 2896 23409
3382 8453 7382 26288 28606 29014 2203 24462 16771 10976 11345 21206 19852 12108 22648 20334 23692 4952 3620 1958
8015 12505 27076 16629 4371 6976 23490 15034 7516 24582 1941 18898 12731 29637 14605 11324 12966 2118 14373 21181
6863 13343 507 2201 22735 770 12462 1204 2347 28098 11109 16796 13975 4065 11386 1218 2169 3622 14301 17970
1588 11439 15246 5886 1856 1640 25688 28945 11786 14838 12403 1101 9393 23498 24454 1492 20656 14601 8056 14543
10374 26905 4055 6669 24621 23427 8195 275 20383 24345 6542 9703 19649 8037 24907 200 13225 19286 22621 9945
9950 28153 9763 14773 3333 8466 2810 26685 27651 2610 27330 6467 6369 19489 8497 25237 3024 19625 6008 16607
8200 12801 18922 14499 22439 14105 25107 20079 17592 13505 25737 27515 9024 5207 18705 27318 7836 18712 16418 1144
26057 25648 15697 10069 17773 27117 28587 24835 22142 23051 24311 12796 29893 24520 3807 13232 11351 24423 12368 12822
14316 18972 17402 20277 29336 19751 11600 21217 8804 14481 29656 26665 26079 19330 555 7234 1129 20900 14806 1061
29984 6670 4407 21723 6683 18832 2285 7132 14865 1439 27334 2583 8236 28118 7805 5618 1227 6042 8609 22764
5651 2632 5661 27490 28538 8029 4147 25477 16809 3297 3369 2886 11826 19351 8787 27141 3112 4035 16154 3267
4475 13632 16029 5882 23207 13439 10648 7281 7993 6799 1046 3899 10839 20764 14389 645 29994 11051 25631 21121
11731 813 20105 11049 21694 4526 7522 29432 13938 5014 5900 15305 12385 15343 2544 19853 6325 29756 23008 21485
755 19335 12225 27346 8570 24911 8365 13014 13470 25603 11692 19588 6692 24745 14299 19832 14900 21938 7999 12903
10748 1758 12926 5961 208 13857 3381 22697 21321 8772 25961 8784 814 2657 6997 13172 10740 25896 19422 25997
27490 16740 24378 9862 6507 23273 18313 19328 23199 981 14780 16079 2717 12430 4249 3342 18430 892 17696 13185
23264 27037 20279 5376 560 24731 4898 25892 9706 6275 6145 16839 16141 27075 6032 327 2579 24226 14168 25217
23543 10447 3337 15278 6065 5544 3311 10473 7669 17935 9906 239 10785 15642 22827 29028 27109 18023 1693 2013
21646 3326 1272 7188 14456 1836 8613 1697 27240 13358 23203 17247 18408 5194 7722 20044 9684 10940 5141 19612
29656 11206 3340 12464 25619 12705 25375 20553 15352 11571 13071 19092 11959 16739 28195 20605 19737 13177 11329 12705
16399 22454 26414 10849 17242 2462 22326 20618 15223 26649 6189 23417 2873 16833 26973 8542 3027 14690 25290 26843
4296 26771 3499 11709 19165 20654 11423 8142 558 19836 20388 16256 9003 19891 3010 16405 7513 15339 5877 25004
24039 8979 21909 3987 14235 20963 15764 18343 7125 11468 10159 17264 20549 10484 14913 18096 17596 29353 3019 12820
8854 17908 28012 8781 12352 23144 1241 8019 26298 5005 26836 7805 14325 19020 19769 13885 17560 15902 7481 102
5251 8206 20969 26240 25347 11641 3924 23260 28513 2364 15824 22731 14003 4428 20001 19498 10532 25348 11484 20485
6540 20905 5657 22985 9996 20316 9465 20860 6853 5092 20120 2266 5075 6216 26263 13227 9531 10773 8657 24488
20300 25781 27352 25555 7685 1838 24601 4770 6440 29949 299 9230 16526 20620 20972 28870 19386 24136 29745 16108
12989 6601 17160 7407 21204 12508 29473 19100 7790 15756 29912 10081 12571 12162 24520 6164 15560 23811 1817 4753
20653 1919 24733 18097 2894 18225 11122 23750 28777 3280 23958 27815 9299 19882 21698 23167 14500 18997 18725 5989
16116 16400 5589 24636 11880 2262 11719 6560 20465 12715 23185 4050 24184 27753 19179 11230 22783 6182 26295 20161
12494 26233 9565 10703 1765 15618 17837 14586 4383 25078 25168 7532 4309 16101 180 3900 21596 2985 2721 3754
29575 4751 17213 7119 5357 1117 10891 9020 6859 2725 16833 20468 10475 10678 29411 16206 6281 24381 9620 29474
18589 11294 4538 13419 27977 18120 8432 412 18018 26437 28881 729 20750 11242 9750 21580 21006 5196 22973 21963
23473 3984 15796 10790 28706 8302 17427 27978 7390 1989 19713 20582 2066 23764 22332 3592 8541 29747 5697 29730
19513 2433 10118 14934 10160 29476 8497 6707 24068 14098 21752 28291 2674 1786 15430 29207 23676 27286 6720 27663
16035 3313 26184 19404 28408 26357 23224 25705 1934 18197 24877 17879 22439 19816 6079 21778 6020 9592 9981 5601
9475 1318 27946 7701 12316 10511 5885 15297 4569 13276 24530 14720 20533 3754 280 13090 6767 20604 9639 14678
7983 25014 23307 16381 18397 28906 3106 3343 27587 6028 4810 1622 15279 10855 21264 8360 19494 18457 13837 24461
5623 21076 13197 1709 10765 28755 1937 28364 5604 16034 5646 18411 4497 6330 14976 10744 25089 28945 2488 4148
21194 4481 12989 10537 13146 361 12560 16066 3971 14403 25149 6096 27134 25351 6774 6657 29601 11690 22094 23569
19019 24937 19670 8031 3420 6071 17813 1750 27165 9717 21464 20190 8728 29839 6928 18472 10184 15587 13152 4608
20807 27445 20226 28457 15448 19830 7189 10792 20354 13381 16919 19495 1100 29697 20306 15377 25851 20941 4822 23587
10725 2063 625 16702 27218 21591 7210 12795 9094 29000 6769 3422 1664 12374 22060 5484 9338 16748 3009 27009
4080 1381 28048 10089 27046 20284 26027 13472 2729 28996 24930 6925 17651 25923 684 19291 25296 24927 21060 14772
17191 28293 21136 9533 15205 12686 14503 23015 22863 15634 25397 25541 20647 293 19465 16866 12643 18537 2923 5415
18531 10977 5254 17264 28921 8500 28253 12794 14309 14998 13679 26580 11699 24650 27824 10806 6887 24778 9565 25780
5093 23779 10648 11740 23487 12107 2901 12423 15097 10397 12896 23699 24603 2604 15242 19338 14852 28304 28805 29745
10885 15824 20369 8220 13209 28118 9960 10359 1206 18758 8310 25031 29241 24877 6747 15156 28536 13165 28466 2176
3858 12246 8121 2069 967 11571 805 29398 20545 15551 3777 1735 5566 6642 23695 6230 15832 21521 6421 5003
10075 1542 10275 8204 25683 27356 197 20690 3242 23874 8181 3148 26560 112 21074 21627 6353 22232 15636 13315
23852 24445 1093 28678 19452 11889 5522 20925 9197 12569 27751 6420 25621 11032 853 24916 32 2840 1738 9016
21900 20404 12845 8112 1505 20681 23434 7405 5561 19123 7492 23170 9420 20123 15306 12274 13314 12724 25663 24053
22891 15739 15137 6519 12152 10906 29490 17917 1421 14680 1317 1288 15119 13451 13798 19177 11955 9353 4644 12274
27576 2826 18648 19243 5344 29941 29198 18971 12544 7863 25604 12898 25507 25666 20595 27698 16952 27163 6964 13941
12308 27626 13902 20020 188 13791 13039 7703 10693 5953 6357 5067 8790 26258 27778 22248 249 27718 16611 14653
23420 7230 6916 11636 6081 10307 20085 28542 25269 10090 19736 21214 24581 10924 15581 20262 15712 12995 13066 26553
6981 17030 5519 2094 27306 13478 21118 29760 22378 23502 21035 5397 664 27765 29615 16802 4940 28654 17091 11008
2316 12096 11606 1397 9054 23142 27126 2587 5957 6504 27259 9794 14426 9631 25302 20616 22917 25395 18676 18643
29666 14110 15887 16416 17634 18844 14803 15928 4218 21164 9923 27812 28184 29135 19755 18721 26083 17661 515 24231
2432 14477 23084 16858 25507 15432 5849 2854 26288 19600 12349 8630 8041 8527 14738 7447 5767 73 24808 26606
20243 3026 9457 22463 749 26885 22999 10091 3757 23939 11548 28258 14985 12376 7519 7627 8481 27791 28475 21359
14087 19085 21895 691 5092 22190 4168 6927 7514 7448 10284 9825 22366 25435 4365 1854 6217 8844 505 1158
2316 21134 4825 3617 4539 13106 29088 2479 14369 18002 12601 28094 8247 27993 7352 13323 2056 16735 11577 8999
23243 8251 11579 2294 7171 18655 29296 954 3476 20776 3663 26420 17977 28836 24646 17288 11841 27479 12144 22241
4407 17815 25560 22494 7147 24107 26040 27638 23007 29683 8714 18697 14092 598 9274 17850 3415 15687 17839 28559
21228 25147 4413 3709 18483 27535 23308 556 15842 27493 4243 7963 10799 23220 20455 12390 173 9432 18026 10777
29691 8101 18428 3876 27821 14771 17549 7268 19121 9155 17620 21251 23185 2517 15842 22309 13214 18639 27785 14845
22121 1908 25444 22704 10722 18280 399 11358 26035 10256 14597 25177 13014 25393 18369 6380 21446 7294 6134 22711
9318 20858 29248 22459 22858 807 18474 29546 28437 13722 24556 175 28254 11672 23783 22826 19195 15467 4972 12037
20309 27407 9635 470 22445 491 3254 27706 18392 9481 17542 19026 21563 14546 13142 10907 3892 14112 12147 20522
7652 13907 26697 10209 9793 2246 29935 56 10339 28834 7571 14337 2710 19351 24178 24415 13866 921 25846 25513
7400 23659 25509 29716 16698 4695 15511 16953 15584 18809 15121 2416 3143 1199 11187 10222 23691 7232 1615 4285
8106 8619 9263 26240 23874 17552 25049 17079 16795 15821 4618 602 14715 6077 10812 18464 11796 26951 2732 26217
1920 1901 25678 22158 4609 10528 29203 104 9067 7726 20935 10060 963 5717 7083 28326 5446 5478 19873 10364
26797 12656 249 19416 14537 13142 9163 14135 20341 737 18771 28070 16434 2037 20166 16918 23141 6984 7666 11937
9265 23490 17980 12460 17551 4435 19843 771 13639 18773 28773 5353 16837 3923 10649 16078 27317 6112 2809 2041
9583 14255 7056 20488 18292 21589 25934 18359 13114 20190 20747 2748 26332 29344 12756 22161 12414 27857 23275 18496
14705 17827 2453 19065 1479 1882 15679 1225 24989 28567 23538 552 23919 13877 24887 12062 14968 27802 9525 19948
95 4500 28132 19852 27166 7005 18858 7227 12476 5315 6726 16465 15858 1428 19872 9702 16297 26907 3224 15374
3557 8047 19770 26556 19760 14975 14895 19688 29103 24166 29439 11713 2410 26660 25648 28808 8151 1818 3081 20381
17471 15265 7361 2526 25379 29070 9415 28186 2968 8797 15918 7991 18366 17088 9889 25157 6656 25383 21281 3054
10337 27777 6774 19037 23084 24633 4978 28932 13364 4458 17142 9953 29005 22352 3672 28407 4208 12056 799 6631
16658 19008 19557 3678 27314 12032 29710 8963 3588 12010 5103 18269 836 25943 574 10423 4890 24086 9732 28774
25627 16570 4089 2390 2116 15774 25669 12926 1766 10738 10608 29203 3043 1875 9903 19843 7775 28511 851 13559
27519 29022 20029 1173 1378 15318 29532 4597 29689 3736 18034 23437 5212 15817 2431 8843 20396 6900 21591 20550
18405 24789 19519 12471 21557 21327 20130 2658 27852 2392 22107 28912 12014 7792 11941 28797 29167 23100 24246 4558
21611 26988 4422 2697 28991 16792 18202 29347 19718 531 20834 6076 26467 13910 4711 16004 19729 1108 29041 6754
26265 23443 6872 10773 9084 21184 29665 3614 21334 62 29986 20326 28787 17025 10950 4386 5069 25901 9532 1105
14450 23625 11797 7912 18637 28055 29501 4237 11646 12357 28836 27865 9196 5650 8513 19877 25668 18965 15041 23860
23367 9110 25596 4586 21748 13471 21996 18859 19045 27629 18347 29119 4203 3189 13811 5241 4823 9858 5084 18053
3855 21532 7922 22176 3388 14233 26251 7905 15108 5540 20218 7436 23069 16348 6379 23985 18942 20804 1773 683
238 21794 18330 7751 4312 9406 15670 19721 5650 24239 1614 5217 28110 19725 10412 27540 19287 13178 3155 27527
18530 17443 18927 16309 4334 17569 16593 5565 559 20297 4644 1320 15765 11629 19998 18143 25006 17296 6144 25544
15357 13565 27645 20269 27414 1291 22354 7846 21491 3150 29576 11569 6150 19397 16983 26409 20918 24623 22191 7596
11014 28008 7683 17281 19770 29485 28536 25294 9551 29599 8626 23415 3068 19327 20078 15887 10704 10237 29435 6318
7733 20730 495 26672 25326 1426 8277 26798 24666 9946 24809 19608 4239 7372 10331 6946 29767 4998 17503 17363
23986 29794 9630 583 28083 4385 2486 14407 25727 20462 12654 24882 25558 8781 1979 3821 24372 27041 18893 5807
18577 11996 25824 29316 8173 10227 23877 16679 21315 9761 4093 17589 17454 28269 22701 486 25317 3662 19709 28050
24797 10571 4082 2220 2612 20773 22109 4853 26390 2673 16292 29823 17419 22681 12687 3501 17188 18965 20529 12224
26208 3451 12289 17170 23294 14308 18113 8304 8466 21438 29313 8126 4966 29627 21015 28828 3448 25227 21884 6380
17636 28363 10200 8876 26240 16662 27129 11033 13347 22589 1066 21860 3602 14287 4849 22901 22748 13340 21350 15398
4914 28558 8641 24448 27615 15620 18770 18841 2239 3129 11780 5541 12755 22863 17859 28164 8917 17289 17981 12852
7121 8424 22210 23317 1413 25236 16260 7953 29727 741 2826 27523 22875 27012 10109 28786 13609 27703 24439 8321
26300 19860 13700 8251 21851 14609 27277 11319 17517 23420 10739 25551 7620 20612 4986 27119 2739 21158 18582 11418
7386 3799 19785 9236 29846 17507 4234 27741 1693 18662 13749 29236 24887 15673 1778 11619 10583 17410 13658 16600
8337 13269 8611 7198 10579 25458 5088 5457 1721 3833 26224 22425 459 3548 28355 26344 11915 10990 1345 8688
29869 10824 12103 222 15608 21459 22393 25407 17266 26898 11953 26673 13971 6711 25599 10065 10520 1658 11360 17719
19982 12065 26023 26976 3142 29526 19181 11861 15690 2432 5720 21893 6323 11585 25943 10357 12795 11072 12727 26199
26489 7350 12494 18514 17207 28851 14976 5972 2703 22562 9217 296 7430 16279 26522 1503 10140 26011 4431 29057
13947 29037 20282 16101 19881 19561 24075 16749 11335 25193 24215 7061 5943 13871 22557 29717 28442 27053 19647 9640
5906 22697 191 12098 15371 8858 16116 9896 14068 6023 20295 29599 14360 21392 29135 11797 2606 4978 16256 16665
18704 29003 19284 127 14644 2716 6749 21785 17833 10586 29522 24051 20457 14197 24933 10468 27544 29085 1018 25042
19494 11800 2833 7651 22154 14330 22641 15635 12209 27442 17022 29994 24952 4340 415 15587 6131 17588 17991 8993
12491 24794 29642 5407 10295 20488 11312 8809 27310 9562 28961 24547 10922 14599 21725 21935 18830 10791 20823 18417
25164 20008 2785 5235 4320 7004 19313 18106 14306 11635 17056 22528 7623 25933 20701 13052 11800 28734 8942 2979
15985 18274 19791 10722 17658 24567 11178 3576 14259 11242 2090 20064 20828 29796 9770 21881 13355 28592 8969 15244
20395 28931 8685 8733 16540 3658 18261 1311 19720 18525 5441 2551 7631 17167 17773 19929 10251 6621 6186 12263
20085 17988 25419 8645 29101 7908 6485 9030 20540 23405 18681 785 28537 5509 12570 27318 13993 13173 28821 4640
23835 26002 22400 8768 10892 16768 28737 3431 5137 28223 23033 1581 2156 29216 11252 6168 201 29237 6959 15128
11417 24120 10660 13042 4814 28389 11651 2011 21342 16660 18912 3038 23281 26191 9420 18484 26728 1264 23875 7901
25242 17812 8464 29587 28888 26609 18650 21373 2764 28232 12054 4644 4901 10027 12002 18063 9339 2539 19318 26238
8004 3068 11919 28174 10906 17732 22114 27721 4227 22931 27906 9697 26927 9491 28655 8709 12575 6747 27121 29294
6984 17052 9478 20356 12066 13176 27876 25085 26480 18628 10653 3994 17117 226 11053 23597 20295 18154 16154 20494
5075 25437 16342 12573 29142 18542 4958 21333 8743 8741 368 5065 10166 13027 5392 13133 20007 1129 634 7337
20898 6764 3206 5762 8325 26906 9032 17366 7796 19321 3518 7984 12031 29729 3015 18545 21795 20021 18197 11782
9075 25245 1929 18081 26177 2171 20319 2090 21964 1108 23151 983 28955 28640 17684 5618 8859 15643 20064 25966
9667 8183 11795 21839 5429 19518 18429 15923 24578 28737 3514 5399 22137 23422 21398 18910 13655 13797 26141 8613
2216 5779 26230 20520 8955 15439 5772 20087 9514 10677 18331 24978 28876 13283 17535 14906 24698 5974 10063 10922
22827 6054 29591 21541 7730 24034 12575 22107 3714 6284 25090 24091 16113 26828 9937 4890 22158 23255 7595 7603
17711 12459 7410 24285 3813 8976 1253 10387 19183 22596 18638 4911 4152 11058 14830 6210 19935 19041 21853 1800
28019 16314 1396 18981 17120 5809 26569 139 9506 2527 19671 29863 15237 9066 23541 20901 11072 29764 7844 1607
15747 4230 15113 679 10128 24187 25353 24256 22171 13175 28294 18770 19814 20877 15720 6796 12072 7171 24816 11539
11750 3297 13174 1066 14999 29586 3209 12961 15359 8989 3450 12998 9722 28451 26056 12037 24843 15090 12828 26567
26337 16308 21461 27298 25621 12102 1260 10838 546 9231 25592 1791 24910 27504 338 22146 20620 12007 12145 8554
29278 23260 11021 8241 873 26290 17874 13811 1949 24698 957 12086 8483 22343 15115 9217 28934 10298 27699 16955
19794 6571 19078 29473 29629 9048 28776 28274 29658 11511 17561 15789 5522 12089 9527 29047 1511 24304 9218 23674
394 24581 12362 10811 3213 5354 12268 25961 25013 1113 22862 14358 29190 29809 7722 17454 146 5518 23039 7081
20480 26130 14335 23957 25157 5487 22680 15973 17321 29298 29453 11634 12415 6059 19398 29838 868 25960 28644 6427
410 4169 13920 25158 8228 5862 25681 29320 27256 24146 9 11705 7744 6546 12159 1262 814 18837 12343 23776
25451 6791 11955 8038 16090 25410 27240 14477 11282 15557 5497 10483 22883 4451 14493 12429 9177 13415 11501 12043
2065 27076 28616 11000 440 3192 2869 26766 28080 23071 12528 2196 10656 25526 25985 9951 26559 9120 8756 9410
10099 22432 27217 23832 2040 11911 13410 18637 7757 15170 20239 17706 15137 22516 28882 14051 2005 10617 23090 20662
10589 12994 18020 19346 1112 9296 18148 5135 20945 8396 2134 2406 6764 3153 22947 23807 27786 23846 24167 8955
6959 22710 18086 8091 13743 8967 25819 8483 22475 10228 16913 28653 29677 26249 21372 28659 27955 9134 17686 15100
24733 24844 5464 5144 1802 13849 10255 24285 13957 19778 2773 27170 9652 4974 357 18654 24392 19297 18345 12431
26039 21997 8652 14926 24545 9851 24381 1460 512 16463 2916 18999 4384 17297 20456 11261 18874 29732 5585 20356
3257 18124 18134 27008 26696 19435 9845 24152 17886 17959 6259 5384 7790 25843 8818 3334 1591 4064 17223 11105
25678 14311 17489 781 12595 6053 66 6489 14532 8082 21976 21498 10443 21539 25573 23180 17350 18674 7085 16272
4786 18917 7666 19890 19754 6748 19615 12819 17168 25714 13956 9531 1950 26892 17553 20322 18211 22432 18068 10476
10065 2708 531 11527 84 22778 21644 4449 13375 27674 21838 21908 1224 17111 4066 10368 8951 1320 16110 27525
29053 4887 21657 20022 23377 8906 4257 6122 20188 739 5113 15589 1897 11336 16073 2766 11027 9380 10046 24638
11093 798 27152 2433 22081 1926 13347 15208 28848 18908 5603 4981 8171 5791 19809 16414 12330 17197 28010 22725
8277 23592 29685 8789 9181 3473 4215 1817 27544 19712 22263 11416 29388 17895 22650 21666 3766 18482 13256 26779
6009 2899 647 19913 9390 5716 21403 17295 24248 17138 12127 14281 24034 2763 19726 23709 23649 13489 23909 8401
5629 2735 3061 11317 15918 20450 3144 21246 15366 20978 28295 13034 11010 12213 10663 19648 7510 4814 6677 3096
25748 21806 28674 29384 27272 20750 18112 7414 12294 3410 17158 4381 24015 18269 13190 15378 7491 29433 16549 5072
17541 14419 5319 23007 14150 4895 1593 10030 5286 22633 17705 17306 28696 26564 24543 7707 20000 19930 18970 13302
3987 2314 13935 7635 2626 9532 6386 15719 10495 5595 3223 26826 14584 24530 18761 4892 27861 12689 22950 1867
3555 12941 12385 10085 18949 29080 7752 13042 5052 27839 3601 27302 18253 20576 4446 21517 20815 17186 2238 4186
29948 12828 27601 14093 3366 10658 15279 4940 9703 15332 5117 14308 13573 19642 23641 10790 26922 27745 17800 21627
3042 7557 3703 8260 20176 10990 25733 23405 20056 25069 23592 3801 3432 11648 9225 600 11028 20103 6078 8313
25183 11690 21334 17730 25215 1408 14812 18109 11675 10903 7047 10274 18599 527 4925 1072 24216 20854 11579 6947
16746 11330 26404 19411 1050 26080 14468 26811 29874 26744 14946 5174 22949 15136 20387 15880 7779 16660 18225 5813
29811 25854 5152 15824 4545 6135 7858 26258 20866 22377 6020 1769 29256 2975 9426 407 26584 11719 26421 10776
24539 632 14886 15630 7916 2668 24046 6768 21072 10499 28968 25840 15282 20547 5451 7402 23867 8383 9617 7558
2552 10449 1023 10120 22181 23120 16305 17305 1972 6106 15482 9694 7819 24052 22299 22859 2302 11708 16034 2462
15156 18785 5323 15144 23708 28209 1264 26903 20531 2789 25618 23669 22243 6200 13613 22516 17992 8167 18011 2315
11999 28602 22444 17709 5772 19287 9414 683 6851 11779 16227 21232 18250 7417 20019 18010 6510 3609 16762 4604
15029 24662 25765 27961 25164 1148 4026 23329 9699 18301 17614 11332 4902 21199 19999 19636 12969 5287 24868 16670
14892 106 12462 8062 26553 6906 21659 14118 27754 27631 24716 12396 23754 16097 2366 1107 7290 14271 2696 1033
22928 8530 15840 15014 16298 13765 15042 20634 16731 11680 24643 2706 6846 1323 3514 10745 28540 16037 27169 12686
25269 15286 539 7313 9345 19441 8290 5283 5800 13136 6601 4254 4895 332 4794 1601 27120 9271 2291 2465
8105 7364 17946 578 7444 17585 13774 26943 15203 9823 20103 13431 22161 27691 12969 11759 13202 1644 16979 1202
22956 14719 17226 20798 22463 23104 11604 14088 21630 28726 26595 10246 28715 2880 16559 2216 10413 10762 8062 23188
7074 7961 3710 16257 10782 3960 25528 27080 640 18818 18216 7859 13240 1183 25824 16662 654 26032 1694 13727
17572 10148 6676 13804 2882 13306 26565 3514 3327 11767 8093 18356 93 997 14680 4033 3699 29708 26830 14361
3580 925 13128 16597 19862 4486 8479 1172 27728 7454 8357 8029 1708 21129 25074 10838 2186 23231 25043 673
8407 13267 5608 12265 1472 20169 14471 14810 17793 27653 10332 19016 3104 2051 28840 14940 23001 10407 25221 23233
13476 1256 20980 701 2028 26011 22989 13219 5418 26909 5251 15513 9270 2832 15597 12050 3632 28344 10064 11763
14926 26940 11074 13871 5063 12721 1403 24713 29589 8524 20880 24911 27801 10910 482 13514 28847 25260 29446 24820
8785 6219 13421 26614 17890 24229 25575 821 13771 8480 18798 22938 10458 19827 20797 28850 8306 27757 23691 3412
6622 24789 20024 11536 18301 18164 12538 25748 12279 29192 17290 27751 12612 13285 1680 6188 29291 23011 17026 17098
27313 19896 6988 2820 3663 315 2294 19937 27118 29653 9720 22520 1905 2929 14130 7481 8391 23871 11738 3487
22460 11704 14070 12726 18609 24656 5453 13806 12250 191 4263 29913 10426 29987 16129 5096 6031 15220 5252 9530
1153 4626 27740 24485 7216 11378 4128 23650 24795 5778 10409 21646 3532 17385 16391 12725 22127 17950 2204 13574
21577 14035 19021 18009 12095 1728 9022 15915 22408 24058 17030 12182 841 29896 1101 19134 24851 14377 28272 24616
3619 17024 17754 3973 17877 17532 26247 16286 28064 4429 7701 2333 13074 20271 3363 16320 5665 15497 22165 11953
16275 18869 18788 18907 29448 20354 23687 28674 21948 14888 4436 5965 19452 14798 28738 16557 3250 12701 11897 1237
18401 22962 22968 20398 11565 21078 3911 22148 26593 13343 29856 29495 24807 5110 644 22845 186 25531 6227 24386
23249 22766 15147 17964 3746 17480 10948 3850 28022 3677 6151 22203 12545 26410 10273 23984 15012 7390 18942 19710
5786 3714 13492 3098 21419 2082 23800 13439 2589 16906 4164 26151 5051 2844 10945 1697 27149 27133 16002 27698
5364 16831 4763 8129 28918 17806 3484 18141 19240 23048 19440 8770 9590 179 14374 29750 25531 9463 29076 6324
2864 20512 18472 16274 28327 5781 15039 17715 6883 20334 24269 6275 1445 20368 29604 100 22850 8400 2320 21191
13609 9509 6180 10118 11634 28735 4913 28092 3102 29261 5283 24126 10375 22781 25983 16880 26235 11930 1585 9158
26032 28058 22725 17469 15883 25562 2365 15858 976 28431 4721 7918 19297 4628 18986 21423 15258 703 9399 23376
3044 18881 29752 21891 5297 24962 22938 25681 24452 24269 21617 10027 1694 25189 14983 3105 6036 19418 3652 14612
22608 12702 9580 18884 12136 24370 8678 6318 11522 23206 12481 1191 11387 27495 18585 6202 9279 13283 5678 5573
28962 22185 11954 10534 18334 3588 7104 12584 23546 22292 18720 26719 25817 2137 9849 12465 29309 8599 27320 22850
1257 28067 12236 22639 6662 1690 3366 15966 2786 29776 26009 8551 5997 10830 10960 19107 15691 17388 28414 26600
29488 27270 24713 24015 223 23761 12761 1999 11072 20449 22547 21603 20045 15249 26683 18825 12598 2699 17655 17504
27039 10033 26921 15298 10838 5545 9627 3218 221 6634 2895 13833 16350 8674 5746 14530 11100 8681 2756 19608
21208 5342 12015 14952 29587 28297 26809 15354 11375 5205 1418 17904 8488 18874 8528 12217 27170 9725 16450 26148
20542 24547 15192 4723 3384 10021 19847 5206 1329 17849 12349 27076 29713 21428 989 10480 23008 3895 5941 21135
20370 14901 7355 2362 21809 22457 13381 7218 1242 18397 8435 5602 1753 20358 24725 29985 4301 23255 11905 26412
12423 11092 14843 12163 21924 29203 29369 9552 4017 1765 26098 4083 25631 17991 22568 2457 17891 18420 1652 21065
8865 15688 20471 17989 23295 16081 1978 23105 9193 15047 16005 18106 3468 420 22801 29345 4479 3519 3336 22143
9136 3328 17938 20641 19950 4796 24528 2894 26544 27438 22806 23586 27953 8362 12692 14923 8136 12485 14501 24789
29113 14083 9698 4257 896 6048 16583 9183 13718 14473 17881 8432 21707 10265 15418 13347 2597 26843 6154 4088
22703 4056 28211 28317 2190 15882 19697 8339 3832 11977 5116 5475 10558 10185 16073 5861 10620 13499 541 7980
25675 16549 4679 7359 3361 6448 23600 23139 2038 19908 20302 1649 18136 19587 3915 4993 12077 21228 21548 12480
20685 402 24399 19968 10883 27608 18811 21086 23183 10051 28139 3206 13900 26886 6622 22313 3916 22528 26738 21835
19640 4203 18796 28791 4292 12126 21388 26592 25929 5136 7588 29495 7317 7564 20480 12602 16637 8760 27697 7867
6661 14461 24032 21729 17504 16701 1537 27520 9488 24967 19492 11876 1041 12371 22620 15797 20057 1943 19758 22522
28048 17465 4248 4439 5405 6138 20136 1835 5024 13859 22302 7001 15491 25187 15981 9413 8833 5700 7410 24077
4751 7080 10267 7468 6019 2713 20235 14338 21273 4429 12133 20377 2680 16530 21526 14528 13947 19389 4164 21614
7092 1746 16645 11612 27647 26048 4704 22948 8045 6957 11981 23822 9009 18862 19243 5156 21492 5152 20341 6283
6477 308 5643 12849 5806 12699 5821 12148 5110 3637 300 22587 6342 25395 11717 24675 12173 22847 1736 23281
7011 23015 22191 29425 5822 21341 28747 3886 25655 16821 1737 4698 2352 24038 3934 20958 14459 14452 21229 28601
24021 10744 20275 28838 5773 13296 13454 18172 16833 26724 26234 18603 24060 25758 13632 18808 20992 29423 2106 12983
9174 24690 21377 1734 20233 28820 6063 18812 24055 21391 10015 10918 4472 16819 4934 20257 3468 14731 21731 28063
25679 17541 15019 27297 16844 12341 14081 4959 16760 20272 23574 9362 24486 26117 29698 4697 15597 29535 19475 2393
18019 5147 20694 18931 11993 20186 20751 369 22812 19895 12887 5562 22935 7737 11383 2729 18195 7856 15772 11102
22067 9377 16658 9088 3570 14932 11124 25827 20653 6885 19192 13035 15949 19084 23356 11305 23591 16365 22130 15707
6013 28480 10069 17270 3737 4920 17605 28835 642 25678 11519 14202 15377 11902 22425 22830 627 9775 25628 7402
18420 723 3528 13094 2269 7045 20926 20800 22577 11554 20885 22136 12704 11222 17886 6168 21382 4339 9074 15665
7371 6131 22755 21947 14632 2707 24777 3553 20214 29431 29136 24646 1456 4833 15290 14748 2233 22596 8751 28968
13659 10441 11557 13770 27475 17704 22604 17185 28831 8415 1808 14951 16932 4083 18633 16629 3425 14616 1680 23528
12615 12952 14590 29375 18529 5369 18814 3258 7688 20421 22130 12781 10427 21604 6581 2186 5042 15439 9048 10187
13259 13684 12255 16159 14278 1924 20402 23426 2793 16541 3459 24178 12871 23128 18255 25262 24406 26059 16598 13078
10682 10774 23890 4739 7831 23591 13587 11705 28509 19607 26438 4076 23035 484 22420 8017 28282 18839 9904 27480
1375 19918 17179 16102 26603 8339 5385 22742 26477 757 4742 22794 16545 24281 389 17874 11279 29843 9085 17922
19014 1823 5420 13610 16554 24165 20425 27785 24422 29599 29269 26118 11403 13874 27779 1501 12523 23841 7997 14891
7640 7596 18865 22621 24496 24716 6031 18962 23699 11229 17585 20755 25872 1758 21793 14566 25742 20438 7401 12275
17939 2958 11204 14822 6536 16788 3667 22654 2383 18191 28937 26900 27415 22568 14253 3100 8231 5275 11029 28588
27124 6100 16507 8540 15172 28177 1487 27678 1085 9044 7095 25909 23302 14110 2822 16928 625 14203 27905 29102
11426 20480 18855 15836 8719 18533 25874 13498 19240 26441 2684 9809 15246 11248 26166 11639 27151 11476 10832 22331
3587 27338 7987 22844 24277 13435 23590 6705 19357 215 1108 14608 13365 5347 22529 10735 5946 23579 18872 10884
2952 25472 11075 14379 16626 12784 6962 6088 10755 6833 12950 10246 70 8183 16091 18985 15512 24841 17445 11832
7520 25081 6316 21990 28748 1937 14723 2779 22133 1787 5614 596 20792 25028 15570 10509 21575 18419 28174 21846
12538 10733 27174 28911 8399 22328 22007 5914 23496 19495 24024 21752 13313 1383 24374 27093 4542 12035 22709 23071
8212 26213 16732 23556 19093 8668 19603 5624 11325 24959 18999 1435 19876 13723 1498 21215 13003 1733 7827 9250
28108 8501 9881 10520 337 22038 25614 20331 20425 6718 23668 19067 19706 25857 21985 10515 13667 12232 9983 8640
4349 23618 12987 25381 25778 9853 16641 13907 27574 27293 5675 25426 16221 27028 16025 9212 11848 14562 6895 25442
12202 16531 21328 23317 8021 4749 29037 29862 18854 18479 15859 11077 14316 1846 21884 13801 17399 12892 7903 22801
6696 1749 22643 26209 1697 19577 1357 26717 23098 14499 26420 20504 12936 12980 7098 16159 3538 6974 4122 20203
17569 10287 15277 16432 26570 17071 21582 369 22964 20080 22997 16294 27591 1163 4625 12200 10583 7367 28792 8982
21193 22643 11705 25243 27982 5301 15331 1566 12736 15896 27535 25963 29096 8911 14198 23407 27179 16220 770 17869
12221 28111 18167 8010 10551 5168 2272 11663 8530 3642 4252 10657 10829 29823 26473 5391 5302 19033 17730 27133
3114 15168 13776 12401 26484 14077 27807 9982 27140 27936 17320 7727 25421 13650 25919 29004 19333 18763 4910 22470
18717 17770 18964 11397 9760 22266 17831 3526 26671 25678 2515 3230 25130 6013 9763 9110 20076 27846 4330 22694
14314 25003 20740 17743 29670 24458 24859 7970 8939 9841 15194 3614 24900 11181 27129 15893 16934 12505 25385 4043
7016 29511 20872 25745 6868 4049 6865 19910 25406 4379 14584 8904 12954 26066 1008 18223 24606 15135 16494 26218
4659 27668 28832 4895 16474 10293 11052 10199 16959 22074 26858 6262 26456 14113 27058 23387 9255 19359 24756 16920
5745 2513 879 3509 16113 16672 20064 4426 10027 20119 24465 10846 15540 23407 20312 7821 13009 20717 4766 21277
26188 12513 14011 46 4674 10017 9020 22774 24837 10437 8880 25116 25684 23368 2802 27048 26238 1498 16941 10812
18498 1356 17081 17056 28364 22639 16997 13769 10149 19625 28065 9699 19065 25582 5005 21989 26496 26285 3781 11048
18226 3583 3183 190 11026 2176 25324 16450 19108 15271 6728 23780 28274 24279 15804 7758 28039 9566 11100 2469
26459 10213 4719 22457 482 19519 28618 21737 20394 24165 28302 2 19827 9757 1165 28563 25681 26342 27129 16761
18500 19977 69 16359 19309 17291 19735 24896 6474 18814 22672 16289 13896 26926 24516 14693 29694 8856 21707 23953
3576 23375 5563 5097 15639 6973 14172 25528 20984 4431 12239 22823 18862 15448 2960 18794 21304 27528 634 28849
10 6274 25415 20059 2721 15358 4791 8959 29161 12347 2085 6959 1948 23455 20004 13180 23697 16057 9418 15396
23648 8907 14908 17957 28658 8297 27238 10289 29651 3434 10036 10771 18051 25332 17493 25991 17453 14022 18081 23444
13437 14764 15278 23838 12540 27495 9612 9534 28651 20873 5935 4253 10438 23374 25219 17580 26859 10438 21651 19194
21455 21528 16374 14773 6948 27718 22979 19322 16711 20072 2807 25153 4525 16628 22950 19829 29843 18907 12787 13232
9919 13660 28186 21777 167 1804 10647 18697 29339 20665 6517 8967 21974 21028 10343 24418 6221 14957 14093 12376
9037 19354 26904 10763 20061 3421 18869 4476 26874 10732 15502 18310 29041 410 26083 16516 29846 15134 1307 11131
20922 17266 28504 8927 17894 17914 13829 20126 22270 28574 23058 22025 7921 28949 13189 29725 3791 16538 26899 21305
21451 20103 7330 1591 18169 394 8444 17047 6222 9969 13594 27913 26221 28431 23621 20907 20523 12842 1466 15474
24636 20959 3973 24371 25947 21025 22876 24942 13098 2533 5644 11939 22598 27849 18734 3311 25026 24793 16304 12890
24846 9535 25536 20612 12181 8144 23711 5110 5164 3501 3589 1532 9039 21689 21329 18818 12380 12325 14527 15871
12783 12232 3197 25928 23513 20752 7303 18553 3316 6289 14022 10258 29492 27393 24148 28477 16974 11595 8050 17435
28505 21136 10193 5951 24135 15710 18867 14723 24182 23785 21161 27432 6499 9938 8019 14840 29647 14323 20449 1709
19032 4520 20142 19973 25301 22427 22080 7275 12048 17831 8276 1175 7160 23925 9521 11830 22691 77 10837 19989
20858 18821 4473 12439 26938 14450 10738 19761 8461 2274 5062 10210 5045 28145 5995 23123 28764 11719 14694 20837
26209 16709 18822 17516 8459 12122 17911 19298 29891 8608 28026 19528 18942 17227 11471 4745 10208 20400 17290 28035
26450 14135 26973 9673 17767 5033 14041 18696 16248 23853 11077 5848 20818 8370 27232 23208 23092 24278 31 18897
12102 27623 22178 12509 13705 29286 11546 19439 7203 490 20548 24543 4574 12340 15934 16200 23101 8645 27150 9147
12808 3769 10093 6141 23034 13760 22566 8627 23803 1057 6111 5261 27141 4115 24760 7953 7167 9792 11129 27185
17416 29574 10440 15017 25552 19896 26273 22007 23140 13122 4094 8570 8982 14369 15546 20992 8173 21846 26153 10863
14254 14776 28416 2614 1031 9972 25433 7151 21510 20475 11576 16917 20113 6168 24007 25809 3575 12987 12540 18714
12422 16833 10187 20162 12412 27218 20184 767 21703 25877 24617 9662 4542 3475 6863 23688 14446 18176 7321 25128
15418 27770 22026 14299 23762 10332 22079 29036 29906 28491 28363 23865 6578 1303 8085 19717 2507 17465 27048 10957
27841 15610 22941 1720 7794 24695 16396 19864 28443 12286 9612 964 7674 29361 11832 11060 23831 29742 10743 11269
6910 24427 22265 26123 24855 14158 25873 28076 29944 10069 23275 13481 11285 4205 7167 28634 23840 16018 17699 9397
5749 17525 29568 3695 13846 1018 13289 19173 3246 3303 309 16715 3465 21901 13444 15083 23787 8035 5104 2607
20954 10561 22523 26629 14492 26488 7572 8833 5172 13481 26507 18213 13174 507 29185 14957 14271 10967 10333 19604
14545 7163 3304 1378 26728 15877 1808 26241 23589 23006 12210 22162 26468 1399 1184 29585 29625 12443 17650 16378
16786 3888 28462 23961 2515 5451 18797 27148 26525 29280 21910 14373 4690 5921 6166 1132 4368 24997 12968 29034
8583 16640 28323 11372 25518 14679 11359 15494 5499 18641 21603 10880 28799 26647 14756 27603 12171 12844 10153 11449
25619 27568 18492 6021 10733 4044 8875 4201 21562 2097 3183 12602 28010 27786 24775 8 27062 19705 15335 16035
26502 23390 23906 14694 19038 28487 2103 23401 27455 2363 734 4090 11785 17640 1513 4011 21447 6955 10398 29443
27293 29885 19170 132 15887 154 27238 18680 7829 2833 1723 6940 6993 26483 19227 17870 6202 23731 4593 24692
22540 5954 14910 3112 1868 3531 8111 2181 1911 318 23415 22861 13767 1879 23894 28239 28524 13911 7463 24604
19290 2337 9949 24264 25040 809 11898 25468 2927 6010 21892 28475 866 15262 4450 325 25970 14458 19509 24647
25096 9010 462 26245 13427 3635 2103 21737 4434 10430 9874 28892 17124 7907 3642 10240 25322 5564 298 9965
11041 27369 25881 23786 577 19519 29662 22733 2268 9654 8561 27349 24862 1911 17063 18478 11616 17288 15181 9533
26077 4134 951 6457 13728 8846 11186 3095 12231 1055 4292 4928 8502 3652 6137 19328 19352 19344 5871 366
24425 15355 23035 24872 26711 20337 10375 8653 15902 22216 1627 25010 4859 22833 1580 8346 6406 15826 21060 2290
24723 12788 18116 19798 23470 25564 13638 22242 5814 1171 24354 15809 2229 4646 18239 15153 22725 27238 3944 8902
11024 28323 8242 26887 7523 8507 24036 19244 9386 20856 11064 10777 23673 13864 14375 19419 26006 6592 705 23844
24454 27111 28921 20601 7534 23769 6933 6960 9913 8479 471 930 18210 15303 4947 22031 19822 21478 5448 6832
28987 7573 9789 10643 7631 10487 18918 17685 13822 14623 18376 12015 9355 11318 13341 24288 892 12601 13980 11820
17442 12436 5750 292 14808 658 22150 1562 13305 18659 20374 11371 23224 16832 11933 24232 6192 20887 3645 11471
20357 27108 27366 29778 16067 8693 16657 1759 27846 21828 9203 24972 14120 16056 10830 27008 9598 24282 17058 29767
17939 751 27264 11230 12827 6828 13377 14776 9904 20183 26268 15283 14115 10460 13357 21825 9522 6265 963 20197
21512 128 7901 203 5334 62 5345 8628 17423 29506 6375 21952 21212 2074 28638 5543 3786 24098 9469 7226
5355 9682 13297 22345 13491 2070 6518 14398 18477 27007 8335 2087 13108 17904 21422 8085 23873 22794 1148 20580
19598 19201 16242 17057 7822 23367 21264 9338 7268 23678 16823 6023 13801 18866 11807 17147 6642 28564 17347 17363
9195 7998 27487 9722 26929 832 19881 17847 241 24056 19513 27834 19365 18219 28474 15836 22821 28369 4993 668
22090 10856 6880 4970 9432 13862 7230 1679 7265 8384 9751 28715 9783 24482 9485 19372 12343 16491 1350 18868
10042 15916 10053 19023 3657 22104 27140 13628 1812 6603 5070 1776 15168 15181 4023 25344 23387 10515 12463 13454
4960 593 3872 4037 7476 12037 26137 6259 13423 19269 11482 7017 20520 13284 26319 12088 21021 3824 8494 1368
442 26483 23030 26977 28799 12849 1155 17971 22257 10286 9927 28198 5514 20715 12229 4938 6509 13705 3724 5087
5138 28991 7569 1058 29924 29536 27789 9489 24582 22214 22889 3007 12540 20381 19125 6171 10470 20042 28810 3767
15434 20649 23710 9869 10893 17885 10865 25850 7412 26125 25185 10129 3113 3648 14283 21323 21699 28467 1809 17744
1259 29375 23103 14735 605 25374 10878 23308 23319 13165 11505 3693 9438 14910 20368 18088 2478 29013 181 1857
24606 3118 4072 26273 13567 10586 26521 16023 24212 18471 1032 14862 26683 8881 13715 2444 7554 21618 16305 14652
16736 24998 4465 7092 23449 16667 22846 16588 7665 22732 2935 20992 12373 8006 25322 5459 3430 12755 944 4033
22939 8739 23755 21032 5686 1549 22059 12298 15527 4695 25670 5690 3689 5319 14144 5273 24749 13520 11348 10546
21452 20217 21428 13223 26719 7919 12978 3317 19915 29504 28406 23832 26896 21244 4201 26637 4160 6050 18079 14391
1355 29872 25904 5887 3191 27830 14022 19075 6140 22923 5249 6676 20095 1225 13190 28664 28410 29941 28771 23965
21616 3147 13478 27613 24490 21882 23642 5271 12372 25608 13979 8365 21415 12029 21149 598 8671 19212 23565 9092
26313 22651 23190 29540 15905 16410 24986 15351 8545 1784 15527 18825 13998 4017 21683 25394 19546 1531 26270 1332
14717 5152 6442 5647 8077 25498 14816 9814 13532 3512 7665 11431 8981 12367 14776 7572 3157 7680 54 2638
27816 21850 19110 10144 10568 7466 4821 26172 8940 6416 12121 11940 16857 18979 11000 20047 10382 20877 6601 29285
10118 5196 30 7072 16102 17923 21077 5444 14597 24420 26441 80 3172 23084 2853 24804 1671 3423 12780 4056
21760 16084 8644 14516 29189 21834 12504 13046 24954 23383 7960 1666 8135 29169 5413 19705 23251 28189 26541 25396
21706 21242 112 22539 20888 11092 19703 29116 29730 27389 5267 25681 28194 15538 3749 28651 4616 8840 2784 2058
327 21396 26629 3788 17770 4307 16559 3403 28050 5177 6539 29033 16366 12450 21726 11872 18818 18398 4247 23734
8323 25875 23058 26291 8048 9706 24220 3027 23723 15932 8090 22264 8909 17389 14158 4923 14609 10539 18565 8995
18508 1078 24136 298 5915 16591 28641 20416 7571 10918 10317 12715 11886 267 16145 23722 11388 13557 9686 8452
29387 22170 14646 19259 11390 11188 3787 12828 8981 4782 7295 23070 5626 19859 1702 25120 9370 15484 6961 3048
28726 231 21929 24143 21883 2542 22858 6814 2804 6954 28306 3215 28683 22043 552 3060 23955 20838 4658 23290
4959 14342 20995 25846 27473 22807 7052 18414 21017 14734 2792 18454 16409 2134 28410 12641 10462 3176 9660 25521
16159 29030 19508 26306 14038 21163 6205 25722 960 23443 2103 5032 5943 14149 25418 14829 21305 26616 9278 11597
15650 26133 16791 14760 22124 2199 633 10700 11718 19645 14623 16099 6515 18058 14189 13654 11693 26419 19807 1697
22929 18983 12041 8211 8321 14892 13605 20845 9111 12653 2953 29778 5161 24826 16893 19944 25666 5125 28749 28702
7136 8403 17187 29953 6651 19953 9616 27832 25259 26512 7268 28182 17410 17217 16855 17153 12357 17505 12281 18478
18448 26608 788 21121 24893 7293 9074 9984 7532 26702 5888 24978 26938 8094 4472 20993 28301 1042 27573 4007
15181 21230 1907 15091 14092 9923 7589 13128 25558 426 18663 23996 4053 24114 24177 22982 9963 28376 28854 6731
27863 19521 19555 19523 1663 22141 9874 8049 8856 26115 21006 28236 444 21180 15495 2872 25901 275 8609 21979
28982 18622 21429 912 25251 28419 11227 10182 21702 18120 11079 4952 115 28781 19333 3915 16479 13150 14010 7693
7161 22238 11156 9067 29288 13551 29770 7424 18519 2047 21306 2057 15221 21398 10707 20567 4081 29186 16976 13066
12036 7495 3517 9842 2055 12899 868 5015 25813 1842 18574 17987 25105 25608 13972 3980 23721 17895 27475 28107
3602 10960 13142 19478 19943 978 26838 26068 3622 9400 18247 11147 5200 10265 12071 4710 6690 15398 27383 2654
2492 12657 25344 13311 9824 19316 3673 26751 24164 8148 5580 20771 5714 22777 22673 3673 25890 25903 10150 18963
19759 8033 8184 27075 25322 19296 10969 18430 54 17325 11163 28362 4283 7788 22874 28660 1992 13581 21813 29081
3752 14691 26136 17564 27530 19874 23884 28226 9238 21940 17576 26410 18568 2238 11218 5174 26088 6870 7453 24515
19102 19350 22870 11999 3439 10886 16734 6334 19136 19176 21101 10966 6582 23359 6454 13511 17043 12604 25818 5823
28348 26349 28474 743 10261 5645 21159 21394 250 28504 22101 3624 28835 29328 10449 19856 6680 20523 65 27861
17401 18439 4301 11073 21892 16478 16119 3299 7345 9866 22783 10304 21384 21878 24247 19508 17744 25552 18039 26513
23017 23167 5276 5138 13776 29206 6874 27750 27810 1749 28169 22538 17531 14117 15803 21121 21257 24890 1648 19862
27880 14910 27650 19790 2714 26085 15661 6778 8773 17379 13408 5049 20992 15586 26299 7619 27913 5278 25055 2306
16695 25284 13292 9195 29963 15566 2936 9447 9655 8331 3057 13949 8066 8250 2498 19160 24788 18988 11104 23899
7649 15513 18942 1556 1304 23678 13611 15070 29589 8317 14247 20221 12513 14621 21803 5883 23897 29523 7387 1238
578 4561 22138 4300 16351 14918 29725 18261 20424 19788 29697 23227 26028 18997 14680 14338 1217 17463 27748 861
24373 3521 23071 14666 1006 869 27122 22879 17508 312 23123 8132 15271 26397 25966 27981 7745 6216 25906 26513
12689 7947 3362 10050 19186 28339 22512 15630 24104 13356 21649 26345 6702 19566 2732 25316 19172 20353 23943 28551
14035 10207 8152 8653 303 11544 2209 7669 2505 24971 19142 23318 24667 20005 958 28931 15095 20421 28062 21899
7811 11416 25931 2193 27953 21026 9234 8647 18586 10884 18800 14063 3741 23742 28895 22956 13655 7959 14811 21744
18041 5622 17469 3723 16259 19682 4414 11032 1430 20864 9212 19260 22604 15916 4109 20432 1990 5588 17569 19565
12114 18494 22722 4660 1475 18915 1513 19816 29838 5840 6709 14517 11905 14542 3659 29845 2245 23759 28703 14140
6072 7047 25471 17253 2414 27635 6543 27332 26520 5836 11284 623 17639 21199 17977 10282 23648 28622 24014 18684
18214 21005 8572 23984 29249 15691 24027 9916 24797 29769 24912 18080 19808 10935 28768 16518 894 13752 819 3897
6306 8281 9277 12233 8891 9313 862 19932 4776 14589 15821 22964 772 15094 7208 17329 19671 6788 6877 6900
13004 21779 24019 3898 283 3591 27282 2247 16513 23520 10551 11421 21152 10458 15631 25624 4941 21137 4142 11990
21080 26463 25298 10322 723 20425 10598 6123 28406 16368 15979 17558 14609 23486 25288 7592 10049 20335 22504 21438
9071 28341 23053 26199 27359 28720 29014 24433 3138 10533 26264 24374 9080 4813 14305 14979 8251 20239 27490 7851
7442 29978 28328 25747 1787 3869 22585 13284 9644 700 7943 7630 14631 15403 17140 11507 24332 4790 12456 28526
27925 8289 23050 27735 23438 15481 28825 15183 3483 19178 23405 28119 23872 24387 23315 27046 2222 24968 24568 23620
25893 9029 23486 5810 7033 11889 6157 6058 13764 6787 28988 7281 29031 12482 26030 4535 29154 26862 14524 11599
1577 28716 3782 13164 4067 22844 18706 26334 27811 287 7796 18732 24093 9237 5217 4245 9075 21422 17511 22469
16037 1145 21566 22372 29279 4771 5094 20975 12398 24226 9717 21637 24321 24506 10296 19086 27752 9807 6179 21418
16714 29625 29271 14381 4229 2592 8224 17317 21392 2233 17455 151 3696 29750 27051 12007 18378 25902 20568 10474
1982 22692 27889 23117 12588 25004 15305 5901 3517 26070 17254 25364 22360 10125 12582 1810 24425 20408 19171 17241
847 18995 27355 23866 5521 2724 294 1282 10628 534 16820 3556 7332 11521 7595 17483 5936 15994 21554 3218
7520 19645 5430 17188 12144 23966 25165 4939 9913 16657 14996 10020 22670 10521 9954 19118 23090 25345 6979 29332
3535 26458 16466 24523 23890 21529 4705 21851 28988 18734 5669 23013 19982 18176 13346 20586 20891 9750 28696 11025
7069 841 4637 19277 5842 19127 3615 27385 25515 17469 591 50 14985 12394 27030 12191 15849 3040 22823 15798
8108 22019 20589 2443 18046 18761 12004 6984 25726 26176 25510 10383 26692 21166 5047 8785 25590 11065 8627 22951
629 13585 5911 16385 16007 9487 15403 4276 7412 26098 16679 17813 6969 27937 9495 27105 23858 1501 8737 29813
7117 27231 10290 2627 23295 20539 2959 1482 2512 7277 29830 20667 14225 828 8485 16946 2466 15449 15912 29957
19936 15631 21431 14150 14805 6603 28342 3721 1585 23472 2527 23080 14877 28894 1057 21781 1517 7551 6995 23391
5601 5834 21609 3270 19277 24233 21044 24920 16628 24679 8849 14239 17143 27436 6731 337 20089 25080 27324 28796
2083 181 19366 19001 27416 11977 11563 22250 2271 25300 910 16856 1893 18170 26464 289 28934 1331 29511 23832
19352 23427 688 10750 17161 7782 8443 10694 17923 23741 13257 17441 26682 7585 709 1600 14140 22842 24376 13268
12496 21584 3736 12399 25784 27839 25719 23907 3855 7045 13624 27594 2509 15405 18558 16612 3875 19862 28351 28912
11921 26163 2039 4507 3413 12131 2990 3817 27720 6011 20348 26935 2479 25520 14781 10338 5275 14007 2939 14360
17843 16567 13455 19741 22691 7245 22594 5093 8554 10068 14953 1891 14956 16588 12739 10808 15687 7696 22546 24080
27276 8445 6406 16227 24676 20324 25064 18811 5758 1255 17174 11671 21989 6005 12481 18943 25366 15007 13664 14392
14654 21185 3396 20263 25948 15343 27759 15905 23153 27880 18321 8483 20374 3022 19190 8106 20400 5440 24791 3802
1830 1828 28150 28359 2118 24779 16429 11176 22522 22693 15302 2287 17194 1214 23304 16379 15790 7337 1311 28825
660 23634 8317 18409 5956 11458 18600 5682 9823 5523 660 10370 3152 4284 17688 11938 28609 17391 11750 18171
19620 5901 7796 963 6204 13408 24136 20550 26998 1535 12086 8650 7519 18117 222 26844 741 1867 8398 16975
2867 23285 24269 2975 24347 28203 4316 10256 1709 18245 6586 28909 14982 18092 26750 15695 14369 3531 19941 12804
20699 28184 16570 29870 20178 21638 8465 20720 7810 13838 25475 6869 11826 16392 23970 414 21827 14278 23288 9353
26704 26775 16727 15105 1619 26463 23441 9460 2037 9312 29957 23508 516 1632 183 12900 25971 5159 7548 6749
6944 19219 14546 18432 10430 21072 15069 25661 20051 2314 19302 29197 6746 23733 29672 20024 25456 28456 27368 25343
6253 13474 28562 11909 16698 9495 15835 20393 23347 11089 24670 13242 23387 2385 15457 18668 19461 12208 21632 1133
17093 3674 2396 13061 9084 6367 18202 18920 1349 23287 21543 28293 1193 14038 22720 14563 3163 24590 17683 17297
25189 8447 12802 17852 25848 13544 17887 12443 5792 26724 7441 25677 19012 6778 3890 16309 25286 28083 29006 20738
21701 3146 6093 26908 13603 22183 11444 8311 26156 14975 28773 28290 18896 19719 577 23099 19978 14466 16529 14858
18510 24588 12692 22845 12301 18790 14787 27788 2580 11454 3944 5995 3337 16191 13387 3614 8327 18652 19211 16080
14263 14056 12523 19901 21748 26607 3346 394 24666 6343 22236 18648 1485 20811 9618 22117 19135 4490 28512 9891
17441 29559 20256 27997 18671 4095 2058 5972 3680 11625 15668 24360 24246 24496 664 21110 10172 27360 26384 2530
12311 16829 29144 29649 6022 3570 23186 6815 3345 13317 6467 13150 25872 26448 15989 11028 23246 18269 3388 8055
7251 8318 5235 9577 11960 18401 14146 28933 18399 64 18279 7753 18913 15146 19249 24105 7574 22545 10919 9930
25961 6103 23591 19035 9475 29371 9732 22608 4937 23729 23949 16526 24821 7415 2434 1212 25532 18388 19802 13674
18048 4320 3380 26414 1173 23496 21190 9319 12145 148 131 10117 8890 9740 11608 23471 11464 4948 24343 8633
13701 17138 20196 2440 16377 15352 2486 4457 24107 22938 23514 28856 15461 11475 16277 25335 20904 6780 24017 5035
4953 16846 25903 18224 18018 15468 23870 9671 21278 14958 12528 18325 27289 16595 24877 9667 27477 12047 2021 6971
17177 7490 23724 16662 18687 17781 845 21213 3592 7130 29067 3035 16469 23573 24760 3773 9826 11117 18349 9285
13143 1043 7542 24694 13640 21434 19290 10744 1191 26404 24595 11646 3063 18891 22867 2871 3368 9101 6779 21355
9544 26565 16850 24278 17869 2392 29921 29283 27703 25251 19705 16955 13206 4848 2254 750 3252 14622 25566 23848
29178 15116 24653 15300 20588 16818 13848 4779 15323 16728 27679 2290 29550 1697 26955 9029 23370 18386 16712 242
15367 18141 11083 19377 4903 22145 25961 11174 22384 20436 1503 14867 21169 28326 16344 15879 2010 13412 9471 28096
26041 7860 17105 1013 28304 1014 6810 6364 4956 11512 2121 9389 16862 1413 25332 20232 24838 21349 13377 11906
26927 26771 22481 26043 11934 13426 26143 1371 12599 20457 10489 25412 23886 23186 13856 4505 10153 6385 20219 23181
1177 25204 23536 2134 7440 15981 23196 20891 16773 22446 28649 14193 25648 6834 5635 12458 7635 22739 16045 29884
17242 19153 23355 20002 5337 12153 1919 3742 6321 26186 9944 27974 16034 22926 8631 21193 21915 16255 26794 6165
5798 18501 24678 18378 29375 23862 3943 23080 13801 28963 11014 15856 20441 29197 26466 28851 26342 14901 3164 27253
21003 21204 19028 5753 8421 7826 29930 21952 7362 13721 25174 25708 22245 27367 9010 14751 15281 1822 11337 891
2951 2588 27116 9580 11882 9445 8780 21805 20134 27425 10026 13804 655 22296 22614 27027 22278 21992 25615 11877
1634 13861 18383 1571 10110 21964 4531 23208 25906 28702 28367 25820 5503 3421 11770 28328 16882 5493 17958 3629
19455 2828 4063 29142 29374 1072 6636 8782 15720 14065 17536 11940 15812 470 15745 26790 17565 21366 11503 3467
28707 11647 23425 29276 16532 12495 23860 9410 4684 24266 21222 16686 7291 24688 19785 6417 6753 13685 19302 9392
6376 3185 5275 27774 28001 28473 29745 15786 28027 26119 17175 10088 1041 27437 2087 15087 1316 14738 9272 23099
2765 24387 22870 2303 26536 2267 20981 2519 6227 3327 28712 14692 9634 11599 29286 10261 6928 21474 6775 6042
10107 28620 6694 4609 23781 777 25339 8277 11627 6807 4792 10085 12252 18530 28722 9561 6488 18405 13373 10493
28033 17731 7478 1690 10792 8677 13846 5414 6482 10614 25742 3004 24659 22656 3653 19069 15751 19647 16206 7475
6323 5614 23482 7687 3050 26422 9666 17598 22390 22506 11930 19663 9315 3761 28901 27366 21213 21144 22500 1858
3502 23831 26839 14461 25936 16906 3565 9518 11127 24484 14000 14868 19988 2663 7277 19352 4017 8743 21724 21220
20683 28432 15105 19853 11334 17811 8729 23700 7778 24683 23631 14494 12852 8676 19739 20466 27624 18069 23926 18571
26673 10932 26232 2865 503 11977 29979 11818 29768 1578 26727 9050 28664 6284 24097 4201 5416 21529 28381 11759
24703 14874 2107 9742 16928 27315 4609 10915 29563 25039 1636 2678 12139 26537 20031 4622 24261 10662 20212 11595
14140 8336 7265 18149 5533 10208 18360 12534 11935 17820 20382 9488 17394 2976 14 15326 21502 29404 14022 1774
27704 17940 16777 12110 1137 15562 13415 27466 15807 6957 1451 5727 24191 4882 562 15245 20738 13132 28688 15847
1047 16736 3232 82 17174 26192 10306 6280 4315 6628 22195 18721 22962 14165 18445 5830 27770 14668 18820 1015
259 27801 911 26165 19330 15323 5171 5050 7646 6486 16425 13822 12687 334 9734 2591 15271 4186 4221 27423
22867 18533 20061 18620 12434 3840 3194 27812 12379 3708 23040 21282 25265 24775 68 73 5467 3398 10035 14866
17794 9956 28410 1382 25844 6522 16734 8924 3584 29421 26567 27860 6701 19524 11934 15776 6037 14917 12337 21073
25550 14948 28634 28957 28545 10687 7471 22264 26940 19940 19631 8286 3057 14707 4480 20924 12918 23040 6812 26632
10748 28282 29834 22160 21104 14413 28005 11586 7634 20158 12835 18221 14512 9485 16756 28509 23765 23934 1908 18993
10158 7797 25488 3485 11749 24444 723 8711 9348 6710 12771 13528 18472 21789 27840 24071 15926 8988 23004 25501
25079 5631 27422 16587 4738 15887 11788 29756 16725 23246 22164 619 16096 10665 16889 27515 7637 1585 19448 5566
14358 12831 126 25743 13983 26172 11927 14512 23667 27138 11832 15818 14597 2487 24467 29570 11216 6365 23727 25848
28808 21359 4117 18001 3136 24637 23964 7222 7299 20047 23837 14065 17458 16761 5209 17092 21539 18010 21385 14202
15805 13304 18655 17707 10433 24048 21725 5733 14929 12233 9310 8071 23162 4660 19421 6865 14961 5095 21486 12857
2145 12549 867 13931 23272 10545 8393 13811 12770 6731 357 12967 10252 24066 13589 2157 23466 16109 15149 27907
7697 9900 27656 10644 27558 6154 17811 16526 13191 25883 7083 4308 25427 18041 20342 8146 25960 7937 8525 6580
7090 26596 14489 26447 15241 4213 24664 6179 23223 10726 17822 24346 6076 15789 8527 29330 17747 23302 26385 17447
25891 2241 320 16391 21671 3042 17467 5563 19278 27722 25013 29498 922 25468 17946 21723 20203 19003 15141 29040
17560 335 16854 17800 3767 12816 9752 29306 19233 11682 15548 13732 6479 20679 28457 16389 9811 14375 4386 11463
3886 29882 27871 29978 15681 10876 16403 27166 5004 23092 16648 13542 19122 1638 25946 21632 3179 3808 1005 13464
3435 11728 19426 12604 18052 8762 8458 16443 24759 5211 12646 4419 16458 22580 2121 23016 2000 19779 20943 25498
11253 6798 8654 27600 6421 7180 3588 1607 148 27128 10698 2793 11336 21385 3720 16988 2383 3000 5552 6829
499 7856 27939 1139 13711 15212 17502 22181 29658 8458 12175 6604 3066 12354 11544 25817 17263 21968 4181 24272
18349 19305 23296 29736 542 14502 18026 1799 29143 16532 11248 1836 1550 15274 13633 16747 13003 14798 26277 1745
19724 15210 15195 11560 4703 11305 19129 10791 20573 27421 27168 14763 1033 24900 8733 4459 14818 9189 17968 23411
22227 5045 4441 4245 9293 28186 29703 22711 18950 12512 13447 16189 1985 19217 1348 552 11021 2730 18579 22178
13184 23177 5148 23192 16297 19686 7730 26291 9851 18484 1033 18838 4656 8728 17618 25867 25503 25562 19053 27374
11359 8161 19863 1429 25821 2006 4655 28546 28965 14983 7756 948 5156 13596 24525 21687 1258 21285 22898 27351
23362 8533 15741 903 26761 22095 17092 18046 8525 12502 13088 6716 17757 19301 27623 19090 8501 25906 14413 4822
21494 14978 16432 11988 12651 791 22363 20684 25144 6703 18095 20604 17703 6727 28607 8148 297 16812 27033 2282
25734 25854 11641 19559 18854 16025 20689 14867 25513 12537 9942 15476 7487 12440 4659 17967 12171 26801 9595 1138
1384 11091 20743 7360 16436 15797 17833 8173 12956 14667 22127 8302 5804 24515 17898 4780 25003 13231 280 23325
8565 5973 24613 19919 1263 8843 15109 17319 15649 210 18560 29197 6909 8305 5973 26921 23814 6902 11382 25122
11351 23651 22129 7362 20644 26314 3269 25695 898 10200 24810 24399 17488 4594 26847 13055 21057 7957 23913 16568
17140 27244 10144 3065 10887 26786 870 28254 25640 19680 4174 13760 9844 26804 263 10911 18432 19326 8907 28383
27191 6 25478 29604 14392 20451 2617 26970 3815 10956 3812 18957 1129 4717 209 12416 21074 28401 6802 14275
22867 169 2094 22080 15997 10664 947 26293 18533 29459 29141 23814 24963 26705 14830 2423 11329 13214 2044 4717
15153 1105 28680 6446 2728 4422 18584 22635 10825 16330 2570 7550 4006 2068 5444 26552 29160 13055 21427 20843
27400 10782 9147 13283 3812 28238 26525 29144 23609 1999 8879 13749 19784 22311 21228 4591 2915 10468 9158 2151
24866 25833 29714 28527 2229 27296 17619 29178 9173 26614 10757 27423 3730 19155 17737 21022 28120 2216 24441 24923
10662 7704 27463 16046 13533 19744 21646 27828 28695 7663 9524 13368 24377 8283 334 15180 22707 26031 12200 17545
7270 2024 10332 6450 13442 27035 13991 13878 4767 11217 7831 7612 29081 3974 1736 27102 4173 8692 9293 14116
27332 18356 17912 28133 27102 12510 4956 19207 14567 178 28432 14186 13388 4056 19681 12023 29401 1334 20563 16103
3917 21253 26737 20083 1643 22669 8208 27117 1090 19244 1617 19280 8275 27392 23456 29982 12135 27333 16943 7853
9512 17204 21718 28921 17103 20818 13825 13039 676 11365 3901 7310 22994 25024 14825 1836 21598 5590 10179 3656
18329 17160 12131 15515 29047 17485 21364 9690 17440 832 29184 13210 11692 1152 7819 2233 3324 7317 13722 14428
5318 15905 18109 1162 4580 15454 29721 5192 3923 5736 2150 26744 9653 21286 21285 4212 23648 18648 22140 14707
14589 14332 12219 7128 16852 496 19342 29023 1221 27529 2637 14883 15518 3646 25126 23971 10484 7857 22092 27198
11054 13011 23478 859 21374 28553 29845 4599 8312 21756 10455 11175 12902 10335 22819 7047 2532 21158 18431 9316
1713 2205 25263 379 11987 29569 14599 24338 3426 1105 19003 27495 20329 23633 15785 22819 16194 3147 29057 1356
15422 2098 6392 5904 2660 15520 6705 29175 29783 26543 15586 25124 25488 11129 24613 19032 5378 6510 24868 26519
13084 1323 16619 7232 7023 13455 7016 27597 15095 9951 21278 23400 10165 6564 18235 10183 4494 25112 25015 4480
3021 23427 4573 2561 13871 28507 7446 14288 992 3019 8546 23104 3478 9070 27216 13619 20615 29843 19498 13787
17658 19217 10454 4685 19761 7590 14515 4788 9874 12540 25388 3957 10944 21259 9865 15729 425 349 17750 23206
2203 17478 13997 6023 21907 26701 3993 24486 11391 2568 2452 3737 3327 18161 3924 18211 2522 4223 3066 11023
17301 1443 6869 24463 27259 21296 7305 18565 17018 19301 19655 19566 15271 26523 26326 648 9750 23796 14881 447
7593 1482 12955 23436 20376 10502 14797 21806 6603 3769 486 12993 23202 10179 22684 22459 7384 25949 18042 10266
1716 4783 1386 27211 9228 19490 576 11469 17669 20718 7448 3353 29436 8901 6188 15089 28165 3115 4709 11834
13053 20044 19790 1383 9193 13086 15356 20461 25453 16037 24014 16051 7646 13520 22667 25939 18771 7635 29920 21456
7096 10983 10748 13570 26901 5670 4050 29965 9950 10845 17037 724 11364 9004 993 19970 26896 9083 13574 1060
12751 2903 1247 5645 2103 2501 18820 3488 13565 15763 20421 2615 20985 16088 14523 16849 4261 26383 16030 6470
29862 10694 17048 10425 16290 421 18963 3006 14132 26931 168 5159 28335 9525 14207 26317 28277 4949 29475 14396
17666 14725 4874 20560 25321 7812 25352 12785 3209 20164 9758 15659 22408 28704 21179 16481 13468 18444 11144 25462
10449 8589 14961 25634 27280 9976 12631 15369 26286 3586 21531 423 2439 11252 14883 3176 15719 26474 18314 20738
4872 27201 21703 4187 26737 15507 25883 14645 24057 1100 20348 16865 17941 22211 25474 9470 14087 24994 13350 199
19884 12536 25661 743 28406 23143 21977 4520 11598 26441 28734 27863 17480 23697 1835 7839 26909 21938 27250 26725
13538 25048 9879 2925 5703 21747 1888 9605 16632 16504 4449 19975 22870 26596 1651 8036 3841 24434 9079 19725
25655 29931 3043 5838 4056 9351 17383 1301 28200 21789 27993 27882 17562 7209 14702 7338 28689 8777 6311 1630
25675 22722 1536 24204 3550 10954 3378 11475 29238 13948 10717 24128 10841 7130 1718 11652 24830 24373 27622 12286
6757 26834 1562 6776 5806 25274 17694 25772 29881 18191 13143 25349 3160 19170 26307 900 21317 20806 5248 20577
3610 17373 14517 8288 3734 4718 4816 25814 20615 16577 15408 17180 21776 15422 25370 29086 10296 378 11470 6379
19796 23250 21291 360 25068 27969 29073 13364 7082 29814 18913 26116 6342 14775 3662 5363 17422 14481 19945 19160
11178 18342 18310 3650 27886 16258 253 2742 7815 15027 8218 25999 17870 16425 24230 21320 21891 5953 13418 11058
7667 8217 7995 19057 2745 15360 16149 10594 268 2111 18856 12243 10675 2211 20597 29087 21409 15504 21262 26621
5831 1932 25112 205 17296 20097 21821 8607 20948 7854 13415 8537 1528 25621 23741 7243 25289 2205 9883 26794
22347 6529 24130 16103 9673 27906 29299 14163 8447 9263 19970 20741 19732 12950 16613 15237 22559 18891 9107 13344
26992 10279 18312 29967 10273 2548 8749 22214 24874 7530 10017 6034 5497 4795 27662 683 9939 18739 702 14948
20053 21431 13853 2246 15446 28346 20148 17883 18530 26321 4204 16398 8942 28865 6667 8411 4627 23265 17388 26049
7360 17445 16573 1735 7413 5720 4564 9790 2402 22538 15919 1926 18870 5214 19353 25928 29171 12590 4928 12993
21356 17017 25865 17535 9519 15822 14290 8850 29057 11226 762 20511 18350 25716 12462 25216 21879 20698 6277 13641
15195 6928 21474 18033 21181 27967 19201 22453 18116 28277 11103 9217 17402 27842 211 441 20632 3674 26704 23507
4666 19833 372 18005 9153 29931 24729 2227 22599 22357 21347 15636 26090 26266 14745 3843 22903 19923 4567 17640
5788 5555 12566 2115 17038 21965 9886 29230 6801 10532 14056 10667 10579 22225 11889 15165 27846 2459 2593 25495
4478 7643 13361 22612 24801 8486 7202 10425 7111 27670 16172 7889 10855 9664 9500 16185 12614 25501 27988 8964
8441 15379 1533 1681 13867 26708 25881 7515 9307 20017 23128 20820 22413 24148 3873 8200 10623 5215 11886 5914
14752 28292 6206 23008 55 7969 13482 4374 7490 19030 25287 476 10897 97 5817 26110 9116 26248 1852 7842
26782 21617 10032 17588 17776 10727 1041 25663 11397 27024 27733 25494 1623 5237 1192 9505 10403 28513 16651 24418
3454 25989 22030 22137 4041 12686 19835 2554 20426 2681 10691 2352 27937 27247 21080 19681 21397 26865 6432 4804
18552 407 3197 12642 14417 21334 5188 10380 851 28464 16266 27998 29668 19793 12088 1393 29716 8408 26508 5384
8973 28343 27381 23859 12957 18955 11936 28343 6121 25535 237 26451 26712 20882 29100 1420 28831 10272 24717 15622
23672 25392 24949 13455 18348 22507 23067 27084 14863 14281 18092 14629 7487 23286 18702 19114 9690 27566 1500 11668
11847 4275 19205 29320 5634 17320 12757 29870 22691 17017 24637 14789 26747 6074 3653 15992 22045 20013 23524 23516
18087 20234 8132 1654 5957 19642 13934 15696 10702 25625 16942 19326 3986 26777 24347 280 28655 12039 27599 4342
11196 8037 3003 19274 23314 12458 26325 9929 1686 5069 22991 4438 28252 26941 17424 3053 14156 2279 27736 10180
28801 23559 23124 15810 9094 2081 26763 13708 9453 10980 26535 11412 15781 23081 2710 3157 22046 14660 15301 8005
14242 2779 11357 13745 14452 8919 14988 8922 10544 8732 28216 19981 4389 17644 22814 19302 22076 21475 12696 826
15048 2940 24504 4903 26738 6466 27342 5066 12498 9449 28756 9697 23871 2977 3031 10339 11831 2143 41 23217
29935 4284 7164 21857 18157 141 16476 2805 20608 5256 22628 14885 24869 28750 469 3371 27504 11267 6023 12796
15969 8679 9970 471 12318 3688 19317 17674 20713 832 300 25236 21362 11867 8487 2203 11055 15783 22172 14853
27740 27499 26761 1839 19943 29265 3489 17119 12378 26954 9994 6984 7716 5099 29040 3066 11921 29864 101 4398
10199 16482 22539 24226 10469 7574 15719 3581 3414 11775 28747 29553 15986 9613 26469 12066 19175 7202 4006 7092
3456 28087 7222 113 14752 22426 7250 29266 26034 11799 10279 14020 23155 25685 21801 19220 6174 410 21769 1132
1059 20759 28120 4479 2379 9463 29468 24850 19695 209 4703 14005 24089 12138 8620 21477 9812 5966 7138 21190
27068 1372 19352 18700 8941 4203 22825 23014 11796 12602 20960 11845 23918 4277 5180 14103 14557 20011 22039 14262
25865 24678 26143 3357 16798 19446 5033 23120 22496 11292 11775 23798 6405 28098 6959 14139 9897 6979 28858 9556
22026 19499 28331 18323 21994 6133 25158 13006 11794 1715 17672 24516 20046 14103 9867 1949 28409 23322 28762 12362
5449 28374 4294 28342 12346 12515 3725 24664 27247 24053 12628 11265 8023 8630 15789 24466 15131 27371 10448 3514
16296 8336 8519 9962 5572 8137 25359 13649 1335 7877 15077 29812 17587 14122 25269 3150 20122 1363 17085 29914
1649 19867 1702 28572 20782 26364 1260 2241 252 10948 10202 15313 18647 12444 23720 27849 25421 17365 6087 13092
17204 7524 6408 513 29981 5535 28342 13452 14073 21620 17208 3323 10206 5211 8846 29761 8657 5626 11792 28722
22512 9893 6000 16410 15333 23312 111 22105 14424 17791 3543 14176 6104 9400 18912 2787 12128 10178 5536 1800
11376 8661 21644 29963 2558 19689 17518 3371 6452 5352 3802 13540 3466 19073 5277 13749 766 7228 1179 27128
11410 22051 25861 6292 10801 28441 14057 28866 26817 21803 28844 18643 26018 28252 11796 23905 15000 11550 14251 18772
23767 37 25089 2517 4550 4842 6900 1586 12406 21057 25124 22865 18956 13091 28099 23406 17195 23252 18169 18152
909 29784 559 26891 4230 3138 16466 7571 16685 4818 19200 17071 14313 21437 16595 24839 6894 13188 20377 1929
3853 7307 16370 25532 21734 27068 12990 23830 13792 1473 6963 11449 13787 18895 23037 1436 29222 7697 18851 21042
29194 3521 21716 14448 26240 21366 6832 2556 17903 9183 14442 23178 9937 8705 28029 20046 1677 2330 93 24283
10188 3805 18246 4231 9743 4 3384 12325 21334 16044 25783 25090 12198 16782 22198 9893 26772 29316 5966 14989
19516 27471 17871 20768 15409 15482 8095 11650 11701 29214 19370 15523 9664 18622 16779 5391 24116 13866 27961 8950
7750 6284 20282 2053 29516 11483 13774 15298 20242 23255 28589 12789 5056 25618 18017 844 17801 16341 25153 17749
20482 3756 4507 25912 10659 17289 26215 1812 13762 15568 8759 10597 15501 15203 14241 2693 3941 14308 24239 16763
6307 18049 21304 11819 13329 20358 23882 29687 22315 8141 26090 18743 19319 17720 18160 21595 27064 24621 5758 22750
27171 7442 11222 3824 6136 6577 29895 17630 8993 23505 20813 19195 15720 9383 20188 16686 13278 18902 26228 882
5527 23689 2374 23929 23961 7426 20462 15051 27220 12499 20858 17685 14553 6369 18935 19004 21860 7423 8341 22174
25146 483 18113 2004 11339 24216 22700 16 3554 15082 16651 10963 13326 11229 1192 12908 11764 5916 1719 9976
29812 12803 12654 12786 24574 11618 8169 25376 27712 15534 10154 2760 13611 29973 17702 5750 28191 9905 5736 7236
26934 18188 25599 8386 29754 9997 23513 2067 6887 4642 12425 9339 23274 23938 12855 23630 204 17004 27518 181
16421 1816 229 20872 9640 2334 18243 10485 15806 7140 29879 13867 14130 12414 27128 3548 2270 19565 5043 3171
4788 2070 26557 13465 19867 4774 13524 17983 19158 21084 8704 17120 10127 12258 21043 14989 21527 10021 1550 13864
11785 20611 8540 14003 25463 5201 8841 17381 20681 13505 12694 15424 16886 25170 3757 8777 2358 8897 14843 6134
27915 16878 8610 10379 11874 366 15289 25316 26480 13434 17610 7436 10527 27650 4836 5763 15936 23140 1032 2742
6755 29135 27151 4170 2004 10073 3978 3798 9070 25708 14472 8507 21365 23351 19641 805 13752 6443 29643 23332
17467 18076 7601 17901 856 27898 19871 14672 10480 27914 2271 16413 6603 10101 29131 29979 7598 23359 14880 13050
8543 6311 6573 4348 16030 24444 23277 1839 1605 1005 10031 18975 8780 29329 20082 22084 16443 17224 7532 20676
22080 10644 8903 28124 14425 11228 4842 10789 29846 8434 11961 23970 20189 26363 5873 8910 14566 23168 16061 26747
7354 165 29730 20077 9234 6854 25360 23021 9702 16807 8569 2654 7662 13048 2830 10171 13291 29634 18404 12006
15409 1800 26033 10852 18905 22666 28544 2701 16208 18594 6401 12496 17757 15538 2352 9560 29098 6672 24414 7952
1598 20619 3261 17449 1717 14738 2789 18039 17116 20322 382 6599 18202 6257 2092 18439 16185 26320 23086 16418
13802 7115 10991 18543 2032 10439 26541 29754 27599 27038 20267 23686 20383 11627 909 29859 4374 21314 17682 6851
2086 8891 6147 1458 9743 5000 58 2096 21291 3171 28238 15184 4627 15371 24064 1937 24460 14047 16092 16056
29770 27791 3993 6846 12278 2889 29655 2307 10710 16652 26399 9271 20099 23527 21910 24853 5803 21594 25970 19517
27841 27915 25065 11257 16281 27271 251 25566 12082 3312 21150 19069 8469 23903 27379 23037 26328 3024 19544 316
24141 10588 2092 8336 24670 4743 17740 28647 24028 17147 11731 28688 28385 12117 27600 6980 1736 26560 14384 20711
4250 23409 3667 22066 25578 2123 498 1436 25307 24768 28857 18580 6907 15818 3758 25687 12955 16692 27574 3242
16494 10148 13984 12407 3482 1775 28051 7868 12532 13998 11435 3811 14778 8438 13977 20999 9541 27524 22009 17607
19564 29715 10265 7560 27880 29765 27444 26475 16181 4096 2958 10558 26330 29338 17521 15432 26245 4471 28307 3438
4891 16771 7711 7640 12693 15898 29080 27761 10950 25995 7824 23319 29295 15223 9039 13394 9410 5953 14474 565
12582 18173 26117 10020 16191 9111 23280 20262 27914 12296 12870 4780 24180 19476 23978 5601 11145 5489 21935 11343
5823 23941 24903 10427 15637 7322 29123 19121 18991 25114 29228 11794 12354 16532 28746 5454 1290 10473 5102 4580
23154 8814 27442 13992 28342 23688 24637 23099 19765 1253 26461 28832 3777 3194 28328 13757 11742 7156 8130 16934
10649 21284 15564 17637 9973 8728 13526 20412 22875 6840 857 23812 29979 14227 21840 20071 6048 11037 15549 3651
6609 26217 15471 20053 20228 20875 5432 15629 7053 24562 1758 596 5755 1765 1619 27912 28140 5731 10365 22020
11085 3260 15793 15157 13002 15747 25463 25357 22336 513 13504 24462 23070 25241 13010 7601 11143 19602 26623 2162
23571 3559 8734 15526 1460 16959 15702 20570 21085 28518 417 2212 18132 17931 10358 1620 11203 14102 21199 27935
24531 9315 282 27084 26359 19176 26781 29480 24249 5769 25928 16767 26860 25769 18218 25603 14841 27537 4317 5254
1758 22192 29146 22573 12908 26258 24793 787 24539 15451 4725 18252 7209 28878 5191 13274 20403 20704 28205 20909
29837 28029 6121 20702 16869 25717 27134 7021 18571 6358 20178 20333 18347 10978 889 19979 20860 10827 12151 15067
27150 13081 8581 12415 28899 19287 8401 22541 2866 22250 14676 18895 7436 7647 23346 5357 26699 12144 28276 5242
8629 24038 29359 15280 22893 25969 19323 26764 5497 29927 17981 26180 924 8064 13407 28249 10953 27973 20294 15924
15582 16093 7323 3739 1173 22617 15507 15912 2482 13050 23735 26639 18256 3330 3320 3891 18769 14360 14446 14497
8478 24171 27705 1371 6697 15257 24848 18132 16802 26359 11745 19389 27641 8508 22082 7217 28086 28862 29350 10726
27081 333 28368 2413 24041 3679 18018 5343 27750 29626 4194 19693 20373 3701 9550 10829 143 20421 20522 26342
28048 19402 13591 11561 10029 5097 3521 29278 2565 18208 19321 8154 11270 27283 14459 4800 19 29920 29432 11170
29966 28212 8004 19096 8513 15116 5030 3028 13971 20815 542 28831 29503 12312 28654 14904 9881 1884 10029 29662
742 13542 898 1990 17011 1716 4608 6545 4383 1093 17556 702 29551 4304 13304 25694 12001 28114 26329 11979
22136 515 19571 14204 20852 15730 18628 21635 12708 9024 15011 20991 27817 10032 21772 1002 4147 17054 12921 9991
5239 2901 27430 3914 11882 17154 7201 28025 7360 12491 5973 13191 25513 21120 276 27552 18781 16447 337 4251
17706 17920 24618 14049 1095 23655 19971 2938 5369 15166 18968 13310 20061 21481 23863 4359 15787 5701 315 10817
7889 8205 22004 25650 8763 26323 23167 20306 16703 26979 18095 29084 648 26266 10032 661 23615 13375 26281 15150
5441 16745 10858 7716 25470 26962 9806 2492 26422 21243 14112 23194 1585 18675 12666 28130 7882 15862 5932 21398
1639 26320 29186 4583 3973 29149 14088 18379 11851 28509 26641 2323 24839 2567 5661 23247 21039 5881 2113 5960
13414 22384 17740 23123 18103 7508 24188 24524 583 15787 13265 5942 17072 27946 25776 11905 24519 2023 6367 14574
17004 16591 17889 28030 10583 2862 19597 22118 8102 4441 15363 29781 25328 13716 16412 24780 15798 13726 8343 9875
27926 260 16575 25409 25063 25471 8590 15410 8806 20385 28646 7216 27620 1765 3614 14362 26134 29605 27317 29362
12922 16737 6240 9126 20341 5670 24023 29678 28848 20835 6331 22195 17560 12422 8968 8143 9206 7815 28864 22382
6895 14864 6089 28373 11765 7202 21472 3932 16776 28059 22169 7729 22732 2298 8568 29112 26846 19012 4623 826
21510 9389 12843 2356 2837 22789 8481 12861 3039 3153 1660 22145 28615 2159 28339 6607 17164 11035 14361 19057
25541 22356 21143 24817 18966 19176 23716 11419 5327 5849 12728 17444 18795 25953 8451 17287 7907 13365 29234 6799
19905 27384 7300 26352 14818 13285 21840 6126 92 13117 5210 18447 598 21098 22976 26581 27161 4754 6335 10615
7464 4646 3204 13698 7906 18374 1235 23192 14961 998 4609 26830 28465 28235 15713 5772 23698 22335 1562 18493
1217 3341 1471 21933 4143 1845 23259 29833 26393 2531 24858 29126 15812 10901 8712 2162 5550 26955 4611 13937
5777 2105 9619 20239 9923 10855 12160 23924 161 29367 26331 27954 24482 17760 9210 17911 1014 10273 12729 26967
15454 27419 21718 26087 22488 4347 23250 16726 6563 5984 5 14521 712 26902 5144 8287 1861 12420 23707 19859
15567 19032 26941 1412 8035 5500 29224 949 27373 19827 22662 4241 7466 19620 4108 23258 13043 18593 18216 15129
16473 17372 605 20946 5962 17325 23897 27379 1454 3644 18379 3482 5556 14340 20444 3043 22455 19825 14126 17654
7813 4148 6658 17150 3582 8765 19330 17399 21932 10588 18103 16116 13511 23127 17961 22961 7996 15942 4093 11285
7189 29226 7193 8935 5853 25147 12094 24638 7499 11153 16452 29062 18184 15123 1788 15649 5719 28196 17251 19439
5612 8991 19539 6428 8074 24504 2774 16595 2285 3595 20039 27713 13967 27485 167 8712 13560 29352 27280 24421
13894 22473 17476 15229 18871 3646 12981 17121 22602 25786 24384 29236 7541 11620 28972 10896 22036 5503 16389 17615
15360 21528 11243 26738 18647 20185 26087 27750 29070 17605 29009 8205 11304 7409 16619 826 12551 13401 27488 18593
13172 8250 7223 24127 9360 28925 16344 24996 20248 13715 11070 12280 28474 16414 1786 3595 16364 15732 7449 11371
14118 5355 21067 17661 18806 27240 6891 17544 16885 6061 10076 23561 21388 21555 29851 22145 16372 14816 25369 28256
13134 8506 23241 29353 5416 1409 28772 3439 17884 11220 302 14757 27892 12531 2752 10571 27854 19063 13216 27278
26153 20696 28673 20420 2849 29945 7827 25236 19985 22012 3671 15763 19172 26073 25237 3579 13254 3333 28458 29840
21555 10966 24836 19323 22905 16889 1845 3396 9225 27276 922 22387 10731 19184 6731 27398 15439 12232 7157 4704
3044 18596 5864 16552 18040 8235 9278 16847 10070 11368 26249 8095 25484 7392 25435 8420 15030 22934 13111 26849
15995 21869 15276 5807 28476 22880 27601 8643 24051 22104 20327 8204 11571 6043 5623 25660 28550 17928 4258 20721
19584 11998 24955 17335 22576 17745 3276 915 23727 4951 2689 8578 24875 29912 28155 2404 1384 8008 24326 19739
4334 14969 11462 901 13532 10674 27701 25481 28249 2356 4574 28295 13551 1345 16757 2806 18255 24792 18912 11815
7662 337 17685 24183 28300 5475 26028 25361 27643 21918 4130 16356 17905 9173 6795 16840 8365 27020 4214 29434
8891 28076 14469 1836 3192 10860 28749 15013 28903 25155 4215 16473 13621 27948 19187 13698 2610 24706 20858 1812
5627 28460 25194 13478 23395 5344 2967 5 23602 7527 23578 22894 781 5272 28018 3887 23056 4934 14039 22967
25569 24719 1281 28322 25481 8039 5310 14990 25068 18430 12025 20919 24695 10741 1001 16468 8550 29870 3830 4240
593 29600 8992 23323 16808 23536 9472 27418 21462 22054 14730 9766 17371 11084 11771 18654 14438 12325 28656 8230
15057 5230 2275 29795 21938 831 4932 5077 25867 28508 27763 23707 16696 28874 469 19558 23914 22361 7318 26399
15936 20556 20496 29054 2061 11075 15882 5186 15492 548 27309 26249 29068 15783 12663 18858 20435 20453 16124 8702
11589 15515 8517 10061 25204 27398 5065 7604 22048 15035 218 4879 7601 22064 12235 12621 2963 24478 24569 21567
5142 15822 19653 26409 28769 25458 3333 7802 2584 7621 23232 27987 9744 155 12920 1732 12966 29243 16999 8756
26568 12954 14389 15452 20190 9694 19228 24735 3343 9196 19662 21568 27380 17634 28790 26351 24240 6408 7259 25047
24984 6069 16492 23504 16665 15542 28497 17972 14884 21837 16968 5669 10905 17955 2542 936 14542 27901 11807 9266
18424 24944 8317 6095 20709 27052 4628 26109 15415 28878 13221 9681 13715 7006 26353 2736 21953 19500 25976 4980
23756 5326 24419 15699 6424 27706 24363 12583 8423 27673 21735 29006 13805 20415 460 1422 4512 15010 11658 24903
19242 4978 27859 8640 3427 10994 11849 12142 12221 1081 24953 7181 27739 24455 13119 26364 5679 11628 24518 25400
13823 18994 22545 29262 23356 17147 14823 8853 8537 23727 14803 28992 16994 1984 19551 12973 6922 19720 13615 7218
953 6042 4516 24730 1598 25957 23412 17955 20347 6912 15756 22948 24368 17253 9749 17599 1137 3627 9327 25278
129 16923 602 29301 3427 24779 17118 6209 20860 6510 9661 22131 18659 4846 27681 28290 12328 25735 15130 26600
16362 16441 18637 1178 12790 6833 1220 2512 6700 21041 268 25309 12019 26058 15490 8544 12728 14998 29039 28197
1524 1999 23023 14429 9572 22380 9933 29892 3714 29681 1005 4293 28803 17427 2116 17280 2588 29794 29288 12704
27298 26071 11035 41 29916 20641 18563 6672 18217 22811 27740 21757 17760 7955 22246 14244 12174 26212 11836 28257
7271 18701 26966 20670 5101 8442 6924 11752 28630 24722 24534 23095 1496 26004 8957 6900 15034 28558 6324 17306
13106 16644 26411 11668 3510 19985 19061 20033 13939 22665 2225 4126 6568 21364 8626 28520 23919 15253 23050 26487
4194 14499 28879 13569 19197 29331 4339 6826 21682 29963 27602 18559 709 8532 25423 1642 24702 29768 27342 21590
9154 3974 1038 1742 28685 22052 8273 25563 1071 22017 8603 4248 25060 12208 28555 4908 600 24654 9697 14768
358 26249 2211 21014 20967 13627 13049 4604 26444 5848 5183 20423 19598 27295 16615 12272 23963 29905 18993 27087
13432 16897 2046 13350 3330 27901 24348 12847 25858 16442 18242 25758 5919 26606 25177 24153 20878 2870 15153 28581
18208 16421 28036 16416 19327 24615 21449 749 112 25425 29983 4435 29608 24728 14474 19256 18814 16583 29312 10979
5593 15362 27449 19528 26299 27682 12543 15302 9087 25120 22926 10622 1832 26384 1185 5425 29278 5701 21034 15500
9898 18423 21596 6136 9688 6204 19842 17554 6601 27985 14700 1498 25259 18196 19484 15478 24476 5614 16577 4326
6745 10305 20867 16156 151 9733 5647 24758 15910 8459 3647 657 6874 5951 8262 9119 635 18643 17735 3757
8412 13148 8666 27359 8703 12419 23854 18385 15436 17518 11126 29236 26967 11395 1692 11589 1239 16182 21228 214
6083 21482 8946 5514 9579 5604 9835 5840 10234 20809 14502 11754 26856 29390 2834 6866 16222 14613 24444 3753
12054 1632 20931 2460 19450 16355 20805 6033 22378 27572 9568 14698 14120 19895 24455 1848 5770 20254 14865 859
5408 21980 18096 26637 13661 18246 16804 19448 21240 1518 1776 4183 18387 28832 8997 28469 4485 15059 15714 29461
17968 5884 29913 673 791 7055 26124 23715 7135 5014 27567 20360 28342 18992 18614 5006 4646 13950 11692 26200
8153 18563 1797 19080 3982 22611 26128 911 14369 8120 27479 423 7262 20956 13315 20500 21361 907 21673 23027
5441 27370 21119 18653 2614 8291 10416 5890 6838 16689 16249 13914 10818 27652 15040 16107 25929 1193 3818 21137
29117 6811 12200 22376 21196 25015 19535 4088 15106 18278 20651 545 23386 20728 28062 27584 15599 22182 1541 11729
12122 28176 1156 8965 29643 26595 14065 23033 9292 29229 20176 12481 5797 5065 23500 10858 25876 23095 11432 13054
24737 2684 24109 23157 25024 14247 8345 14659 9427 16590 20405 23656 26880 24626 7484 22776 18551 8538 3542 8158
23979 642 11082 14400 11862 16184 559 24708 19187 13169 4681 29841 24967 7172 20973 27619 10796 13936 21800 22564
8548 13499 17344 5803 20649 15761 17722 26959 4627 6790 28743 19127 14310 20198 20606 28316 15782 26539 19536 11566
1235 11719 21568 29740 22904 10757 5032 19258 22100 27362 24108 17504 28429 29991 8613 15094 23479 18124 2838 26461
21664 24576 1172 7393 10640 28387 15419 12880 26600 21899 10049 1114 27645 21921 25046 25004 25264 18973 5138 11759
3148 1652 23696 14607 24494 7230 27480 2701 19239 14779 3427 22060 12537 23059 5347 15988 24427 22963 4259 22491
15911 27991 11018 7418 22503 6564 7519 20672 12442 20560 18788 14745 3832 1624 4013 27648 7886 12209 14633 1654
8540 85 24756 28301 29902 28201 22094 22755 7806 2806 26111 10551 11740 1177 13857 22685 25841 10810 28635 4227
7062 268 16614 8196 5919 7982 18723 22339 2211 14419 14874 8027 494 15099 29890 15000 19910 1999 26780 20275
4385 5830 9300 4266 11219 496 6010 2372 25128 7532 22957 3089 25977 1049 15184 3749 10852 14560 16658 6765
739 9381 19553 3658 27660 428 6850 10422 13508 25193 23971 23630 18039 22331 14679 10536 9919 23790 9061 15752
9366 23227 7810 28140 11429 25324 2537 25303 4215 2703 29370 12549 8957 2333 18907 25211 18686 4002 15290 17858
7446 17667 15493 14037 2048 12396 15982 23381 18943 878 14583 23751 2735 19890 18761 16538 8578 8199 11910 4733
8402 3157 26292 27000 9509 2892 3315 18107 18371 13362 19402 27804 3039 7256 5060 2572 23085 20502 25200 20084
10363 16560 1969 10022 23368 21174 29053 26847 23595 3119 16226 15742 4472 19683 15641 21902 9091 23061 2896 4963
23756 2430 23562 2124 9952 17137 22686 17743 16258 19138 13424 18547 13478 618 2917 25940 11006 25403 5418 24268
5912 784 9064 6634 24050 871 26123 4028 20434 10599 17115 808 2650 18083 6238 24564 17979 12125 11842 362
24116 27686 7624 18006 6636 4074 16527 23085 7594 25405 28173 13140 26570 9866 13297 14821 8675 28505 21810 9732
6933 11975 5107 16848 15656 638 4605 9425 18556 11149 8380 9500 16333 24688 12078 22741 2599 5778 20918 23745
6326 14712 29868 13012 25448 9381 16905 1217 17701 24535 23047 29070 25096 2415 11639 4357 26337 20470 3002 17026
7032 15577 9046 15406 9358 17245 28068 13415 23970 10978 16828 27355 19267 17486 28017 18678 21531 29027 21573 20791
24979 27798 23142 1983 1610 12706 13573 17071 12577 2065 4969 21149 7021 7092 21821 13211 2717 10499 23312 14001
21981 26099 1057 17619 29407 26247 18750 24855 7117 8037 27063 27393 5845 13988 24541 14921 8545 17039 27324 15426
26919 5548 2015 29486 15381 5368 25003 15446 25820 1296 17396 1114 5733 27012 451 15531 27653 11044 25637 7289
5794 29855 24606 6189 15328 11404 19342 7544 7351 28691 27990 27071 28583 22 18273 20357 14758 16341 27729 16625
7536 1633 2227 18746 13811 5319 13054 9229 5595 3716 18941 15265 22847 4798 22614 26028 25857 7742 19899 21971
7856 11649 4030 20584 28206 14114 24898 22314 29026 4882 13640 999 26773 23023 15397 12833 2500 16281 25359 9011
15128 3663 12619 26655 2228 13186 16501 5965 29330 10253 21226 3233 8758 6417 2032 171 21030 26642 23121 13411
25964 14383 376 4970 14172 9672 27861 14200 16622 9716 21247 15466 20369 27463 7204 12442 16773 3460 724 26548
2842 18004 24841 13599 24328 5131 26919 19958 5537 20804 9379 8315 23979 5340 1699 17046 20566 17832 324 11174
7853 26719 21037 13645 1120 29578 2935 13324 11847 27354 22442 15586 27843 2919 10982 12448 12485 20825 12670 25839
26010 2791 23822 21415 28297 18012 28893 27484 18032 15654 2717 26160 14175 16736 18825 17325 5734 5452 10453 27730
14758 24248 9012 19420 12972 783 20476 8185 22667 17566 21847 26954 16386 24238 14701 15534 26025 24590 6467 6084
13270 2625 14525 28048 21534 17690 18142 17263 17719 5742 29091 28112 8484 5520 5111 15634 23739 16457 17803 26249
8151 8480 20793 6682 14786 251 7328 13186 11423 7461 19780 18876 19133 17197 19233 18741 1563 22546 21573 28493
7785 11447 13604 2510 915 28777 12775 4291 10637 20619 1101 866 25767 26374 21863 24130 7202 17095 25148 3686
21755 3565 10274 29601 12352 26064 4326 8817 2437 10309 942 20303 20755 19577 26677 14211 25167 19835 27011 16831
27634 10678 21163 20885 3899 11513 25163 12905 26277 23191 10400 29762 21561 17376 28732 13461 23713 9281 5817 15625
782 8941 6132 28058 5889 24370 226 29536 80 29967 20933 11478 10383 10140 7368 16018 6736 5631 19191 14341
1944 8229 12077 18745 22780 9553 16106 26003 13882 14009 25609 20856 15740 8446 4278 24862 20501 4498 26795 15557
25576 24588 16134 1218 6027 28492 6381 20635 3095 18246 16608 25721 23382 26682 5591 9679 26811 4570 9268 12338
7648 11068 26888 20536 19433 26306 3809 16138 17181 21901 17464 2238 9026 3970 19539 12972 12769 13155 28204 17938
1609 9147 15617 19410 29492 29208 21975 14552 14639 7480 5034 19775 19845 2059 8402 4875 29332 14468 9599 20328
32 20416 8933 22640 27207 16036 29319 10975 15498 17202 8016 23649 27971 16114 3907 23449 2764 27419 909 1900
12512 12808 28391 7723 753 2620 20269 12766 5723 2600 2894 16777 12338 17450 12356 14458 22571 27161 3453 7447
13775 22534 3103 8586 27786 16462 12419 21986 8403 1672 14205 5540 26461 23735 1458 2088 25893 18854 5383 17357
12371 10869 3529 8447 1933 3987 3718 23977 18239 20939 20494 17310 5334 11872 15424 17716 12041 15217 22680 4218
14435 26533 10663 14434 25572 26318 21724 8366 789 7572 15177 8156 16702 7078 15638 26117 5866 17533 28018 19046
5637 1465 4285 10160 28472 3924 16283 19247 7952 13136 728 21678 26995 22817 25095 15166 14672 15803 9714 12104
12749 275 2676 27065 24602 18842 12980 7571 5471 9232 29644 29230 8916 24206 15057 10709 22928 7550 12558 6067
8464 14566 19103 11336 21539 10398 15581 2894 4486 4088 558 17571 15336 17552 19025 20297 29302 1959 21483 29183
14306 6447 4927 6293 3837 20814 9629 1186 19706 11740 29203 16741 13369 24537 11095 27594 1488 17596 14426 19709
2023 11510 17161 21699 3586 9539 16131 27157 18036 25846 11884 3522 5927 23564 18526 16731 2953 10053 8724 18960
20041 23025 25362 8140 4159 27180 14891 15429 26428 3180 23259 12597 18306 11101 28874 18824 15540 27147 26267 4111
20267 16553 795 23502 21828 21538 2446 12504 4090 17798 18117 17715 14896 8727 25670 12609 2700 11711 10 13856
7479 18687 15139 14816 594 20266 24624 13108 13574 15312 2488 12953 23677 2736 25908 14450 13670 12278 466 23959
26805 16298 15487 18099 5085 17237 18858 8259 23279 15155 21180 12055 27887 22417 11992 18422 24526 22596 8983 5380
3376 6994 1419 29464 9085 19990 19266 23075 12077 19289 25168 2417 1950 17069 29299 16776 16550 69 25117 22862
7227 10555 12100 21325 16654 26609 10410 17897 27765 3173 612 10015 13779 1371 15397 8343 5957 19136 5417 8180
12894 23154 7461 13056 10647 26460 21403 11262 23576 17513 26219 23718 20494 9794 22929 18450 3638 12045 21909 5995
8344 13437 28519 19446 1075 9290 12060 10225 956 6259 8810 26721 6888 5891 28819 17371 3018 26905 16015 28954
21863 1784 19606 1729 27041 1827 4066 13811 5375 2002 28940 28210 20409 20904 6160 12919 24492 1962 27496 8334
27511 19013 19736 1710 13234 1518 1907 12145 6987 29050 26185 28676 15980 15841 14180 13685 16492 11061 27025 23658
5762 1206 23488 10415 7420 4770 23262 6525 225 4889 19244 9322 1344 29210 12776 5206 25633 6598 25829 19020
7730 20235 10508 11985 1887 12189 15465 22494 14200 29503 29211 12087 17407 3665 11996 24371 16335 10269 18854 15160
4788 22205 15347 26932 3315 3488 28799 5375 24355 13100 20796 9758 8290 28221 11352 27559 27598 9780 22382 248
14771 17105 28515 18149 16561 8015 28483 28209 21743 6683 18245 199 2598 10228 4212 10354 4106 14219 27599 27976
17972 15903 28471 2425 8796 3659 25638 8121 12951 22729 8591 23335 29768 9648 21857 4981 24688 8554 17936 9456
9580 26857 1634 2356 8404 4702 7363 25352 26677 25923 27669 22731 27415 12258 9523 26467 1437 25434 26799 660
21818 18863 6343 41 29118 20568 11962 10777 21002 7675 21273 17825 25452 20348 16443 17099 3841 13840 6121 15084
6933 10416 747 12412 8358 27509 15178 6628 5392 26039 11643 5398 14892 20073 7540 16916 27560 26194 3479 23737
27779 20846 27474 17605 26910 15789 4030 13556 22931 7077 22425 7735 25345 12814 23159 10222 23304 27833 28290 16067
18906 29418 24976 4385 29321 29673 23385 4376 27723 7328 26558 26633 26374 27445 13151 26572 28468 6385 20818 7925
29922 411 15284 5605 12596 2551 17206 24905 15483 24133 15853 6150 26453 29607 9663 4460 5034 2615 17065 8432
1973 9281 19659 19495 21462 18282 22157 3672 28433 11195 26588 26449 6100 10434 10388 7566 25773 15728 14252 9416
23224 19453 19315 761 14536 4992 24692 19124 14143 235 22339 11589 16137 311 4541 14295 5641 11084 891 19766
29138 6724 10142 21406 12644 5986 9993 25981 3042 16664 9117 26094 3791 10865 851 27920 15975 14844 21820 4780
25993 23633 7366 10689 19728 3168 18237 16634 3240 21864 27199 12146 17035 6298 9906 8650 2736 3182 24690 14328
29172 14072 22463 5685 17129 11861 16859 17090 20606 2570 14673 24463 2903 26523 132 1021 27047 13279 14182 3761
5073 20325 8991 28960 17129 6252 23092 13816 16031 1254 15099 10933 4836 1119 2300 22399 11772 29485 2447 2170
20612 15435 5068 29163 24987 11933 3461 12026 26737 27825 16697 29582 4206 22687 9624 19441 21393 27998 19285 18060
1116 9729 10757 6960 17716 14284 15432 4957 11947 13348 659 8965 6548 13850 14184 22600 29517 26461 26721 5373
26801 22505 14323 17957 23451 19286 14971 2225 17939 8756 19169 24170 20528 29831 5178 26663 29241 5556 9121 3332
18123 17124 5688 12645 24286 26699 21787 8951 24836 1235 28819 25634 22502 25522 15139 11778 12155 20938 22665 21623
5578 20772 1521 2267 29620 1954 2 28352 11405 20094 18296 1904 23516 5413 26431 20057 14297 18403 9084 6666
11998 16543 10616 27117 6031 14274 2680 11654 24671 11470 4533 18368 5179 1607 23948 13999 1720 25851 21892 11733
4411 711 23198 5551 22558 24923 22720 22620 25597 4328 3828 18439 755 18626 16493 6703 25053 16977 3839 7715
8348 347 20387 7523 562 428 27118 9014 8562 103 9836 7709 1116 29870 18983 29530 28600 18342 8271 20516
12770 5078 16897 6559 12175 23545 7003 16546 27671 18963 23825 7365 11837 21780 29107 22025 2787 6549 2091 4602
3089 3632 22007 12541 26277 27012 8959 27520 24159 27558 13951 1264 12025 26452 8130 5898 24804 24899 19335 27323
729 22453 5630 26388 7403 10836 21774 26115 19215 18267 1325 3484 29862 17500 8432 1069 22651 24767 12462 13652
25495 8346 1418 25702 24483 2642 1165 8712 17263 15606 24942 21705 541 27321 13586 13349 22816 908 11234 26634
334 5950 1697 24383 4076 6393 19478 5877 10983 6960 7483 9122 14608 3828 11740 6367 28126 6527 1508 411
326 21834 17998 28531 14206 23498 16316 2015 4765 2856 3204 10403 21614 11341 7880 28119 16938 9884 217 363
25833 208 21150 13288 10285 16240 13022 577 3761 12403 25124 15290 27382 18899 9222 6901 15679 28931 9344 9690
23289 22401 20978 25306 4680 14240 2006 22859 24436 20257 22110 20115 29410 16765 10836 14758 6845 25405 21304 17471
18631 6541 27280 17751 6465 22657 17090 2635 25284 6072 25759 12522 1693 13894 23016 19637 24092 5623 19538 8104
29445 9938 28026 24231 3566 11045 14353 3902 4354 13343 4554 21490 16410 23976 12503 14529 26833 25175 16383 522
7244 21026 6212 6125 27077 4548 28941 23520 10668 21308 19707 22737 29026 4495 22252 19619 212 24460 11013 29277
1958 21033 11767 11436 8460 19454 21495 416 10874 7252 20205 1815 18734 4122 10619 18833 12684 25520 26615 26208
22446 13000 25329 28095 11292 6097 10538 13012 2075 4976 18437 7950 28218 7337 27556 20755 20673 11582 3076 20352
18489 28268 15057 15718 18318 736 15041 7939 17224 25174 22383 5066 3791 7399 26632 26442 2174 17754 16534 26090
28796 26682 1880 15645 28641 27791 16218 5824 6653 25856 26330 24456 18180 18025 1469 22228 12729 25454 28256 23207
10497 27633 21743 4212 6647 10144 11959 3937 5717 5031 4669 5733 23571 2986 10249 14667 10816 11818 16857 20271
833 9891 23746 5681 326 15850 4474 1184 26279 18988 18249 29788 20602 1600 631 20146 6684 24332 27752 19379
16304 14848 27881 1863 17950 23570 4438 6408 2239 2422 22368 10783 21118 13193 19958 16311 5153 15301 5089 20696
22011 23733 26765 13923 8833 18321 9030 20938 15762 26852 2724 195 17845 24948 19593 16123 4045 4095 5593 16796
24490 28164 20425 17721 28728 11442 8539 28280 22972 5147 2048 19419 1372 22496 24596 13749 1861 11918 24438 4058
26019 21846 9105 10796 2007 27902 10954 9228 3043 29685 4113 14111 20016 7287 27032 25728 18628 20127 20936 8128
12513 3633 22607 16316 4849 406 23658 28491 11085 15096 25324 22408 25583 22645 10537 2705 1507 28150 5920 12970
25795 26178 7217 5936 10491 308 10805 15919 7563 24819 15527 14574 10447 16248 4064 27970 23401 5023 15346 9324
4292 3719 22448 28291 9146 8157 2075 4876 10327 3866 26766 19322 16183 13160 12486 15384 3000 5195 20310 3121
9480 2728 25461 2046 17073 15913 480 18912 17742 25039 22447 29767 14227 14769 19310 6812 21173 11249 16248 9804
5847 12702 9237 162 9286 22569 24740 17305 13264 26568 12692 26825 12504 4185 22507 7666 8434 23860 29404 135
29886 9400 3826 14075 7678 17649 25978 15285 7144 22374 2075 4359 24921 12386 28740 9124 26689 27760 23498 18231
7284 7988 26549 4654 28158 25045 9273 2908 26328 21515 10919 18452 18777 19946 18477 8249 16891 13785 11070 28945
13736 11383 8677 21253 10577 29558 1443 544 28239 18030 7208 10512 14683 519 21677 26721 29713 681 5325 1447
7451 9559 24970 9415 28376 27886 17762 24688 9133 6606 587 29340 17042 4200 20359 1919 13453 22480 6724 1835
19493 5221 14562 26291 20586 25463 29328 7079 29145 20945 18781 15351 20236 3297 17274 14385 1841 3455 18414 7794
16361 28343 8414 22513 16179 25686 8566 14919 8992 7520 19194 23316 15952 2175 13306 24043 380 18172 10074 26928
12339 19035 22960 17691 22151 3396 13645 18427 21528 25580 17816 3601 4364 17183 29844 7305 20023 8889 8391 147
23629 21021 10545 17259 16245 16860 25335 26106 4063 20540 23465 21318 817 29032 1326 28691 6302 3550 14547 17060
4761 22901 14460 1332 11769 23360 10350 25579 19670 20867 18115 5668 13229 16001 11195 12164 18738 10361 5629 25978
9936 24317 22966 320 6302 17789 29564 9625 89 26851 12972 23486 4986 28993 14927 3625 3325 28203 8072 9264
18057 12547 1792 7696 11451 19577 25760 16229 16703 12759 17720 628 27549 15996 17159 21205 4859 3178 19662 26525
18771 4148 19115 4390 4042 11288 5589 27732 5012 11351 13134 2930 4404 12369 10560 11174 29051 8308 9524 17210
29125 7827 27448 2658 22083 25725 26452 5666 2471 13816 27499 822 23398 11420 15796 1599 2918 29907 18661 24165
22685 1521 4406 6553 1411 25133 181 12655 10660 6807 28955 6887 1285 11899 12815 19967 15826 5501 28445 724
3410 4318 1259 24537 1804 3505 18700 25563 25169 9545 8294 15893 1568 16392 4214 826 1109 14980 24846 19387
13844 12119 18084 10237 21304 27310 8066 3190 20474 18291 8727 7473 15106 14235 1969 760 22583 27167 16848 4534
25535 23018 6526 12384 28137 20602 13470 18760 15532 8878 15154 16982 23071 13272 20906 712 21563 17039 4745 27660
25952 6430 23551 12731 21218 15169 19381 11024 19507 13101 10234 2075 20497 27776 11456 18087 21299 29437 16356 29310
27203 26903 24390 22545 18862 15617 15796 20843 25475 29251 10213 1772 25687 29760 18963 27558 22388 4690 1343 51
22087 3198 8128 15850 3633 7278 4224 7651 25363 12065 16292 14500 25575 17099 29257 29348 11418 16006 14564 8160
21401 27564 27198 3977 19377 22617 26149 19733 16206 4333 13869 8834 23909 2580 10379 27936 11853 23848 7958 25032
6783 10637 2065 185 29907 1777 10086 7675 7055 4710 9222 15367 5612 11000 24395 25832 25325 20985 18402 14598
9160 5174 9648 20946 20917 2000 20590 27083 14772 26150 14778 27785 12314 22425 18571 2382 19184 7889 11698 8587
17722 15469 6809 20465 22799 14460 13513 23818 20531 6086 4207 15194 13432 22491 3525 14892 16614 5259 18260 12368
21546 26688 12365 2962 11816 6456 25336 28534 22949 17195 23982 25902 22248 22631 12618 17683 14949 10461 29629 15882
25132 1545 23359 18968 3986 25551 20161 4799 25450 10227 399 21837 22583 29038 21348 14706 12494 15326 23683 15334
10673 20861 22582 1492 17541 4852 3494 29322 16527 4235 8537 16851 12568 25568 14279 9014 95 25710 25432 16373
2030 21757 7135 16026 20260 21007 5848 22142 29748 20652 26578 24829 13778 15450 24880 12009 29805 15834 22206 18478
18188 22307 8633 7788 3719 3847 6030 29936 15449 5078 11537 2585 4856 9784 14942 29432 13990 12132 7280 7794
14008 16692 13507 25634 12826 8382 13780 2106 20917 6710 9081 10900 4272 7448 18236 701 8028 18948 22183 19879
3086 15815 15037 26247 18736 11397 21750 17134 8116 12851 12977 26414 13558 5159 21572 4774 692 5865 19552 5865
21073 11027 27943 27766 15399 4703 24111 4214 15179 24131 9914 7667 17779 20117 12254 17620 19483 16603 20748 29674
19736 1791 1919 17969 6020 8425 27817 26136 29246 22541 17283 12436 23740 29130 7063 3024 4569 9381 1060 10334
12207 26304 15236 754 28150 24802 27262 23759 3436 8366 16263 27458 13350 26711 23251 3068 2696 5157 25037 7314
17277 9949 11481 11689 22294 27535 10082 4807 21536 13446 23784 16652 5594 14259 6079 29989 16557 1825 29064 28529
13636 27563 17890 9588 9314 25691 118 9029 8498 8866 3740 17174 28154 24121 10464 15914 26656 4472 21892 16699
3521 11017 26905 28018 20929 15139 923 11964 18992 8804 25180 1144 21099 16007 3464 24598 17930 1012 8425 10143
8661 28017 25409 17044 28424 23745 3768 17856 7697 1204 7315 8752 19675 13460 13599 245 3021 28841 10669 13507
16089 1443 21174 20504 12981 11722 11301 7461 5470 29204 17855 10623 1523 17026 25807 18718 4591 4154 768 20771
20706 17705 24300 21858 6576 10741 12543 13227 20052 29001 10595 27567 13034 5174 26912 20710 21199 872 26750 601
1384 28415 7876 11375 4452 16025 8440 9701 10414 23816 23580 8083 4884 24011 28618 22869 29180 27756 11229 2109
15479 20911 18515 21372 16282 23828 12947 11644 29491 23563 25351 18978 20389 2202 10449 3576 9635 9105 768 2368
15898 17679 20161 4187 25044 839 19785 11502 13482 17714 4961 11989 19442 26694 29086 8703 6632 3990 1685 12072
21888 27057 10668 10602 16351 26091 22050 7611 3631 8660 1029 22139 28522 21372 15782 24554 1896 10530 937 13280
24891 21941 13271 1081 18627 25370 12561 13255 17088 20766 25905 14317 4037 16009 28282 12145 29460 18014 25253 12823
24037 29334 4954 1926 2572 15476 11980 1068 25379 7430 1121 16899 25557 28002 11913 29014 6133 8162 24874 26261
5091 17487 16102 6286 4756 20852 18350 23917 536 24353 6319 7599 3244 27708 14180 4502 20211 8764 121 25386
19668 11956 16456 25148 17033 1302 7565 29803 13305 14185 11110 25036 24234 13641 15492 10397 1537 20145 4498 9704
28677 25118 5690 5227 25930 3394 21071 29738 16593 23557 12382 655 10441 8597 26693 13807 27878 22497 12810 5849
24715 15655 22874 16853 16770 4864 22619 12973 26069 9234 9469 12237 25621 1522 9161 10317 19848 16702 20238 19593
6441 4522 16180 25741 4945 25495 26340 7337 18688 18373 7092 3898 6525 13733 8317 6125 26014 23010 28366 15889
28998 5129 23889 25662 26913 28229 8026 27769 16456 20153 16527 9063 4986 16779 7185 29385 29477 25089 3470 26882
19508 4428 1499 23978 22396 14437 12415 22051 20271 25152 12212 17895 27816 5275 3794 10748 29099 14400 3250 15922
23524 1 5587 27836 13823 5000 26989 7694 14607 27261 16843 6520 23032 15830 9012 25023 26107 26125 16616 13967
17903 29327 15185 13969 12874 26018 2585 17548 24101 22899 13787 7342 27521 4780 25872 27119 7556 20860 28384 4149
571 17936 24131 25839 25940 15852 12147 19641 23739 21726 10910 19262 18565 12521 13851 1954 29788 8139 12546 480
13662 19614 27950 3152 20131 29980 12694 17981 29369 6222 18827 29355 25884 3274 16128 4129 24613 14573 9593 9400
1702 23529 12799 26505 14563 5008 28470 728 28873 54 29971 7566 22801 9937 19391 27699 24074 904 15387 24017
11311 11406 27938 23668 5715 24460 9474 20228 6168 23805 11512 5610 3080 2744 1516 26880 9303 26276 3833 21435
14193 14881 14076 15336 8344 4409 7166 27376 16183 22645 3130 12634 20476 7449 13881 8658 18533 14770 27842 4867
16144 15856 8745 12145 11887 20281 24543 9969 17231 22629 11731 2783 8115 17382 23722 28839 11715 15522 20966 6252
3165 7074 6141 13319 11954 21563 25254 3738 17230 3176 26503 2473 1377 27237 21905 27289 6815 5112 24127 3143
1615 11572 7826 12142 16327 22058 10331 8460 24011 27288 24455 20066 13745 25751 18869 18135 9765 18158 14067 9827
10425 17787 21518 5918 3407 21059 10228 5453 1783 21285 15554 10007 9670 2931 3841 14044 26754 10421 3547 25390
429 29640 12923 1324 4490 11327 17476 18428 15698 12920 11894 23211 22220 1307 19942 27719 17909 4479 26418 4861
27649 25475 24970 2852 24797 1079 25596 14471 11770 28460 15658 2665 18705 1923 17720 3430 19204 26893 11655 9314
25955 23315 25830 23478 6999 18905 26050 26858 11640 14358 23158 18632 22131 5817 4143 22801 9481 10587 12926 11492
5146 2826 22717 17665 14388 9134 6045 9959 27499 5629 24448 15573 2415 65 28036 29412 26027 24406 6240 15078
27466 27046 11892 10803 27483 17491 7296 11 29341 21088 27031 12216 5148 27295 16020 28104 13180 16195 25567 29294
12720 4910 27215 14420 16753 19183 7866 7307 11350 28601 18190 11093 26133 9673 10704 16991 28399 13408 4939 11615
3216 18229 16544 2780 8583 149 5791 23370 28803 14334 28010 11543 4065 2170 23309 17712 1480 8995 4860 5834
21242 28510 9748 12238 28832 24027 138 4034 25097 7463 6405 16810 16680 19353 8384 16522 10190 7558 10420 7473
584 14365 14674 12405 2570 23154 3638 8374 18487 4154 17797 13525 5252 18739 11629 8078 29868 7802 2872 2235
3471 26907 7508 11076 25496 6717 21455 16600 22173 19402 13998 4816 13285 3026 28066 25228 14785 371 22385 16277
17282 24194 9863 16347 14916 24757 8409 20011 10908 20593 29247 11948 1932 7788 21415 597 7784 13142 4935 4066
4812 25461 14557 2886 28906 4857 22971 4110 10482 20333 27266 6568 23698 13670 26245 27747 15795 28346 12098 11419
14375 24116 10146 10137 6559 5778 14280 10606 26007 12042 26133 24885 19793 10201 14241 9234 909 4736 13323 23835
12604 28059 15024 16131 23598 5630 21500 21189 11405 15003 2510 23836 352 15265 26986 27792 14127 13663 29176 14359
17477 11907 28615 24615 3511 13184 13839 22955 29023 5844 8350 6747 16846 15763 14181 3776 21186 26468 16265 17352
23289 19230 29900 17748 11003 20261 7824 3121 28877 25868 26967 12356 15033 12936 17374 528 25957 2379 17155 11976
13641 21593 20731 11623 14323 6049 16415 20292 19854 22146 4843 17472 22535 15988 11917 22160 4511 7290 28334 19235
24525 27615 14269 2144 3155 29775 27876 25646 2426 17710 1832 28090 16376 18719 21738 2872 15455 26548 28652 28299
5049 22473 18387 2137 21902 24486 20452 26247 25762 1065 3598 21501 27446 3103 987 14532 14917 12635 14091 16962
7279 5252 13222 8116 6135 24202 915 15931 17050 1235 25202 17965 3013 2285 17838 4157 269 26778 27323 10249
28182 28118 1519 775 8815 9628 7663 8121 7488 20870 9008 28481 3904 26527 17257 26832 25405 12741 6372 21531
6076 27052 13425 16331 17414 24283 11752 24894 22778 20947 15317 26820 28276 12070 26452 4346 19446 18503 29785 21571
29237 24933 6231 14512 14246 9070 3852 9862 3361 11023 11125 29442 7686 29818 26326 27971 16904 21430 14679 17802
6721 2095 6897 14588 17612 24945 3702 19809 10390 22421 10653 7939 11453 17621 20769 20498 23760 17414 28620 19407
3207 29300 22660 17000 13676 15419 4368 9017 17575 9942 14214 2157 28114 25858 13350 10809 6412 29106 21031 19464
4266 9096 10902 8837 28989 28279 19788 8013 20329 2937 7357 22402 12916 28544 3729 15772 9965 27209 11300 2950
785 27609 22726 4833 20213 8730 13136 20813 7637 14077 7884 2903 22770 13721 7563 29445 7452 18341 16920 28775
13158 23785 11586 4931 19495 14040 8716 13310 11319 22788 9612 26954 18831 16184 14617 7915 18061 7444 8544 20039
29783 5137 15467 12311 20755 24792 6155 5921 119 13475 25493 23188 8787 4596 1755 22915 18916 24793 3949 3521
10264 22601 619 6469 28317 19295 19927 23180 14828 26213 28714 15133 7236 11819 27273 4827 13006 6892 15007 5069
23085 27504 20335 27204 23851 6341 7585 8152 13571 412 10216 13602 7411 20172 8862 21275 22664 5615 6826 26418
25620 25799 24541 27113 4305 17682 1207 9383 21608 9702 25295 12409 8813 22312 26353 16275 6829 964 22701 17100
19275 702 23266 14526 22255 26182 6336 8152 2179 6280 2248 9852 3804 11235 3989 6932 268 14935 561 11287
9146 7143 3308 22324 13068 11913 18572 23446 1704 20984 264 1215 14935 24118 25787 5450 3888 11170 14905 16123
26854 28955 2224 21553 26285 14449 27130 27768 14799 20921 27717 4398 3360 8782 25381 10 3694 6680 9910 11117
9105 6572 23576 8309 22935 17819 850 7208 16028 1729 239 20117 11993 23153 14845 27570 21870 10533 16189 16355
15711 26691 2486 9707 8491 26752 6061 6172 1336 8178 2278 24586 24766 2594 15997 20629 710 23340 25409 7810
11538 2925 1575 21983 23186 12824 8881 780 27853 16877 19154 1733 12652 10099 10878 13625 28765 25936 12377 5415
18199 15848 24609 10026 14615 4860 11430 11826 4048 27423 15201 21996 27290 22861 24438 6226 17612 25142 10949 17460
19797 29097 5154 18806 12122 5652 24907 309 325 12615 22983 27826 29620 23866 11198 26221 26658 15405 28654 24949
27392 5136 11644 29271 12365 4444 29570 13645 15054 1825 26088 6523 16094 21737 1560 3377 15183 27727 14926 19150
2973 11680 26673 3547 25124 22927 7904 15334 23159 16236 5334 26770 14432 29973 1897 24644 19389 22623 19805 8425
17 6931 12969 4768 7794 29306 13160 18294 16628 12979 14116 6896 28091 21160 5378 26089 23481 29320 23825 18641
10087 1703 28392 27111 16909 16263 17410 8165 5829 1077 3680 2658 3599 25974 15819 16844 14036 18527 17990 23570
3653 16428 17111 7184 6000 1580 22978 27717 8809 21450 17847 20140 8038 2953 14437 28275 6077 14020 5281 27505
1532 19491 37 3283 5974 25243 2300 17091 11246 17577 25858 438 4187 12955 20305 15016 19531 29247 22377 19147
27436 5220 4099 23956 433 10567 16054 701 8136 18380 11435 29417 3132 1743 12622 6714 18349 17980 24320 3711
2093 23725 2836 16606 26680 3300 10962 27733 29441 9935 26304 8258 18669 3304 6245 14224 2603 28712 17075 15358
14924 8041 23585 9309 2073 7029 7804 9377 23890 11599 29371 15024 15435 9437 13574 19846 3535 4037 9653 1930
24708 13671 10444 17865 12341 16630 1451 9021 8210 2783 20426 4741 26812 20781 27402 25029 22405 5078 28847 13892
1395 21510 6216 18761 11548 27351 10133 8203 18246 21363 12052 2391 14382 2796 22607 1154 15960 6384 16532 26786
17120 27092 27627 4816 6773 19373 2525 7584 28211 1928 16819 27617 18601 9796 4789 13046 12043 3716 16299 12860
18878 9395 26538 2178 20360 5323 28537 4863 22868 9119 6916 17690 29280 18471 5158 10705 18514 2969 17786 19472
27629 20336 17670 18649 23315 25939 10618 18654 29642 22363 5047 26947 1899 5465 11633 15192 24151 21362 15146 22067
28379 3189 10708 8949 9891 2962 25284 11083 9083 9724 10442 22861 12174 15766 24326 28263 570 597 12850 21892
27335 23647 6251 29077 577 6759 9857 27374 4763 6526 21050 17591 2993 2223 21895 23147 26570 17187 12099 18915
13000 9706 8038 28765 23656 29759 14547 28290 11233 23392 14641 13989 22672 18376 14992 14344 1502 29679 5734 5786
9375 25713 16425 20524 17886 10782 6432 10472 26317 258 11791 29967 7078 24647 2127 1724 12692 19069 10473 8046
1387 28054 12982 24065 5961 5852 7169 14932 24384 26401 972 15109 22775 262 3795 25882 18017 23782 29542 8063
129 10057 26360 29850 19797 3166 1146 13430 18089 5824 28810 22745 6053 13036 7861 3960 14051 3320 4495 20312
25286 7418 24803 29797 20917 6090 11957 13301 5259 15655 17905 23691 25482 10792 23665 21024 23661 18579 16632 17799
6354 17881 21705 8350 26694 2081 26501 11139 8619 26013 4518 16527 3582 19105 18491 6404 16741 13607 28938 14685
4115 26674 18620 8911 13285 1475 25655 18990 17511 25210 29823 3795 22262 7112 25010 9477 26548 27674 3587 3026
11995 3022 129 5927 20736 4112 12736 23991 16788 14554 6391 9924 23934 145 25130 3331 4639 15438 9851 29133
5367 26419 133 19105 22484 18041 6252 9245 19118 23798 20184 11611 5254 5884 9667 13131 16282 13353 10667 19380
16851 13132 4724 4688 1902 19927 25492 21 10149 23686 571 27771 12754 26667 25186 27435 26867 21844 6101 26758
17078 14 19735 22096 24330 26565 25104 6591 8787 7735 24191 12581 11913 25451 21909 20792 16114 14646 11638 20931
27908 5730 13106 8657 26716 26675 19861 10042 1658 988 24606 699 16209 11773 23820 5878 17583 5027 26348 11491
11041 24854 1646 11682 20978 22737 17280 21831 28330 19980 12539 8032 7222 3399 28328 11285 12840 2982 17680 21134
8949 14861 29527 11536 17262 23179 21746 3447 12932 13571 6888 22199 29990 2540 18049 17386 2490 16388 20730 16811
13881 5571 17408 29103 17807 15855 2135 1468 18737 14491 28285 6449 19507 20005 16970 13483 27312 11534 22831 7192
10243 24730 19011 25314 1222 24056 18093 11376 4880 26768 27455 9991 6169 10346 1953 23606 7253 25885 29804 11243
14937 10854 3682 11658 17945 5184 14234 17520 2731 20567 6834 4060 488 5157 4765 24619 19821 3278 4774 20991
25678 672 17740 12395 12475 1413 12366 6060 18722 1433 26877 15871 28700 17450 12206 6726 27116 10445 24765 23651
25840 21169 7107 10023 14558 4903 11646 25741 17286 20690 14491 24578 22702 23351 4407 15569 11512 18723 15097 28284
28955 29526 10882 4162 15880 28087 25685 13329 26850 6300 13727 4009 9205 20559 9998 23825 5659 13520 14125 12076
21502 295 29593 9868 24333 16025 28313 5385 7909 25821 25996 6643 7496 6474 4363 8677 19368 26790 11696 19911
11632 25640 2081 13077 27092 23497 21332 15642 7685 27904 2064 20520 13299 18095 8411 26361 26374 9842 16549 17596
15571 22883 835 10687 22614 3275 23381 12920 27750 24782 27228 27108 2636 12368 11231 23921 20068 6357 15296 26956
19439 10450 8562 6632 16871 18692 9059 3453 7886 13663 25100 20405 16291 14638 14150 3936 4910 25453 4759 22445
23825 14426 8431 28583 10469 9577 25515 11590 23328 5242 13234 18431 18794 8179 12159 4608 6935 4417 17853 6955
15580 4197 24079 16116 16033 20644 24493 13963 13851 4757 29417 16325 12005 15531 26018 16945 27285 20791 13416 19155
10829 20330 21243 1522 1373 14989 14197 3910 14871 104 27078 5126 829 14586 8502 13550 254 17971 3858 12474
9242 23463 27434 14034 9992 2115 611 22539 6037 20646 5017 16162 4430 3188 12157 28839 1473 2821 22777 8925
13194 2144 13539 8960 11077 28923 15842 6317 11072 9249 16102 5057 29581 27352 10990 23660 493 25527 23835 784
12434 19508 15340 2114 1013 28186 3820 18528 20500 14008 5631 22911 16494 22328 28631 15388 27099 16262 12465 15128
4210 19273 6932 878 29446 18459 23578 4936 22375 755 24760 24487 19537 24632 4478 9853 21458 13030 18534 12058
28757 934 14844 14752 4056 4469 21400 1321 17427 15197 26268 25321 15168 18360 836 10050 27962 19181 10245 2102
6267 22134 24448 17417 21070 12226 29267 18924 22396 11700 27500 15231 21613 20200 9000 7290 5599 668 22129 7445
4694 1677 1973 21052 6669 20407 17573 10233 3430 22346 26885 11804 13216 15003 8827 16458 13952 21251 26754 15539
17694 23985 6238 5778 27557 14092 4196 14237 26090 463 1310 26409 13089 23717 15475 17374 17051 26231 25687 4720
28548 24809 25938 18441 29504 20311 21819 17655 26774 3639 27629 21599 29279 5540 15788 3727 5060 9570 17007 18711
14364 8355 18533 27628 18186 7697 3653 17338 28450 24851 1002 10783 10023 4817 22294 20771 14631 14568 22564 5710
26996 8784 6439 23818 18465 130 23634 10719 24005 7939 11662 13670 1705 21781 16161 23857 22270 16136 938 5904
1356 27308 9296 25571 19140 13360 17665 12310 27928 27668 6347 27007 16295 3463 1796 26463 11021 13957 6133 13396
11949 2408 8860 26013 16771 4468 22989 22594 26210 8342 25869 26211 14457 18950 19577 29335 18084 4914 10092 12690
8422 3688 28334 28367 16022 14544 25001 27822 7064 27612 2235 13541 7976 13618 19525 19097 12858 18851 25894 15474
9917 3978 24330 7866 19912 29466 20217 24624 11977 6412 16805 16207 1618 29368 5339 4996 5893 21670 10047 21546
9616 21809 11141 5819 652 2917 8129 20446 14148 13710 27075 24865 7565 424 5860 11723 26803 29960 25740 3250
14723 7950 14465 14091 13321 15610 19970 27184 9882 25544 21378 13045 29277 14507 12531 9010 18341 22754 25857 23054
10838 10399 17683 25570 17143 19718 25816 25075 23666 18123 613 225 16852 21313 443 2139 14986 10295 20833 21203
681 8455 22674 16773 19549 28286 16167 21010 23822 4681 20667 7901 8700 7669 19845 28835 15155 23938 22417 14569
11558 20156 302 6819 19753 7467 17023 23712 9668 3046 12254 29605 9926 26724 9651 8410 29214 14016 29911 23862
17610 325 12606 16208 246 20834 9708 21003 4085 17473 27108 13706 21316 782 29903 12046 26572 13352 24159 12588
14424 12465 29751 25544 15006 23127 24527 23288 7294 20387 7158 23008 6689 3891 20944 20486 5454 16277 5985 1682
16680 25977 15556 28740 1195 7917 19584 19034 23321 14524 8000 11162 23382 5762 29725 11331 29823 26297 24426 28629
13429 14901 29300 6676 24187 22774 14352 18771 10308 25664 16794 21524 18419 25571 9387 18285 13278 2359 9680 8072
1219 12384 24215 6868 22871 6688 23954 5508 28442 2103 22395 3119 613 6489 6388 11617 635 20168 20567 16410
11520 11229 14546 1451 12616 4446 4767 10385 24717 1610 23084 23850 2287 22008 5387 28675 4382 4892 18111 23469
2398 24389 18919 20603 148 21369 13490 17188 8389 12953 18766 12959 742 6455 10192 25146 3854 17981 4624 27549
3104 9938 1559 9810 26131 16270 3592 8987 4194 15795 29452 2486 4726 22191 28826 22687 17259 14229 3883 13613
8080 27520 21348 17261 15274 13345 6530 13447 20597 17465 11072 16002 22350 3983 22640 27186 26697 17326 13161 28437
23074 10491 12378 18187 4116 2438 14853 20618 6517 6877 1627 5793 22838 4987 16160 1362 14158 22899 29131 15885
25411 18857 23144 5317 6769 9610 10054 29705 1159 9668 13937 2132 19104 2796 5458 18151 839 25973 28500 16357
12275 12409 7679 28824 9940 25528 18950 13226 3545 7185 6812 28913 14808 29220 5836 2716 26463 20089 9409 16406
13199 20074 24749 25226 23172 21812 15259 11409 17555 26600 18018 11303 29090 1661 26112 9185 24452 8228 26085 17825
23123 17389 948 7127 25382 15070 8195 29761 21498 29544 17904 25324 7982 25141 26384 14125 10629 10779 29470 21008
12749 26695 22709 26220 21181 18843 10339 7699 1013 15767 22068 19592 14067 2754 7589 8694 24015 15371 7280 8984
4468 11785 16568 7292 13636 6590 702 27 21792 17578 2851 21259 19665 3527 10915 3688 4347 27467 19818 2039
23292 7441 8392 1324 14005 2091 21129 200 18067 19341 29852 18314 17383 27682 27961 21594 2578 21880 20735 6249
23821 19899 29008 14730 1002 28369 12586 17206 1123 12313 19276 15839 11229 2330 2116 29857 21707 14441 3800 9337
27845 24328 19937 13563 27850 25544 25723 29109 16743 3634 18754 8791 788 1690 29889 15768 6359 19078 17297 17099
12235 24373 11297 7174 25014 19300 21231 27332 8270 13508 27334 6519 8624 15181 10346 14688 4399 12684 28791 28986
22803 7411 24878 11789 22919 26413 23210 28911 19483 23907 18732 13071 15348 17476 6826 23258 4831 5867 4165 13171
5748 21921 9206 3736 27059 13115 20235 10858 2203 9685 10144 10162 17415 5232 20664 28425 18786 13128 27723 24249
14805 7090 18927 27646 19728 20694 9525 28961 10461 20911 22276 28129 25347 1951 11298 6946 14449 493 20928 9122
23024 22626 29717 17326 23895 10779 26642 3313 7493 9972 19788 25865 10339 12952 7047 23479 22540 10991 29741 20268
14385 17803 6272 5824 16343 13422 5891 18218 9342 20316 25918 22884 26153 5546 7956 17401 3712 13654 9339 10655
16266 13504 13736 18515 3562 29245 20861 17598 1389 22255 3912 20246 4548 25452 14581 4260 28138 15703 15209 24520
24604 11774 10815 14845 28477 27341 25228 9040 12857 5512 14678 29088 27271 19646 12269 17930 12572 4161 15133 14141
17632 18563 28592 25941 26982 19552 15234 18622 29192 11301 11333 18187 396 27476 9754 12423 5736 22194 13093 19932
1770 2543 29565 22560 17059 10474 7552 20429 9812 2174 13171 24934 1155 11153 24035 27229 2156 29545 7513 8603
16583 1816 25711 20174 1305 12333 15562 13334 9402 29266 19207 11318 11481 23090 6585 25416 16054 5705 333 17396
15958 6302 10116 8779 26400 13096 26646 1550 19573 22064 8322 22490 17716 22141 28934 6877 7923 29949 26461 22244
7449 22554 17827 13510 12926 27459 26307 17324 13821 22406 17958 3187 29889 14340 2803 3319 24589 9261 12008 12356
29317 20410 25354 23183 29308 17849 27582 9119 9015 2709 4868 29174 27356 9622 24438 13200 26014 29893 3383 21184
17621 18594 19563 21799 9836 11875 4544 9183 21224 759 12203 26502 28981 2362 10275 8568 22298 6933 8702 3781
1729 10402 27986 14959 3280 23449 28691 21977 22829 21916 15994 17213 23509 379 22510 4166 23070 13635 10958 6205
6900 26730 14028 4076 29062 18394 20178 27540 6903 14592 22172 16414 21400 7052 14835 24328 17023 27620 3725 25012
18891 5861 19799 12791 4223 8276 14204 19105 9375 28203 9633 19678 24504 12664 5320 480 8108 17264 13947 20259
19118 13080 25429 27058 25977 18208 20058 891 6392 28858 21871 14399 16999 22871 21114 14248 15125 15537 10294 25165
15625 18993 5665 1462 16722 4599 18287 16022 25177 19749 10279 25446 11101 12371 17306 9916 12011 23931 15883 574
17104 22435 27509 16842 436 15915 10060 12559 4887 20773 7302 28065 16417 20836 447 22043 18417 2526 11617 3552
25939 18145 5352 11032 29840 28901 19978 12415 23935 18344 2039 12291 8815 21879 7050 7141 16014 6000 15372 8493
13508 15145 4184 15753 713 388 2890 19980 9382 16272 134 5398 27519 19336 519 12092 29832 19608 25713 28861
7336 25015 19882 18467 22508 7309 18058 25986 20919 25250 23072 14907 10286 16805 16880 19673 6559 11760 21779 29355
1047 29035 8140 23983 6173 17718 22678 3219 760 12588 782 10021 26798 12423 12826 2485 25343 7920 13013 28082
18779 8969 24033 26665 23859 199 22393 23152 8387 1650 28455 16044 20119 9390 14111 13605 26526 20465 20317 5005
10875 9140 28507 1224 22341 28005 14716 6498 18635 28053 14100 12838 7701 8024 10752 19909 9077 16045 20730 28407
26247 25885 27118 2491 2101 26207 7299 17430 14866 29416 15951 28203 9183 23004 221 10452 16793 12483 3408 29663
9359 6753 18621 10494 8526 27230 2571 28986 1679 22558 13583 5221 3644 1407 15808 6693 15352 15007 7264 14220
152 8333 21165 18135 7788 21971 10758 15984 23864 21511 7410 28640 23310 15890 26756 4045 14632 2805 15186 6560
6985 12482 8040 13174 25811 27974 9919 7680 14132 14646 13076 7273 15453 17360 4599 16571 9535 8546 19266 21104
23458 10802 6174 24150 4535 29814 7572 8935 28886 20201 12682 13733 19100 9950 29187 9028 20531 9654 11588 23110
7633 3365 7795 8464 17928 29587 16046 21803 10676 5813 2886 8551 2558 23272 17855 26385 10665 24503 20349 22626
11745 24521 1908 20466 16271 8341 7503 26433 27852 15437 19416 17712 25684 1928 8442 25082 29982 29121 22984 756
20285 23856 10334 14198 4761 9513 2747 20581 7809 13096 24918 11670 6648 1415 20746 16669 15934 12154 26890 6961
11265 1007 11836 10316 18773 23981 26280 10950 9182 13894 11802 5169 18391 3107 20933 8601 21749 21325 2490 4918
29547 5994 8232 21708 22953 21915 12066 20148 2876 8155 20596 23516 4328 346 4181 4758 21013 22353 23944 24598
1145 9070 24425 25821 10859 17881 17594 13413 14136 24581 15403 3845 4352 5733 11817 5239 8084 20616 28702 11786
7304 3306 28416 1067 16940 10434 16154 28228 10059 14537 5752 714 14229 18729 22086 2038 15285 7882 13558 12554
17055 2702 29868 1593 23210 6121 19946 28268 13169 13632 25029 19453 5064 7035 5220 25922 14623 27047 17919 8181
23967 3957 16965 8423 25536 24978 23441 21647 11324 4158 26739 29575 27257 23613 25705 26756 359 23463 22850 15745
27484 22311 18201 11307 18340 1282 22606 13245 28078 10854 4995 5200 13413 17598 16751 3441 6926 16155 10854 22018
13089 10436 13208 21915 358 6242 7631 19509 30 8857 796 25842 13047 9554 23051 14810 29686 29519 3905 8418
9565 10533 12701 13678 6751 19299 13587 9110 16109 24720 29546 3051 3016 679 9681 29219 22825 26940 20640 22849
20899 8914 16572 26608 14263 17865 23586 10106 14189 27778 6819 15969 27772 16857 26279 5532 10339 9222 1021 21425
28146 20395 12182 16196 16647 11050 12931 12674 23594 14153 10238 28266 4874 13100 26185 22069 5884 29161 12186 4707
2945 26687 27688 8428 12034 21498 26076 10276 494 2600 8764 24351 4864 27468 16963 3766 13418 28668 25483 13058
12769 29748 8133 2210 2852 17175 2174 11769 29498 19828 12193 13860 23409 27325 91 23691 8041 25599 5210 21056
13491 26704 12440 12693 17355 17906 2854 22326 20244 5583 18948 5121 7199 12507 4899 8701 15871 22010 29187 657
18564 21604 20460 10546 14982 6109 863 20163 2723 21793 16561 29556 25408 17452 27346 25170 25643 3531 4153 1995
2368 10059 8188 6308 9446 14757 19283 28405 7348 24801 18738 29301 10212 3858 25004 9376 22941 28432 19905 7586
29344 6341 16372 2611 25234 27072 6720 1018 889 18482 26175 2341 3863 24990 8620 21842 19822 10234 25954 17207
22123 19326 25487 2609 3851 5841 13367 24249 22550 26998 5721 4342 6911 357 3432 2139 19686 20640 6778 25841
19122 19222 15027 9426 12602 15260 29493 15155 17065 7768 2145 28470 16039 20214 22358 3300 18507 12887 20905 18138
28090 13684 25727 22033 17887 15499 20240 21208 17661 13144 24441 12851 8938 18307 22842 6876 13632 26525 5753 22430
21388 21220 21441 8681 26430 16200 22828 4015 2451 6549 4478 7504 25741 8803 2564 13065 4601 4209 19143 17435
8758 29414 1324 22021 19297 16345 14186 24579 9535 19436 13289 17656 1034 10604 7806 25278 14583 14797 4430 12914
4613 1794 23563 9244 12143 17565 11304 4331 24154 50 27684 4543 26408 25373 27279 2216 9983 10216 1666 20945
23205 14115 13717 28908 21446 7873 2698 19177 8289 27032 23647 4206 15348 20592 16840 28287 6284 10060 13702 4896
26702 17737 26606 15837 14535 10016 8323 1063 682 21970 12023 22507 3211 16314 4837 24310 15174 9240 12204 10315
3743 1064 14440 15188 13082 24955 13864 28210 11088 12951 1585 26502 28382 15569 25559 23109 26157 21732 20332 8319
18250 24040 25067 9514 19487 11018 9035 17480 7659 28851 19689 19264 24734 26893 15326 12524 14978 23595 5646 20558
8794 27238 4285 10731 7095 15757 23497 1804 28469 15830 23735 22080 5345 10190 18230 25134 5696 12469 15172 8991
3681 24231 14750 22959 22909 17777 17307 7808 460 14450 133 13959 17162 1920 27106 12298 3169 15560 24874 2754
5133 8886 18867 27168 28737 21965 24422 18068 1992 7247 12051 3431 10563 4967 3902 10613 8170 18624 25511 26522
15080 21436 7866 4131 3846 24664 26777 539 1799 27881 4529 17585 20571 8657 27908 6110 22842 7086 25925 6645
18360 9471 28857 3047 9982 157 12855 4660 6096 21837 13322 29619 8674 17032 17202 6636 24625 23264 11158 6638
12447 21892 8959 8199 5135 11558 7981 1007 2711 15450 6645 15480 15568 6312 12729 17732 1253 29472 23070 9587
12533 10283 3232 3323 27716 8809 6766 6364 14083 22537 24813 17061 7912 14784 24814 17026 29308 21469 1003 13865
17155 17619 12739 25981 27707 5710 17751 5344 7849 13809 23366 29316 20551 419 11440 19955 29932 13539 25178 7197
3654 8989 7389 9926 15449 7360 6444 13271 26625 22528 4755 3474 10794 12447 29747 17757 9165 10784 17354 14573
12963 20804 3575 26399 27810 26155 9027 10067 2883 6141 12919 11183 13374 27244 11148 6374 5752 24995 16374 5634
24068 8862 13998 7615 5951 5948 2952 22113 2026 3387 14288 18572 22332 657 4899 19326 11608 24122 20689 15024
7344 11028 8681 12486 14758 23346 10096 20263 25905 13481 4142 26232 6163 22572 21762 18856 28776 4883 29230 7082
29094 28392 21106 15259 8881 1358 23638 6136 12137 6650 5268 10384 4897 28415 20052 22413 2909 29483 20127 20156
29453 18054 14777 17492 15798 18664 10117 20857 19437 26250 20969 18153 4539 17975 12200 20818 19151 10087 1372 29713
3258 10662 16085 21132 23900 3987 26251 3990 487 23401 18538 127 26889 20588 525 4088 11084 21793 23744 18074
25273 8174 15458 8707 12422 10203 19896 1010 1133 3103 25976 12662 558 19603 17288 6738 19408 10201 19 14024
25965 22457 26549 6123 19086 20379 27240 4071 12255 11004 20260 18845 27244 410 16587 18804 2230 9337 15332 23347
7455 12527 13783 8843 14602 19649 26792 19541 29354 9284 27420 15058 5765 12441 8334 15018 26231 7322 26981 3907
17711 7874 10381 17668 23232 29224 27435 14425 23257 26861 9903 20545 16618 15070 24158 9752 4242 9118 15107 17539
9726 26453 25266 4235 8473 18614 12233 10921 9068 23101 25311 3859 4636 23138 27514 4396 22422 16326 29887 4164
2554 24879 4703 13922 21413 25661 23558 23764 26189 29335 25874 15662 8347 9538 22756 10176 24782 26146 1296 4833
5864 26766 4961 15712 18382 8930 24624 29450 25493 25932 20216 21921 7171 4632 3816 27236 29822 26510 13861 25200
22331 23556 21814 9179 4115 29438 4760 16353 19555 28893 17430 18368 15857 17941 11715 12672 4309 6917 11204 191
8601 28306 26046 14671 7909 11457 17695 24917 8266 6149 17367 23043 27733 19951 28205 29346 27539 4899 26139 21326
15781 25071 18665 22464 22701 29868 29622 15083 15883 25348 2613 9325 23309 26689 10046 1162 20755 16583 9612 22422
8009 2719 17620 19800 21649 3530 12214 2358 7029 6867 25014 19012 25359 15389 20 22873 28318 20872 1846 29900
29997 3900 5526 26243 10715 25191 15257 26462 4571 26085 20515 11337 12023 16470 13149 23135 14352 17092 10010 2398
25848 3315 26143 10913 19554 2105 28824 3326 25875 17234 17787 11649 26211 11124 19452 993 15371 13978 26824 27317
20694 18826 14659 9748 20413 22757 8155 20288 14022 8951 28719 1992 6547 15935 22692 16793 24186 22417 13370 15540
18784 5767 12249 23770 29818 5402 15222 9087 7074 3986 3289 14994 4478 24221 2374 4844 13148 13486 4014 24694
6884 7865 2880 23997 24140 17882 25608 852 4305 16669 958 25976 8215 17936 1608 817 17865 22192 27879 4942
23933 17179 4899 10277 5769 10999 25196 27418 5176 24615 8660 5575 16135 12870 11352 4988 21154 12126 19645 29884
29235 2609 3863 15193 24783 25506 25566 5225 16205 7058 18142 27309 12697 21554 20319 5075 24825 12210 11487 15591
10061 25122 15545 4653 18989 13819 8616 6655 12951 2387 21378 26472 25966 5098 7381 11118 3562 11613 14783 1705
22692 12628 9254 22106 25191 8965 22619 16144 29702 2828 26668 25464 23301 29910 4581 19125 14271 17983 24660 25486
4867 2270 26539 14069 25436 27398 25546 8986 23561 25876 27691 994 22690 5300 24313 18455 27618 12353 25453 18010
24003 29041 2183 10843 13903 9137 24164 25012 13673 18417 12134 6007 7864 10068 25929 23322 4343 28590 5634 23120
18692 5266 17178 3724 9428 12171 13839 2382 7628 1678 5628 23463 10352 23442 16408 25309 7737 12934 26878 9
1376 2676 3463 26018 27420 11043 114 16636 145 1050 12296 15765 1361 20958 20434 11446 10249 28533 6999 18317
14773 15057 12001 25030 18916 7121 11900 10393 10200 22646 8975 16391 2655 19616 21527 21645 7596 27678 7081 24661
24435 16862 20928 9039 10511 27897 28242 5019 982 7663 28349 5995 24604 22319 11891 2483 8561 16648 14499 8928
17998 790 16541 28118 3102 26897 17203 29076 6105 23280 14375 22097 11563 13083 24543 25312 26516 4929 2112 15368
13954 16603 12042 2716 1238 29231 20990 21818 7310 21543 15928 18787 10740 2370 23001 13658 27781 20210 28274 1451
24706 9674 6118 23288 4489 1894 24131 15445 16145 18029 9508 8183 7842 4425 11447 4414 14828 15585 7001 23106
19229 11403 24668 28021 17450 13339 10271 14556 5036 8077 2965 24501 779 19990 20862 3631 23225 357 2423 9552
20961 6477 5972 10115 19781 8288 11611 1604 12728 2816 20596 2863 4521 25376 18385 25568 23968 28165 6806 2692
25728 6022 3140 20508 3437 14829 15320 28517 28857 9737 16590 11043 20086 7512 22174 20699 2560 26959 7839 6341
27720 10999 20640 27752 949 14031 23468 10325 6858 8071 18009 4174 9890 11539 11638 1404 12696 3589 4207 19375
1856 25432 24134 15475 1757 23610 11617 26446 13284 19838 18515 28397 24498 15064 7851 5206 26218 17720 19945 444
27815 27030 18770 5205 9036 4405 29273 18854 9484 6660 4334 18947 23235 20733 17087 5097 21481 26179 27437 11995
17745 7445 21136 29892 19912 9324 22340 23376 8041 27882 1008 25859 23174 9869 29996 14159 26215 29002 13351 24990
9536 18310 24687 18318 6824 4491 9859 12621 25939 20617 19407 29998 4561 10464 16113 24087 29258 3031 22490 7395
707 8584 6667 17553 16924 17068 7903 18800 17494 26368 7099 16924 11856 3824 19645 13817 27969 2483 12877 1182
11493 8221 21835 12066 9481 14186 11812 1024 5687 29137 22787 27300 2542 18773 9892 15902 14858 20317 14758 1790
13327 25501 13798 4825 26441 29808 2699 29392 27707 25301 27787 10759 18937 25258 1347 27732 7616 394 11120 28929
14331 13929 6778 27411 691 16141 20350 11082 6897 13973 15035 11482 26708 21502 29313 23219 26065 6905 29011 28125
14139 19088 8031 10171 19433 24947 8848 28953 14324 29947 9845 960 8192 5854 25354 18617 25594 24171 9442 17233
15680 5219 22529 10544 490 18424 20608 14981 14466 1439 28743 12373 9881 25755 2254 28971 10951 14340 16726 26265
8404 15944 28945 26007 6005 8661 5454 7862 19070 19998 28375 11261 28145 23366 21393 28452 1406 29120 21999 27327
21677 17876 11551 9115 15347 11209 20954 19758 10897 3441 2352 20871 14666 27202 12998 25424 26328 9842 4247 24043
16259 14433 12759 29924 12746 29880 24378 23486 15839 11424 13960 13551 13875 13759 7589 20507 21224 7711 22251 7622
25363 8871 6951 5204 28334 27818 27858 18980 20877 24019 26516 7965 12738 8008 18906 6867 1833 1667 22098 3399
4827 28587 4923 19449 12852 12438 12149 9896 7084 27176 19842 9177 28638 3171 8023 3619 18807 13244 9943 19350
1794 11200 194 27616 14350 25780 29947 12288 10260 24552 1160 7442 22277 29625 16969 13230 24506 22505 22652 24005
8586 13384 18523 23935 2961 25801 22963 21352 27125 27046 27484 5313 5881 14279 22984 266 25493 25572 2386 3691
23725 23038 21630 9489 27461 13716 27189 2600 7305 7434 23506 14674 3184 13047 4213 11149 1953 25859 22121 821
21114 15908 23601 26792 29009 24212 3120 20284 24235 15740 23421 14611 11277 10625 8727 1868 2870 26302 12179 201
25649 2779 27713 7551 21327 22940 15670 18005 1796 19936 249 10480 7174 8235 12956 14411 22307 6839 13193 26636
7056 3950 2880 17465 22742 18227 13935 1905 18212 22122 15562 3020 1946 4846 4490 22783 29754 20141 18811 12421
216 26658 8964 24287 16456 2326 23893 5542 27248 12358 2581 27630 24704 21554 2220 23188 28015 10549 16647 7135
8452 19497 16344 16606 12950 5630 18899 11600 9367 26770 16005 9512 3415 12479 26742 22603 1422 12286 9774 16963
18939 11693 27877 8289 2827 9092 20800 28462 17777 3932 921 18079 29350 9686 25472 10888 25309 8589 23868 19917
16780 3950 6353 26487 18997 18229 29308 5183 14582 10427 18489 5670 22052 22143 724 7181 930 28126 17929 14424
29805 18175 23888 20538 2949 17724 12005 29812 690 22846 9186 28148 3544 14355 12309 24333 10176 469 24289 15113
5442 26334 17749 28216 19063 1204 14752 1980 15316 703 10535 13185 13053 1427 5511 5056 7639 8307 5899 29728
843 22585 10600 2266 20871 23849 8084 21063 19578 9793 22963 26974 936 19198 12046 20094 27733 13638 24388 7963
8053 29567 22630 7020 17661 2846 3527 10375 10324 2359 14506 24069 6447 28125 5217 14628 9028 9336 8066 23110
22985 24024 9594 29698 12606 5451 11092 28820 24845 13797 5992 15406 13128 11890 20638 803 7204 24035 29979 29371
19521 9977 9606 27648 8 23282 6435 10591 19371 2733 25761 7795 4954 27139 28302 20967 17209 9782 19789 27593
29677 19459 16388 8529 22901 13896 18954 15822 10017 5967 3162 15916 29906 25929 4066 21681 3768 27078 7284 1744
26429 20223 12280 9185 16031 9159 9727 26994 5172 2388 6408 10248 22210 21923 26934 12028 19953 2642 26890 15863
21369 20882 3178 15625 12363 10843 26471 27209 2156 7559 17084 6839 9591 12204 6464 4984 24040 7322 8248 25447
8823 7529 17933 13002 29151 26112 19763 16581 12431 23082 25000 2268 1264 22878 12284 11737 23820 6466 23026 22591
10155 20931 18368 2577 23910 24114 1088 15829 1294 27147 15040 20687 1058 6073 3227 8297 19166 2673 22935 7863
834 13643 15917 13623 5986 4506 6117 29347 27150 15169 27160 26509 9130 9185 26238 8865 23375 13751 26261 9535
16408 18753 27910 3862 11296 7208 23824 4859 18551 4108 16948 14283 2003 13532 15673 9884 14054 14743 16232 7359
9020 19652 4013 5697 13136 17609 517 24302 24968 26509 23109 10946 27793 19649 16809 17575 17808 16479 23792 8874
11302 20956 11723 6318 5872 7183 14539 3158 15231 25933 19831 6336 20934 4255 6094 21734 446 17214 25823 21058
8749 17404 5027 11917 14659 18315 6043 8405 9126 14917 29353 23951 5132 29800 21557 2460 13190 340 16147 12845
18343 21796 29573 11266 15609 29358 775 19643 23307 22428 5985 85 3625 10343 4844 14596 19887 25960 3590 17276
5004 7748 15134 12502 5894 22770 10522 11610 28111 24267 2864 6535 15968 5427 4987 17965 12985 29834 15073 14199
6747 7866 3228 592 18215 1261 27406 26499 2906 17914 8770 21223 17173 14573 17731 430 15966 15555 17556 21980
16570 2584 9773 4796 14846 28455 14195 15183 21714 10101 28167 19955 15363 22744 7860 25343 17600 4504 21932 5808
20655 8171 12397 21978 7009 29802 2415 14177 12118 14168 18830 27569 2008 12566 9615 20775 22992 487 19861 24725
18756 7838 15927 26492 22930 13452 508 13774 14652 12692 13531 21534 6338 10653 6504 23325 158 16674 25040 14568
16087 7948 9839 4461 12664 6573 17557 25764 11016 10913 26537 29625 29134 19958 26194 13741 19379 152 13254 51
2574 10743 12198 27363 15894 19796 21526 8913 17015 28110 22237 27940 4347 1383 7502 22376 21096 11075 2842 10459
25995 26479 22653 8781 4719 12254 12419 27547 6243 28743 2233 14846 26933 5191 7268 3226 5129 18707 20455 15471
18835 8526 28981 11207 16887 6952 18215 27991 8180 7335 19756 9814 26410 18624 12005 22297 28714 3392 15656 2650
4176 16836 25506 1147 4875 14708 19563 11585 4687 23607 389 19679 28965 2887 15344 1907 26632 24334 19254 29286
18462 11487 3174 455 17500 21990 19948 453 12836 12736 11394 25866 2408 6860 25297 21042 5832 27806 17453 6153
4957 12793 19786 619 22582 2712 21011 27542 8436 6981 27405 4844 10309 11171 19036 18987 26471 16602 23448 24891
10690 4689 14884 2877 19836 1597 18013 20616 9718 25975 21894 27599 19936 21632 25883 29850 27713 17518 12250 21724
13645 16203 20708 9637 26849 8821 3384 17652 20321 1759 26365 19571 10277 25559 10216 15774 11277 13229 6440 25939
24571 26777 3878 24421 14586 29718 7279 9249 15129 19272 8600 26805 28267 8610 26414 10866 2615 392 12858 22516
5496 3127 1192 1357 9759 5500 25180 2225 3680 26958 29467 12609 24461 881 24874 8084 12032 19380 2122 22668
4153 3856 6897 1244 18771 28230 25414 24906 4087 7154 20003 3895 9667 651 12451 26800 26961 2124 25403 1533
3 5055 23524 26220 18961 4256 13964 8664 11839 25057 11233 29694 3056 7776 3670 5690 1345 6205 10405 21308
13560 19209 1900 18464 6998 22874 26816 10708 773 26428 10474 27900 13900 16348 1117 16470 18317 29990 5356 1419
23007 26297 5462 12682 4189 14121 5592 24451 19181 23181 7818 6933 22478 26426 26267 17499 24834 17923 20831 12029
22804 28922 11720 6431 2119 28000 12477 1712 16809 25837 24702 9924 17833 8897 2513 14817 11748 8693 20579 18270
15443 11544 23181 7478 1570 12189 10747 11780 4454 23959 13484 17255 3349 27584 12836 15364 14098 15071 16260 24125
26833 23034 8543 21107 459 27029 5827 10366 10682 19890 29096 3594 15618 21491 24571 26234 29663 24517 6606 29776
10085 21722 26457 7939 17215 27092 20132 732 26581 23035 15066 28924 4748 18744 6377 6202 3100 15073 17624 26567
2289 25992 23293 9586 29451 10040 7546 6898 17118 18899 22770 2384 11547 8481 11182 8301 19835 4924 25514 14559
28199 5815 29101 18506 17553 12371 6320 1247 26723 10173 29613 12777 2565 27710 2737 24094 17341 26649 9206 22913
15319 26989 24215 5577 28427 12101 21296 2307 4096 3171 1461 27472 12508 21479 11036 14936 27805 12336 7807 28597
28012 12456 23981 18531 29058 26492 6262 29676 25186 570 26748 24012 15039 9569 28762 622 10346 7990 2603 26096
811 15475 14264 17370 14790 8461 611 24582 2206 8431 3252 23293 16442 20668 23450 6463 6069 7060 20831 23622
5964 27055 24693 21617 27151 18083 28868 21320 11885 20365 27076 22624 12804 10151 26596 1281 17749 9587 6427 26203
5332 22640 27578 8690 6649 4603 20220 3361 21765 27633 16799 10665 27943 19445 81 29021 2572 24286 7828 1910
15766 18024 10513 4505 18110 12131 19106 28533 19085 20932 25085 10128 28349 20150 21688 23361 19228 15886 29653 16126
24265 10347 11578 22535 11546 27846 28030 23088 9535 1311 27055 11607 14054 12266 2284 9799 14361 6163 18384 26266
5108 10836 7015 5015 24602 20229 1049 10047 17972 17240 25333 28302 25278 23949 27201 28925 12282 23263 16021 18307
13927 11330 15316 24776 10018 16934 23411 879 13355 27206 10686 21505 13227 6201 12025 19339 5370 23706 28171 21924
9745 19068 28764 21491 14672 2114 23313 2852 517 9574 5783 28988 18017 1745 18397 16700 16015 26359 4091 17927
17341 4841 8820 4673 18111 6108 3793 6547 17800 24083 17733 26620 29743 10713 6224 3783 15811 7434 11094 2747
28142 5044 8925 29609 3765 5871 5598 22852 6580 5793 22869 19528 58 2055 22010 691 20129 26377 1186 7697
21182 17608 14857 21602 22779 26807 22486 6954 21126 10834 28690 14840 14609 19954 29005 17159 5969 12279 16293 26726
8643 4874 686 14048 7023 26686 20707 27655 2947 14850 10414 22904 846 5921 2581 12510 1256 29482 22645 17151
2579 10026 5016 12563 9961 7826 28579 3131 5560 13759 6957 4672 7026 5987 13755 11757 20765 6785 15579 11958
3918 7678 6615 2607 9738 3449 7169 19626 12263 20319 28152 25741 24426 11763 2924 3508 26189 18376 14060 27730
4488 13567 19403 18047 6091 16935 8895 13402 24393 17859 21562 21154 29791 101 6308 25175 18525 28635 18561 11679
12279 13449 28792 13398 13717 339 311 8307 14773 24042 655 28441 18966 8480 17538 1440 27626 22951 5018 19623
13393 22651 11412 16227 17986 25819 2942 18177 26574 8509 979 15292 15638 25846 16502 5107 5351 29675 204 15613
12170 4966 25073 25463 23460 2262 13072 26429 6792 8470 764 22243 26259 26719 26550 11445 29078 10838 28715 8363
28318 5149 9071 3996 4266 19389 8787 4599 4951 5857 10960 20309 13795 26760 22930 28971 24242 1384 5623 4486
8851 10495 13041 9658 28457 7293 14105 26229 23719 28325 9465 22007 23725 11641 4511 2874 9601 4457 16609 1463
11018 5534 5767 6848 23047 27998 355 11785 8967 22831 10579 2727 26582 1965 29993 12569 21128 26176 26343 28898
21170 14316 3508 9986 11924 19127 19339 8857 23277 14784 3559 22668 19811 12007 15615 27345 2804 9873 24251 24415
29255 13023 12277 29033 7741 21762 5342 22234 24340 888 26760 26014 16430 1659 1482 14385 18627 21327 8434 23013
2263 11332 15243 25357 21830 21596 14089 5865 25471 6585 10181 11052 20044 24728 15122 17630 4981 22215 13436 25151
4400 21356 10102 20403 16987 25895 8481 6709 21884 1946 3954 25216 21669 14357 23884 20911 5694 6487 11537 9592
16095 662 18137 19360 9916 4855 4437 14637 21967 18647 12000 9315 21755 1514 26270 7862 17436 25325 14226 21341
11136 13317 24588 11476 8191 1183 1538 16139 1857 13741 1373 17200 21551 24450 26608 20450 19014 4210 29249 16460
11830 27736 1222 14191 13043 22632 26220 3677 8444 17663 1394 28810 4293 26285 6482 11405 6908 3783 21995 6593
19382 29959 23440 6327 23333 6556 22388 9620 20951 25619 20688 20496 27095 8587 23990 19062 17316 462 16178 26798
9778 3330 22342 7027 8567 27758 23306 11228 16345 11405 15860 26341 10569 6585 1635 19557 9280 27810 23310 13561
19664 736 23570 10056 3636 15148 10663 15608 287 18746 10305 23931 2732 12117 20120 27670 16730 12192 28689 24227
15395 1722 6577 27249 9737 15050 12920 17746 17084 21759 23939 23816 20142 14479 12992 10332 19490 23380 20019 3858
8090 11133 8821 6982 27446 18728 20613 21407 16960 24383 21914 20085 22400 21233 9907 6358 8074 17686 17883 13957
16686 12028 277 28642 13115 25777 22643 18784 14918 26541 10129 21767 10031 8734 1608 8571 19617 14087 7891 28638
26721 22719 6851 2111 18933 845 26868 503 21481 22053 18846 12087 4841 21421 4605 28337 28719 23968 7802 29826
20372 3320 6336 13798 25673 11926 969 29567 22457 25492 26917 12010 16341 11241 4177 1434 18003 15094 935 28089
26922 8259 5571 5711 25554 26767 19804 18214 27103 13248 5290 6217 24790 18758 393 15311 2227 19219 22328 12814
11938 17329 8919 7215 20167 4777 10295 7993 929 2508 6033 28006 7992 12219 22377 20442 22318 2363 1667 2094
796 16849 16807 28491 29662 23402 20848 11190 7187 10230 15990 23322 8552 24168 3033 16989 28028 28343 2891 21080
29738 15882 24390 15515 7926 26813 23263 18022 11533 9794 8858 16777 25349 22140 26019 12690 16200 19312 26059 3666
21915 20598 14505 12620 5509 16792 892 14389 25993 23212 399 22459 2118 4112 13527 2359 29233 29457 4554 22195
3662 28981 21365 6060 13059 9028 9293 3857 27415 29815 11879 15965 9649 8140 12406 17491 9388 14815 29263 259
19153 8639 444 28137 18082 922 11484 13781 10426 5639 19293 24590 5127 8247 27791 17546 8117 14610 17675 25813
14817 14268 21154 29474 13769 11910 16356 26256 12766 17374 2225 24318 16481 27334 16160 199 13271 15355 28724 20737
353 17521 3307 25248 24607 19095 5245 14024 23156 3027 16479 4177 3171 4261 28438 2560 23017 7313 21541 27297
15766 4795 3742 18017 16806 8441 6120 27147 93 21646 13349 27195 22454 28566 12885 13090 24268 8305 4687 7107
1961 25103 22476 7220 24378 7833 27394 26906 12733 36 11884 27032 26272 21954 4862 25742 10731 5898 5820 1250
25010 27037 20885 21945 35 28969 20081 14989 25614 14749 23371 13604 25626 18078 20438 6619 9108 3192 20294 21817
9401 22787 14899 11080 6916 2594 17767 28051 3112 27026 1085 26698 13230 28416 7355 20439 10209 12123 7617 20937
5235 19741 2219 13466 15864 19772 11586 27680 27627 17605 3617 394 1385 327 18346 20153 8860 19896 19302 151
26461 5911 27436 9357 18018 10033 8198 5930 16338 18080 7444 12011 22246 20427 23305 19950 5939 9714 25133 10326
25214 7187 23966 21644 5892 23420 25087 10635 5546 28554 6238 24066 5852 11253 14504 16674 7151 21076 22455 25097
7445 12913 21462 14340 9825 15217 15935 4103 24602 11297 14764 15667 23851 7585 25925 7628 10147 28866 14339 12363
12145 23669 27822 13399 23790 5460 20923 17315 20490 9401 992 4239 6528 3101 26030 682 9270 23265 8525 15245
10655 17525 26973 4496 29590 3168 17274 25084 17411 5401 22217 18852 26093 7662 18250 25387 7936 6433 8000 29754
27055 4523 24540 7508 23468 11155 10475 29743 11360 20554 2697 12953 5906 6290 24660 27507 2248 24573 437 3054
8786 24441 24079 1304 11371 24300 18586 14154 1460 22397 9788 11407 9326 27038 9718 22678 6397 13423 25854 24847
8336 2969 23042 18227 4118 12293 27662 23262 9930 13092 3951 5285 18687 23644 28623 7841 2119 25922 18624 26270
6491 8355 19867 10297 23420 26315 22312 20600 15534 24875 19042 4814 6029 3137 25177 17125 29465 6876 751 13437
22441 5530 7038 21058 15289 5958 20650 18731 24470 17684 28890 25955 22453 9792 9806 889 16498 20740 8979 16950
9130 23113 18275 10466 10870 12349 17706 315 14497 11928 9490 17889 15466 25240 2843 1178 29714 26707 27144 4265
7439 274 2739 22791 9950 12807 12191 27338 29400 7514 18119 6276 13668 5205 23834 15948 18214 15990 29049 24733
8723 17194 23565 7702 23728 2239 29770 23542 24051 5698 24550 10394 18247 13795 28968 28679 959 24187 8985 4355
3950 18689 167 13244 22078 17530 13394 16753 19790 5015 9016 19249 15062 17070 10477 20799 20400 25148 23371 7180
11255 15647 28746 497 23903 11726 29980 26668 13180 19571 16841 25286 17326 16750 7365 23719 622 12908 23108 17958
16598 3990 22797 14479 5777 28885 9257 28102 15214 28302 10242 15798 1436 1906 14601 7270 6587 24131 19665 8142
15583 24224 18885 3204 5878 17080 19585 23020 4845 22790 4049 6597 20818 1846 17526 22104 5149 8651 16288 26809
18333 15353 12770 14393 8639 13622 26720 7316 1218 10212 12058 1270 1158 21755 3003 20480 1972 23082 13489 9364
7500 21528 2858 13146 2350 8215 3804 24547 20165 15995 13199 478 29727 9075 29983 12935 16129 18698 7460 20428
8725 15484 22010 26851 6531 3622 7410 21801 11408 27929 21424 16179 19458 2161 4975 53 4092 22113 24891 8485
17213 20785 9038 24605 24756 8171 26873 2894 22704 249 11794 28856 28527 2259 366 20816 6293 15990 21676 24819
4813 18951 14607 25723 12866 22918 6785 17972 17767 16860 4473 23797 14555 26039 13728 2455 26252 360 29624 5271
19300 1651 18328 2583 10368 21666 27425 8078 14586 5683 29007 11161 24936 13975 11237 15326 26773 26643 6258 10899
28293 22846 24932 24543 19869 15433 24425 1812 8690 2122 26834 1648 18309 13211 14689 11209 396 19093 16664 11344
28765 10221 21026 13114 8423 26270 9894 28307 9004 5403 2690 26786 6979 2688 20004 21152 26933 28197 20185 29807
8088 17848 27080 5338 14984 1909 8369 3362 1018 4825 4641 17198 25857 29004 20766 11047 28703 22310 10784 7047
10370 2328 4430 9352 21441 19768 28160 9186 29018 623 17992 17953 17423 21350 982 17144 22553 7874 18819 10832
7690 15050 186 26553 8848 5880 14849 19626 23572 7073 26399 25453 5764 23632 342 27825 22532 4104 17454 8095
18698 3331 19461 18357 8454 15066 4841 28731 20173 3291 1137 5420 20392 25638 1016 11041 7898 18035 24228 29574
17972 14049 6978 15218 4727 6568 12370 25042 24482 8684 21281 6722 22223 17665 23009 23756 5382 15622 14679 3015
11174 6825 21095 122 29350 15618 29258 26870 23837 7196 22471 24388 26685 2820 10282 4996 20291 9465 1165 15483
27293 27612 27667 24514 29912 4130 2735 24506 1069 8093 23400 10921 9697 22367 19799 23365 7240 25022 25166 3178
3513 27757 16182 17444 26388 21041 4600 17491 18970 6767 18950 17477 2219 14788 24324 16281 17909 19417 16242 15309
8059 3923 23228 26897 8283 2203 17477 21229 11338 13457 24047 17933 14746 1136 4329 19803 7361 15611 41 13777
4807 20195 3312 8838 20006 23903 3491 22535 20906 9824 8407 1190 918 6874 13945 19145 3736 26046 2582 6254
4690 17012 25895 22025 23851 17173 21229 21957 27618 12854 13800 8641 17203 6728 20486 18253 4741 23430 16023 29947
13805 5656 11408 18974 3262 431 19687 11121 13313 7232 10908 9869 29704 11531 29079 10909 18852 29058 5173 4685
22323 5689 1287 6932 10844 12313 10235 18019 16597 21417 26114 20170 6270 27237 26900 3574 6843 27763 11061 8987
29870 1056 12749 15755 26890 29727 7128 700 19546 10183 6394 6560 10867 11021 11081 9291 9360 14517 14580 6102
24435 10162 18108 5180 17832 11788 20044 25231 18001 19320 12961 25731 2805 24629 28753 24080 6492 29984 21357 7303
27984 25777 10704 20013 16974 6238 5423 25218 734 14036 24984 27086 23914 7298 1062 23647 11506 12035 21518 15112
28010 10531 21464 9977 13756 3572 25655 18021 2848 9897 1144 23322 3008 12744 3281 22372 25893 7867 29987 5502
18613 18572 6459 28841 22906 27799 17227 18739 7515 12138 16492 13557 837 20539 12583 25319 14496 26742 11510 5686
13047 22462 19537 17014 15258 9087 23476 15851 21467 12015 2002 20317 13723 3530 12255 25864 3318 18943 16893 20461
7897 1638 15359 20878 26747 20603 723 16935 28727 20052 4465 5235 26638 15760 23123 27563 24966 29231 16959 15222
18725 14112 27213 3287 21009 27426 4137 27695 20069 17252 22275 12172 18499 7156 18051 17789 19630 4290 29197 8596
10896 18071 26915 10275 29182 13187 10330 9932 23085 16115 20536 12332 25508 14071 14528 22842 2872 591 17260 18344
25944 4307 14931 3470 9574 1199 7724 5658 22817 26087 2719 6806 9742 27295 10608 2279 9643 19586 28908 12857
17298 1616 7877 26653 17210 22456 12974 17518 10616 29308 15868 8398 14722 22557 28024 26412 21002 11945 11982 19637
18699 20369 1584 29103 26794 3345 29948 29412 17473 3507 24910 10906 11264 14044 25310 12028 21751 883 26024 29239
28719 25939 26176 18393 12944 19264 14994 12247 12028 27919 1281 27285 5120 23486 21694 13250 1788 13414 262 21621
10754 25952 5806 6367 9241 28969 21290 29046 19058 9640 9006 17942 13522 8181 4351 11187 14915 3214 5299 23657
26153 11048 25648 26614 22317 22505 22707 5983 27334 26335 8891 22505 11125 8515 1605 18814 4132 16395 5036 24246
15341 22723 5765 16021 21180 3471 15272 19148 28322 17246 3334 3118 4680 16653 21376 12265 7991 13951 10127 2430
28540 566 16374 19260 16588 24193 13938 3351 22785 14200 26076 8163 7736 757 1740 15126 11831 29257 27409 19631
12158 7006 4568 1158 20351 26960 2211 4045 23783 28407 22817 6260 9890 1809 26243 20914 1933 17083 22424 11163
5096 7782 22044 16674 16396 18787 5610 14223 14779 14427 10195 20215 9732 8272 4927 12800 17473 27479 13278 29640
9995 25487 18702 25866 20581 22607 11183 6463 15087 27399 9624 25919 12897 10852 5826 21194 820 5757 12160 18312
16687 27205 10334 29813 25522 15973 13035 18721 26146 18702 27363 18438 1144 4743 4850 5551 12816 21654 27239 1232
11402 4968 22733 3123 27924 2166 911 2718 9124 14032 19527 26810 22694 4395 28643 11406 16842 2086 29462 19064
29820 3160 20065 562 5597 23110 1791 5409 27263 313 26132 17530 18096 16025 6842 3643 23376 19553 16965 15619
20436 14247 11550 1408 17213 17837 21208 5801 26092 12756 5152 11391 15519 15574 14641 18562 13097 3629 7105 25131
8820 9473 22722 8151 9680 5301 13295 4468 19224 14907 9182 4429 11436 685 1915 16474 22542 26256 8523 9300
16658 9307 22418 5659 26613 12755 8062 3162 12780 13962 11715 25700 27690 7631 14071 9185 10759 23739 13887 20782
28657 4175 18031 3291 6690 8147 18281 25577 556 27343 20258 28709 4739 17844 18304 8851 6665 29655 8025 12059
2635 21580 5258 6898 7542 25917 3954 7614 24162 7425 28375 25143 5343 27579 16868 10563 13069 12819 5594 16793
5259 14848 15560 10766 29684 26755 29671 20622 20205 28385 27405 2758 14999 5562 9967 17872 19350 8097 28532 12836
16925 11521 21525 14638 20540 23959 22686 24481 880 24952 27459 584 8763 25554 29717 20701 26488 28410 26629 4892
19907 24885 1480 579 29400 9322 1371 6020 14479 14147 27998 3298 4838 3491 22902 9189 1332 24518 27678 7096
25359 28881 20802 26652 27812 24907 3022 20431 11955 8508 3543 24188 26557 27894 20481 7668 3282 5528 27954 2478
20840 9775 22948 25355 14330 6472 15908 5530 19280 17529 23295 18966 23530 5132 29466 1422 18011 18441 19711 24008
17772 9534 10934 16887 29795 14474 22255 29135 24379 6296 4999 201 21792 20788 24329 959 24948 11740 20586 26542
26037 20733 3331 2293 5620 11152 13098 9471 8793 14926 26236 12385 26823 20872 28079 19390 23091 9090 1788 14511
24760 23306 24563 28030 3018 15985 27710 27127 4095 25796 29374 17615 28979 10773 9295 12816 1141 5458 12619 16508
25605 22513 27467 20021 5393 12377 24170 25980 3580 27696 29349 16351 20724 3655 28310 18203 3393 10803 25567 10222
8316 5887 2938 23037 18118 1574 8283 12337 7519 14348 2279 29563 13633 24957 26790 28972 10761 6014 27322 7815
21699 5665 13236 26186 28566 3563 4835 19178 1043 15085 14401 17177 29079 26622 7734 17027 17249 7807 13942 5860
14391 18207 9654 8355 26396 28976 8284 17642 3912 980 10897 2188 21035 14502 2212 7406 11308 12750 8804 8827
23425 10417 23115 4476 11302 21217 24380 26454 9994 1437 3319 16464 28267 28283 17921 23447 9441 25736 17944 20077
5922 22400 20047 27447 8417 19130 250 24765 13081 7628 24279 17278 16961 26769 7276 23826 2413 16665 13820 21518
20426 28692 10607 6134 11128 16086 26562 6917 25297 10216 17846 10251 6032 9915 25482 25193 10679 20898 16098 2382
2518 27595 22867 1330 27369 9647 246 24373 679 24160 10666 2416 26769 21585 21044 3869 7319 27095 8268 24739
5464 638 13179 2642 20016 4770 6836 1957 16856 28345 27446 16841 22014 15651 23788 26837 23304 26093 7481 17519
15585 5183 14602 11886 28940 5713 4828 363 6910 20656 27001 27397 24463 15914 20471 29559 26323 21091 24824 1228
27741 17776 11637 11331 16292 1772 8810 13161 14 6440 29212 10535 11419 28690 13492 1787 11484 20124 19614 13521
19535 4450 17044 12703 8286 7609 11491 22923 27442 22580 14750 27390 12451 26941 18681 12995 15572 1964 21439 2147
22019 22842 18185 2383 13059 8651 12283 6783 24535 11579 14201 2236 20973 26676 518 26059 10443 9900 25013 265
20873 15328 5450 7832 22063 4990 1207 19228 1369 27549 25420 13024 25974 23087 26165 29731 10861 4425 25222 25629
24627 8589 11638 18952 18453 2178 12372 27858 24064 17195 16810 22025 4402 6582 10788 7637 5314 14719 16705 23660
28403 22742 19506 5667 29521 9718 29457 26779 25067 13950 70 1328 17506 2233 15593 21209 12672 7194 29745 15198
28808 13768 7188 28236 15432 5800 8486 17763 21558 29966 18059 8858 18071 10373 23436 18226 25477 9788 27005 13869
16619 18415 22458 17161 3405 5983 8184 29250 27555 4854 10107 19313 14906 11260 12514 11847 21740 26106 12849 4337
864 8103 27880 15196 17724 6627 28691 27904 3753 28843 8587 14579 5091 22315 28428 5511 12509 8466 12847 11483
25916 11272 11497 7730 705 5012 9790 2760 2175 1465 28943 6743 10384 2277 5477 11759 19535 19029 990 12582
20448 1606 20570 11264 24562 17695 2638 22701 20369 10206 2934 17737 4285 18694 3247 21293 22484 25631 22957 26219
3359 21876 15858 1437 22606 19509 22974 23352 9511 9892 27917 16683 18916 6122 10402 11573 1276 22601 20206 23110
4349 13906 27986 11611 14213 18792 11744 7830 10467 2101 584 16651 22021 5536 28492 29727 13179 5521 11021 2931
21338 25430 2962 10749 27336 22741 17523 22518 273 28748 24552 5205 20632 3799 14939 4931 7748 24321 6549 18616
5215 26479 24779 1884 21584 19710 25941 5684 11374 24125 4294 29059 24556 3336 26043 29485 22699 21706 21951 6039
5564 2066 6677 22206 4858 7056 16508 9559 22656 20392 12090 27489 14871 25054 15410 13779 25012 29715 26518 2646
8971 1255 14254 10238 15080 13889 29370 20723 19484 3960 26866 6944 14484 21319 3790 18651 29561 15394 415 4919
4368 4585 10822 28660 25650 15071 20501 13151 5796 25847 13602 6073 12295 9998 13302 6738 7318 10761 28099 27544
4433 23692 7805 241 28303 20315 20579 20097 27344 18093 16691 26066 1130 9726 5161 22247 17151 17434 23137 11269
15871 6743 14222 6832 9227 14729 17637 13029 27518 23362 16175 15410 3614 18429 23809 28995 17556 10353 6121 5373
19944 20812 9330 5916 6603 7054 18571 9631 4700 8922 1445 1285 24844 201 22241 12889 24205 14372 27587 28765
27321 12954 3473 15045 24335 20278 13329 9463 19928 15665 21715 10610 9744 6931 29497 8589 19064 11481 3559 18805
26888 6918 20729 567 24850 928 9114 22635 18241 15887 11710 3855 1131 11404 23422 26425 9559 25102 11143 23357
22850 10225 18608 25716 6210 7528 26691 22319 24900 15250 27992 6815 10543 26882 8495 10117 25243 22771 26211 21092
8164 17576 27274 29478 24677 19727 16680 28219 22233 16774 28736 24145 15249 22715 10723 26955 12490 24716 4956 17780
2223 27457 12425 1622 407 27371 4213 24843 21283 24035 16696 5857 7860 2411 19954 19858 27581 14309 6654 3420
10508 15832 21624 28271 22174 4676 27066 17389 26805 22791 12282 261 19904 14672 24120 12739 18929 15468 18594 20453
8247 9445 28547 29735 14726 19125 20425 8990 1730 6414 11551 23446 16786 19020 29301 2928 4318 20824 11045 3832
29221 2281 20796 29761 25553 26320 12810 27303 2477 27995 22206 7148 3582 4403 19562 29777 9124 20852 27618 26585
3883 11429 24724 3924 15734 14183 26286 9622 26045 11956 10419 15216 22369 16871 21579 28808 9417 4444 12920 4904
4182 6894 5283 17720 17541 27931 8342 13606 8533 13037
