20000
-592953303 -88278866
-715479490 -518772223
40010246 996195382
-766838068 -514465129
-444299778 429083714
-633869952 -5254234
-574745516 290489986
124647991 737827058
-516024508 -161849048
-69533536 506053954
-728580298 -584502723
227791908 230482656
-902320654 808589775
-657407970 512754882
38473844 80537739
434630997 598625548
401691223 539443091
-205725549 700667766
-700208971 -80766005
-601090832 -265999897
87380032 187710050
-739381819 953128000
162953127 295742648
-723875249 344834785
-570959015 622495506
-145800036 -52641332
-248685994 33174159
134697069 619217520
-806040652 886519430
-941047528 -209270673
-784722575 865108468
791194267 888605089
-465111663 -323421294
-593382210 294646203
-277091009 -194190988
-983523087 -791854205
829604685 838652585
-505851298 334458424
-536688226 876287629
-771287291 725510768
627485778 956113902
361750411 987447223
-8422261 83824388
-988898504 -74307568
-383086994 365730275
-633822120 -141979010
-74924546 876760853
360546971 542044715
-296471313 865478327
-365405042 592221795
541443462 725618981
-645232352 162823156
-110938578 781624352
-642035794 660158174
-877181399 -757354010
-277181250 -122900713
-847102325 -78827851
-839136041 63796835
-402469121 533631618
-231463920 -13620561
-729514280 263662335
-498509392 399385734
771589683 826756650
156577941 907470597
-728199303 -148448750
-685860836 -611166520
-576227480 -126986706
-427125652 424602518
-459648464 95913694
-200637634 611834656
223091285 914095574
-402506951 -336288596
-852267260 333580098
755719196 968661270
-732568172 -554177072
-36600238 516277511
-768796225 -304500246
-336495975 -160159694
-706544943 346890600
221228545 488206152
-242027616 330574677
-705693057 856100737
-654922704 770138179
-91965370 600521120
68530594 782622607
541701109 973286828
-749224747 248482065
-983835579 740599005
-138723417 24818668
-697740539 598536670
32429941 787185437
-219067240 658186798
-821413718 105105442
-901529239 -356167074
-602236851 318803467
-897787807 189313629
-81184584 312682121
-589354912 -290883044
-81051475 806095289
-147920087 838803802
552291919 952956809
98461819 276814814
262899909 757108338
-384415015 311035489
-590843296 -240596159
-393551403 460270989
-599038000 -219388065
-936310665 -131524912
-467368734 -234203332
-167872258 598098533
326563213 343237898
-849817201 142770342
-930851746 -829517321
683960319 880121148
-594718788 145278165
74348756 348888156
477589626 701327925
-247199221 -137009610
-946633966 -451103550
-518026948 881321168
-798153904 -448541297
618526075 711608669
624060230 644801608
-962710357 881718859
-967719349 578485374
-907067538 -162453905
-671962944 656780998
-606616991 -495400890
459396098 881738704
-606565895 735775850
-394710643 914798390
-780343786 -491780064
-674016808 664918191
124672599 207843353
522274652 987907538
330553868 688191279
-271003063 142070762
-285067247 14470604
-235583498 598327946
-753629464 744984996
-404912053 48326483
-375970554 402249585
-938475184 67435907
-344876888 -58278352
-786140456 922184593
-119461522 989175604
-866996213 -335006331
-70652150 254862354
546103898 978135897
-463298695 987170280
-969645094 986669
-648039338 -520214065
-576980017 147688516
-373193103 117775814
800530946 879571886
-838197246 881713861
-884495319 -341634777
-690071215 48139422
-199017023 316360337
44934243 959860972
63690268 822174542
-767624301 941116489
-891807872 628393166
-417652449 698947029
92429178 433492638
-989878262 -479878999
-712006962 336201845
-747472988 729861557
883624436 996606905
-969304320 -867899605
219555362 442092392
-552531320 -546140039
65178079 136807636
-708820663 -507081540
580137812 755149896
-994418476 397996507
443598931 811512301
-307113942 217176080
-112209416 440978724
-334665316 900605822
-706091445 876893053
-561370527 -103453631
-164549776 621766748
-398193396 -356257186
427472492 898809645
-518783223 122469737
-952759173 148149530
-596951908 309298890
-513654210 633295175
-893572055 845068442
-908334664 83720191
-424218369 360693665
407744441 605730153
144793853 530942045
163074659 763748634
-905315136 617331612
64746374 691795634
-959864868 -721369172
-86474679 695332193
-448298953 -380672419
-161510881 -30819280
12681116 974217386
-847827988 462904904
-845660570 -203953157
-19103307 335626999
-817795643 768804800
-152323255 1851374
-464255368 65363777
-419549412 428604342
-579810102 -35207190
753026611 867924273
-389742948 306891106
18954693 255172430
-203862902 985954618
502073772 629075072
-132139988 54044712
30677736 418823278
-768759378 198530888
-526420737 409164323
-758072477 -307287551
-387617397 -261673057
-764008289 -547379885
661010999 844113514
-774325121 318549998
429666457 919606258
745693063 897072891
-106079235 619103467
-954545737 -778276304
-447752941 -287043975
-708296177 978882105
-574857145 -333171141
-810865969 -388361279
-816112681 -389799917
-698967281 -513718583
-361752911 84913460
-468723323 901673438
-958709927 213707577
361714770 624529457
888169644 985226421
-233252125 99743015
-575155306 -398835427
-780626355 751709271
-163558370 630129280
-345927433 606389303
-997610530 -68370265
704005394 900141462
-221849454 -143008320
-823833833 -762125353
280778316 623316921
-707531387 -470457475
173955797 760874970
207815214 904936748
-779866107 -226532974
-257288006 965660526
-263660766 306932756
-596801191 853368148
-906959298 -843521001
-893680348 706075527
-845477980 -632122070
-726705914 -325579036
-599857441 906672703
-51948109 234927591
399109900 423283752
-156558433 952492151
-204310134 703985199
-961788137 -870615269
-496186699 -98391115
65016821 101236052
-819243454 598344037
-191113793 314484
-902990323 -105025055
313667328 633027835
793769742 931485351
-462352604 828691174
-510543710 244605392
-88404514 342468101
-678653166 119490219
-553781873 998335169
-147777765 28278264
352755236 392874942
-489146523 -132978729
-754144638 102927579
-666620989 382314007
-975731816 31969640
-751722129 238493063
289179990 857926745
-658183505 -403043494
609836708 673405729
765065079 928693236
-574168552 850732804
-982604303 -391299455
-938641789 811621505
-320127428 15299937
-574777596 664397425
-665345608 -253571427
-588387618 205181408
-831957251 -347270219
-528963992 754045049
-204384127 253072524
40022497 612478058
-158697092 32957473
-998220912 -155394819
-929855986 -15012171
21311970 991845640
-666036014 -169393527
78876277 167894036
-3936931 458208486
-55834550 7379777
-899881050 792847179
-723871715 -329149842
727400744 785091084
-698455287 687047241
-798616465 493242713
536135576 709975457
289305739 907342123
-894298599 -658039732
-158982361 896885827
-321479781 458151729
-946726599 -266061628
-743600636 363693418
-522541187 790484316
602264126 808764990
36338938 395291875
267640291 688614487
-81265696 124893152
-16224087 400628239
-653676510 750743612
928282934 993895600
-408676563 261885275
-847901175 907503717
-388852248 -161537073
408082335 576387764
-291106186 586905570
383435011 914622845
-905241146 -154075186
83031571 448606968
-661762491 -614587276
438172364 554560914
-396824849 894899791
-462915030 -404718859
-173159339 990119953
-89814885 690748010
-729906672 -589313147
-423181237 111585063
636010656 938510822
-920122781 -293910663
458853962 729327876
-124021825 -5772068
-802368063 -48406295
-128258274 925949982
-984610055 -379831484
-964074226 972610476
-290737288 -91819352
-984867835 562976219
-929277453 -329712405
136709888 513476370
-957607842 -118042596
-662571618 29899802
71049706 542153985
-698978122 576419052
-587445946 -81808839
-117578368 814969749
-939858496 456237661
-583162199 103512078
265256515 912598003
-897547380 56486136
329623087 850289424
678203600 957392260
-590592874 -383938261
-441116087 745895702
-907475936 87201514
-417580150 -142839072
-523406656 151200755
-152251845 -90377929
-757640343 354912554
333210405 490332626
-470067769 695820521
-780463381 962175523
-987918960 -884794001
-334930140 -78030785
-979342995 -374430696
69772225 288198522
-993560551 701891127
-160790582 652882216
287987741 665884852
-463947029 -211287556
-895394039 -633952113
808057427 818250145
-295987195 831235364
-648553912 999027246
-757923577 -104109640
-196420079 -16220219
-913773536 707838387
-196511408 802430367
-956106467 817889104
-521413963 770732869
-401356029 -107332959
-683730887 -17325305
614589996 802598586
316073900 778410150
-411629289 156099388
-95164075 833411876
581953282 727326255
-732010842 -185665322
-576940105 795810175
-171326089 865972970
692526263 782160239
216272323 373578948
685383271 884021635
-455553889 -142437256
-75314811 630741957
-191594855 690396507
-800948755 -196444288
-718467783 620261509
-862717968 938323339
-843008349 -59063833
-303081334 14824133
-273550789 -114988780
-383686449 -228630791
101564811 718324593
-845754859 -570081096
-930597683 565869333
-61422057 593725381
524721462 696072395
-61911738 708732538
-513330204 430915535
608222760 891259343
-759492800 301719403
-221571035 961309094
-386703381 -5079239
281410535 411473062
-327302922 -69600538
-952930368 638064418
-408693192 119479531
-773906933 -738083254
-545561284 -162211990
330441059 366588347
201355009 914941509
231034186 963098793
104993933 153052786
-420542332 -76536389
-179369526 666222333
-870707314 -71311119
-894670153 -117947546
-404786495 512816128
550909732 881299538
-635305782 -606309478
-60447982 26452465
-378480216 506478212
118680573 640099912
-904841031 -199629316
96946542 222773980
-726172728 126698775
-209891828 739071381
-60355918 938960879
-578435722 19951433
-549738712 241321864
-933660935 -352234869
-763838780 -701549606
-871868264 -487694521
156070262 586534761
-99283239 745709668
-798498131 77057781
78325244 753366755
-373846967 358234580
-184014088 272628424
-854992489 822057616
406004564 693678031
37164159 415611583
267791749 532241378
-624977974 -96414725
-435796792 -128901659
-932594796 -746015522
-240811939 889336384
-298008445 -120539246
148263140 449106380
219629671 874839141
-500209521 310250186
-674107396 752569441
-242198824 585796595
160275422 318184181
-351390350 478684812
-84925181 460784508
219299155 353167655
-323702901 787333681
418612055 601091175
-313930612 71958572
39683910 982225460
-48000788 841822581
-798610709 584877607
-585339323 681914501
-126631939 835622981
-232425884 409658524
-355488729 243198386
-155369479 -126104746
-292258657 384156750
-357978879 -17427066
-12700240 559412659
-140722428 926693205
-349059934 -61037054
-410473868 357283716
-442099229 -253085321
333877739 936264794
-931256156 714889872
-379688632 -264501982
-360606263 19099404
-613183947 847757995
-217577273 604094288
-167561841 421348375
-887619949 828555100
-934677757 116274252
-203781557 44250399
-216391859 -53087438
-687002540 537871329
-587751626 172632173
-898487227 -266776505
-310427906 -109709631
358307016 772624848
-768310239 422426766
-144403865 721943393
-444804584 -211213742
-625310214 744258878
-80702105 884935151
-288790982 -61855457
-748689882 699588788
654254130 906388442
-864308948 741682356
-568821341 865297738
-722589208 351115176
-666358475 -95239163
-253209721 955175598
-992320792 267074369
52507978 147438074
-113588313 108989259
-542322742 -428339813
-329204677 675413980
-268361397 -7955748
335976427 522822730
-692065822 -547165051
-123786338 538575242
-352761561 35433727
379915134 479215566
-921802880 262513898
-695835114 524176892
-498923724 784158115
256879979 819699840
-521237873 600651816
-613938941 122017443
36946908 445706747
-733440218 280119573
191246431 965110415
-148161205 450850087
-91888505 32805817
-343117109 563827915
-940858264 -925299313
-739230040 939812294
-461997532 279811734
483827520 890250300
-985703990 -803299971
-504905267 304246014
258525961 688544908
-973762318 -58765566
167100989 284949538
407377829 777874564
-22318450 756917319
-448003807 -356141409
-171194395 -155722178
279057636 981968749
-209277825 648737195
-577333318 24399310
724173486 772212224
705034315 947434474
-545472661 366792124
-420798652 -140496474
-857813823 -765071841
-556773085 -93514792
-685623815 -184725697
236685362 730068503
-438104524 749255468
-512429635 -234943795
-301894773 97836619
-32089720 38296571
-159894603 818743457
66074830 248187094
-81496996 879099830
315763677 712493864
617905955 927096853
-839345164 91459409
-610090000 -525840973
123133547 282588888
432966317 484040100
-482194592 228636200
-717573017 -331429291
-809487303 -359492681
712053315 983552310
-571954041 -87410931
-624124425 -120326875
-163574049 563187650
843799872 959028899
-793741535 11109707
94081002 969660668
-454050964 462229275
3777007 385885614
-592559521 -571238362
-976079400 -544975353
-819945553 486102585
-803063053 -607283499
158355502 386846878
780233147 967376183
-714381117 302498268
-595871961 -464370678
439510358 828141200
-501644665 444328707
-187893423 476700315
-154481476 -154439164
-289807878 378602749
-147862894 554465364
-43669139 792984330
-773388194 860060459
-251636564 366114372
-209312207 67933662
-652070155 -560025672
-851441957 256189450
-485791868 -354320503
-645867664 346754456
-573289959 763756272
12891512 166852180
-313709921 -252734389
-998887411 -684679297
-953634322 784598265
-121138834 725322420
-689631618 -495193972
-336474189 769068129
-112955910 175671282
628521591 894117684
-256328875 589128417
-578978050 210949470
-231764318 675466926
-889179053 -587558002
-850629401 -199928217
-546358148 252264073
-244683484 562321816
-519366092 978919194
-22013796 316853829
-6764754 385884825
-899599301 568872155
-677842450 414293885
386239005 910908351
847429111 937102372
113292250 507587796
-144771026 149753284
457768481 669036988
-474380938 -146774416
229541276 283315642
-217943120 981263517
-908991289 899518961
-846056803 -287674393
-544896093 712559160
-972818191 922344247
-330566058 547046128
33124222 728876169
114963091 130168225
940033358 996546315
302839958 849013473
-693558062 522206129
270118469 708545895
735273214 785576643
-573497312 500439918
-781041244 -644905391
-473981127 -66020413
-651085859 -215512904
-897783515 957903316
-141580300 253104190
-998720909 -60872099
626585814 769682390
-145360275 -52247084
-763022891 521538541
-825720106 -61905426
-832771514 896603191
-18194919 883058275
-572013500 -307019758
-324409540 -284684526
625056846 819258158
-920764103 628415901
-718559396 504681593
125906675 769516198
-754877519 451100675
-375348629 791135886
-46147692 764475704
-155781809 797338666
-755104328 -577814543
187294524 853265044
-753254737 38057105
-915316306 694672173
-903159368 -34744254
-799018182 868125910
-914464161 858604546
213929973 442078421
-241521021 528503928
135406955 381619308
-959909596 -524440034
-805646757 194868698
-868608132 -202247855
122525792 130471632
-487745675 1973350
249921336 635164407
-776871387 -224809513
-332976546 -111125756
310597051 920558753
-947324723 441752814
-815196984 72565490
-972230413 582905359
-916731318 -736696681
379696722 711526372
15724332 315669088
-212967971 811940303
-429136570 -94545502
-742048202 -50163773
-467997252 234379927
14855133 153757992
320042377 656802015
-127890939 224679149
-197116913 288171930
-396629164 123485669
-823132535 -403607757
-322066249 803368464
-840268236 -234228745
-325878847 256727466
-628345837 49177296
675815801 809711998
-264181716 -41608189
28082385 845974846
-591295377 437160368
-123167625 476770039
-524725303 848831840
69850309 732779298
138897445 420781033
-293025959 684082254
-675161697 921501208
-604225619 -527531311
88634258 500853704
-580168515 495972688
678669586 803193004
-771346330 188855662
-474153267 826282912
-851786851 -473691170
169457007 916723049
-883767716 -559769451
-200926542 430690741
-980838021 108509041
-919690002 2523128
-484895075 906717563
-25688473 522253660
-809133100 51063711
-107976257 -101929032
-547717566 627288437
281117118 553444200
-447627395 962261283
-619328140 -529887363
375831549 450034227
-887643430 347199874
-658641484 -548191423
-990002387 -863526587
-820070287 -735841769
39633196 167257659
458270189 744461542
-906399962 -426150302
325386778 629637757
-339532019 170260207
-620042460 -471308278
-485340432 692713964
-373681051 819608294
-860171755 -154652599
-155201027 897679747
480780951 946508996
78888908 685447040
338672451 835220860
-561879187 384787184
42743463 667229315
-369841839 -324764931
-110322663 472353400
-149309676 899734062
-548686961 905459133
-332645213 596024879
-72631668 651442567
-667806963 878517848
-759457156 408450673
-432028679 934910821
-709565534 743333589
-867674604 -658467018
-965777987 756446689
846398611 891604510
-136453798 612409980
-606067385 282047796
-686880764 826439965
-658268745 216155846
-353757383 717992742
-837852932 244163902
830429390 854226428
389920791 929654089
-763714472 64176658
-201176442 700964861
334128586 352790225
-272801480 189296573
-939675589 281851267
-499513795 -301205862
-823800096 420390822
-454860749 -405087655
-746886583 879965948
-55117170 764247469
402151177 613959829
-929366040 290615360
347357140 424844496
-914367924 -279753312
-836859813 345198556
-644587311 -198296750
-592690606 88992243
-753525693 629125031
-611467338 -346615740
-795728389 853091996
-902797113 -516048931
-813210701 -613480071
578510260 716529557
904426748 926622291
526613633 526657152
-821008450 733872913
-846198841 -786052841
-450751616 -210835914
884819308 969558169
-674490486 465993314
-760576758 977960834
-677174340 984198261
-917043087 680495497
442192755 869120847
-206431123 298915782
-343691022 -255012850
-341202522 146130656
-844291163 936694083
-209884564 6889870
-936026725 91000826
-248267950 892248958
-495683826 910923372
95676504 407641487
-900549732 -406261917
-818410136 67959353
394599386 629208881
-504931103 640725829
-178566486 779508088
505957447 808012647
-897398501 251697043
630032312 810006396
-345800707 165643955
-575842105 -522808481
-842903387 -605585658
-455807670 261298808
-645209318 -66062018
-545305713 804817509
-884437552 690578730
-652165852 868990440
-585860701 -75554272
-437090479 401669452
-823608317 -730862124
-868791655 731128971
-115032864 -34448076
-679127899 182892401
187719739 761160568
-227442998 579427075
-757434094 -294481714
-846806751 -18017930
-250417551 836806938
-926355057 -755433653
-32065706 731173014
-722097627 833586335
-303926258 -86161585
-167036106 94186304
-877304288 60989736
-995025733 -5326939
-63857927 666606177
398596425 922671409
-450751536 995511739
-437447212 106889903
-227750009 377066781
-645888475 898424325
19882571 37679394
-193739109 31275675
-49396429 137030557
-722488018 708309662
-735373432 679616787
-328692824 185171963
-648336082 -301334454
-635201816 -165540265
-559598576 -237664640
-893862648 -839932681
-847234909 589525643
-213329094 858080696
-451619389 803828776
-210887487 376548487
-829198159 -620929649
230379468 359328402
-845506571 414376365
19518226 59635597
261376128 976562440
-981758589 -151252970
-958254602 -830176993
-855688652 -46189604
-866850832 -773249130
131382191 774586139
-113157680 487458245
59475266 351457571
711962249 762995791
-827149829 -341685696
83797436 209627595
-553596541 45764884
135909921 886715622
-428977120 -73781043
-397457736 94005132
-777014429 301471542
-943968528 46275420
-942268419 -337204876
410862969 536464000
-755563732 -526943616
-638168920 -300690171
-578160954 769048797
-499943096 178841865
-760660904 665365612
-919318402 845898592
461896865 513320980
468550020 979394258
-2123561 13501251
-205007598 621814413
105853417 355966175
-748457704 486488579
-754697442 94610985
-129991086 609857511
-551540222 90648130
-272528382 443336922
-527932818 -186569580
-776164602 602208191
-861803232 875013323
598375762 621253809
138314487 526686463
7815658 449955774
-932847441 -880769705
-301683838 898099244
296082702 897868935
416663214 774444554
-873243134 -785997853
-597064583 -236743740
-653726945 899059027
-844734577 -527561990
-242256536 246915272
-566580820 -66731620
-16481261 426286933
-981526630 -401308245
-979992338 -3277672
46542848 675001146
-204805328 893923408
-879393179 -434188711
-993525843 -957020689
126283505 302276784
-76207523 417697988
-397590446 -223283376
-973085511 -919700122
114907187 134728794
-862321210 580945700
-15043536 461509246
-387114910 425949581
-505321728 364793841
914519379 930596586
70014206 226053844
-414185564 480072720
-500620615 321374354
-132996161 801658680
-699546305 -478155422
-800494239 132744684
-222641675 95876983
-933755441 118753493
-795681362 -503123459
432740167 751708595
-959197516 977170463
464235102 625730565
-630697992 -461026348
-347107293 206248500
847022601 973345683
-247698062 974913052
251517523 322305778
-503280830 518618451
107474196 503107874
849177208 886028191
-726253589 -619668133
-671031730 611023487
-22620019 537735952
-344011401 874783209
-654873498 787022509
-503592333 -242434162
-923726237 710844415
-332477994 33766909
188980087 592615078
-15314035 94171680
-860225408 317741793
320696401 650272680
-417827644 -290563033
-718755959 -355558663
-989642018 477527445
592371105 845053968
749265314 982300916
-78036447 174927136
-622802105 -406560718
-397633680 792149698
-946348144 514373138
-85897280 918121896
725632378 982301533
-620489895 -95735443
772833671 835393124
-874677821 124948037
-650335642 903476720
67545345 584387681
-761661227 -375293739
-390221325 204535583
343136276 556775402
-790779987 504347410
29815625 263082228
-789626130 -334308890
-444246997 448150079
352320637 389738378
-872562115 -253791858
55746027 998377621
-489413141 906156062
-786708340 429769693
259537015 544855220
-202285574 430416461
-401134517 236576677
-595960664 -518469998
-709890985 217920179
-686665292 920928498
-412866930 -357923544
-425601737 95429042
-353430607 377767497
809670931 863881608
-555118514 158820545
-643688974 970098164
-7896989 859538075
-355414931 634958310
-495731350 929163196
-904196082 -785774652
-959101356 -790612382
-404765674 -69483742
-153123158 185199613
-607564762 100415018
116208234 592229385
260229998 790896421
421704165 458368550
-945614207 -708502785
-954839228 169234635
-415693117 -124880963
-881190038 656392951
-989334817 453633748
287868911 362077982
-813599715 721768850
115930791 381694224
120028183 146906416
-331320761 962356733
-933884425 2024232
460643712 737222606
-643978055 368126418
-795047554 -332234440
517816111 723023001
-688553095 16777565
-929328322 -375000141
-172299313 982637485
-723641045 -170349579
-982200572 930155943
257364408 525528652
-515734353 816579867
-571285971 960080727
487445716 649475668
-499512500 -100056197
428101410 935088932
-707183352 877641207
5375669 625976630
-369150939 853344501
-434641163 79846472
-337245653 102907713
138575196 482459783
-774862404 194655228
146817785 383751647
-415159149 505719996
-531917679 515559621
161053547 312694576
-945292767 -81167274
-68737446 656316016
-263484108 791154350
-623668214 844080991
-966298873 144087232
-868281506 -738067227
-911047952 -559052333
-900417778 683273478
-647523548 382710034
-670797910 256812812
-257430823 549058545
-843601449 331619209
-333594894 95758922
-507706148 458158865
179600204 477345096
-885935736 -59092795
-206169586 425554321
-548165739 153051212
595270325 903607919
-374820876 -38926556
-709224842 625017487
-505658837 257119183
-597932209 -397092026
-610911842 173973464
-615169656 -210420267
-565635059 -266637262
8279570 233085640
-188136950 541136769
811054529 948851210
-44228889 158671527
-811210784 552103612
-137470638 436481104
232231722 999826136
-386809982 612363609
154502437 481211086
-496041574 700360642
-844366336 932970331
-704006567 -656067394
123390680 267426783
-718540990 -166380461
317321554 501165325
497311830 729105410
457486373 538387740
-464363319 -408863265
356317550 670236995
226794963 403460890
-833678184 -133067291
711014599 862633923
-472969947 -131338080
-36490080 865717219
570441537 980069940
-656537254 452983241
-837736611 819748300
230477530 380987222
-954459124 888464370
-761809669 -112444982
-751455573 172094115
-371881921 199225251
-121743010 187614293
-101412298 490810157
-57733637 428758482
-558435957 932414900
36421124 761802021
255823566 493099084
195756210 702267735
430701635 951320141
-202732825 727010947
-300447795 145942062
176852947 574947927
-423841483 -133956711
-664553939 -657710946
-374208422 265811515
-993984263 312294179
-463276875 358623839
-715769685 328310690
107426556 126661431
-128490171 886000591
-489853005 693472421
-234816729 727154096
-377745518 179888717
-373952000 480959411
-907259543 296401487
-464159410 -29970244
54064032 312496797
-348036393 245345807
431862270 812363690
900151071 925114187
-390821460 658126705
-850530391 718805873
822018620 835647218
-732118032 648060033
-569051762 -25575554
-693216121 -599723544
145987961 696070583
-438278074 -304950643
-550205279 -269823759
-355943094 371048201
827468310 923117227
-690795479 -666078830
-431739653 444227600
-38218036 888174043
-92011420 555774837
-385639439 134427405
-92707802 849636588
-791583588 993678865
309043711 628927399
-294616134 776491551
205586601 498911383
-992942617 -395480057
314641416 810531175
-759500969 -137235959
-504524132 497260005
-983841037 -17165827
-472430776 31382587
-915388760 -261863821
-990765145 -741825098
-74807270 295243497
-568003531 12805283
-53358108 998379560
-50346107 941491684
-722301809 351667259
529960229 618175740
-683238260 436624863
-53188710 476497753
473476460 497326715
-340080245 562167146
-485553676 -40560290
-478698720 618383567
-856733296 653450847
326761376 542861878
-157363342 817081650
-667035659 505539187
-893048452 -593917039
-765632066 607624039
397981128 726825349
243564733 252364533
-456898415 997233303
-242709221 -193350176
-300740034 861451966
-962799118 -265920423
60860745 888585847
-141822875 789915069
728333667 999954162
7745546 270085716
-712644254 465684508
183073747 234586864
280735986 297498359
-739205715 410876796
145169422 984614621
-300167601 191810301
-804909370 -750484105
-457762937 862002840
-697182695 870404805
-511893699 482518388
89823474 323332536
-667115676 155462180
-883771779 -217646131
-956165476 -97943689
-737652939 -255436973
-876724958 -588231144
-290368786 553407917
-163938682 764850586
-593538929 -470943447
4185143 454137365
360393094 922271794
-452981339 434841062
14912721 650418671
-531440967 582952131
-959360359 -594337418
-688638339 413758880
-996140930 -287573121
-784827658 870547238
-878663318 546555830
-520800934 874708945
-925954207 -299412974
-521828871 420899106
340363595 847933124
-153481145 15545797
78595815 144245390
271350214 997690373
-963477032 -781177861
-875965204 843177099
-286806368 835956157
-886674418 955997056
-294660668 66538778
-985003846 -392207310
-707323700 786422292
-426428324 982434887
-154695739 115845656
-668737578 171881389
-685072267 989162276
-846007531 337549662
-722557026 -602688554
-896371094 540587949
-97676035 787832799
-871179408 960173557
-382074609 -356718197
-510394235 941602183
-272584751 487435231
-407544934 880616355
-999703246 843832493
-528790702 479323408
-75746556 108265065
206857886 739578679
-425515908 43037813
490928958 997417963
-181939478 658656889
-845319312 291974350
-571342158 568172270
-968700767 -621005884
-269973762 -42871342
236571129 914780487
-299767033 836846269
-270502133 -168067393
120078430 930133957
-460943645 417208885
599060479 701600297
-503610367 -150622887
-281662195 578040051
-986547629 787830175
351242821 927069766
-273827598 775282485
-545825875 16205409
-230066837 -164042211
-871011854 -523823762
-452905558 969862453
-918254723 582836255
-576921514 -414992346
-106081940 233960388
-487480755 422329353
441431080 615521193
-985613543 -173826332
-641510890 -345637161
-970440514 108087126
-264364977 791384119
238809632 782522651
-53015271 708114703
-69189753 373371649
-876765756 -525203294
4694597 457741210
-729945845 -597390635
-363879553 -1143372
813724200 814164744
7868210 583453241
-882034235 326872412
-841702254 456796502
-828388413 30309001
-907449979 301513770
-616333463 -337132625
-758027317 350277904
-411536967 919649993
-576087739 -520033485
545502235 903969165
-572716140 198847359
-37837619 189748143
-242347135 625431660
-707717491 651896078
-259350466 947279139
-420468013 761277030
671147359 812268817
-857237299 -128131654
-192263936 -51762425
-602412982 714170564
-678893295 519277983
-792400223 849968565
-255236519 29060805
58156566 535796190
843457310 952229835
-923933315 80321845
-679450761 845172957
-592041074 841041818
166395267 233961349
-629419655 807169202
94733795 130771553
610391979 881158740
-643732378 -462777834
-552984656 -100624780
-989794121 232252927
-851147171 514266282
-602125431 -448273989
59165541 215368933
-659216177 -326985589
8127808 39842085
-152513632 122050240
-876619632 -132523872
312691806 590332229
647660990 843637930
349967773 646355155
211764238 670587883
-595746534 624452639
253822888 978094040
635267472 715245752
79846893 396548259
-626024914 783690182
-173874869 861318376
-733408379 -511970410
-367637749 -65019637
322135379 564674114
357087423 965536966
-582523639 676429274
-725597538 34431353
-120708495 575575727
-734859421 -3197946
-738197714 338073618
-814272662 -796863378
-147708097 424779031
401229426 998554445
380298688 665785647
-780169515 211421866
324814753 487521970
15069893 313809188
-352859362 626256250
-364114850 -345942073
-247402965 416688059
-510641806 903662511
-969526784 -942668188
249818350 692881715
-642513573 444137480
-872964299 -346622547
-942401913 -283342288
-620642655 76589437
-933531401 -525871932
-193131328 639019612
-779674028 2229413
-692926750 -445996556
-116739477 244716927
-915860921 353219728
-334303902 118527700
-287260697 -24033387
-393847844 -326505674
-71531990 510098499
185777705 837724520
-917560843 -223993484
624883519 685018260
-167372772 -62317103
489119342 728538911
-237618729 186430992
-388225144 -283119715
-317140891 -206430204
-736761311 -164588414
-817980937 -228118573
-857138162 -486432192
-301121434 762718188
-692105748 -202632399
-707752450 -701184643
991384 303113254
-988409302 99020215
-633573763 -33206607
-514374891 654397986
-252868813 792379721
-485471364 381112114
-969435433 35133245
-20708553 202330678
-662188467 789340501
-825500797 299130186
-988614597 609747174
-643106525 -456507528
-535971431 25120591
-213266744 636289396
563733208 867419780
-568792819 672610734
-824243124 296438672
-731034528 -189870760
154358648 302216813
91951065 141904679
547077206 555605721
-223445200 532494345
-274805033 212863631
-764139867 823065791
460434213 512999046
-934936796 845483611
-780481095 982182180
331801180 640198419
-881993665 -34782331
-445012556 -174571778
838278565 877627748
-970077973 472277372
105268363 266946215
-631669456 -629693326
167880436 453913611
-733131987 914589990
-399628380 631816537
-117331083 610159146
-585127819 221271837
337325538 861893136
-981953623 -478051073
-267818588 544695872
-894424424 -218625068
-273758013 -234772867
311766975 950674682
-721598075 790991856
-859152194 -374784655
161315427 522772828
-417575185 945570113
-158903049 218187711
-160737236 -3970548
98333280 219292882
-403813399 897421018
-941217241 71379525
-541010608 532402560
132288800 518564177
-606440291 997186903
-428906096 349335886
-973101478 -153688149
-792479304 273574379
-777111765 805796347
118608806 520108403
163937744 284292378
-484870482 544071655
-797373980 -461249082
467098296 713006144
141232686 370038474
-890563756 743215769
67137867 816184865
-799961141 -291609794
-855431660 490218846
-952904935 974770678
-594795494 -371337467
-317172465 885690050
-194163745 756595857
705884011 778661007
-627995918 680683435
-698956727 491519227
377786000 846475057
-581849730 630385754
-322931050 133488185
-952523289 716671425
-499803408 -161878936
-524669821 14804847
265358447 753945884
-966846058 -238652470
-859045651 68105603
-862765005 601912567
230685914 952771676
-711326635 640040396
-543321362 956851089
-638989250 645308506
160046751 942120373
-997350913 -57917378
-710144153 951490011
21048013 187783527
-385370572 782759075
-263061526 126552102
-10138017 595600388
-322088445 -4548316
-387574146 -24279352
-308908676 90638181
-550896475 881200650
468426294 907959503
532127288 689434377
-632553546 -186625104
107586143 455318769
-782459932 570443982
-917219436 -135217345
384691257 949835870
-725296133 -508054551
-317229954 334654385
-766734937 400943970
-993182576 -866904339
-402768355 -394957589
-701368487 669807553
467687571 721809569
3200869 946490274
-524114843 2999746
520328412 773654973
-280085572 797380304
291478751 415559094
-308171888 562961348
-418665058 -377062605
-797881040 703174793
-356630031 440787318
-478844944 53476042
164887771 517523189
723132533 893151450
-642579103 -101940240
-373917857 192169772
-245133379 38730464
-899223037 450074963
-961550461 99010365
-908194797 -642776816
173076871 621440259
-525659846 523789726
-303980967 -176002260
-241311762 979245109
-875043065 -339035082
326369270 756154844
-957464956 792054537
-838821412 314836581
-765887414 574725752
783260398 876088930
-948977484 84317514
-664226002 730004975
-619493964 388071180
-868410208 91585645
-684252421 982441583
-378825468 144313700
-82516568 43976266
45817682 919048260
-137377529 861701676
-203151077 910780106
-221253325 -62765052
-670028474 759647314
-554927573 -45367178
-775670493 461374060
315491254 899510855
-350151214 941985509
-495404652 -108771414
-572039406 139650172
95041226 628440757
-997061054 924931096
-155825994 -62686681
-429785976 512560241
-225961122 718580613
-878179944 -221752489
-14386285 318355596
-534510558 -285719218
-750879912 -261940092
234782785 893367252
-734114888 -341408476
-895208633 -37351922
-450160977 152126976
-304045309 -199287679
-318158645 682261290
-243731815 -189230758
-127455114 530928625
-735983394 382818969
-129746483 583091291
471998422 848498185
-356084195 214012451
-363612979 632193696
473173188 894521932
-736942670 201482445
-477506834 731093148
-797540222 -301014727
-247142532 309884269
-539084466 88016990
-90872279 634917041
-901335161 456811598
-624516848 -291364669
-687189746 190007677
247721282 780574516
-571756018 -260970340
-798437091 867741398
-809942580 41636336
-791966655 -454736684
-473687416 -279636666
-869998065 325042118
3031700 756352952
-911925923 -583636988
-826904961 -37690106
-684296756 776340434
-530899214 672309352
-371426212 -328250310
484140966 670610568
-320569418 592248308
-242201438 627033670
-245237436 105595367
-881154319 -779705916
-692733169 -447789439
-824741893 -431170360
-946060057 492971877
195275647 657100551
-867622718 184383163
-531809496 932556000
-34495088 765898497
-462846636 298801566
47056410 700740819
203655841 767253184
78305957 831180233
-179241302 470543570
32149528 727762210
-375066540 122304462
-18019920 620998982
308755676 596223237
-816613393 -190787855
405642066 866511214
-522064108 327413238
-235768152 621494432
341808282 974831059
-852452494 605906563
140179329 272013545
892756665 897759294
-634338972 999205106
-775725299 711483759
-941217711 840200665
-938048217 -934125496
-293390851 661789382
-201139244 947111127
-641362189 625530079
-384364374 920416687
192760100 274413318
-825308842 89648416
-904024225 864741666
-846941011 -99446558
637525219 908680900
258053847 845992950
564232560 658616791
-266395884 555572557
-475500795 883961206
310872491 442708380
-785540333 544315652
-702728707 -242351665
526233896 953490896
-334987656 -109642472
-394817662 606682449
-805147526 485693639
-145153423 485810980
896494675 964175835
-213468473 791931751
-251889084 935456165
172637970 341032696
337586648 478435036
-161774589 53844620
41367442 956112586
-772757691 -70033561
408370806 436852886
702113851 890775743
-613293218 323780627
188991521 915485780
703024097 997822969
32176605 881370766
-300697787 644425285
46150842 394252174
-62322583 -54980024
-132353328 897065373
-370190015 395004876
659307842 977686899
-98274350 -11041211
-493121356 725252074
366678536 488646985
-717393600 138485064
-476329709 339405554
-466778468 474526305
-451208627 -118814325
-280593680 453163962
266875799 907691033
-428667957 -72865233
-495748790 -261131327
16813614 299630601
-116002385 497331399
-446867204 -440055348
43872203 773569536
-906612353 3548145
-871500366 -624407600
-935831561 163390211
-9125722 391121187
210893901 534833047
326830803 595952031
-998591117 303111575
-932225312 -830920556
-644146672 -556597877
593410331 831746873
-240616963 -156181257
-914825131 818824200
-550300660 969071824
327118972 675863510
-798928401 -773434445
-735814809 -560938818
-998114512 78609986
32028348 561511900
45338651 552568758
-815852125 978737478
-26647424 836125718
-195580615 -179885014
-705043575 502447
-624888369 462213321
243395950 292753034
-790943813 614685867
-720262674 791527184
-998956809 -191133304
-951925819 -239170729
-213193932 946565283
-277412759 -162237634
158304943 594978468
-446377744 -296289738
50124714 629271083
-825501348 162132231
120958233 693174864
-796204671 881709043
-607882805 -512267833
-66829215 958884256
94127007 937974381
638054414 898233400
121006928 740033492
-261802377 628373677
391401014 695227572
-855497069 -37176079
-779226060 234543134
-216037755 -76119750
-401378807 189131861
14169793 769007111
-93448750 903224871
755389941 838176451
168934277 845473429
885255775 909605014
-259487311 -222482133
-857011162 777839495
-885947497 -645758823
-44920320 354856443
-314733575 390418047
942422460 994108678
-657186993 777535504
-660400227 298633181
443408595 739325984
-693440904 -517323158
-998917057 -498312450
-190799490 558953729
-752286072 -293887898
314209086 972692278
-904988882 918137029
-988747280 735418639
48115112 594770414
-851772376 47523339
-968325965 -281687337
-989569040 842978196
-123116412 -3419708
-325338401 -180341661
-366735468 -160242710
-824157736 770843697
-247239023 750948316
-113725229 505425955
-335146797 -282134340
-908917731 34956423
344663027 385512292
-187638863 232964278
233650192 693357432
-479923672 -26560574
-74325604 824115973
491816105 615590406
-949174986 403431488
-186988581 -76156325
-109982746 987342997
-867246760 575936045
-32220505 193039840
-657613927 272919036
553164216 866892891
-993909548 -365578293
-965936070 -143028083
-801899167 880098443
260932553 732597742
-225640224 419894805
-266915138 664988794
-867237554 150583149
-44487458 395460176
713510080 963796336
266261289 291181496
-74403102 738432527
177315399 623397356
-389823128 735279457
417568627 736638733
271457923 708749790
473822881 840222861
437787426 922248613
-165142606 293451946
-917009401 -336991689
-594795173 -310329665
-824506123 819133819
-357925051 690712949
-880320636 536376889
764184659 932772255
-286597089 -17041036
491474733 595121446
488116573 833920938
-877887188 664322285
436219889 812441511
802240716 839685847
-799006397 -42062625
668639328 858289621
451421539 946327641
-848862847 969342735
-63335522 24666157
-925143347 131199674
-726549535 -61728888
-582603267 865984632
324069854 750527232
136101863 734861933
-839758606 519127370
-742082738 34988978
-458315577 164215817
17684563 84579279
-831351935 396693493
-951411905 52644814
145878739 962293712
-624335379 606758362
-818164894 876304519
-24386034 337267487
350514730 422650283
-855098732 335666535
-843485294 973735547
-498028319 39149861
-401705236 116498967
-274712955 -160935314
-996131736 -877258537
87440159 731708897
810685865 973624146
233627310 995743246
-712007919 681850941
-789034170 271253268
-607598502 734351547
15897546 990229891
-499107131 -8793112
-481927764 666309699
648083383 707580010
-430596659 507994038
221345026 448649661
-914538603 -706284908
-97319262 315576242
-717871188 259057961
78863231 988418665
796734694 832308671
-827021103 465914381
-422038828 737765102
-616915585 -290875861
-753140293 182184894
-781615000 453089887
-940843139 -714160192
-660801588 -173653627
489995172 723246971
46387863 692460199
-926610236 -611443951
-650866859 737780935
-129800041 116043126
-661129581 107416947
-835243282 829808006
-192633707 323737309
-473397367 -8028858
614452478 931223214
-648641691 304638187
-666379565 -387486289
-584791313 490554824
-98765230 787617186
-47971899 912257377
-840303374 56306860
-441401568 865319101
-471434019 -402398571
524598980 968107019
-146378091 622620411
468999765 976814885
-53410440 783112543
-549857326 -223726429
396072887 736436269
-70147847 641057546
-842020115 -135658825
174678049 182692323
-424034343 -139658561
-958107543 278365
-359919548 -301982088
218087074 892917329
-219675413 -148704783
383404429 559531034
-998008156 893302953
-812758201 -131009561
316679551 470200965
-965761211 118138579
-729100722 561195897
-818873760 -502336561
323660769 721991948
-273526395 -261606301
-306114039 910790381
-704029967 287773829
-365426917 620225528
-25371867 345696050
-534978891 141233762
46639580 442886267
-612993773 861178476
633362966 926991801
-589868365 -46137004
-505619643 473261663
-343735091 883240684
494993978 878744691
-720141601 565178687
-426101281 680897420
-441390868 889217848
-478282492 -285425657
-180688873 370025814
-989942274 779288521
-986283060 666682301
-541211089 461405518
466139960 920089501
-778467417 543442481
-187859189 634382613
345730458 483039538
571891247 847085089
-861149649 539022210
-204076372 692656091
124538621 490839930
-83244434 824335071
144456637 694987352
-528329474 964285733
-943694044 331770248
-228842962 -189131788
281159446 972259247
-865550946 748813830
-576901692 693891316
-695058409 917936826
-948434569 -451864923
-940589631 485314208
-758676233 -422561362
333011740 983101619
-651769980 921779060
-168884819 577719119
-724256824 -638721042
-829348901 -650578654
-341744130 45364834
236733635 606951285
-674005708 114696571
-684455035 -39602380
-521748735 120405407
203015035 991802237
-269568339 837444002
-491985726 -85384084
-497648461 381363852
-842524647 540770209
-936660766 105514813
-214969117 98043460
-648264169 737251985
-894438663 -207361397
-950734482 -882166866
331907877 360489685
773163051 813189020
-238366173 887817883
-51604858 945183913
-608344498 333002510
174764024 218030133
189661715 435586270
327303098 419235306
348595431 537996728
-564660174 -201618986
-596917621 11477257
-955466695 898783829
409591546 647078718
-36788075 818649377
489368331 832921121
-344553785 -234752944
814220698 947372380
78678697 499254828
-620941894 -288449136
-588685658 769491534
-536293731 -499154687
799901070 864425729
-668395094 -387520898
-199119281 191367355
-721422945 -18528760
-988168049 -276109743
293639045 890611625
-499775193 513827694
-772115420 933070865
380762744 997320068
-875629963 -93871560
-272356076 495302392
155044612 386746918
-771225940 639031549
-196051544 531505963
-177570273 587104200
-32237725 950489133
-983800909 563902907
-619509248 -269261996
-817333011 108879504
-483846832 -141722979
-884291414 -275742126
362684470 404629639
197102513 433222567
-677848460 -173343912
-410612724 671926027
-950878698 665520261
-930405477 -290160481
-589067284 994941888
87751320 140531815
-611456289 576724011
-432325328 -352357990
851984902 916311458
-614619888 16723150
-256048023 437009524
152759411 624614769
698679633 781366977
-889109619 -356450168
-595619602 320591106
-788070696 -752729917
424781847 541351075
110279329 632377835
-692086748 -488727394
-684730255 108333416
102947848 324962930
-370806716 -146133110
77644311 987006970
-598402230 -99348135
695192648 773190924
-582357878 129922009
565611327 977132810
-726631183 537036855
-283220237 781060559
-636477505 -550032989
393495208 763682335
337342812 465691228
-900260478 -424329767
-505999869 214504478
-285329542 888387104
644846460 848678522
-788580143 740416575
119022107 614080329
-409476584 280343381
-861149110 184465502
-996281196 229395229
-846239965 461465358
-815239661 584322320
-876071800 904750785
44402107 354453774
606665240 764467229
-97962381 120949027
-447335787 564332685
-911208258 -149341844
187691078 435488429
-522178365 776872762
-348799296 -237960593
-119933810 3614445
-872372685 774647288
197735958 625193370
-866792570 -149431084
224223752 592539471
-750223611 425265492
91128459 293099743
-586064505 -515914722
-616270107 48781902
-768159347 663687107
-774202371 -541343060
-936267362 937698916
-241232087 488856957
-618675578 -293583157
236869221 989186626
-979861299 106643086
82040993 171914614
382733691 679564829
159623375 300868344
30991921 291591182
327807788 660609236
-818835982 -779603329
-571716741 119819982
-236073806 -216753926
-153470467 108231531
314577639 438627947
-490472563 855216350
-259083589 809487948
240548965 477772132
-185267179 446747649
36065538 194961775
-808419913 999555553
-389131069 -150215568
-395708972 644653789
133858827 163938812
-646493194 -230574179
273504376 958777617
-780241689 786170935
-967224785 937606273
284846751 946457140
10769563 440387873
-23856672 352576034
-894455247 -844678439
-572198405 249257043
274968219 934431065
-283879917 696511694
-681244360 -459918091
137916655 178524841
647530394 932698325
-927877668 44710105
276974029 648076042
-740478985 1951523
339761329 838258864
-788600018 -689479049
-893177610 114478969
-335457949 570066211
-163401938 874888191
-572636825 334627314
-843454490 -29841834
206149455 874309791
-332310928 -131686131
779219191 981936874
-13537505 694528833
-613588640 -288984474
-928330098 -775943221
-813965083 650368719
-651892762 -4105400
-594787410 783354275
7379476 842623589
477354988 565392890
-241959236 321507518
-542858847 51341560
-542659125 232463287
-648991039 -301829153
-331271300 594064040
-624743121 70279088
701433641 822985909
-426250000 -317018261
-474055595 -443890117
-666712337 606501511
-534086040 -153893228
-814284198 -553045420
-469850499 -292917028
-484604178 -50474698
-539271370 -524019858
391684075 843769611
-528413628 538802796
-491301224 948063350
-64324940 31115447
160748882 371927878
77872441 235329978
541600975 592468591
-301977853 960142274
-741262604 -504816639
-150477926 87695320
-837749242 74639694
-779971977 544278123
332109054 592844675
-757626195 116004326
-944395327 -660956706
-212260932 709624174
-359421006 -347127433
635699586 838248128
-928127059 -236147170
-296619879 598724053
-346553213 -250683631
756841328 892174718
-818995250 482905692
-780859109 921309480
-492921140 -243246159
-477566789 235521045
-121294840 466052994
-647128103 557461358
306900695 599276103
-351949873 460445681
-871348241 859960734
-864275018 13519622
-33500309 362585982
391747872 877142127
188074351 986032402
-895425436 840446529
220348438 795228985
-283105531 382643200
-806507508 291790504
53353100 935465717
-45669672 576552164
-285644451 77740488
-142062202 631635016
-803822454 25848304
-143905953 611782014
-184207895 335192723
-192686726 270372205
-664915897 -648370322
-822028996 -103393843
-238306044 -51295688
-358170119 92761011
52640672 606370592
-658671314 297719079
-65735705 10205702
182719864 698159110
95800648 934461995
459531107 594086501
-304814191 574188071
217052312 481443262
-773267328 885488038
-848718863 -241085504
-483666832 -77002706
-576738851 -485074691
-696260324 508213083
-989722309 -349306948
216465217 604769692
-482714473 316696699
-631424272 -185654845
-667139464 566342948
-897106736 799390746
-474003808 -206289683
480350952 815030371
-49843660 309150148
678064174 914290909
-390670024 440230730
228055012 901934647
-860011521 -449412465
-223813612 -211127936
-357086163 603459860
-179666756 49208381
-783586828 -66279855
322703129 847629673
728103794 734983701
-302730468 333618137
-953033339 -865118220
-892120219 -8774114
-441662858 -18499561
-839473609 -103947403
-137005099 208489495
36646307 805282681
-447629754 164425367
-697202249 747825926
-215955088 361555697
-61983459 731414796
-646365674 535294649
-813204338 820296478
209967272 819774648
-911517864 808575549
-870167096 179492948
-963247616 -78427710
695627352 725942718
-225265509 -179333909
-504440361 -98633948
677068473 698915387
-922742242 437536636
-705917135 -500573204
503905678 857366209
309843972 898426566
-865314891 333055578
-717867753 424673460
-336197077 86470070
-62352010 51722825
-1430490 529306986
804157413 938775023
-976053708 630250481
-766747618 -208842654
558658569 745126080
-774862724 933982449
-66111615 339728101
-998306890 142401496
-218981100 -4105268
-390884584 808670994
392710639 824162704
-612880867 654951428
-282545990 705572034
-399975555 801909662
377191043 786198878
101483062 410925594
750175217 918578008
-802016689 -278684376
-984643160 -919951371
296154387 532047414
-866882350 160909904
21081429 549512399
-340946267 399281632
21188363 86726380
271518026 923464223
-758374116 -738840056
261841123 646211894
-539832649 653020490
-840901737 -376474649
-519428350 -101489951
620238766 825805416
-851708540 991664767
151386798 559566401
-428715351 -260329269
92922090 438243100
889083474 915955588
-142925774 852710696
-608692514 859435142
-95217947 128964085
-850824012 985204039
658849696 710470349
-543962774 181606051
-390772822 384992308
-556065339 154130682
-372190453 198909295
33724130 135707732
493119785 644601351
-756993393 179540054
202940244 284224210
-179870925 -62813104
-856178295 -364700413
-290175950 500114863
-902675543 -397589161
-304830522 488004730
-794349187 137192409
-474462165 171344759
183387977 500045289
-818016325 -491689127
-376466703 74653187
-968317920 -270652111
-218239816 39387712
-622175153 -548910498
-960098689 460568828
-696022970 648905921
-700351559 203303628
-305861224 -303127359
-942612322 505421347
-946865627 445967884
-246211999 360472537
-334317765 380881755
-644274510 524525053
-645598993 306003502
-981121226 -182808188
-652044528 622801665
-972001206 140806775
476949280 805863923
-651498487 -67400176
-988649098 697956723
-539504567 -105219184
-683079391 38787090
-173302444 554713368
-730817569 360179843
363568326 759101041
-21219582 107740734
466802662 860705768
-104726287 385797311
130031728 355586306
-101213340 267558180
249164694 526148812
-857314450 399937169
-548423219 825119512
485403975 537546405
508538553 813798265
-502914487 710825449
-513088738 543241293
-168954343 825082798
-779753181 -214466316
-290745975 826841739
308482753 898139758
-880606902 533951269
-199091529 560996003
-676938368 309000362
-357907531 141970654
365631371 425583499
-786518507 981612611
492909929 718516291
-981189508 879278473
-752763646 -386585408
439884144 472725311
-785506107 -702999050
-191274958 -113573446
-647156449 532955339
228635896 999280009
-877600129 697078080
-962244590 -188241891
-938469409 -771404078
-170841562 993608295
-856882011 327945726
-787137369 -222673633
-920150591 865656051
505867308 902148427
-549981623 166563573
-890041208 414535984
-802853128 -11304351
297954271 992222812
-41206287 964187472
-778812699 552290572
-981749479 285260355
-508716199 148393053
175497666 387609665
-641593290 -46080576
123157413 619835086
-988514980 18906442
-404646995 555705973
-384857797 733345028
-565720643 -461827865
-714168568 -592673598
-906928062 -309861124
-924388558 613722996
633115207 892105369
-894105876 -252209543
-556547872 -247413544
-179728800 -91585371
-54946541 458004349
-476405545 -378928017
-989948873 465099275
-739304083 -641447306
-901618480 569570563
-523659837 -175958003
77332907 462505083
11725022 92003192
-547916952 -108827872
353784234 992951191
-637428074 294465916
-7946871 213798350
-805623453 711752718
-967567123 242772858
-261506069 -63365250
-687046581 -617655501
-410272918 251956498
-12764774 452926449
-561248136 -277067063
576664957 609926783
435303585 561715711
-379661548 430552412
-92233486 270002262
-464546031 237281011
-262575462 220766520
-627163487 329736809
-459423171 756110178
91386998 775738502
104585995 560527540
-315567927 -35361564
-853490108 343031949
-970972017 175500476
-818802649 -102693398
-471062354 995280425
-670561955 633418169
-767113889 274555974
-594276470 318966707
-681951568 -279642897
130239411 788488640
-724301996 911643528
-787425769 155594535
8421293 667314943
-50436421 605471546
-780463100 673957929
10343240 874607730
-560373003 384127689
-80150537 943098669
-165742405 696382556
-22424856 76492068
-421972660 7526244
-332288244 717521228
385929583 945581097
-858085712 701016789
-945920943 -715791494
355331025 638834333
-611400998 150973125
-231242350 540379424
-571715846 392223934
-351841127 319289170
-458014 672234005
-518934042 627066255
-394817676 -184160693
606539093 998066823
401941866 944292140
79486598 337955476
-26982637 745867568
-509671726 -276598021
-523556928 617487982
385892294 649505787
-149882838 310211012
-63377878 747705881
-706324746 14493816
-350196596 -94788925
69577312 901268617
-958315181 633638534
-719040950 895580359
105106681 724001644
-382039371 630331375
751182469 762757813
-131795044 -119509492
-18630737 365449814
-14777212 470161782
-382117644 979666408
262672884 360017295
-388993998 -311116047
109631682 553925539
-982316468 994855681
-515067157 799325348
46719779 663759058
-749070858 26477888
309929058 852092879
-514184576 -182696586
-944860004 -194513682
-848376185 -18209931
-271259214 914977940
-664694360 760237535
-746016798 838278125
463529876 947287417
577788104 588256248
-901316950 -650682509
12684775 332855245
-582424754 922670544
-708481466 -251011860
277549825 751980834
-445132922 520245053
64390368 123806863
151674383 321550152
775327190 958114605
22765030 948043706
-192743703 626256347
-374203942 401271867
97647433 816404375
-571474649 727673984
-245320780 433999275
-208864797 -62299266
-327807874 -95730887
344768167 543665241
449151169 853176956
-19390229 786516278
-234240430 807116542
-294813886 568467963
-38108008 764040074
-622960981 480136084
-944674878 -391442566
257207167 529926403
378853146 866033635
-513547466 -484458465
752741030 917937574
-467073375 326486568
759094676 871248473
-287123095 703118309
-751876802 513384630
-569105804 343877064
-810473825 -367168101
353411971 662183145
260009554 489289959
-720439368 925956393
-950621309 929286604
-689458204 546891353
282574152 797849726
-873564759 164610458
-939622333 -112946497
-521884217 192945208
-457341760 972058885
-900307228 575731087
-827576821 354657319
-394535464 264094392
-647089142 -140425091
-959087509 478929205
-100209375 554645821
-13560221 815362936
-862619890 -503706113
-63135283 783795529
-687920441 670431192
-117605903 135854489
348834284 689346455
367390917 611830352
403424549 868357327
-380682822 749627484
652228166 859202769
263111568 408197726
-478200905 902601421
140428638 722828325
-77602131 -16230284
-818978352 -287853583
363048988 709772658
-917522221 -785542852
-901661234 25774409
-355267611 519167952
227016891 534079177
902300692 959908546
-965899337 365343773
700026402 964127842
-334683735 168203419
-558158997 -14039441
-926383094 -161233309
831006336 919051445
-755745490 720926413
-602453185 693202414
-324842262 -24089874
-187775579 842096608
375383066 714112235
-893018433 -420593697
596607673 740615253
-260060195 -109188984
-189880145 220387466
808952 65439981
-13887588 760103612
482649489 948285429
-36464287 375710840
-659931754 -29613109
-887498502 -443071996
398859577 666292570
-410697469 215850781
-754409086 173549683
-461109974 849938474
5900040 61675175
205495236 723616545
-29642662 247367311
-10031790 856628363
-566360061 815993865
-570609920 879208777
-831226892 -366951166
-363219541 36769505
-864909684 -746309137
-155444851 -70603766
-96302973 71705326
-397637266 507672377
131694871 596788371
223843829 828731872
-355021241 476542390
-836601717 50592094
-800760129 266048794
-576654281 -354827970
-626090841 844585397
-85123472 816504708
-206310196 776139090
-635296640 -440731103
-65294540 687511294
-47750134 690557266
-302231897 -278357995
-713307882 223250274
-747694097 -59908227
-184921931 591138135
-685821084 878889173
-438840298 675312550
832011962 936241501
548784152 852486514
-849664187 -773981195
-110802931 736870213
902686695 985179908
-84361422 68868930
-677755586 248973274
-755534402 -201991321
-189955240 705938789
-468004811 357420963
-857228354 -359659264
112690332 724498841
-67121201 722475643
221932415 278163637
326247381 836588112
-238513341 837408478
-308095888 -242958065
-391124302 624017371
-193563313 304256591
-511941110 578984897
592478469 705632455
-491284479 641526582
546766038 705279871
-743646958 891736619
174922524 806373549
193086754 305210802
-966241702 717428575
-752807515 -468245070
-242433294 395753456
-509908390 865192757
-601243494 165095918
-181774170 530113160
-170557969 -25482838
-689728623 -287604547
-190720728 604872545
-900475808 -718790365
-359914941 884295285
-166821892 827807008
-624680352 557815895
-870537797 -407485127
-516818625 -390082512
-935333522 -801505540
-764282710 -214669657
14473691 781474103
198429569 731799150
-780675511 549287702
-501960546 363025122
647315840 972158849
-865934116 -768669808
-519031566 -223767556
74281419 890388094
9321430 312649739
-555817621 -230751697
-354610641 525553250
-109917751 811087185
-457959213 486710566
-636270238 404247922
532593355 813785286
-748960541 582190740
-844051876 327927562
-891975513 958899152
-833968188 -733245549
-972379262 -203996286
231026142 514156193
573145465 616549635
253113343 902968625
-550658736 -336133449
-726154934 -622221653
-454571703 -395076611
-198550340 824679134
-142403979 620085019
-873866372 345459490
-603557290 -69314675
-138990255 381784723
-778750038 965668623
-808576396 691455258
-700101094 -432538991
-930238527 -327421784
-613477095 926115914
54247129 240350789
-505548594 285701351
-785923697 -200072135
-622751668 336565374
-923412673 223287572
-1089390 58469211
-53177713 93170198
-845845606 -668469044
-803199460 -457994296
592189314 945479318
-157256455 501565297
-280432277 974305810
-924924618 -318751
-151008833 89564518
-435205844 40282380
-340776278 -76293735
200102564 253308262
-323150298 694588338
163450433 891431945
-342340822 350123479
-492954921 908720981
-469690353 452860068
307527446 346207074
-875519744 -813443104
-928274713 458912907
296728635 913641858
-692120024 790771932
-863332417 777601627
-795104880 241072870
-413448903 271219168
-964388755 774830431
194061453 873082184
-619459165 62660187
-368127602 572441365
-375035912 732175336
104463647 502136452
-571866986 827514815
-990698822 -215939694
-648956782 393916194
353911628 757814615
-954060643 43697566
-797496995 802538928
855343422 878733621
274374388 869460663
-105345061 319648983
-762605734 766897535
-533136883 1384577
-531286629 -175220823
331969508 531297016
-446535426 99715375
-364888017 860845126
-761461226 588815329
889878866 906407557
-870958961 494057530
-334723048 -116889378
-643523895 -320591714
489938152 524357976
-264573774 250743296
-807820396 -539448827
14632880 969690988
-547500999 516676557
-216131596 874796376
340177435 555158469
-804559085 579464355
-840639902 40123477
-456089468 920554533
443964478 733018699
438714278 603243680
-194611847 228551038
567336542 895820478
-162126525 940845927
-149204845 -27133511
181052831 363992814
-61113153 346797802
-528424666 -471856590
177475654 773163729
-846310081 375184320
-863108951 -113674214
606907672 625760779
-677565626 375552926
-959087148 -503971898
-602484578 583945520
-852930262 528277664
-966441658 587931718
-886743159 166162217
-661240523 -354535518
144307428 416911358
-356180438 -233898105
-993262086 124802624
-449246805 -53069745
-735753670 -566772304
360899062 698498925
-794717233 -220213633
-875264413 883377306
-392088802 237007878
-230084279 473044155
388757578 488969770
-887585757 -648767048
-267381587 377747837
-500431695 -214150601
-802982433 -577895711
-622655816 816278577
-612324261 49379726
-767737887 103714610
-588844429 -492014552
-685353113 -634511108
-975008450 56551296
735422990 854458786
-305187434 -137917008
-66629867 224957109
-793540123 -594077331
-293615327 69413806
-373188291 -72689976
-326657094 119606691
385395725 886856314
-309392170 404218803
200917832 636628243
-228773475 -79146572
-794230672 -459009023
-356148561 267231422
-146203523 401640474
-380010873 6540366
-422527506 -180939524
-588052521 456493207
-953181272 -95910290
-436442671 319842147
-410379333 118095618
-970212638 -358865287
-543178239 -269626089
-328025770 665347160
387042037 682592488
172152834 475295187
-441316153 -167837326
69993637 606210890
-970334242 854703634
38668712 360200751
-904857836 -479785369
-108484960 430651711
-796732874 148476341
-868174653 97070759
-503032110 891045267
-189409250 -188740495
-751977877 -633608798
-275868823 331468053
-878935639 234500264
-970948501 -261662395
-792639439 929745720
-459275129 -35400738
-715361280 -7011439
-840174137 -701686348
-730288464 -210130014
-152876390 455586005
-421005827 -329626993
-516694738 947380645
-270206931 235152486
-787684186 -339113803
141016437 202157454
-544149346 -43105787
-749329081 -191201624
-652211392 189418635
-463487738 779295663
-512790019 250111435
-564666279 -169351927
485953979 968106539
-389698818 97208999
-794655229 562128188
-700274539 14494798
-59734181 334886814
-941458476 344291582
-642136726 -271966308
-784215176 568018926
-168416005 902550955
-544179775 -150529299
330676895 532354733
-318631531 439484382
-941177507 -556936092
-252649067 -158751351
-497453624 -237656850
286693622 678677111
-343175113 747939611
-909347994 145214229
209953840 738791080
422657980 614348787
-956741522 228021881
82705201 791332962
-565877178 -320554649
75298315 401338777
247131304 550493976
236195147 658571086
-174405447 752790160
-153397190 799168080
-704524507 -331871439
-968801991 729638244
23257854 706111843
-836855095 650149488
315219760 525444825
-35614841 827074797
407197041 852256217
358813003 846009842
-462942622 240098969
-857504507 993423898
-566112567 752459115
617814147 933541941
-840479533 445658552
-341883391 387678719
361256334 389598367
781704604 993257801
-942309221 -178882647
-368052970 403424158
-566910502 -229497140
-391393733 -223959044
-746805570 330579796
-962524852 332617148
41509548 120681522
-82487292 594500439
-261449062 795214660
-473927911 -376294698
-634121288 995477259
-403308002 377979638
-839375620 -258026401
-749774616 -2198550
-619029068 242166202
-543589113 -105285658
-439823526 -50900111
-638790090 -557027891
-844706251 406602909
-568139507 418602197
332300865 622558380
458361491 487096142
-798317957 -508798013
-497064289 307964231
-984895545 -153492381
-605680066 364565446
-708942588 972010688
681774013 965221528
-482340422 -30023196
-780683883 463471605
-506108247 90058677
-826372368 607086326
-459363416 -32634941
-78030234 47153818
-868357098 -45090019
588489731 804406503
412957796 715752443
-939247196 -395266854
-102154209 173281203
483158513 966352821
161978392 694092514
383208273 707283503
-956779825 240963470
-18662030 7648296
-622335126 278620058
-541592135 -74514864
563178970 685631156
-551751111 -76518182
-973271460 -139523493
-438708524 415280119
-998675579 -161581790
-117585374 801819137
429280619 969934341
-416861503 659997397
-522845352 -257303072
-677143536 97898331
298496511 693778025
747310378 943465975
-684955453 -599652168
-661847997 742473041
-854190581 760060724
663451562 999643090
154739649 227864469
-537829207 -495038853
-735793094 -525279215
-474015844 818934328
-545445984 548084970
121234567 954223126
-340600071 274912423
364816746 861680193
200499838 215622431
-406159443 90723924
-498406723 119667921
-923978425 468113110
-196876181 298455433
-921492955 -679668474
-955595714 -55048113
-475123759 765990524
-686906368 858100555
-450537938 441939783
-556002785 786152869
-516753563 -294199977
105611549 620141980
337522775 510123826
-988832640 890772464
336648271 348013270
-178198625 -123764667
-840261665 -139294238
-965060976 918574123
184664603 689784114
-76829740 950081523
-128819170 618695547
-719470783 325450617
115800066 396631282
-433696873 605276373
251473576 675389730
-886876996 -171089159
-715787025 -653474578
-540502405 -90093674
-598085332 19591249
-644469327 242944911
-662352721 442240660
-365922054 -162289999
418018301 993152446
-628937969 -288684559
131446503 366255200
-852007843 727056028
-616439723 723004997
96271149 614365366
-211696378 -151557994
-741604889 517584465
363353709 735802037
-277928735 408147160
-163759495 246195246
722178813 821590005
-11117927 740116373
-573187455 990107850
465303875 921144264
-959140873 -936734039
400624006 594233456
-499086912 -95206763
447069641 544782578
-174178751 -61091016
-241111048 542042854
-788742053 609475727
-790755093 69651510
-822470867 -700768053
387679733 939751116
461052278 512877510
-470508035 -209108942
308131802 378099822
-625372034 -404128155
-181053590 -38877904
-536001106 294971823
427275381 979986557
-40017211 130635844
-801352923 551979972
-394069280 -389020191
-706772767 19500330
-328654782 205551557
-899672114 -467620653
-591782058 809828343
317131327 810393127
-639950919 56893481
-282901824 832761793
-308603966 -290916322
-731173768 -444267936
114456325 709993012
77001463 497516987
502476597 779489277
-557691859 -81027613
-67853787 652318438
-487644412 153159753
71213659 484740723
687824162 902452126
-435783844 201459131
-917476908 -42155268
-547535187 481965819
-470867338 308816648
-663395549 -404985493
-535046785 473996284
-516256043 728885278
-814340603 -733375193
-885312026 409719188
-906911864 -147220354
494377130 539583080
-191999056 353372120
-345823413 555466322
-625435331 -361651476
-404872605 278110804
-524298882 -394566109
-744524851 823158771
17526404 241885632
-895831433 902455868
-121967242 868831761
-890020032 431942483
-782544189 -112862149
-460487496 594860173
-957479759 261620756
-981408445 -270683062
-428687953 6562558
-546461783 777231998
-314755511 532769350
-448782042 799815922
-912150182 -634540942
-960708928 438867593
-761884476 379738883
-788224647 132171756
-714429790 458433903
-86856592 411999367
-553031292 994195270
-907610377 301090814
-509719603 -69357967
140349017 971805540
-748093253 -516825344
167224787 672035918
-463451837 852322014
532908289 843739905
108620214 187460925
-674479408 8223109
-697583345 142855571
-373621359 8770267
-903399947 -135132942
-93229034 23033307
234159150 430304831
-506978847 167939713
-474309934 736342649
-79047493 987801880
-356807299 641793289
-367781173 -51340591
-851388033 944254914
-492374806 52411777
-309166998 956581440
-870395262 473478767
-783480354 -337938968
-939581294 375900449
-719502979 16645124
402760718 773087133
527398128 588797951
-680641936 -516596200
391371159 879405613
-43329536 249479003
-895495481 838728085
-125542029 440430828
912693878 917035551
-37715798 199013251
-161159734 39705941
547901158 558374382
-551538512 662281494
-560959213 660269323
-918643303 -800244304
-338037301 528679418
-949002405 114120104
-256503036 -170752508
-476868615 -369582071
-14432094 264180735
-404581889 -400097973
697645855 945286032
-837568219 -34557346
-550709156 798365100
776034977 920407587
-642710258 -410123112
-336077843 585393967
-679851761 -651890130
-446301988 883186368
-6166976 369325895
643983490 920959519
45204154 798242079
-882508622 -97938552
708713271 871501246
-93494117 898749941
83381583 662288352
-13032711 586373084
-800780118 123693646
85562698 892883854
593943580 727046688
-53456397 480834875
-48659996 523962842
-441510533 9959081
-347738209 10713312
-149273524 722735571
-928629355 247830349
-605421757 -545736610
-306521837 -24517760
-894184610 478991028
-244416539 364658654
154915453 766627514
-699335314 986593239
-617077900 -235643986
-644447349 -625572324
-898549083 -373359579
-416300352 -141968688
-977475267 -243936421
-184643157 910365288
825603586 967588670
606526494 900906079
-722974421 633495407
-789958759 -763483144
-537182500 411113680
-73909798 222375900
659713716 983122732
524198505 689116317
-755288549 -582108098
-899476788 215153157
259038008 407069031
-804812095 -5494243
-696443150 929931232
-471657051 674039096
-919474805 -408256086
-132498045 199265961
-937712531 -194477947
-897032077 210700949
294819319 368280793
876030567 960903766
395249303 420116214
-657125314 256564728
78212961 870127216
-728204165 329327664
-742220352 475845669
-445208033 464602259
-474894500 -78313235
-103962663 332634413
710814981 994701985
-708066929 950001051
-90536234 285325552
552036310 785582269
290092494 933336573
-515332726 724143151
-765135869 704368951
-186109482 -115467214
90169594 635852708
-439314244 372336753
-694505394 -145735043
-950371178 -72163615
-614330244 842173757
-648187886 -627086391
-408800322 125350785
-723280974 506643595
705456658 934571178
-373076498 136926726
-735365772 -534900361
-249279340 792085965
-416274710 -15186034
-54863412 674343892
-222014991 566723561
-235241866 -43016392
358180107 578283879
-118149542 -63428440
-644621077 506214013
-983461374 -88505621
-678247127 789027965
-212636828 377067850
162528269 516654408
-809396320 -253513046
322015016 949254346
-829359726 -768345150
-998430749 754300157
-874026127 -55341643
-637564056 999389090
331898237 929456863
-665065709 641575832
-497308566 115301396
704041352 956347173
265887519 321632351
-375256535 50256837
-665178009 -388787077
631858894 663095702
-851942939 -567689156
-751239764 519173876
-655699871 609154384
-229799457 -35098122
-963341079 40299891
-358295110 -146194262
-761705026 910329829
508731893 865070035
-672958959 -111198899
-881836819 268218978
-804933281 -358131290
-517480058 -237630801
-226396424 490578124
-606226987 389591488
-992962189 924775459
-637583519 -381556001
-888344127 -663422405
-675638005 102334538
-850909567 393411949
-418380888 -70693247
313000205 757009602
-314397332 611030163
3140533 185727988
-484307919 -33495344
-746517009 577726972
-753856667 784024578
-561942858 -190472313
-563408206 518393163
-462073611 -243934701
-663461665 -172500750
491150974 786847484
-29030096 509147497
391404493 687684729
-428518588 -348412724
-218309295 659197591
-342675812 550683272
-489692545 -319105379
-108274571 519831643
422026320 508358386
22924107 199797220
-515279169 140864525
681534791 835687218
-722046494 -559250037
-971948153 982972839
-551640214 -53056218
-554804523 -233995636
215502917 645787000
-631934572 266417982
-641437151 886066014
64483621 371564905
-929865389 -760331884
-479552182 -20515963
118900246 684582297
903351956 954198703
-88100147 98521487
-878238714 -416739702
-322936278 194621592
123476910 987280501
779278781 812496498
-729224247 -656222662
119887543 934584443
54326080 374280299
-9726965 635675453
120626994 675310812
239710577 375339798
-36955252 670487659
-483685542 -165235110
-779079398 -729208521
-964827611 -79669409
-599416888 -167174972
512674305 772109884
-743912146 121698653
-245080633 749851878
730039345 805507734
-613307560 -269416359
259449898 620488750
-958101524 -720956406
95342365 530693403
-595647807 -315406077
-147340842 -45569181
107616185 365154108
-700823515 -10539103
-254863448 575417151
-479515870 411872269
-943688083 -287281493
-370962580 741056322
-578176118 761393305
389754991 450328589
-439843400 -366958717
-846001327 -551793462
-191795306 408603336
-880854651 46796691
-851914257 -807515946
-520888484 -447692462
-678539197 737323335
125702663 685167959
-488858910 -39016631
-744199541 140039602
255280631 765972701
458064631 593657627
5321628 940581669
-810452197 363273835
-856046958 369854365
73215980 708853088
-586252124 -151520258
-215277661 520083038
-828311197 486952642
459902642 734348503
835436402 981093317
-474815989 143738073
-869902312 -410864892
93367998 766067513
-558880863 -492740514
-987353244 -252905487
430609235 650960148
-671260586 1459188
-678157932 908350359
-25469632 143504726
-653791602 -86863810
-470635087 157547296
71155009 345470936
-47458946 970589477
468825639 881424536
69307199 588117481
502088532 973007140
-719682328 64754595
-834962546 -408279387
341120463 604909933
-923846055 602481188
-279268809 951168787
-494386892 325978031
588712543 927729708
135201659 756540181
-670012418 -297896773
637641629 692240776
-875001505 127434029
-40820117 217040344
-718691334 639063285
-977965768 -373174734
-140240497 133509154
-223895371 425887618
167126235 988198291
-139208367 299609697
-197729058 704963103
-483810224 275025926
-212198891 -145087519
-836444321 -21192619
-784876949 -374953572
269958698 583535919
451552922 617761653
-234811365 774731808
-511909852 970468388
532696533 929223783
-386600265 135011854
674780202 888422303
-641441921 155620092
-874243304 -402165592
345653518 596390701
-363678117 458438296
-961753388 213338062
391407461 783793168
201517405 228527201
379974378 506823127
-59955156 253416014
155497455 499855410
-228956907 124939019
-595259677 377991218
222696575 484800083
-446534556 56728257
-577360416 -262936055
-202434502 -152474442
-916017715 275585131
-923444459 -483738106
-990914258 -889773224
-729441043 -353130344
-704529081 508249955
-350832421 707552583
389545953 895311690
296015774 601233043
-441336240 928721095
-296281581 139573951
-883001861 -582844190
497919245 958411458
157265538 490984583
-216601625 188559874
-613861043 -574967332
-84968001 226342572
-630354849 -483499054
157152577 206674591
-858697272 -706857863
-50306402 407975534
-230069364 829904836
-540303277 -253835759
-470966432 -382763703
-246550204 -241477046
-931223165 -290709169
11029706 861830823
362230412 524624425
69842516 466353268
-553896179 -112347057
-627965607 -130413521
-25938627 373542886
128810262 652385157
-945174325 292607589
-387444110 -50150853
-84981188 694216483
103702390 773815005
-266754534 -161385629
-667836759 -290606970
-191436454 12729529
-562854537 811214718
89549925 607186534
-939980650 -29467820
-778767942 735989019
172546278 954688158
-542066497 446502403
522660454 542633598
-691304356 608325061
-762396827 801775090
-166446117 178468362
-983471558 228195650
-527601523 -351591798
571663782 589127492
-3797941 636858445
-843864817 -2855043
-586954439 -284708159
-885749114 939173920
-79366315 555563344
-854573508 393446801
-249102561 83651611
-399437987 -40574603
-625227373 892416953
-347146848 709921016
773465023 804582461
89991190 769643790
-775719255 357495048
384330875 550679413
-266466804 512428120
707888910 719245359
-445265922 -310982375
-110384467 951040155
-818051702 -164824456
-241176499 403196617
-642873472 -306698228
-686296231 383452801
-693236869 -98429143
-26978746 796570648
116504197 555578885
-309018873 199955347
585468040 715384438
-654101043 -639305410
-242405796 265789233
-596560064 476935594
-918741104 -467435230
418249206 724600110
-880054627 198852455
-61664048 791930435
92500630 902126886
-313044558 -50057766
-614625391 -237015835
-723869676 493142319
-646763240 -241519769
-243126996 588652777
-391224702 396486251
-73128291 952537839
-395918009 924299151
-583622786 568690533
-841888957 -750348859
-46510798 253855568
-569257692 -407239793
-140091522 508550695
-691915203 -277295521
728503242 985170337
-443741569 -50009893
-134986804 709385160
-321783423 413905501
434026845 901493936
101849466 367808568
-814120745 294267591
43414928 809338056
-579892544 437293335
-735905559 -524285481
-878032586 429886210
-379269273 926939484
-333077815 64536378
-748651004 360732130
586766355 977195173
-569401811 -2043628
466684236 622062276
-668314429 549432429
-945998832 -706918618
-575356085 459907356
255412212 657731267
-508824819 -298614028
-350148698 -82221238
-776359523 537386516
635033320 710019223
-842134073 -130910913
-195138219 108258188
589767743 793201290
-422224165 764580278
669409931 698280761
-739128806 -524179810
-389041204 929626201
321607274 481818679
-657746552 -520794636
-223989136 275976945
-336113587 364317602
122067654 681555343
-145617502 221229596
-865371517 -138233322
-732614949 -626851568
74262330 695342955
-251796943 906623927
-746611257 -108018126
-842066532 137122875
-960199467 -652764198
-922449989 299679763
-350450597 270823696
127039068 850115947
-713868382 -560589007
346879793 717289459
-626253159 -177152751
-395093984 517437281
-550443534 -88610703
-652772631 570850376
821612556 851722174
584564383 931345057
-486431480 243525829
197358886 902598482
-748835022 582257105
-54916903 622327098
-376636299 168098993
-215936509 998985698
653351900 936680690
-346076823 -202402711
-909786926 -87869212
-817655466 957407544
-655326430 300971841
776323088 851588865
-673028927 957015208
-959294879 368945661
-552051205 703713872
-86375135 -51702167
640087378 748776929
-582220521 670247829
-452614469 173293309
-908804293 -366033749
-654977683 332884307
-380843030 -285466455
-847559454 -506656228
-208314842 308862248
156050175 865468800
-805826056 209852061
-697309664 -216584110
-714791440 533280713
-675346337 777270653
-853294144 -679397664
-895294425 168601141
-662978568 923441136
-861772586 809620327
24546390 164289817
136392703 419599037
-438794805 -413569137
215499131 343270568
-883510673 -467212685
-883303713 -473358634
-656290272 -228274213
-213410291 264835547
-178539763 988694312
-902628283 -113385680
-516625074 980648009
-571964725 -70913957
-620553597 12779956
15058347 989516717
-673738539 129802353
-880930184 616086992
-542892561 -230161079
-714604060 242732346
-75405568 -11797255
-738596229 -581863946
112584366 355715854
-775784264 452985727
-503375851 921916795
89604029 266035779
-928677566 519510053
-902381120 -631413939
-616699760 -334631749
90151737 780021868
-351607133 -140662015
-296238497 183681169
-235410178 -57302811
415186522 657246872
-839220085 800692442
-884006974 -298814005
345187881 894486245
152001477 664531437
-384046220 -49431701
-88255313 239569457
505107953 749756131
-799851876 152964089
-224023153 -86089688
-798650664 290067920
-996602282 120015333
-668660861 860425707
-406440155 244201603
-781145448 -608439135
-513009922 777394862
-630223775 563063737
397069325 969899987
-817317982 722905478
486738269 919340545
-376132807 -211796585
-907630747 703571736
-601219011 536373077
-252250033 -43144440
-517347465 977171175
361778575 605783221
-316903685 -109386736
-642235946 -176442077
-207476315 760969092
-855338438 -38868761
-217385029 512904372
382092710 411232165
-363007631 69561595
118488471 172285054
-921504880 991552596
148914026 690617011
364945523 882463318
-688301582 -438267605
-884097173 -417131224
-457296727 -120286358
253506886 711289301
-117614196 704790575
-785850123 794233485
-80648662 288051912
-35799250 643960723
118062846 325711866
-760046833 -323570618
491010549 561935220
-453275124 537759562
-418692696 331745955
-20390508 914376161
-219828958 -13183087
-950066053 378143252
-438415856 231976593
194673086 830959743
-684181074 728491295
-57169941 739637322
-537695664 -179050863
-244026126 958226037
-543582432 332808552
-463331816 -455603477
129483003 629111617
336773407 698320060
-675852529 -293369000
-552726165 -210732755
-280818671 738129701
643604302 766818907
-118707198 644127828
-351445104 933513060
-907435473 816448364
-150841274 770395494
567610981 896595078
-294013733 83000841
-353450267 152046011
-264646797 596608251
310502029 333504085
-718114061 -340395919
36031349 695430517
608953491 783804643
163694259 584441521
-357764147 -67186050
15767265 234455835
-312411446 281531481
-994220394 -70819293
-999052270 -567691749
-744676959 -321833769
-715878750 517452354
80197681 378707991
-908283977 -851254531
317318260 389548651
-903266774 -71662966
-555978180 -338148638
-871194198 394752706
-322141572 667077412
532657744 571325419
-155951902 259781580
465899613 485593834
-395252397 296422540
-229111463 44406647
-867942074 -16688061
-759848243 911798692
429500488 826461613
-469427923 231525143
155324042 556737754
-687591549 398718122
-148239756 753252652
532113496 999338801
-557297865 288188266
-34973110 956896953
60231184 638536057
-191413347 -70665473
-728498109 -319990612
-239012213 450206582
327638353 913236640
-187389986 847324377
-289688092 -132307957
94091029 778331462
-549629162 176898121
-284591290 958361921
-516715725 116173521
-47445098 546582937
-538328033 835248888
-320518534 788137849
-481649027 -442830807
-623259499 -487718347
255192436 810242563
-846138683 -530157336
-792652767 416846356
-172206788 499826766
-225124330 -72075384
-610351493 -360529918
-354331225 -169371662
271295020 345074723
-319942382 -96081523
-153146109 482741646
-719993643 120269166
599703226 771613733
-948835602 -83248161
156529876 525364809
757389411 986600262
-617829568 -13162100
-211498744 149278097
926738151 962671619
-785249027 -414273764
-509613750 -67203754
-168744059 25682078
-999402586 456226798
-306816311 721049761
-233768035 911766193
338362591 799889032
-613409406 -512950166
586669843 954410159
-722554574 -289649388
-995386908 375854963
140379462 422353411
-896831793 94780884
-443119553 43268495
-517158650 5997865
-492915990 826651550
-680023056 -674701460
-957467239 1379954
-847880030 115553981
-139971794 150798231
-997579479 414878527
709892368 883513256
-365962206 883789004
-736329539 233026725
-891514635 -772545837
377616650 769743365
600406576 748557287
-282114603 626794218
524675676 914820805
194495602 474031662
-632236580 -578263819
-340176347 223336121
-133404003 235772862
-757832643 -130363489
-960068246 91937094
-155711378 33538037
-536489045 974479962
-570496662 -182620423
-379237919 74588963
-541778397 833652540
176414880 849807239
-355477976 40073123
-560573989 -233279330
-138491028 245653350
-857514803 253396750
-835205375 11351204
-933038612 -644727213
-746826986 642547844
129050014 787753584
-852080015 47624607
-914436800 646470873
-394156386 646026370
-779002753 -182498337
235993183 610967836
-511474736 921453366
-997632590 -434807255
-655655588 -111969069
-892562714 814437450
514333400 758632934
-719629235 799503236
-666477277 705283837
-464135609 -444373441
-421302613 -75989053
-97387667 -35877022
-791009511 -768060172
-506306991 591000200
42417890 808253679
-804551169 -344726128
771226491 929944626
117427419 763851323
461209891 800491275
707409274 831053115
-95235204 560176845
616282054 759095313
-677485358 -507854180
-823389141 -545943100
-946081234 723896233
-917988095 -189693599
-387278378 323475128
19916955 641899163
-372958470 710647593
-708348929 -225551143
-436255521 -59495173
-302814158 705724718
-347355153 -66216243
-914180654 -832885824
-534399791 264467094
-595381184 -30272234
-914621454 721343289
-325740522 -231600671
-247554106 932471206
-631186836 982168899
-724212914 800467697
-976732396 -961909572
-683233135 -309800264
-477937788 678011639
-756546712 -675413228
673432116 834333776
-690993208 80616011
-802684338 603910121
-772227911 -384682208
-580059012 -42962296
-818000824 -513731536
-904445202 -634748820
-486636297 946698468
-657580220 -226752447
-216894413 -71424496
41990449 151185898
653023581 968757144
-944080725 304899052
590354095 839141949
-423920886 334566538
-858514142 -62815099
-224704679 -138400482
968919855 996395380
444997389 879967911
13504396 948401150
-402971046 -130984936
836935290 971501177
-870515286 -757580427
-85007632 704380075
-951293020 69809817
-577078265 -322599679
584614657 984866782
253873087 806511214
-726194127 -667204493
123135898 824740505
-170336888 -36237897
-530321336 628281715
817220428 920923154
563440849 795336408
494498774 691320927
125598096 849877949
-626682326 102005157
-394540537 709904026
-131752329 422556595
-316791634 470114470
-280286202 742767707
841206688 998469576
-257365893 715366902
-292242966 959180462
-502352079 14552209
-513988783 200682382
-269842670 667938802
-927142248 -81061098
193820877 785181423
641346347 847349740
-157486488 176250952
-922848699 -668456179
-246390016 728632101
-867294061 560850435
-915139229 579326812
-613777694 -605528204
-7124211 59350311
-492265999 -130796798
-27927830 618268023
-980995749 816004469
415165878 929063680
-939228340 261995655
73179174 113738758
-918472605 813343448
-883404360 288730640
399347458 860752825
-551611743 -86736814
313515833 826696887
-946534946 -213164585
-343617924 962198037
-24506857 404625761
-972596125 -435233441
-793804347 115530705
-318246754 -110466729
-687298870 -293551345
791668481 852494309
-886419798 -38578000
-655486100 -119465758
-262696564 635406743
466762826 579108190
-815790097 -696904932
-850577710 840980134
-425993314 698515726
-435287022 121158635
368066014 645967775
750921544 993592481
-953300688 143515250
-879717563 -594858773
-728323083 -651562014
330443652 595946397
16970474 487079571
-946855930 -363163191
8803595 421479570
-66788823 627831094
48707313 438304055
218705994 717788988
-895674671 322787873
-723555243 -169404059
-132874426 659695948
-529911789 957013243
256848644 746242565
230110349 277136668
-735123573 -683567670
512764177 752987817
-629756281 -228194712
169722176 425484337
-926796480 623394065
-55211300 34203501
-756131426 884917040
926144946 983254801
-258038519 815647214
-821264276 251792078
-51368296 197161732
-623579455 -147112060
158205545 871584495
-532779039 410510589
319964261 557851790
-606566323 173421066
-634193703 606463025
-394317681 792765372
250858094 751479960
-448426429 160452780
-250542428 617587570
86886041 163828216
-409500927 586189254
-678636184 -568776790
338155081 656048821
-338659442 423895329
-331445509 564276794
-879028188 -527399487
-668926101 327425431
-211995778 -132104698
-883648834 757378932
-537977809 399316813
-538529847 590498728
401735068 403541832
-975306759 -635269342
-927870840 165802598
254476728 358902131
267765128 829658288
-570894530 402632967
658910705 987219123
144579007 237180740
-816037371 312609118
-325235956 783430641
-72767522 515805339
-260677877 -33286968
-331072805 -194881672
-988913712 991288088
-718508408 -632836927
-976925142 463470704
-717475465 532483768
-942181673 423769635
843442532 844835646
-571736168 -166386025
-291085811 290922911
47657743 616667910
-252349002 541227830
69776670 814855187
385198519 919430284
-315083092 -8763435
-205790453 -181822138
-25002977 844034088
53794563 419367524
-843761571 61006351
108870000 687451478
64308071 701228491
-199715877 71751828
-284224102 539694013
685571432 948256272
-949998943 43620675
-122127924 307678808
380758092 712241488
647321483 915187224
413046773 630865595
803815865 882113191
613613389 704483376
190272820 872240648
-919724599 -874810250
-756561296 796472551
188871615 569002286
-216674204 175189911
-942018797 -900807002
-96160536 440562336
-473419912 333602764
-966346682 82159335
-514827251 111666201
-486238091 462419985
-465055859 76384701
186483011 932385774
-312771475 936679344
102127674 162608121
-652599516 427704441
-631170352 -472505561
361111270 768781152
-706174224 -395839752
-283795348 356404885
-617674752 693239368
-902074637 889461759
-312907426 463580710
692103138 710371152
551265034 698944140
-728167103 -157680868
-590896752 84663705
148167322 514966177
-459995361 57533191
-875998159 291259638
-319306746 518397588
486318331 932612177
-760908468 737604185
-674021531 -489660111
285553082 723750360
-413362558 -223378888
-982495454 284725066
-323470229 665913380
-847988513 -114432019
106050921 956550231
-759824243 -741665476
-187604695 157137327
-882789675 142194059
386222554 504891617
-327955454 -100829642
10871428 475627233
-40125121 421156969
-803745248 -326299668
-637990585 897510594
4884207 411929085
-750296760 289583637
-89869083 893376696
-998895433 -575791580
189906060 507138842
39073066 987069424
-404247084 -39126439
-637214723 250608926
-766197445 -285273701
-325579726 883379268
-760193532 44103691
-577710911 569189103
-492808061 -426036280
-251218071 887472123
-615479478 -111851372
-800068163 234834479
150083512 525817935
442791201 905561644
-995832376 832246261
-829686443 599413830
442735694 536206939
-520013338 42565328
-499365703 -460545215
-760342007 9786759
34458253 404387949
-78269512 519871566
-730701474 489906482
-381293113 -182911222
-569135480 542048159
-862472205 426635510
-808593980 -65848941
-988418793 -591958704
30258956 963446389
-974314860 798464268
306376905 350802744
115167968 922926267
-726640338 890029570
-54004138 45534663
-933782235 -694377843
-51800153 31641968
-658552822 815139083
-543197308 597732147
411534741 808638350
1862313 713660041
-789910012 9122947
-470868947 -127483442
18560422 242100740
-292784947 58990345
-375846468 -307666396
-716538452 251117660
-461525556 679658071
-928936829 500347725
-579761934 375665806
-670262841 857864212
183656105 377551024
673726923 733833218
-27638785 450819574
468177498 601795180
-391663467 -122870626
278127260 720483643
-349845893 281525930
23453166 70231186
-655514528 64389426
151229855 730692934
-573964705 -165903207
-745128185 896861258
393204919 792648673
-530466506 924641982
-785182460 240097706
693645870 699621772
-720471200 693381251
-470130456 -317377910
-575292413 -262590777
-389097862 882864455
219792577 278722391
249227375 912952505
861713046 978579825
-795799595 -700296198
-939006988 -591011502
-136505623 363328296
-425795571 398536283
-133960163 949182132
-788888753 347703726
-99019685 -95368060
-565558155 -119080456
145518246 983232919
-394052769 896700431
-145825528 180211616
458194116 989129353
-81919398 367197835
535489496 624689745
-202699656 642821276
-621429927 467576754
919766985 975084563
-737219546 -90258490
-204746154 479382027
-33507111 322558702
124697909 773482906
-26815114 352283199
-979594664 691546997
-547299787 -410385938
-604262266 325806329
-290870576 -87864706
-435774050 -342439895
-908398382 -366279128
-342748407 861868684
-463443173 -40461225
-793607445 63781691
-826980708 -160005883
-738700749 371035896
159053392 567853927
-311089399 998101535
-688455737 835130388
-671918617 847519703
-553956164 783289040
-613342390 -41828596
-742487925 454514902
-856201484 767835283
285994776 445811315
-610101959 802661728
-827436413 -20593177
-741819085 132293369
-645145332 671430411
-422393038 -65890234
-679440930 721520870
-905529902 -683200563
-495543919 238523045
-973906329 268360384
-942589238 -68533521
-451809951 24884267
-887804551 654298620
-770498288 809116384
-842594323 472800227
-542016464 376400441
243516565 916212371
-665540507 -117047181
-560699113 409751319
-621811171 -534133098
-806839448 123028426
599933862 612270962
-953196558 -765060048
-443451600 -139454831
-252896794 700849439
-450558245 932871907
-981733133 -171848259
-412175393 545057522
-521333478 -324745104
-973887820 809562009
-349551709 477190358
220881145 661440031
-325021849 188545803
-936908902 145037676
-299518451 862054642
-929547244 222256503
667280794 935902182
464534971 865883272
739936882 781886051
-848566171 -210640671
567297588 771273182
724955803 804858482
-905311815 546803167
383270466 806564818
19403246 173978699
-426407982 567278890
-498974750 712673688
-477758173 743942056
-774727104 801515349
-845695585 673994052
-637047207 34140047
313949591 834352922
340211534 812289554
-912600507 -431603695
-254386241 683642966
-227301291 853307771
-287821134 176486294
-850202749 949404922
-566653519 209125939
-566446773 655885689
-553624955 -28870856
-389659736 205813245
228075792 926708960
-546725810 517161919
-485212130 854114225
-656792686 -491171669
476495896 641350584
-377090104 305074475
653229625 738589216
-586828002 231485518
354353186 558602660
-613106857 384428123
-459181270 -271562914
-733226853 -614216424
258328133 480354217
428097821 471678673
-831073282 216771316
-644404696 335567989
-32784758 432357470
-758001071 639020444
-241773520 365431798
-694082005 -404171741
-973693012 77535911
-701006826 -670499292
333696403 737562260
-862915839 -595705892
-143692438 159780833
221575561 848707280
-508038757 725867133
-859646017 428435375
-452269661 339756194
-305415509 587512593
-564562339 319256676
-584042627 159681248
326831436 987974771
-866717031 -84657895
-289167924 -132510029
-721052473 -516400663
-987357759 301194924
-552975102 -365328994
39340864 183921606
-566395856 44714628
-822951245 111942104
379778870 572114451
-825100083 428069264
-890311245 838840757
-672328679 59929357
-756551473 561593109
-41114954 388779674
-335820018 192737819
32706748 881307758
-574159254 858615021
-693271869 305329312
-179612669 712953786
-779669872 403996575
-821071393 -121920091
-758644092 212454161
-559063295 16194782
-816272912 496194076
544355140 920872090
211315859 336651645
645129032 844590384
-727670247 381981620
-435235754 267688078
-696319222 853352577
376761965 486835006
-759946588 -631570877
-759887673 -433084601
-692092866 123198445
-764112993 407112904
-833854568 -365693431
154179848 755280136
121027133 227233450
-244448248 697708964
-964982835 -692932771
56825200 940070235
135695973 834326519
247413850 561456098
-524272658 996617859
703309688 767448034
-365752096 6562953
-93212193 344552323
-37209054 315178050
337269350 802517089
243302141 276389901
109444318 158734328
-657288794 -574106678
292047090 521075065
-52410803 -46414330
-535082005 114955988
-275839831 -274660078
-705653584 415738290
-24846422 557867408
-48370783 791767025
-420191734 309716812
-183556645 968243191
-890018844 36664562
-227998005 237763989
-865529324 261525965
-865560657 -839405244
-506785967 45823975
-925843672 -826985967
-168127107 674913773
-313271943 -60631577
-117569357 94154945
-880842445 403752702
163011394 612247921
913230174 924968473
-736512342 -121925313
249033063 308378503
-250740437 -94931293
-948768131 479888580
-604756187 696617236
503654024 665151538
-915736867 633663107
-184859562 611636359
-816359251 106793316
-508813662 -478531384
-196432168 -174109167
230402071 425852778
-40943820 82979089
-724584330 15399255
-506508021 827983611
-195516039 835646786
-802923384 -774583938
-181515941 155211704
-731833101 964475412
292416414 489244870
-404862326 -326639843
448906100 507160175
38444286 854908784
-957958210 472586425
-390507865 505602921
81528074 670550955
525719852 785115928
-996304270 174466213
-354695598 -44969210
-954888179 385127681
-612998695 859147356
-8295896 793387051
134771822 654192016
-231000287 324907265
-387331811 825185780
-881573125 972731045
-859294262 -654257150
-882892984 331569822
-916827577 837901201
-428396996 708985079
-959517429 -709668479
-563225862 138243876
-292145367 86515007
277267727 601001025
-881722520 385064071
-756543469 994271364
-88029999 572537561
-695595012 436746294
56246091 171951927
-973397611 640380565
331309800 782072747
862581974 879102232
-683100050 989097342
69836728 112792637
-876235675 6556396
-967990877 405121939
-736441859 453015505
-858518332 11280938
-539756782 -68490266
-668194833 666456848
26273109 607134009
-758796966 471375350
168927646 370949303
-192172587 745160368
-964335009 -430633811
-514800930 133948563
-880767274 -308251018
-149081496 6809943
-799330090 480316132
-222483562 486534551
-671252927 -135125071
-158705442 265487012
-389733370 667561729
-375905477 182697618
-521077709 -203097460
-332256939 -113826107
-742530887 -279873743
-323961109 861774563
-991328311 721885173
64311102 692778528
-28841039 945981042
-703890774 693165135
882726339 988571164
-636295171 913207055
-306369822 878148231
7239520 444334910
-56923134 499776643
550541063 834520500
-94255392 617829725
-910062460 713557364
-766950054 597015448
-465246478 -314616112
-971060635 767162800
-635513995 14610877
415435606 793226303
-325998378 -323054905
-936216136 215780233
-172672860 713472662
-750109053 -305283654
-193604096 866589386
-380570050 96478994
-851809678 -494964650
-789668767 -563120394
206380338 314376637
154328803 818531399
-258223354 793724724
-332963723 238003036
50313746 102301368
252934676 997907624
-649304558 -297848894
-762012585 904714536
227395728 820567319
-973003271 -894072492
-461014220 -282130452
-918793814 -381927643
-512271901 671315042
262059750 879221678
238380329 928550703
-505215849 36191492
-145807611 -75784174
178512441 899468582
275315384 805746818
-172001478 647723340
-148566226 653204409
-825549561 -495419685
-998109857 -633698093
-610284366 70196238
-823789613 -747851214
-883966511 -666877460
-654270758 -68415200
-913724106 -727167070
-870432264 -600521393
-380234127 514427012
-913112331 748114718
11082401 601595141
794111257 891240736
74869562 182854412
603230852 782346068
-454593487 642621294
1653915 31847253
-309975215 -103376501
46256297 140252978
-623247298 -510104312
-213106210 -102236764
-46912215 710395316
-404315197 -381998211
-405452750 -296567265
271116367 371825813
-619467694 -124646523
-821700848 727572681
-4986703 677918116
15003671 202194864
-989743561 217339973
-696649407 -488277485
364190526 970544584
-943980644 32577088
200641935 767664875
-611583421 826110953
-683227687 862180688
-372395520 -161156883
-721254830 -420513848
636205576 705321143
-801836759 989933680
610051724 660411772
-792117267 -670170839
-954971621 809532393
-651643256 605126376
-803175249 990684230
-683526664 -628184960
33062918 667432370
-625863735 -504432205
-587273697 60595522
-287638459 -94625374
602969259 852378124
-294883555 704949323
-223648776 242409937
488773946 690298384
-363055377 638586777
-903730472 431566550
-930898198 -29348524
-191095809 -1539511
-501295845 -252527909
-879222858 815142202
-30803463 424535302
351886242 996080628
-141058770 -19328872
-862694919 4471531
500359980 945711064
-623355078 348434444
286919554 298579091
366273430 932126879
-590833035 -39392200
-650231430 345248310
-487327719 48052509
287024810 725411354
-367285733 790905806
-67397118 718702662
-323131560 -214944348
172536118 742983478
143847494 646330758
-336506857 31458871
45010138 410092757
-971658874 400089981
-585464826 165481900
-374191154 513596995
9634268 89206953
-745154017 -35212104
-996187080 -576290542
48584825 658072387
-437084213 101884291
480930010 640286273
-489960914 576159372
784582195 859469456
-780171928 -54058125
671065636 972233506
627185749 830670878
-918709350 521005192
-32572530 272208720
-145587988 605265004
515128335 995756163
-982401140 -896850642
58039315 806521658
745969669 999354401
-687958985 582445755
-502270032 827979331
-403449862 904960282
-423990078 293381057
703955344 890682805
299418657 384119458
-974878603 -735457583
78673077 397927278
-972524287 -913356834
-316019616 503432803
-345096489 449536897
571106579 732963641
-655719314 -54256785
-738799767 32259574
-573854665 -202316882
212494084 267954097
146328091 960400550
-408544752 903716976
122354426 881742689
-995489083 -442042524
-644350514 45922460
-387870994 973915783
-508194528 -212686707
-945326020 -684200997
146814476 876273354
-67449730 731546896
156646924 421184245
-486185379 743767523
-419672349 654889176
-947317616 807983362
-207910195 259038479
-918432230 298058256
-198966930 734328810
259439009 907432610
-220751964 -156666949
-50677890 934720089
96680277 552712837
-677379619 -550428703
-773106526 -667157216
-898078740 4331825
469410060 880088735
-34878698 199373800
330085902 338017333
-618316089 -141658146
-689585268 345759804
-316818444 630281458
-220672617 620317042
-911066418 374417210
469497761 523618755
-238269185 -32178732
-141732999 207561947
-903980977 -153148043
-107170216 888213914
-747614274 25268647
-961683331 174455343
-344566947 -95083186
-509966507 540453590
-497784583 706438028
-539639817 982948763
-509514780 549715128
-386891265 752014503
41463350 631163096
-669631117 696665746
-425459966 -267391918
-515623551 -360529918
81688019 126001306
-813942860 -789606811
-625588788 -570530644
-882650760 -360439220
-226217599 -78442010
-839281956 -97799173
-965736269 60505822
-658039120 479819434
222866846 382301308
-828316748 354514779
500348234 575038236
466271145 752224807
-747704044 540006203
-316015803 -237282102
-166735572 110822715
-149927190 926830265
16291414 221421275
-881105332 46348607
-406903413 383994063
-671564940 20461626
-271253933 403030061
-953157496 826723350
-532564800 90247997
-45187825 4114572
-80971486 2287935
-618002964 261926553
488440786 653971359
-591830518 -446242433
-601083088 -308124461
-776366056 24335897
363662526 672726419
-958731611 319430815
-583009808 283634046
-603145946 288090994
-754776819 -31820147
-973118186 49074488
-796713644 -211961280
-652236914 -93079068
-301109905 114171167
-469381960 -127101167
-534074208 85959711
-191423129 -51561617
-838629084 358244322
-268956114 248694871
-708984306 345529179
33311110 190601841
253037065 930522399
-944248572 403427531
-693052907 -196006899
199177814 935060468
566787021 618685887
-955225300 295841085
-833082886 -133978555
-565381643 405537266
220054525 714358340
280671203 365549406
-392418753 964262555
-413556296 462089299
-473233201 622300788
-419204210 -80573664
-946024011 409335074
-759362228 -490875736
-619000305 42178365
-694075800 279815200
-947607681 -834900603
51268065 241208846
-612453142 724713533
-385747575 809508548
250854585 741186518
175202245 246659110
55199072 398147239
-746951699 989553963
-801714821 414116133
550784615 997412758
898576537 915047111
-222496978 395223422
-697490917 986317293
-475051022 -456815703
45409146 372613968
592328333 751107561
-676065441 487067230
-977013857 644617417
270044503 477267677
-194103760 623252088
157136053 402963920
9959189 184225210
-607081013 643286705
-174183788 412467453
601008735 728777445
-982559154 -165151686
459995378 978851323
423039166 948464258
-47694385 706131142
192476490 401587611
-344108669 -255176476
-280274063 35633816
-871867290 -420132496
-822034357 -52274017
594063504 764308684
267165894 345598049
-749268528 773799491
-33250607 758393429
-953145143 -633510813
-164097368 -31520045
-839261704 166549696
-99471596 382904063
-743144379 250031652
-783552062 103279297
-141701729 155601180
-406042583 -187629502
61393684 808422679
793362792 893329692
62387536 297874819
-245002518 765302015
-137285218 358241156
-549830616 168446075
-769900786 473626195
432591876 588670031
359338519 935891741
520491974 700600590
-613235501 720355974
-699712161 131428719
71164902 892182056
-559843521 961996093
-934536411 -576559247
-203219770 -185049049
-364945495 -154780738
-679486214 259920581
-379967887 507384170
-696150500 -387002214
-90139962 990669155
-126604315 429597930
366958742 980471886
-790353263 433266537
-20355948 25474236
-866994411 -88094512
-905339903 -342017275
-945082653 -150384781
-100522286 236819894
-777938112 197843267
200365888 509983187
-635271067 583446094
-73532816 -29547312
-19108856 850548562
-43796734 440224556
30203469 624004440
-201391576 745090082
-899984643 -211585744
-585718149 -204648265
-797246769 -192622341
-248715754 850123260
-671281770 -393523261
452056030 950510664
-682506173 -116743654
-529446802 571267577
379867093 725349085
-43215576 233793247
-18704438 313123494
-25691416 972022191
563308069 796066866
-500940165 143050711
531872509 721396458
-149167907 494838643
618095386 782732269
-993496376 435243759
-206635786 150601570
-490471462 657860295
-691456641 -33529046
-765782572 -316871805
368336106 792186316
-760019512 -54125867
-876127571 -381235317
-488993595 -444495575
-129734566 626213660
-27710564 484499944
-74747166 260832441
-770162720 211246684
-113955924 38436248
-131212605 297698928
218281130 443177184
-731818280 -178758572
349413573 491556295
771486231 788061839
-630881076 695024408
267356771 285359802
249278179 634729401
72352627 886270294
-936857226 801246058
-625321173 -319416870
-699684147 359806455
473186631 486153726
824911402 977787677
-374380086 -346106606
-865475378 -755217354
-948968778 -174186262
-290375845 901240759
-839932964 -734423290
-870741844 956718245
288483789 378006979
-18508971 589408302
-782166022 162226105
-998380525 -180543730
-617191362 -170434156
-253673907 98253914
-686039203 -168435746
572420764 889809736
99839558 439325069
-558761332 -425649353
-618771879 -528877986
264604370 731397973
-504835886 131756946
123148165 124815536
-584449899 -1959326
-972890622 673496590
-258086010 734762265
-800448652 -583765117
-669100156 -411090897
-519373972 -471716665
596878264 671819392
-702131443 456248722
-798192569 -159792937
-107037865 623354800
-804636771 499142971
-53052574 463226717
823734715 873273381
-611978002 220497242
-315213087 846119638
-132606896 845531660
-888004110 -456070772
-290314772 866050998
-820235204 360011620
-503470259 558800924
830870379 906456483
-13577913 152103446
-469766864 235511389
-332940809 -328050603
239497019 681485354
-831087100 -221314128
511703878 805099987
-870916932 -105567566
-286788479 -85718616
-352059878 -233719590
710447928 741297714
77649538 150057759
-952019084 -310910917
-939040057 -685073690
405715663 542713528
775815784 893565402
521156490 727840608
-750134532 586099555
-531195614 919433753
-706338826 911941108
301034018 813309202
-486215042 943868159
-578971142 229543064
-979438621 -970347756
-587011199 767275850
-675207420 107091770
458241211 757544278
-562516177 891913749
-751422092 376165016
-282116963 850377699
321964198 324903725
-815358316 974963775
-946441535 646884508
-751103514 912613662
-965966290 -868455886
-955899291 470103396
-39964496 503737566
-476302886 896719876
-812108971 317842434
-828490007 -216682555
-581009930 298221895
-776198384 85403706
534027455 571885777
695414222 704722820
-18917585 735231251
-208764384 918733995
351783823 626061332
-449586223 -182602075
-289786725 -34481956
-510125797 326175873
861448615 947687382
-700914401 -165097047
-349815206 899264142
-890113214 113148427
-671811941 -230880387
-656740037 453118872
698861047 803744455
-419513973 912960645
-435184908 691188959
144105821 567909632
-606650432 608197845
-874000323 34620744
-32052294 975353622
-703860547 481350771
-510993248 153240112
-33058408 308798929
-119742070 580201860
-117342409 764946356
-31526035 310393647
-451573110 742886600
-727075940 -22019728
-153867233 900206242
-996006812 59297756
-970761856 -571087171
-926484792 441441950
-233810967 117007641
-465079639 426116136
-875589045 -40553302
-543361900 -388041848
346202216 887028843
302706954 769959961
-79328005 793965355
-686757258 -529367038
-871732165 -551728981
-941616337 -72304460
-462445180 84118130
-510708621 -448829384
-544687452 896829588
-597361238 463807120
296183489 780413932
-318294747 350835954
-677913199 50063371
181398209 254481045
-345025641 389612938
-500607592 205730917
-340829483 -116135306
-288197169 737030987
-604394681 553835447
-818847155 591206318
-761978804 106598212
-320931374 972780898
-70302022 659472802
656616485 853073185
-409738419 -217696896
774603184 959881833
77643823 859471164
-943667848 -440092619
-25235249 861634765
-762002387 -438456769
93689386 306344712
-346656225 128261916
458281188 788065770
-648447614 -161891156
-76277445 422256841
-775162360 -734178563
-59527189 201768355
-671364585 -233419545
-896130529 462175295
-426262944 909366125
-669441992 698367941
-538309296 182743686
148201727 168101579
-977776631 755258404
-999628992 714499840
-953274887 -754772466
-916146335 597405255
-21108824 946625598
-486207951 760345022
33752041 261192021
-753182846 907907918
773613061 783565897
-684888729 -639810190
-865412100 716740875
-177710243 365331589
374585464 617112909
-781255805 -638472643
795780033 866362818
-675621255 220047975
-991022501 389778348
-221490926 267227250
-93005173 2472353
-139356796 -27359200
-323319205 -271619838
198517665 917564431
-655261066 543303514
380828690 491284986
484390078 734094310
-996836369 968224784
-391358710 674501661
-549502913 -352762870
-818692002 -361174518
149146849 547716471
-409396431 394061671
44627072 133402404
-611852588 -468068976
-70911131 15811715
601965211 718463437
-939331708 97191924
561217943 599208191
-950109973 840909284
436717696 836025461
605817617 621390158
-319902008 271735179
-626220520 -63679660
-404703580 101762876
-703423546 629340509
-140690649 653541549
-882972600 -120339247
-64686940 306412870
-440392487 629104562
-549723320 503718422
-190001099 949775008
-702721817 953892180
-60778085 995302329
-371377076 133819452
-640451945 999977403
-991926125 -390611842
-246226338 907804601
-589859295 -455956586
-890803976 566439443
-386874634 -225942285
-556984766 57078585
-584929156 923788417
-823166994 470090253
-480255608 701537217
-245852148 649782282
-131465465 776809835
-782870736 -738281137
45888835 486563342
-572962100 574619329
-632753321 -556054205
-866823853 -528254002
-753329704 -550579061
-410735881 -223243801
202338371 543514679
416197848 828334243
-1325159 754033496
-585878923 782614931
-29606544 932087591
-454665499 -165581382
-644857861 -274634369
36330158 849431679
531100338 709040506
-767694473 -86003820
-312725258 141015951
-51479059 407907137
-963418715 -337609671
-541622688 276913896
298078281 810131575
106634847 228120325
-913536719 872283131
-730036338 121718375
-853143043 -723624917
707354156 744333205
6306990 29639576
-926623941 298650380
-369684745 -55733920
-144143643 203202170
20143263 694791882
-117385004 759809794
107340886 680776467
682325094 834751575
-372508200 27778933
-732038892 96271830
-990014885 -201731526
-765083961 492508186
-689399384 -381481449
671669222 950166965
-81740727 333646691
-953564145 -580912404
-216630078 -43747678
490969705 862765241
95559128 740533348
-254590532 271987801
314753408 515158950
162173701 596503042
76108779 400528685
-560600853 -287527843
-654184155 9223330
-871151280 -523370215
-936689640 -575605
-831009644 306566325
-263567789 -96385042
-939633057 31782341
766472649 793445437
-636809397 720686244
662309883 926734632
-664052691 -163455729
-586349396 149734740
-501544689 274791726
-231832432 -56000473
-197599265 377968404
-525091227 9686467
53998553 829206842
-738165058 424248270
293962012 625688267
-371572070 -191083437
-680292152 -110358711
-252345729 882859816
-404954875 -313935696
-272616328 250403087
-863993827 231338863
-763793632 -391660261
-624169229 184348262
694926750 945841167
-356614164 587743009
-881727943 37720623
238592507 394095018
359273663 765172426
-873645926 -783579307
167881446 303887120
8871344 842013221
92072186 416372219
-955169015 358822624
-371413503 393140123
104020812 697792803
-833488390 -425088756
-822142479 -124607935
-777495963 676716264
-299779554 -179887057
-475277036 619880057
-330700516 -11344406
355177736 723341836
-50325413 274180352
-27322348 188598501
-821489930 163125190
93131525 501629290
-382118055 595523123
-284239694 423555412
-764196277 203247224
199466649 505096545
-628185277 469883808
-263717384 439695848
164157460 243235147
-927924714 -82225919
-768458452 -364640016
-928961785 -587729924
-34447110 223954141
-621510651 -138212638
320504153 831110608
-160863205 351695762
281331844 697627343
-611316463 -105238202
71342541 145245637
-504745146 455933266
199935468 781829075
-90561735 620682852
-730467975 -483517086
-959788150 374973329
-735053873 -316881170
-713923056 -693166356
-315435248 -276009145
-5459667 184831253
-453558545 774127722
-209868448 177400221
-555150786 402075847
-535494044 -46077951
-711964730 217527404
263642883 895614852
-392888801 563524838
56776554 525623110
-385127845 -354578081
-265249889 -70904125
174855606 795138972
24903318 119062813
-146583657 968846586
-725903353 602902232
406128187 704756145
844333766 932111438
25966679 107414858
6038557 725186576
-701087616 174509840
204062877 295944450
-136105007 324676728
-39247026 881849238
-694454220 -610950479
-353908480 827164252
-153949089 -126934891
698489953 998413017
-477230765 868865459
-313283371 743496825
-683430765 -567310380
-905029614 729943106
-677532150 -8041761
-460229057 823809611
720320518 852554432
-841287109 -26604114
-997892961 260026932
-427851977 35870858
-832077612 933094284
-410110973 315189470
-241036135 451515242
-616231819 987285983
-947272252 -107267086
-689978895 -522036781
-977890355 168661116
78188589 752678137
-732988628 497577631
-792661510 280005628
84262660 279302092
-733175612 672777528
-574232071 -530610458
-991658045 628245907
130467641 548240278
30522478 644836495
-756475700 895840591
-598133365 342665121
-445007235 807230410
-658613050 -257859107
769258182 769754026
-988440982 258482139
-268405066 989938408
-227622091 950796801
66222998 626163302
250721697 937746482
-541681206 -89353216
-301525299 667368624
-234502040 877223595
-855576100 -373516308
-490110645 982297146
-882087353 558897733
-798185643 -160871773
618766814 936388580
-213162928 663861214
-832336790 251435143
-579609890 887647549
-568131362 -562608858
-412122507 509177881
-614363408 -56439595
394738635 569713878
-926635175 33154364
-716264398 -228803178
202108937 245565224
-803691809 430222038
-709717161 -15553279
-314180818 478020279
-512367191 -421402945
-188346646 438610681
-831306226 -651681682
-797161664 939361554
-333096009 666390708
-120291742 218336591
-625010082 -558574769
-142619019 29024503
-807589260 203513176
918110571 932548192
-987560397 -162088091
-249657046 906250498
-236476963 902498587
-17145435 972793239
-568430454 1065463
241711563 734055386
-928081573 494394850
291144866 398003923
-551999887 771840289
-179959376 -2790283
449876849 688781511
-225156148 269015762
-513191135 -140268842
-614315492 -237007570
-620857400 294910955
-686932423 236492318
90661029 780514246
-865192464 28248236
-927133979 229599720
-837681531 811666108
-489616992 -129354169
3296124 673363237
-602072786 424592501
-541003119 9691714
-871804362 -334260299
427806640 948936010
-458060714 236632606
-999339953 418497324
-922599516 658122987
-674963356 408374519
270433984 540399068
-846466724 -185226170
213000317 436227331
-503624738 914487813
-500897930 -465735851
-742278583 461924798
-790753404 -722261868
-219197339 -115111650
-412828148 925815000
-979652769 -271598349
-283197410 -186327999
-322776452 125789604
-315543483 654026510
-830213807 429894915
216735692 793954440
-260818935 -22557201
-950875396 355205177
-878831801 603570966
-246173441 -118592854
34127398 305930270
265375564 787397244
-309672873 -139477093
683204131 966660608
388303998 808539842
-874186498 84567134
666268993 946005934
-991267097 -443735645
-274161490 -16057623
-83068179 158241976
-545598107 438468187
-578825725 743092590
-576938261 845050544
-208806867 707028883
498998993 707035957
-599616051 -219909311
-340407243 -328887274
-910871513 700418694
-383985680 51896867
-780149955 165959239
731367219 993265052
-896862297 -842715937
-19185903 435375855
-670563048 -556601919
640144199 801709803
-546775114 -166482117
-972675211 -794305331
41548445 497739602
527737635 929502301
-368387978 956443511
122599575 963391784
-229913543 497444130
-984651468 -312354315
-838387806 3136387
979585692 996003929
-270750071 202046256
-482587645 453837376
-374786847 115537879
65359951 586592213
-310855375 87425234
174422429 931926580
362694410 831574357
-930523586 64485783
-784145182 713492849
-52663524 465782129
-559864059 -428613601
-292860473 888921185
564700923 900592798
-654065999 956230376
-920118529 -858817691
-261543269 841835188
128655083 859800751
-675022320 196502487
-282956869 533877942
-208505032 794360953
-130162019 661998356
-222402655 224626223
126735695 793848954
-361495782 -85111601
-97062273 486915106
-750171549 -570729951
-394788788 820866811
-112604967 790469103
384889477 519428147
199503132 518840550
-472568551 748894894
-547539879 -160505478
8590332 36479286
-851919636 -253197908
704017707 849231639
-855784314 847207719
-735414920 -366033690
104774687 419720096
-162528109 495196799
-198307468 558973496
-843568784 -75108959
-573012061 -318505837
-8274125 11890029
343501462 475631461
-469143523 855795962
-588379603 905488337
81161629 844251868
-338518036 719495103
-947454812 -755102210
1067568 603161546
611883506 642887172
-744323443 -426959569
-346749912 943617472
-547891626 209842987
18397887 495479106
-613459529 -460825713
-70609226 708025274
-160641144 910498749
-421444566 -109865716
9171409 608976444
-260229889 -231660565
-615071565 -493098881
-969346834 901858126
353346489 717844002
-234206813 528778407
-552119616 96638885
264892295 395031725
741462803 890127284
-518571123 -175667422
-327095450 199644262
287193329 346700880
-991303188 404904802
-282877639 941352507
273866624 424360140
-965994040 484162278
-74816866 765576599
-294004370 39385410
-682760585 484532337
-974002818 3585569
361927808 537114380
-432328150 621125127
-811135611 822436386
-654854090 428117749
-648821004 349375793
-160813183 991792868
-653279699 -626704388
452007085 891398044
-299950448 971006268
-709562805 -183188211
194086251 443944424
-390735565 -339738312
-862139022 -165849180
-645081365 359397906
548430863 615353509
-926272759 727580816
104859209 495986205
-980795697 674872429
-374964295 944415223
-511407208 669718285
-639115742 798045014
-314818372 207279347
240571079 381176309
-193601563 735073031
-940662396 -548165256
343346696 517470492
-509439475 -248298475
-91219589 285299039
-382747168 -244479063
-995581113 -150403219
-964694315 657032629
-271680209 56650940
-833247265 383977981
-797464329 -784056324
-570190729 462436467
-831011737 -188067820
-260490892 775645940
-637398299 -248680371
-279518256 126787621
-557534167 271418539
-440856108 476551354
281678430 802856071
-62298001 928845386
630314700 971141326
-616903993 292577054
-955412368 -759507280
-456109316 919505681
-959864372 -926557340
-61702246 871826027
331194694 927978169
171431508 521286120
-593974117 992759302
-533846492 -273111797
782792595 897663534
-362161152 845780176
-667992598 853767723
142095897 471322642
147977522 868214742
225635870 569906209
643629727 832682869
102709289 637820539
-537417796 547677085
-358913717 401129999
29502386 900187762
118009771 577389826
-495171230 -459833825
-694682263 -585476802
-351749290 460548099
-807448018 246548425
-71638073 840597192
-553145557 748628563
-747532283 -744067225
-569797938 436962656
-662784056 -340482750
685017839 754480446
-955528300 17394021
-588337029 -577415251
-745092898 -628072571
369820263 625126429
-688385878 863938138
-355113912 90521945
669756409 744187842
-749469048 959871830
-918590375 -588148698
-582446313 380674888
34828468 368478274
-767005542 1245779
164361945 196824679
-324093506 623888160
-847549944 -46527164
-196532104 477558218
-219503855 255921265
420360243 806799219
-964896775 892830532
96318374 271711099
203666414 455485196
-326347481 -157295316
-986951433 927336926
-916485309 -272476929
-867239632 967013588
150887329 342177506
-728096303 -461073000
843969652 927111282
-568812137 -117789175
-643570211 502170644
689015357 758096977
-652498272 -96772669
-692928157 -390332237
-572154488 -99903365
347596727 935442770
-875552122 -600987733
902789906 969135803
325330526 674328328
-487463945 286582705
-508788813 186350101
-574590501 272756106
-868808521 579252763
229606399 504264572
-106040484 33172141
-695962112 685266917
-61314691 200008303
-798363627 -216368156
-800897212 -715823289
-235381217 851122929
96003772 684904506
-900575547 113233177
121156372 433417974
-649335196 -298383641
-659172563 613982099
627092750 883888268
498393603 642690711
-635518212 -463811517
-27190033 307400424
-699853812 -487026387
-348329035 712972061
-652358467 998510475
314542637 687621885
-313070850 601367274
-101746375 976555558
-753527627 645664623
-464790535 915097345
-969175398 -660223732
229050744 715428496
-149347650 727729687
-98746532 770219277
-298436166 -111369669
-585938747 -298038612
598241903 847803228
12488795 191747858
-987000145 -772353339
285242752 710722478
-715180641 57177052
594994460 790708475
-554294082 609572493
-567801831 805318776
193763272 400016128
-463212959 368824923
-577982090 350856013
397339554 845243272
-485969943 -343093700
-647463170 -457501657
-489925301 -365864799
19856789 791771770
-557691216 622700464
-474342575 -168535002
-96211705 160290825
-105473646 355818806
-342533455 417873930
77694995 543461134
-2346690 40283005
245022872 422158363
-334512767 -313023535
-541183496 -161099278
-279599122 223908321
-950674780 507249841
-918864511 265976391
458171559 702557427
-858356496 703720991
-145572436 516859543
691144963 897881708
95975441 688964761
-244779664 566774083
-986021769 -24246528
-939215522 -243559281
-785132378 -597945265
-564478351 834996467
-938600232 999021876
-167709318 827691129
-582730530 -315214560
-673231342 735333115
-477415101 -227531814
-661119370 160037600
-121313727 370359283
-79137715 484014213
-848389282 965001180
-518529962 -240689973
-962721146 265004535
-705878922 773744913
318314314 945835811
-983093378 -150183811
-243960974 376889852
-932811945 75206749
-692105089 105728484
83968468 412740444
-695739162 203023778
561352367 999278861
-979795845 -411636193
-950560898 -101756699
-609229520 -359289592
-711177304 643463600
-946517365 -665133156
-482929001 926010925
-156993101 894881964
-111900917 723393267
-816091428 196994826
-992372306 -593851616
-83899279 637250977
-960503637 58583132
-259174308 200478302
520521151 550338848
-484845623 -27194337
407760559 980309582
-463153237 204025203
-797596494 720324463
-343131157 -139121940
-180119284 21760794
-965752524 388523307
-617057082 948772644
-901316686 747242016
-74444013 545073997
-356002458 818395275
-776649287 -381648523
-356606956 665695855
-426541857 355659825
-895190617 119363699
-989938665 910486080
-682587362 -237020615
-603230231 -461451275
-942583079 152368889
-39554919 24802977
43226014 829682349
-497656483 794122532
380468866 954714154
81694647 844493348
-557988884 375261461
323286361 450084276
-44391366 463091512
-699810696 453064832
-702669081 387988761
-869877292 51146547
503900345 783295898
-860999099 302325973
-307342567 699632307
-848175333 -80622567
286656918 749738603
-679302383 365223649
-216955059 769718230
-801953949 -704515057
-917739774 -750433910
-381888714 -30593015
-796506003 -577884467
-498251146 310662516
22488194 601599645
-441358549 -137985322
-697122492 820866504
-926392110 569436973
415065838 789804324
-327715247 834752566
397347359 949856097
-55153633 972936261
-530612002 18624194
-446817788 646820474
-405645434 -275183500
51637106 165077274
-719392466 -347561547
-397338135 -296861499
417303723 802684916
-817474581 138085081
-784598657 919188081
-673119405 372941370
-646640051 -608416811
655566554 903370103
-40162589 858026461
30041509 812249152
303245604 536417344
-622406679 -15486205
-51596551 95847443
-185175770 801736480
-948440465 896049604
-11104717 64382973
334775484 844041408
-814543989 303008998
75387673 532305073
-221254873 376035099
-742371705 848607114
-927890789 780443875
-931914713 -215218890
-81106858 628094465
288376086 519029571
-346212203 885899301
-757541429 940330038
-456470226 304336815
165265186 852428401
632646478 885346134
260249794 600478951
579018500 866834637
-992551642 804872492
268020233 336253368
-164048198 923576636
-709319444 132127760
-428674256 929729530
-747372519 979163877
-338778716 871011216
-590932583 -18652225
-913951323 994624009
-876261047 -457519577
-120468785 746202165
-770477930 131904875
54318844 423506045
-307145886 43465479
-778032944 662766231
-956944461 846184065
220939563 429921242
-666120718 148165946
-248603894 339050605
559185444 908230972
156472888 538609558
263216908 916870201
-871496118 867785537
99270159 226769447
-589123933 -74980784
-547516918 348369555
459668732 696997818
-990862275 390596835
-959299401 -576616247
-38937432 441969913
-192252552 630104400
-998440348 711113679
444140625 802244963
417751750 853372786
333937988 695310135
411392609 832425067
-864589233 -416102434
-352037634 333499130
-332169845 -279327515
-96370839 468976451
-530673333 800465673
42525607 864140332
-370764352 269973943
-996764420 -439453897
-243058564 971184066
679301681 824772672
-770503209 583303013
244588436 833285034
-168002818 130740447
-984199091 208720463
270372211 745384568
-432686110 540363458
-570949883 678014793
-684062022 112452156
-806702110 -611238532
-961621122 215627171
-679367596 -391960141
-847439194 -708500912
153669323 161525049
338537188 767800344
418439389 983421602
-700409911 630347391
-863259022 852005501
-815499780 895452608
-849430248 860988798
-523740088 450904874
-240442214 -107900171
673644002 951637793
-740350797 122010947
344763566 506940218
-943245600 -598774039
-782096758 905064974
511137218 742977801
-83163983 960532257
-753774951 622965788
620418976 964231311
-272083689 50489622
449845612 826116066
-727105415 424145749
-93981438 780519387
-961931557 715892559
-746469482 -563613644
628306700 946086882
616684804 791689720
-824371275 262161189
184580751 549936389
-685529019 555488792
-71062823 115221600
-217268840 -75555915
-668204336 -329785186
-182539245 623488939
-929877691 374926637
-394676012 233131223
63219105 237601848
-494704578 587163668
-548414774 781286325
-777924247 -511437629
-185655170 560196628
-90236727 449853147
-765861960 788333885
-684760820 209000230
-17974913 80358890
506871255 523968158
-425001234 -201975396
-316967175 556001188
-686354309 661530366
454376838 847103465
49334110 227611366
-364996647 97667588
-705068968 135263332
-742486466 169113394
-395072074 -280224575
-928188384 -189259446
-245869202 655841727
709312095 985201175
-363168020 838760936
-351277765 932673624
189233285 869554662
-881896445 -645670591
-544613118 -276170306
-675562769 -296324736
-998689535 -52923450
-258001765 -246160315
592212639 862062578
-863621512 -169972996
120710897 928796796
-859290805 612183074
-592925668 -212295088
-898792502 2262027
-957061091 942702490
-970477727 269040981
-235662748 134135337
-502372785 790166584
-560528257 348060452
-18376664 460081133
-174253183 302523499
572794696 640165638
204042040 748102213
-780087407 531261609
-628329072 581895268
-62229137 808837081
-251951431 151682204
-25725137 339515598
-495520634 -39813979
-76579780 730862172
-5517192 948015200
478553019 754121198
-834629039 328063167
-402560006 784221005
169354219 200787916
-77514901 992131098
-209838831 -175759143
-446883401 -215982132
485634834 587294142
647880821 904124415
-214277298 809592400
-254088741 952471207
211377758 748534652
-990370094 7472892
-891950630 -63537406
-578448705 389453458
-244198709 398301520
-649574920 -587918695
595796292 702854173
-576052197 111662219
331941181 559247366
734392841 779647293
-139502803 338171385
-793545824 753188372
149643081 443996131
-281780524 817494588
-891240087 -378134857
-751445154 519064337
201313842 258264454
599690538 729325238
-862431149 -436639396
-1473849 334217372
-788014244 -263017945
-66213652 772748344
-337440439 789904777
509666647 879684009
912618372 998356715
-808131635 -646447145
303915416 962129421
-990133547 -372597274
452511968 936074413
-640786364 55825894
-708081993 -137236119
-545101210 -313574684
-358412269 657055974
-261988824 345384701
-904286080 14650408
-858983863 473199585
-531016247 -56299421
-662140928 279448946
476143632 975174843
-455025568 347299411
148614158 393078861
-889568510 576266866
-292896372 455911847
-805532127 714612252
135752568 594264343
364671975 454273973
-581776585 134543916
-126277930 95652195
-373291023 -339850804
-7122698 711179970
-655505152 -570316318
-518210461 59211694
-672276561 862756437
-190572575 357251850
-776160711 -644068839
-732526644 -363720012
-731645977 592415135
-643094447 -537964411
-907590669 -576681699
-878113920 -459078958
-944292452 747867389
-488606275 -268023254
-79749354 810908022
56135310 850169090
-921598557 -563655334
-824446837 65708153
-860347403 -816787499
673639185 953061738
-823117738 -246123276
-42910412 305282734
-655694911 -566250679
-914406164 -67561453
-967151998 -528178673
-373665835 87469043
-488249063 -62497933
-625847533 -72860432
-860530574 50724331
73829830 718759960
256412093 432768086
-869354612 748062314
-806270959 -772645601
34290009 375284025
-530949176 54456382
-667438306 -243030331
-117225773 502040377
-841628356 -395634682
-406924613 406992496
215073180 798448016
-767574643 319032371
-787370399 -11899019
524006909 552772350
-551768656 735350871
-723742526 661014536
-23627352 -16287073
-913505606 -19068921
-551696593 965348061
-867438421 498112761
-445931319 131326886
-138526823 -1590889
49184707 225175878
155007504 534346574
-987443492 -272143818
-105397706 758572044
11960125 200866217
-168368486 291789431
-748282318 239716307
242209005 958965159
152080287 998235086
-583672545 -434385226
22859551 416928901
-884550758 -826806345
-775020513 -483895648
-956166214 791216606
293199887 588266773
-725282906 -75191892
87923885 861756151
-781568364 627284797
-901695672 -408370082
-342043798 194405570
-376209730 886694174
142843787 731570112
321496049 903657995
257360424 885685555
-552956209 599019162
-975558129 -163793601
-236039843 106571818
-109684432 298043362
215179961 460862623
-255228928 86438145
-246838748 423963502
-140008741 351838133
-942196013 -594187261
289631390 575090484
-679597349 -566402250
43910949 705080025
-851762140 800427706
-269535853 161269374
8367903 738758578
-594885950 308726386
-140769321 -31458589
-867465146 188827693
454220186 792208327
-546463843 -401601619
42055300 628359818
540175455 719309611
-618644112 321510897
-303357758 877351985
-965212055 909730392
-573534836 523920696
-890720705 -66367323
-901071317 262608304
178407660 317579682
152931686 313502281
-947586409 832809650
-592858087 853129703
-913075698 -399090448
-631777120 -128179242
748579845 783425291
-214524539 463674493
-483580164 -450537076
-428362996 -235346168
-353194520 38139386
-803967074 -555730610
-854380934 -382998938
-297668878 528481688
-249752338 317684604
-115457485 75281587
-423007597 839254916
-995775195 -635074881
165852247 348794131
-558500186 379301607
-382055247 -290898645
433063108 472965891
278337568 555670412
-64504499 959621753
-21462079 967282372
-466843894 423262347
-32071758 467876069
-851433536 82090713
-662209472 -145240148
-979754938 807151264
152088492 221665764
164106994 410907137
-707597537 -489391070
238295720 353929863
74667129 892042632
-514059603 819161761
-430277336 557064837
292159041 431132727
-237080133 983899176
-774515748 520699681
-726000108 -440604121
-56280081 847146826
-340817800 843850540
349951129 481788042
-531182547 246952349
-634662396 -159596905
-385134857 934598464
-698576587 -191785212
-609456391 622467517
-733489450 791451435
-180190246 817334820
-314108972 957818252
650057021 889620012
-826108251 999829764
-920022788 23059550
-365626681 -190938504
-816439562 -742387050
-397497258 -397226177
69899185 446295183
-980492698 -649197487
169517209 407623980
-84851096 255091603
709789887 973604601
-455558263 151317903
662856718 914601037
-287067020 -23492336
-824401749 -527224034
695057870 735985761
139547148 297966342
602466444 913581825
-213381612 -207626723
-107006184 567858284
-550102622 347406142
-436888655 751244539
-905933436 -859932299
-28275382 825848943
279729710 726793731
-848984833 160212610
-434881771 523926692
-582768312 -534198066
-220467238 -219964833
105338738 303043144
287792304 557571238
301484365 545357117
-408672 760491215
-149896737 261405511
-692441780 536103724
59354419 394076257
-632563605 330172879
158286609 343388870
437467225 950656807
-728383098 660524896
-337391827 -188750964
-266155680 583174643
-962798264 777050558
-970860166 -73764784
-162439343 107993540
592052731 828380402
-260291110 12981594
-888743697 -64932611
-853330412 282732305
-891678895 -844681050
-806796361 353812263
-154321496 492943248
-767628438 589404658
-728024535 196864002
28118071 565208964
660072367 731074526
-700975134 -627674477
574105319 613621137
-428177268 -298852148
-717800593 32770179
-217168519 789195045
-203598630 743265086
-679821565 -58778189
-1186904 201954943
406258454 690392340
-544901328 489996496
-564992419 -479889452
-909309618 81030674
-184420592 87674674
-822575152 -153006275
-433225895 369683478
-561253084 302587292
71806791 644349226
-948193645 -137480002
-347818116 95438946
-492266734 307487147
229839684 664039243
-333841775 -65251572
-294669802 514413022
-366998286 -252785023
-383620950 306268465
-181821570 543984599
310396953 416486134
-953452096 667973512
-706901724 860914225
-327461330 -229757352
-535267376 -378995527
126050123 844495693
-196606226 77537390
-415296744 591155003
644050226 915274122
-514845922 -230034754
-721906947 805112893
-352432146 -175107393
-685335208 -45089258
313049434 404730789
-736345021 890808503
-504982536 490304463
-403910128 114633171
-312280040 -7196735
100687390 902149715
-246011765 -53781499
-600339585 925641734
-708166776 130435351
-322017533 -314254080
-546606835 -384877852
-679495430 -46287145
-21112340 699888837
-643211403 694665073
-863464028 -626624653
-862069483 33249333
-416214469 926529601
-777271326 -55063177
237389423 430568850
-941759039 885340211
-442905422 -415841331
-427487801 321650796
301992041 699170766
-267205870 764486110
-335857973 276259
-411479391 387699603
-811469367 99557343
-335700460 457343135
-497250314 -215021036
-526243261 92302848
-496791371 -97495912
-986741744 507838045
-533734461 99628068
217035773 252171305
207375090 710939604
41553992 859632668
-800811772 -596032185
-824130650 -513862825
279102872 735118730
-867651928 214757651
-693561943 128702190
449259940 469272832
-31516609 127746699
-626088985 -180810474
-757865692 827902051
-351828999 788757597
636196491 855602515
739362922 863756782
-296107116 883872463
-732756003 -268696037
-811700493 515375056
-464933035 -173400377
144281037 629828940
373536839 428508943
-447561395 -78111095
-823124509 421190566
8383744 628347721
24099991 522166347
-704913590 -510285674
-948494564 699407737
-38010802 770660933
112793522 597727706
843405379 953246739
-5169737 494510336
265730551 443603827
-697772186 849487175
-680396732 -553851547
-229515662 617059579
-802755566 -481498146
-682481382 731479696
-609518544 -533495078
252758615 332864082
-581258788 -261586596
-335999380 744739323
711160385 915127481
221044132 323707883
-807704481 133475633
-395341532 -51988064
-249436040 537016300
-977234703 -940522039
-460276481 565809528
-602463367 916025466
-625459548 -235403605
-219752921 34889882
-230643970 -213346883
257040085 443416493
-759626748 -319334182
-815862365 765034809
-847642666 9798283
-949868369 909443503
230385514 899737012
84638231 588926841
-259112964 -11978488
-129006061 445787953
552031501 951743692
259401011 816023121
16151204 958681651
-989122759 -749630171
-673983923 319779903
-543949842 314704449
-922169356 -279353521
864698799 870319587
258140000 607527562
-447986369 875530432
-917605631 419972244
659766029 874172317
386977869 747088559
-711016724 648978008
133510519 965510391
-972544494 -470353523
-311010538 362748790
8648669 845731013
-599461462 678539403
-145092828 955220409
294896566 983105664
-952263655 -844674959
-740539631 -406497165
2466542 160718113
-216418583 289678902
333425435 582378034
-889161380 195895068
-385010053 -350481555
-338411374 104259666
-52413902 -22660114
337573403 435887872
-528248391 -487046524
-803617233 -363019534
-925537983 922864230
780782759 889451524
-778101567 -177045684
657462791 777989514
-227448818 598506994
-824193130 -221224061
140618842 574900381
-820353606 -82007185
-11736164 963082088
230160358 931278631
39802331 828705389
398903420 477698954
331462920 784854217
-284331561 942449710
645326825 785670344
-853791533 -384885301
-340317625 340779065
-334199556 -47006349
134699514 804212879
-337046439 30598973
-117863067 744654900
-787939254 -607700302
-252249973 929379975
-783631976 313391799
-599303081 -508338721
245514456 396966847
498245700 665820995
-963941106 572650691
-536841624 351642359
-975782302 -815841783
-735953548 947180344
-880128567 976738336
-756084430 307567703
155312406 871627576
-199286239 897352766
-818495455 269398631
-528820815 241090623
764980922 925253555
-980161840 -436713658
-378090152 -148395966
-592943625 -152691976
-218942545 59699616
-798858771 62628247
-761190605 879055904
-682689762 -138309725
585371748 721926152
-362565976 446939856
-896656080 567233409
74505783 311112873
-408129281 273488923
-872160425 61826533
-763241185 649978521
-938658982 -300106476
53495746 108637788
-717294310 64621510
-816513420 998276196
64527755 907594349
554887644 721089688
-334377116 -205423356
-656018605 948796509
-397712441 396916742
-701804351 102610941
-805881489 851620566
-854777964 37468127
815002447 929115321
143397091 488169174
-735783451 27578303
216074854 345412290
-946768586 754095936
-855810356 958903141
108952048 348042906
-311567971 -87135106
-934407323 -286337548
-668725052 -183925066
-886746214 -262210967
-689145654 -260984629
-757746748 -231820724
-701841630 476468140
-412557917 54454365
-982811950 -500747271
258296167 569942317
341471383 791264612
614256409 740854260
-681026970 276332008
49073853 668669918
297929443 580384282
-571763705 492975939
-290762947 294718155
-972252884 664066970
-507204637 999372206
672977802 857477622
-457994448 505712893
-374816185 -362458024
-715051198 -305162362
-208069747 51292644
278354755 530864657
-902701657 970924960
-869537561 451435443
-989766452 -101453841
-407570348 667348687
-595855998 686457331
-555606129 520836727
-802301128 570663648
-412951269 417213929
-416851189 384354252
-508796342 -13162017
-341200661 542985266
-851436758 -472802977
595729473 979664243
-94749904 592810279
-700488782 925057793
-510520090 275900884
19342741 545825822
-339376572 619640513
756212849 868076357
-292990337 279314373
-981236959 216218111
-820919807 -159146758
-370441999 482976606
-335716388 792416033
402333729 428637750
-929609124 99455961
55818063 546414454
577009589 932100487
-80390435 49237355
-12016041 977124844
-152662372 855852651
770400211 825398527
-474249292 491751669
-644788981 -183636543
-149466617 8515548
491980589 514749836
-336434786 -291876008
-125516281 15824984
-906887904 227074240
-615389608 354223779
-449769465 -119377286
-919897039 899396601
-337204418 560772276
-18742793 394969948
-209105205 407351401
-216938047 991650363
308366829 663434718
-328601281 -100222112
-334877350 -38870635
-452533497 54640791
-966480377 -96956950
67366700 133369224
-360443445 831339446
-576054254 -96138902
-52993030 804159521
-259247116 61319584
-157683771 563183755
-289341640 246295387
-529168102 730530982
-817292055 240058147
308285698 613810054
-897145009 948806997
366974139 683823798
-898552422 -823785505
71365594 486546725
-630157978 167524056
-988788941 -100370196
-307179346 285817524
474127568 594329327
-271046849 311516174
-113596580 943601959
-963924769 -913911732
213438964 971048979
-754628779 -477603943
-581744060 -178899467
-870469710 568026331
-352064643 -315576470
-169474990 46062849
-773018298 817276205
-787383908 27801848
-696143938 840780328
-516989771 290685791
476723327 633729685
-384649785 -363714042
121568299 668977968
-759782412 281740625
286058345 767671183
-823753817 926216807
-36991463 368522443
-364899924 248575303
-974559107 -534788020
-444318405 892951004
-162624498 246413729
574644677 748057946
-382979051 -118012159
412896717 498167587
-765704030 575468079
330434645 590887022
-190256671 428159951
-265018029 695563120
-357804504 -88402132
-363538598 42882672
-241739027 387434726
-803653341 600740206
237023589 303097349
420649580 521948945
-643738934 524942474
-247428862 339238216
-437388770 935619198
-606610946 332403643
-782944005 775265660
-801923394 943324647
-388156974 819057424
-890189418 70897716
-806781861 -50124987
174062643 378661755
83343164 220605155
-522392160 362403351
-191253637 995675965
-946998287 66875680
-802152521 -726575684
-797966225 218928135
482494291 526844089
569472013 976939144
-839990623 280235339
-972760756 -288530826
-411565462 215895208
-297126825 617967778
648095635 669329187
-364080920 321701319
-756442464 107694839
-660393527 -88856470
-837895844 184794516
-378393763 784094702
-606401710 63000544
1804719 347368595
10341959 235459825
15225700 803689040
-756368828 168755526
-885374702 525571324
210949305 936360204
-914283470 455493934
761431091 917409051
133017763 624100899
445795955 496484470
-201960420 594086699
-136457127 980828861
-383375591 -92335517
726363710 811753789
-343943698 802941256
-511015086 62057215
-141030488 410715407
-489731814 -486802134
235384908 410303780
468176887 691210424
-625989489 639798809
-678345046 608290063
-707001274 -413550418
-479989081 606129570
-290091240 702531427
-499352133 259097171
-965085268 962718943
-432870843 370463791
-809577257 -652355321
-500020266 126468235
233145356 629750305
185220243 873809618
-463132845 591276765
-46253633 796832145
-961628128 286100170
-362548624 630382368
-82533256 142680747
-558097974 -115186751
-84500612 98137219
-610627564 -511559943
251936523 483244666
-973273481 -551832207
-869707731 -72594161
-913578412 106206753
-553204679 -55891388
678640985 925167980
-679527216 295478286
-821938395 242890064
329043560 893356025
342441375 980457474
189269642 812057169
-493933951 -81950606
-24694430 446772636
94443664 426820749
-889373905 -886052326
-88498049 403207207
-488741578 690424399
-794706066 982655575
-720561983 375298702
-403202228 681458119
-863684476 420218243
241103837 413999609
-329593591 562085431
-778839300 88271109
-590681392 47296973
-457585789 54596301
237434950 665699324
-792798805 13384568
-98148090 97664488
110665314 168543180
-608603330 574162242
-66597999 -3932366
-33633376 188558430
-791644178 334652670
-816592065 -613556223
298708243 770622511
537415658 656477711
-914403678 -485155838
-363879129 413295568
651979846 661024762
-416832058 738508867
-320070236 888319155
-116861454 927365637
696542505 874611651
-965322801 756383623
279063323 848499398
379861222 592938626
-11128071 137300287
38672619 334205739
179540422 361026877
59509938 274169076
-171525315 205709223
-729617736 969118695
757566948 984072281
-269220809 738458537
-795657187 -716603872
-439897146 689964840
-563025749 -321215892
368495283 819502176
-521319988 423038547
-123438591 843215395
522769342 845166537
-137260452 125116423
-972358353 592803613
-78782165 756053489
-165195428 135243967
-605118882 340139627
-601419959 -583094384
-57183859 72497060
-888037642 717819322
-927509385 -639242893
-326142185 330744421
-33554439 760617628
-739487835 156771211
-962314722 245406364
-367812466 58547494
116582081 421782651
-462443673 686292180
-903835619 -327217851
-153388332 803301811
-629804853 260549437
320504058 615008854
-354693637 124780339
-411597951 630788052
-524878156 55350526
-935276074 -678979660
-627688402 -524827088
-559391970 362561104
-616928307 74776434
-856336378 -185262917
-591862052 -75647064
-745828329 -442521636
-224502985 -201141901
-106502065 788124711
-941306224 209030924
-478637388 -54371094
-14556450 592426431
-311702485 -66659860
-957088395 128209557
88715500 291267800
-8571778 741770234
130621731 874721469
65334648 611861784
-367888231 474204340
-671674745 162248657
586646276 780491819
674498785 969111479
-648893279 671962564
-684576390 -524889080
-279137425 708486566
108647902 487166068
-539946326 177854842
-356615523 872686490
265357516 324798382
-201057099 963272638
-868864224 -447747196
-719946194 -708951349
-417578492 -344915489
271502670 630032686
-555460872 736015980
119973126 665652891
-985758262 773526708
812275623 886642074
-835787848 -187324492
-121683698 702553491
-286155449 686488660
91302465 730848500
568387717 717357496
10781547 982974400
-848671961 -510933
-788133958 -461100646
-771851836 549660239
67385878 553362798
-613997290 169267561
-327268244 -243749509
-72445888 558037932
835598181 986300070
-462994932 32401233
-852749208 921068848
-674557250 -9778043
449838667 582339016
-949092759 -475709008
554814823 648221372
-129924356 978571672
-954291291 -681899189
-817683457 -132512830
-643530484 52492513
14357194 146382485
-705562263 688449296
246418117 807698260
-175300785 828578428
-613550993 78333677
-815177655 -245977222
800367107 952890201
-954482348 -22081684
-280387956 398562000
220630484 343702842
-649335495 -5681643
161301706 688516417
-598704549 637557863
727596165 739722131
-457917371 627271303
-716125885 -40052917
-823500412 -199857353
783628798 967535696
-723129150 -477102091
-809435588 -159940128
-961106179 993239341
-616590873 832875450
-985317700 50904966
151981259 622720359
-61855743 674629454
-539213146 398530535
-454628237 817190598
-805798192 538535540
284306917 840136456
-737196963 443083163
-120949905 138517921
-40020876 368805596
-7594738 757966471
-34532729 926606348
106594305 189828401
-784954529 861430626
798544180 895335630
-957905905 588581176
-450425522 516278973
6415093 762072057
-61173062 115812185
-943445306 978804822
-433225547 384978911
-225822925 404092837
-920067120 908579669
-510732640 -510317223
81234927 287245785
-140766250 481353731
-446157117 886944573
93451584 775655142
-94954867 50987554
78791642 735019893
-148532932 304619063
-12105788 36735731
-768008695 39343534
-707334819 628946637
-534823975 126356906
-773099322 -522510325
-794365236 294302936
-885366120 685588091
-837142110 -237031323
-731639665 111879432
515828387 626632014
489132214 921600148
-852842241 -1980789
155474259 457838430
-122250718 760906696
-804780238 855116950
-670822833 862769464
-72660847 646628686
-857634311 -827606498
-54812844 265003540
-133349015 542824366
-845674357 837863370
-435098758 156788475
721666756 749313484
-483500760 311304451
-971508239 -811136203
-845218515 -236392620
-452202636 -172868961
-214735341 573608838
-438697793 989950732
348390451 636308321
-293034578 810522391
-630319554 412162170
151085028 154813873
-154371515 46899538
556179465 595716429
-479130366 459023788
200178377 810959771
-674455226 24105339
-850481085 817026160
-686705489 43503511
-670140235 670469656
-570032177 441702182
-952295722 -812268833
-824600922 -341184432
-578237153 -502831535
-894163440 939709734
-916239404 407860394
-586112835 295457209
219805764 664721231
-857863328 -215117285
112493867 124191350
365408339 746004282
-841432918 -53015784
-13080892 798181672
-430500638 637531353
-400401795 279656011
-72747287 576568908
341779433 896524441
-803830233 477721142
-731842446 -245426974
-63491651 132559049
520452359 823151993
-26426749 349451940
-331451355 887418615
-561116987 753838080
-335026807 -317059061
13201122 110499898
248234902 621100878
-640321983 -414265841
-331427167 830765313
-471644094 153739198
36652631 362852867
-573418348 125701708
-913786932 174581223
-134499509 273007323
-298543803 909562616
-588689219 944785139
292532068 534257750
-151553262 27030952
-331550739 84574765
-711524264 728669632
-635923072 279887340
-140815785 506960470
-54350807 968923912
-379477423 260416875
-779329813 -432148635
-526025561 -57549057
946048268 997611758
28547041 767055797
-893743798 -581858779
-805318522 363769345
-635607485 -198442694
-276900282 -171068058
-83283663 106527746
-603079610 980060686
-943162976 298040658
-669920499 -197375495
317408181 738729562
-626499811 939794985
-387418985 602331533
279309456 818236681
403005570 762163408
272332752 830984801
-968069834 664816352
-925404660 735223898
-372841902 977776410
-379337580 -114890784
-814659279 313852892
-713694905 207975268
-36334312 551914132
-370400005 -69405094
-877907877 732965134
121788385 319292155
-123991997 460350644
390771533 612213585
-285537479 -114416064
-32867226 -2794142
115554935 308868693
-802764079 253588571
-485229149 286622239
474856412 742237203
802647193 929282333
-603694062 -170342043
-305853554 832925977
-934391585 -499250723
-856870399 -60621011
-198410497 600820005
-405045177 529641054
-607038317 139796335
458422132 490754395
-78256256 155083827
-762912826 481404269
-619138342 -364461587
404914092 685604559
-697483800 -155795672
-182419373 589507502
-693468024 -576627258
-678711407 730845314
-648100305 43068181
-917401335 -30253064
-580636820 156798404
-152404723 503628898
-670451900 905928184
852843433 922157527
-269288038 800757422
-914786742 245597509
-812074018 339553497
-970171670 -721173493
640690860 742097915
-194347783 699261053
-563154469 340737372
483463196 600295180
-863309285 446798284
-621957529 -486564696
-461751386 25826012
-391855657 842373740
-742826193 445755869
-727598402 398075807
-919962836 -119345564
598021425 845356023
-77650308 564124171
-103604145 562150343
-361272768 -277493243
-970760372 195841523
2492010 514555210
-469423977 921493081
-586324956 -175436821
-839344115 649203497
-927358046 -534704473
-889236566 -121557005
-74380869 642869834
-887504669 -408358334
-336582042 -259538371
-684147472 -170441391
363581927 880085572
-409639093 132609697
-34600035 102000843
7843247 919989561
-749130915 862706692
88360368 124288277
92445640 361990028
-945891083 410811113
394593748 954816366
-976820450 421694209
-978930311 607224241
264683003 945005738
-151452226 642142058
-446978813 393005030
102270982 318263543
-600719780 -300735411
-830756256 603592220
-5790831 475540392
295834848 608350533
-851123418 35063722
-495339425 -121047437
-936628989 -5689522
338566419 969906682
230547178 680154158
373581192 435830338
-156316411 734670959
-443353232 805379156
-967573435 480776801
-4952321 973316005
-887177146 86308754
-429352278 -100591066
-133067077 482710962
51305530 779798509
-881768972 -255900902
-413557660 288642553
175732248 415296781
-692362816 190775935
-845169067 557629721
-952866305 535208945
-834149692 490994889
-955078744 -624647920
-580710313 953962653
335849944 518128912
-336992968 -4593267
-584753934 327574555
-988106789 71513946
-913488915 -781658227
-615460978 -487435920
-69373559 860522689
-759206011 896569593
-151746825 934964016
114889617 641468432
-903990202 809703328
-613710757 722332422
-903887522 -903801411
667040617 904881553
-753072123 -743361320
-747169901 419728588
-842676891 897582791
-227024019 -154997181
-681083726 612654139
-929532984 -757369068
122710551 200376220
-852031140 190469605
-258923171 -74854097
190773646 476619275
-908876704 -459115320
-259010101 694037117
425481827 493339876
129647791 283438054
-330335491 -201717708
47425174 752118464
-578938266 -6820599
844157190 987511036
52296064 929063528
-115839812 62887238
-795563607 652929658
206116583 652685177
259397669 657736642
-779262201 -659226352
136857395 679822597
-825962292 17184731
-757708412 -671996276
-843654314 774494576
-629468343 -470509833
-821665171 -572754695
-900164724 -736889195
-346205268 300759163
-250674083 204473948
-773035699 96680968
-674246062 549863533
-116802187 419145216
5164803 842752321
-286634405 950500462
-275202805 826665131
-37380000 716563930
8187117 534389144
-356393920 950167882
-942758942 128778916
-983528121 946288720
-875470306 370829768
-351189035 81256499
-971990635 -693300374
-322540984 519601724
-485017099 660557150
-624667738 833030906
-280002414 464853408
-895112861 -454908662
-535152994 113578306
-304583569 948955079
77285378 468546849
-795839539 -88140829
-66073526 320213990
-59514561 299742641
-807981400 -337110849
-563291460 211737998
511730166 839795575
-110107979 431320732
-670869470 337779000
-697616278 -362722999
-816705806 817049690
783141344 825192215
-137655144 461582418
-923803860 -86251647
-26478329 269953761
-398029812 618207155
589411996 803786116
-595543680 -383881345
-899343952 -628646948
102682748 952149353
-360561803 769562071
-649857942 664208064
58896024 242351411
-505204563 -275050440
-877268877 789198506
-796031663 -222275810
-355435867 -151366474
-912944877 -268313434
-179696374 688062199
-145209867 114592968
-905274694 673238624
211795517 270257519
180178402 588510133
-783819855 -513172513
-239713863 -30062683
-526850256 952829436
-860944747 598737478
380345607 763379718
-231429714 234181948
-433432153 330359145
-253373504 916420229
90758381 928167574
-193206525 399360505
-880661593 -179832582
-995593692 -765865434
-640713726 -11895020
-526997203 -215749447
962335698 993034094
-136998629 -22317893
-467247458 796021557
-861055533 -743583463
-754102694 -474038652
-898116733 757538867
-757587313 -274555698
-715539365 324450788
283887341 774512947
-632336118 -554934452
-25028963 770744298
-624925183 946877889
-220611362 106211565
-655228260 829415275
-306991351 938000363
751792559 960251682
-706034342 566797549
-320871640 880130043
-444412861 524325069
-590615554 234570349
-365142993 2315249
185269708 556927291
-215790256 712687834
-40857879 304834308
-702172155 157108785
-170137116 184816860
450470997 976321550
-604716687 264505507
-627294559 613808283
-528238884 670866894
-898383657 483724005
-682221221 -45568369
-505862689 -356949832
-208872817 695466456
-405737099 210709685
-737126236 179790722
-703628542 424917911
-645577136 -230281309
438355573 736106828
-742109409 -442692018
-497506543 -260279705
-91688811 8232156
200566729 828869816
-793304485 -365475106
-956601891 914362598
-381596099 404910523
-859995737 62164674
-592205246 675858018
-984571902 -923876884
-530284647 326670480
-996452993 -387877163
249715313 897602609
-586945383 802931874
-981788300 286709979
-435692223 353417270
-508368191 -461130153
-799046000 -582874668
-405757382 278207886
-285177325 -88672875
-580766457 -496693764
96548067 343712911
-328510491 44790552
-528158518 -18854344
126485925 229051118
-512883687 799335567
-867332468 -763538099
-833149990 -550980364
-404679745 522900802
-465156110 388456354
-9422995 298635252
58338275 402009541
705337539 770465969
187000845 716548433
-486770357 -34715659
-852999717 488931022
-663448709 382412398
-547318165 91647043
32045634 742813062
-693725546 -681757257
-11824585 123808282
-775419297 895000438
61994670 954268556
345755863 952546708
499828594 858624213
-635469485 932559976
-532426148 800569124
-595816042 -86990742
-825966903 -371046674
-302444929 463846409
-141518566 690470568
242188133 427173594
49781069 904715906
-3124567 253112317
-915348594 -834092555
-352762833 900295949
-574363598 371373562
-373066547 620792564
-689085599 190363631
-688338354 953987470
428359969 450757873
-214485061 518216118
31804981 338401531
-872084768 416802531
688830109 920704345
525185209 740892186
-832191943 458129097
-720932207 634381499
-825347142 155751336
-512300721 3754526
-602623082 -89472056
-230719425 313864443
360984229 992945693
-736081997 23193934
-819353467 -418005537
641221225 765526819
-856599663 220850920
-880424179 939253763
-861588309 133909839
20820233 452772279
-18396334 350497916
802787316 832670087
-56503009 956559275
211968526 655223368
-260783999 -206941942
-170517145 943070245
239809287 821630856
484310370 991534508
-657053283 -280133003
-77521562 38123223
94031223 204161345
745381370 808386257
-530959302 689210984
-705733794 208931526
520491384 545259995
-426249615 -64882712
-641280486 664654381
-338609530 -144202675
192955876 844003830
-10926957 260395559
596054672 762237800
-978461628 -630885195
-594263698 925530989
-736819918 -308765943
-520318715 -272413413
-728545563 -724496036
-188152505 910472402
572542237 941143013
-471808673 -42920052
-350842012 -23797743
-255995133 169398206
649773764 849689831
-629379968 -426880942
-663928480 -163201093
-138250091 592175746
-580145753 706398409
-701220609 725531617
-355188594 293009403
-695898543 948991376
-840266513 876309314
-484102449 597457267
-748077746 544119226
-792138000 -664032962
-144674521 865297662
251306430 396324397
-407700624 -359553027
-708560513 -679590394
-958854879 -771537511
-449167108 -100177313
-623042763 -451093976
-741173004 72543498
-643724835 -300447040
-828921403 696369777
257601470 949748633
-421294356 11931328
-634894478 863967992
-969885796 -476064323
-966756932 133073224
337705828 353531206
-734535465 -78494586
-638965437 -492815151
-423295515 461187541
10538944 261564345
-391846990 914301784
-422223932 -117347676
-20117530 302542598
-355294631 -32618338
-143807337 759402981
-436677384 -421910975
-449486394 72576303
318044784 982821917
-550568152 67009422
-578383926 -278817218
-135427253 953321498
-909360643 -362760754
-159203902 850500853
-530945811 670007598
-508027646 352386763
-524979110 -175252347
-664739044 794452369
-664158784 189251132
-910026300 -15059521
-722105150 -479439903
410942681 726696753
650273089 888530072
-445318943 779997239
-453814145 621632327
-560527972 -510529475
399204117 501010501
-333229186 841914320
-440720133 785125636
-765002631 -63509994
-237897525 629333063
-382454392 -202670412
-472806557 16491063
-673721849 593762730
-582721504 -386413187
86552920 931864162
803414397 918156793
-992817155 -846248865
-609757556 413797921
107710849 411751021
-148817526 68456873
-987842817 125921138
-621414837 794469695
631084713 646785649
-576635734 864635543
-519363184 481815912
283082543 821167258
43334048 580408526
-798031897 -638999155
-534706099 766113368
-299027975 -97368400
-966466824 647242888
-371686999 -208881157
-28038904 817293432
-742935538 593322308
-215051571 414935123
-224438959 387867333
-756624377 -140222605
-863493699 -802926550
-848773641 -73362317
-789438442 -22446087
-828588249 205649069
-590585078 -304969132
180225831 264967125
-33404602 829944233
-903850259 828771420
-784012973 -179995225
791647714 985564369
231023837 415091409
-922793294 -344802203
-915741898 -353185235
298027985 344614419
79200822 492098779
-969482949 414784160
-118268531 917294451
-469093603 399935775
-578034587 -227068781
633393033 991766263
148878958 236484816
-847759512 99168627
-534068364 839718135
156564414 338253087
-492171047 534793917
-2869900 248149233
-760818547 -465756630
-557983942 -218449695
783073599 945210241
-453907944 600423889
10937576 17845862
-923273056 616598814
-167991815 784607119
-358750805 -10830503
675931951 828457247
-98829367 535489350
487435468 616542359
-580204881 -328569571
-522149046 -77283799
321238701 889605123
-44255334 354208270
-730515957 988644634
-881164547 -395799323
-858363073 -504147972
672135747 697506862
-231807105 929735184
-199629828 451818433
-998613963 -429142910
-691896409 -302169546
-579397190 740984471
-623268107 724003298
-696886596 -29124916
-35946130 101719272
61609772 242954782
277149640 700882932
484806239 686747154
-93804310 99484700
-339678222 908440481
-828592901 783376762
-737881477 -109249477
-121400665 549958790
-99817388 753610170
160945488 652708849
-772680747 545548474
575253425 926805341
151349712 610064186
-162723057 958360199
-260982342 380020799
-886580336 -464045904
-432437094 373024163
318579638 421506786
-529629236 541042432
-840906325 940476869
-562576447 -407172214
-717908691 -551928397
-528682663 -120746987
-489132697 619987774
-828762972 -25386045
-714247089 -689842910
-857337396 673605310
286314163 597843699
-709292636 -330688651
-572995718 -257363334
-540081802 389516624
-251058321 366778532
-396223952 341757891
-799144340 608294222
-157129275 412916366
-679914136 -343296402
146788484 271824347
-93042439 405319108
-757447873 345902854
-573389124 -524306712
607975396 639457713
490528770 703832345
81301974 608655173
465761161 480664268
-283315052 247020194
-511866147 157426128
-650371311 -148539793
-655128193 787238072
-616584319 -265435763
-851480010 445304396
-303617130 237483571
-253871317 548938182
162975363 569894715
100299981 970374271
522323186 717397581
-86662185 142304918
-990389133 784654509
-455848968 767656800
447760423 785241599
-900556336 -159449189
295311407 537291681
-80266666 260712123
48100233 980160168
-876426170 615689461
224291230 867986011
758477853 867616287
-739519406 -649405230
-832702779 -205300998
-665011589 544609767
119762291 253776818
188814878 948288634
-968587142 -375909912
-259540538 329961025
-834720512 -293102440
815472704 884943166
-217660095 596467411
-187182686 378461943
660421084 809888617
-460968416 -362557191
-822645184 -752308447
-281017688 441739329
512664162 802056110
-676148301 304974036
-274258486 -167469592
62154686 853713676
-712522430 -564515155
-928746857 -269288121
-499021289 -354497611
-702480314 325343640
-896819715 -828069376
-721681611 823286341
161923564 335276726
-220667210 561022245
-206529376 956440885
-500345732 801114943
-201697364 953515845
-635878994 985425590
-706088286 -342292371
307688446 737049214
-69379894 652390414
367858661 546541595
523406868 930859763
167519865 462560987
206037490 757437857
-784479534 330076139
-910000793 -26735605
-158722229 -92999780
-126982970 229993485
656807455 981311532
-927933824 391112151
-133488003 -15943256
-818424855 614154045
-427921974 271551445
-765285880 226723417
35494316 640663146
-970950584 850788793
63397356 101144715
606459452 789345828
-985186140 -732071493
-812455311 965331809
-896654579 785970938
933823724 994559431
-345730832 -310445426
-992329722 208187358
-5034596 147645634
-435747231 974820903
556532361 760537310
-733538115 -100420197
-346880784 -34075172
-196738147 757881184
-943502819 -611932741
-545400929 633548134
-675587888 171581774
142970712 967532671
-950111256 -768208463
-585911855 -564153993
155997003 759691155
303359287 314688410
122349756 212700105
-690790318 730125100
-75271236 227027497
-338791632 707160612
-992069083 -478750782
-815752882 380019679
-738592724 -335918699
90380874 255357544
445288520 896505116
610604342 871633876
-794317290 -456230853
-672125909 666104738
104762251 377321463
-301819377 114466067
122243986 611208690
493065381 914602824
422073032 431158928
-279216464 -195524612
115698100 386681936
-467765254 -14418013
-802164083 -125649624
-394237706 686564563
-594147880 108660559
-291921454 631790239
-357371367 811666136
-713042663 966793922
-422157348 227775481
-791398260 32963777
-45585746 529202538
-781104309 -437734091
-318536190 -231990514
-174698183 329895146
-805068477 -696969789
-652011677 -177036411
-586664467 522401338
-918948410 940789169
221446847 338763708
-742728957 -381782967
443884629 882974223
-418379777 308799743
-383569843 169189696
-368992452 347986628
17649956 687542749
-337092274 215215505
564976099 744840959
-273474317 -207835429
-600773944 310762680
-738464424 638359304
-418166091 23809563
-956271745 -193889592
-839618383 -413635304
-597944699 199482087
-466248308 959638093
-990507662 13286788
109679402 443742410
-312141141 -126844067
210352116 531777790
246299202 743271646
-493698113 -437769056
407781919 669831703
-905682218 374596413
-847774130 -50219771
-121215633 452413808
90506633 989066337
-463517 570638718
772019620 977361157
-725932890 -625518477
920758238 950087513
37735236 960375744
83231301 634581580
-622775 967438942
-769033379 -315847648
414286253 708525957
-975218370 -805646729
-319847316 210162592
514725394 900217204
-507100711 830809504
782557365 885531770
-943427928 110476234
-192038622 435638534
-792837810 -388580284
-411288615 428429976
-256421765 822082896
-316440579 281779673
177791823 314341329
-761234520 699798562
-349116234 -88183324
-350595437 600996271
-370346686 621514889
144039537 713423130
410881171 926558237
349934686 822692338
-953514556 -169082193
198780568 504950397
-709675362 -62333699
514113625 671804746
-628421767 -573846157
409591542 797960940
-379875931 488762687
-13999672 782883165
-280023448 254375133
267469299 876815151
-190156813 205815183
495244195 516832229
369252976 819534688
-217823641 637662584
-856088713 982404328
-416963438 742118257
-564379214 211607314
183213182 584315830
-436539142 487901393
-661978711 104430079
348501165 954125617
-39323161 408909832
6266927 843068328
-806467188 -701552707
600430381 943914412
-929609621 186443140
-406490365 505424552
-991764176 858676349
-983906021 856070972
911873553 917916763
-433351923 979746227
-653663301 -211957387
-698654718 505451482
-656238944 -58836473
-627968893 22486815
301751540 845252857
116291517 366365201
-491031567 1152780
-947259239 -384673503
-586762498 884104845
-772563632 578246107
-545862132 -362322786
-763217857 271284312
-776197715 322397810
-509992246 775963187
-525527931 -356582732
-221957231 969708288
-663343663 166202054
-994912815 -433975884
-136373274 228037793
-240523220 983121411
-988596544 999992518
-920201025 624732363
-447966363 450176788
-731477019 200764475
101680573 423552621
-642413770 -456245235
-826367779 245784551
-930307078 -611018084
-297336256 43999931
265378317 637154529
-508501804 989564673
-16375214 774499608
-801347847 -712632755
401564960 822492277
-489825731 270374086
-882264349 -385635378
-724683361 802539407
-981071593 579818229
-199000580 -44630303
-468787709 530888957
-729260137 -683824509
-804676219 635476640
-630538435 -471640610
-63768914 248861800
-965424775 918838269
51295901 353903282
-377834368 189300001
-14274477 598649065
-783387930 971774004
-488210311 -34110685
-55540553 743015525
-121310632 218660478
-46422504 903404717
-157779077 -8134639
-395282529 -151061613
-857587514 951234232
-270525620 655073919
22727286 721452880
-886124405 166902567
-714891463 -548215308
-606912682 -507867139
-304666466 729295178
-650620500 545671681
-594258012 -37446649
-293086992 109028574
-311343712 600947694
-736872567 145926660
-384369204 -245334074
-969439966 254765645
114553402 349715598
-499595377 925969771
-997550160 233834969
-125329789 336232982
198873178 775928046
-109796558 993784476
-724638865 132467665
-405214304 -48471603
476173124 764154098
440138439 563859414
-497988350 163188609
-810768042 486040387
752627173 957750825
-409865301 -43023049
604595490 910347824
-468641182 870036278
-599155969 -336891775
70197055 497485516
-886256781 -674521462
-340800054 583009073
-556178803 -343561222
-239857126 842320585
-412251443 141320091
-679343746 497278343
-793170049 53983942
-32605123 806066878
-993731934 -683169379
-445728906 -320014539
500501026 586425298
-907748718 -699044051
430518360 851315091
-842734835 341508948
637528341 730579376
-283369897 461277335
-309726918 125818582
-189200560 936176549
-287653773 -271395913
353075434 643862070
-226772178 316181279
-971712495 665098645
-308792804 854321061
-477976408 -75928521
-488317991 956867270
-12379433 722434357
-872594310 -630041334
-979741551 -867133094
160796482 886419250
-789193431 301271158
-436238321 881652469
42162419 112319285
-432236095 528555685
-980072279 662484043
-726362519 585575710
-416252805 48530494
-486056804 -28725508
-790405505 75226513
166558150 286358151
-793587983 -180227774
-451144665 187729069
-855958616 -524554783
-902002314 768791031
-936845833 471056439
-8816363 433844616
-406986001 514158024
19382512 84851246
-970344967 10926854
-4030809 870512464
406038 190065158
-615948173 -129392067
-375276680 51640871
-39987206 859758539
-61877978 998221792
-633162114 118181518
-544571131 -281246347
509990182 844111326
-409365900 996905153
-772782262 -560431539
-49398008 852753454
-404414138 318154417
-70296405 134280595
-828213778 159298454
-590797262 897665144
772745909 835832603
-673094400 -337209678
-189583722 234556046
-601171446 133117418
-896046755 525553232
-253800496 -12105992
-888524410 414365193
-305642329 748496712
915258401 952984791
-928186758 779016028
-151620788 742086711
-760575844 578813374
-667447852 628046529
-885159810 340342410
-528871567 -504019708
-948619445 -290096853
-542406645 209025711
151366348 827904771
141266270 856087992
-28731142 657723022
42344177 166612531
-666761734 101336347
50756795 748665574
-707398577 647547505
-438499868 685231236
-548862525 869024418
404416587 450035574
-560228013 641189580
-31556890 440069104
-951458128 -53167518
-585006819 170278939
-835484477 231570623
-941491719 484097356
-859386466 5248131
-410134708 737222603
-759720839 331977556
-718964652 820985968
407052853 705273789
-351459978 690249037
-913680143 844542610
-623692425 493753784
-120236611 844908337
524940440 889704171
-594299255 446652337
698364383 818282105
-95875109 490497074
-731090867 675864204
139664379 610079138
-104944869 735158207
-874737477 -831136767
412417567 685586875
-105579672 -28068567
-676402705 967580774
-498446357 -287959299
-287690796 -140076656
419681080 655221467
-224575824 532414796
326277722 411544161
-397165030 613937311
-328819988 260193948
-653437449 769523526
-403815306 -319276490
-91312338 48462959
-438110990 224226405
-939366999 839042593
-394266460 178077766
-345493309 -145072962
55881582 950866600
-972200805 226629684
-161598591 317874644
-809160615 -207709824
-271582797 204649999
-467106735 137621594
354696326 519558049
168719275 436871783
-219023271 -209156219
-805977135 7123207
-503755269 97062718
-331901470 -75534109
-718752452 876731985
-399887085 719429315
345199015 877844279
-355159181 -144105101
-647925403 -270911444
-693638240 -91110603
-968054398 -59777041
93352248 881729232
-614143386 -452843779
-786889838 -596615473
-978485328 860374641
-660648190 768158026
-976389035 703041098
-661572129 357412159
-918131844 101357689
-302163972 414587363
-670029222 494227618
-272224177 707817092
62541114 401089680
-983606930 -651492853
93788290 992207004
-463587891 587539871
-287851658 10405273
-747719726 680082742
-766157587 -415223634
-276741294 925665193
253128756 341217325
-7788022 70914367
-656357939 -101536228
437003163 661757265
-371679395 136920476
-856407569 371638263
204790889 972180433
-821315716 -815576318
-208950257 165351418
-672479263 225127755
-106640721 841292372
126121127 635318609
-838690222 613245534
-898315082 967137766
503044701 820157658
482709087 916911385
-990817160 -81629168
285970287 915859919
-844773559 -204082134
-728647515 -330383859
206898613 452102103
583795789 790141938
298858601 945013357
-965671043 -391822575
-738950821 81216279
-695219629 -252461114
-979303681 30602430
779846703 958807823
-561846296 -510007406
-746902351 905509933
196780487 554356802
-825940139 662510526
-745759300 339246870
-429077716 891204862
-734045789 756064345
-246218777 -51221710
325401279 542918715
-707687495 -555856694
-660560571 160854980
503848749 936784998
-707196813 -189761018
-135740271 575132770
-416338531 817994914
-201391801 695597507
-679121705 563671684
-232952264 -208504020
182214342 636452774
193273243 671677626
-948384307 -891840362
-250738603 725195047
-502841224 411997329
-184083210 289659671
-585800691 340810179
-603622619 -150519591
-899700038 -623129992
-164063748 -5155759
-718275779 -203825904
-972249958 -259811811
-806051559 -630907369
128377365 183822890
-810935747 415130486
-208030754 658997594
516717694 904472946
-807797743 -681379176
-998696992 -622025933
707270978 864190338
-770897469 180887563
-162266042 306516946
398460778 586907837
494873951 594964013
-820275338 -181414288
-894522692 718220904
-926472290 818596819
344367945 694727872
-641691642 -429802043
-658681823 685983728
635571218 900643591
-839449564 -555658625
539496730 722384612
134614250 436810982
-284715750 293192650
50780156 502275299
-441325246 465754058
-503520759 -59511926
632373353 805645161
498547618 823054218
736541384 777364039
138812028 150250878
-778887536 -672782553
-426886455 -13926047
340161066 425795652
194746417 371214164
-704980691 848332635
58724015 741041434
445120104 948514350
566963809 867782109
-132831801 903998267
322099032 521124812
-712778462 512957697
-131253648 601620130
-883339872 420281896
-38969178 684926254
-314412815 726830035
-452992741 126151449
-818536776 404008901
-525550803 -377007502
-857987070 -148964977
715392712 727788765
-286149850 -203562321
-8829844 882750149
454525882 733225663
-78333328 885438485
-924904716 -651664664
-422721940 646335139
-795891558 -695755572
262713965 924919959
-791883503 980867775
330413124 660841264
507021973 734828040
-760098366 758689025
-506441310 290815915
275809254 823688591
-173350484 793147333
-592778017 -191245846
-764982677 59648813
-175480331 827153938
413455302 509020522
-866441049 875513711
-591651172 -266187285
-615086025 737469649
-472537722 976694286
83400154 937670628
-850071571 -661870417
-545135049 -504031319
-544502719 818572440
-201081596 315177025
-809285374 -587657485
-342478114 -10827181
-836164014 -769514354
-557509889 411675141
-725937923 928949521
-992148350 283745743
119473574 588885739
-657366484 346568560
-958288172 -514428115
-492182574 -76629687
-581052265 -373402404
872838282 924419216
755534087 810193538
-961193223 -745766298
-449167242 -53685976
626866737 745377259
-84170577 -1377191
-736922995 495507160
-899642783 -612706229
-914480361 385696917
-507448474 -145571325
162013534 469123292
-555071464 647938568
-411853478 339369756
-339237670 28048705
-943417436 -913899261
-756118337 -393833759
32308708 166114940
-552677829 254175131
-755343208 8413943
-631935529 954185977
-754778541 163225090
-730750067 -193704071
-114201634 548797836
340697239 644078926
-209225321 566236762
-728450164 609771682
-231412122 550831451
-281066453 -13407522
-994253694 784239333
326844023 567893786
-773923089 243002483
818107553 827928824
-81525802 494218784
-354440528 123692651
16388743 75077818
-656571600 -125539850
-553725964 323080342
-347068913 17517320
113349835 535338900
-324032064 889221353
-949317654 632215353
-886292903 860449751
-881809428 841613120
285685475 617687838
361835569 496266342
-807399892 -588177555
-562832309 -248435464
-213382079 228666330
-980167162 456638343
138692658 303973352
-239159611 784671450
-351841620 745690628
-882841861 -134936185
435200451 572734174
-414880041 -245984557
-770296723 514762373
-829194634 3732854
-165740653 757173822
649393735 958066580
-946211089 -590336931
-410824500 158582024
-522076516 745779428
-341839070 -316384996
851943093 904552690
-762132202 -443819168
-344776531 -155309264
-753267806 145066006
-46233625 213272435
-906911845 -627969384
-315806677 -151745667
-275361410 491337405
-606799323 607362493
-369248961 774672091
-461208216 693631182
-903377069 -785629749
-285183831 195450677
-940168808 858361745
370076478 413184999
-117402125 97219664
32711552 469806978
375199243 937811198
691462709 974408168
-718099322 -32962828
40506747 263667023
-983363415 -34154861
-14887505 578547981
171656191 748767329
-502906389 692081164
-898861878 -876910942
-669391042 721782284
-848203089 -830595045
-757941843 -679495921
-264822038 993304348
-256687126 517142311
-654649827 819469327
-739521397 339436670
-36188731 503206367
-80648290 845650040
-886941126 122302000
-683426653 136701772
-837392355 333768492
-511883401 990919534
-855076644 -200539951
84315371 657090941
-562721666 228997572
-666373222 -451042151
-762232677 -478637697
-788350114 -775519801
31210051 157693231
-995598779 283097575
-941431659 211559023
-572207103 828189964
-82710597 32344598
-611089827 257076874
-440942721 -251641683
3325141 587687098
412588320 473165641
-655170407 -427111238
227626511 792079341
-140516202 73740709
-568140915 860892016
-927031179 -857710804
192095336 921457086
177397391 609204126
38272026 685414367
-772678530 583795037
-798514523 329870254
174256765 924205299
-281407079 889271252
-412617370 588938346
232805241 451120149
158376571 975262054
-185075871 854048788
323395609 977286932
-908168381 819360317
-869191281 -771274885
-731662149 185299803
-178714273 595804575
-260099413 -144276261
425607074 477573628
532358175 851275409
-855378606 -59578690
-591260126 805998756
-524261792 607485613
-506425492 809619102
-776016194 253655450
-872591186 -368028388
-351519724 671787318
697616075 819462827
-589614162 -22874874
-158601931 -32193353
690810246 782297290
-785365605 158785666
-272784889 234294595
204194098 669234432
-790966595 544162447
-411720039 196359118
-872836468 -430024376
-576869196 981516640
169974646 658723520
-802252654 328583696
-975586423 -122027290
-865502837 127478074
-859625762 -336765520
-343716880 521128245
-295202983 280396570
-125253850 144216155
-649940548 265757688
-440992119 642524860
-694817751 -635036187
-381489659 -348905157
-221608587 173184552
86274496 674108007
217223763 350172521
-862460846 389981343
-778605845 74428049
-729689991 672781781
142770445 853993307
-530739999 -353648528
355548787 567368155
-797523933 854856200
-367883150 -342611813
-383742439 -373776711
159890896 170946756
-241787323 970361367
-731757575 -304365267
-207687775 -21615401
621170343 871350570
-510885056 686213667
-106279238 242184158
46690804 172368767
-851454819 354418420
-712595447 -217230945
-532112014 882958962
-768986670 56065594
760319906 839035194
101707515 971567789
413883314 999655448
-740347839 838827999
-585514092 -169383506
-322944004 603655997
-340298915 898478730
-519765338 -280870722
-3387478 690251966
-937533094 881622748
-705019164 767054850
-968941145 376509220
462636919 902136684
-740894632 46905687
-566429289 -153319605
-833437754 -482059332
-732366559 -213740864
70985005 928206781
-717040491 833787063
-432305099 -104925124
-120815616 458199213
-742538231 803067655
423680502 874803387
-780628304 80492771
-500776521 -288578554
-730156023 -417688784
-659945311 740124510
-897176844 102885476
283418621 783801171
-228180497 109480180
-895392150 -488866808
-458590388 -38961334
-301968378 -40309971
479705053 997632214
-416849892 765877310
-662528535 759318213
-384740828 -346410146
-26423292 624732333
-110958173 491978367
-750832536 -541105367
-928274075 -39003437
-277228648 577114290
355104570 627883829
-778676179 484738957
-345465706 735378481
-478099577 333955913
-603608324 -165142481
-767373914 923381009
117338257 681658409
-982961445 575831206
-514304031 -89592186
291320874 686183459
-412089053 732604440
354564164 770600516
-382841268 506023970
-484855635 273096848
599459340 852729812
368489867 397695594
-969144409 734607405
-976046949 -212312877
378432790 725451215
956573218 981297378
-710003317 -64118983
-437391478 506117898
-895071327 -502917727
-760109289 -574917606
192166802 255902967
-944583922 870901314
-976394100 283010271
337066042 864010379
-592118053 -471587738
-760956745 -230868478
-985636571 53640187
-526352220 748168611
714240842 925404880
304627778 894499986
454234098 480324499
544177632 564386827
-242518438 963644735
-781511283 241996205
174908667 481785897
131850219 561403502
-310896681 -2967794
-875766740 -731048259
397678239 541432302
-158691538 642008089
-332329723 -86318250
-678178114 955144773
-481181597 -288589195
-932961417 187682490
419113542 555112551
-693831836 621579665
-544122940 -355501789
-703994555 -664995993
-692481573 -289465714
67549765 299225085
7085546 590242859
132788576 816698248
-968869451 49444766
-746999353 648354855
209176640 585089206
-314836131 210336820
387666077 641668109
-648994350 723521053
674900928 909692505
-730999980 361835843
514182242 602290934
-408632357 -331440197
-591823653 -453048028
-346592587 -61219163
27727154 659660337
-765825587 459006834
98943109 430352266
386908584 439285911
-654252334 790490686
-670815456 -321985843
-956104621 672473846
-66420348 234084610
-639464904 987192633
516131261 611081448
316554353 935222073
-522912528 859989811
-351384317 -230328623
-188684356 654574770
-971127894 -884783226
-141887130 509180490
-434238854 -273198000
-601400603 862244442
618220415 723093734
285941821 520051192
-69588232 790674393
149958264 727229709
483033127 933169757
-980659677 803971930
409599544 607010641
-613439354 483407043
-640746233 711818047
-542632220 -167555463
507067698 680809365
-832724778 -485758175
-258069287 895781203
-878130113 685915200
-56970292 340048381
-50803139 341044091
710645945 751815683
-678870616 -37184954
-685641522 836374391
-385252912 726970094
-904592020 988473465
-597753135 850890728
362580642 722043971
-363219543 363627865
601906913 786590994
72323982 652838174
-58940117 858833331
-663141767 -321648674
122651239 776728505
-718499965 634993417
-936170131 594013730
-756199704 -541464219
-614444226 370682019
-795529677 -532958230
-296741573 319640778
-688214919 -160709748
-423870008 260144601
-422438470 -215627406
-974504658 -803048062
-768210497 804524487
-150302804 -138834104
379338562 905505080
-906513233 998922118
37012369 633281030
109209428 952189432
-947939247 -103183266
-703904991 -480860320
-53184100 -49495611
-708668351 -502715660
241452348 616856651
-752545351 -428992731
-862604271 396505432
-956511292 777328171
252736689 415435581
-289301108 -117618128
109176319 288238676
-575385417 -564398161
-789486116 323549070
496604611 992784595
44062906 522731303
547681981 549811263
-42054570 891448427
-479203125 -178400047
-937098433 5218397
115873503 238523168
-417232418 835382400
-769523130 827714307
-985817212 -560734066
-566186577 951955635
-842633517 548803603
-591547736 245082172
-167656040 -111166653
-489003321 806715021
502424890 592294270
-224426110 270294718
-443724489 854716192
298845382 349323332
274658538 298314399
-19033994 758907730
179096080 500183708
-729488363 375081848
-783318278 -624310126
-232971047 675979911
-597151496 -340771705
-406990448 235725731
-878788693 912441120
-392475363 -147993943
-843137009 482894703
103946452 756274922
361548389 873600426
-712553497 435693901
674223264 686874295
-198582589 378873397
-162863098 364314977
-707297394 -152070960
444382526 455207916
-407963287 62873505
-482701381 629838777
-756463378 203450825
-472782280 253327872
806152604 908638383
-421557611 -336994552
-566432915 74963510
-939390947 455839157
-574309474 633011443
-821498693 -195589134
-429120166 555821929
-434623468 445397381
-749312225 762880098
-293503837 828957417
-891347983 686726400
79629837 252164073
-357762902 322601419
-215925036 271713295
-1529719 334029487
-709566633 -520344914
-145819091 693252116
-719030127 347363582
-626078338 -520094820
-41283661 857097759
-395767635 268950714
-724929117 766500114
-707910061 180366059
-179725085 555361218
-325728071 475779832
-555624319 156062994
852884825 880364339
-589213604 609815458
-781714746 508484736
502695458 630335063
378419041 507397805
-838828873 -540829009
-141726084 64973751
-555334308 967615777
-957100453 -416203482
115028080 664537913
-946479210 -24866924
667779847 976993316
-979837430 -284887345
323096747 647860508
-649626845 745625566
249749452 728268678
-590117 359498022
717666170 935808705
-560915080 936756429
-347482141 989687206
-807507253 664068294
323351009 698198328
88505995 287514298
-247607432 -88354747
641724711 686050549
-739929176 996283643
-259043522 500969197
-516548200 758366279
-726281661 -184922703
-906141278 453843501
-165585600 965921875
-148035880 803673884
421179860 469863497
-717324574 -556721512
-510413543 53296844
107038066 685534955
-647830087 -543683096
-894226163 -471507279
-248056086 -146025827
46450849 425197972
-275030742 340756979
-154006310 341549975
-235965788 928972778
-55347223 671246791
-266967823 662260292
238097432 438748121
-365907043 652498698
-951890712 -463775517
33331998 694188618
-248307674 765681226
-346824837 -311040458
390035206 640107074
-40488572 329073394
-724069786 730181177
-582312127 696246888
585139147 948145517
826606740 946410811
-469471885 964364075
-934045377 965312730
-692365700 170298485
-424480544 125513740
-971339015 -30984337
110844780 454776052
-832269134 -738697816
-371476434 953011751
-635802148 452731312
-680013336 323814577
-709567186 -462583025
-598892228 614235778
-592987911 -122856729
-824384112 -428692378
-5160941 123947492
-624140811 -341081266
-404540497 730032129
-743199288 -550230
-664361930 6081804
-288307116 964706692
440875412 933149804
-431836458 72354252
-863131767 -6982643
-534629899 247031431
-309859260 636109836
-673389444 427104876
512620337 960432996
-697142838 -316974251
-622724508 72596171
-849768147 -215919748
-565133069 857919102
455422039 597501463
487179560 492393463
-645487786 537917233
35483713 900773389
-334623422 437059712
-669316381 523319484
9981034 741916841
-858553742 475492536
428245387 904937770
-208183141 990161536
-787164387 117459145
-587682780 298512448
-885692658 -452010040
-897131571 439830866
-262492701 583110422
-848927040 -43882260
-617085817 -227709237
-675490380 660399601
506783166 778257119
-418576443 -84233350
-326755167 -101442484
-731654997 102443083
104997521 711934590
-900698927 -284547559
-680327879 -575992479
-839412428 84689427
-441936747 809418573
-618785073 295949885
3852795 468408137
-497452383 -267475986
-39917688 14066436
824881466 942708384
-977251206 567316691
-883757221 256219790
-829422684 225681715
-305117901 700071379
-995304568 443324495
135637026 449783754
-803574111 826243464
-626888182 -261111457
-837573426 -514015355
-380157688 803639152
-962061053 900050994
530856637 902154643
-170986117 758523879
-603432283 484272595
-793397014 -126862838
-163348775 603238659
425682300 917590149
-713665724 781284283
-662667734 155305606
326486448 355655957
-996242810 -849947947
-478682087 965223196
-548877086 75620612
-841215214 932544368
-233144560 30351323
278409835 662394893
643129319 823797064
-962183388 604017691
-900192571 -269657163
806154429 866050041
-930463052 674250518
-774733493 -562095352
-624423554 244908648
84046789 89809564
-585483787 -21904004
-994490799 -69376317
275904899 971680689
-853781873 -594014314
-193727268 252976459
509170254 734527032
-569185349 -6746927
-951960629 72716333
64420394 954110559
-904249978 -31966711
796352475 877935465
561745652 795744615
-870484159 922558586
18756221 884517607
550364508 801372025
-506290425 884540643
-625830305 -105685218
-778333759 -257608670
-455394401 681351181
692901239 983423306
-143360719 -114767488
630342164 902907521
-262742807 691679150
-861037511 -334330957
-197759858 518400772
-803258789 -249630400
-974802690 125277600
-233256639 316351330
-943647128 -711041931
-775553016 170371785
-864043706 -491822473
-569297656 -71546321
-714534309 918053463
-578666439 -84773317
-672979682 721760954
-12616663 241813076
-582117457 -158860
853815425 973118011
29297429 433094449
-822756154 -17054288
532823470 584044466
-702078891 65277976
-18686946 887069572
44152231 399369795
328051523 379174319
-421501221 202743786
-2612861 693070781
-642599806 371176125
116271769 530284478
-802211940 24246344
-692164976 351420033
-552694161 -42592941
-139183465 18895616
-524756698 212994799
-781154307 -530545142
-302090111 678513057
-576384732 800556732
-499856524 350282443
-999473632 -560264597
-534262539 294113910
110124316 369163918
172960482 746096357
-977049924 -662806685
-836621208 -155517321
-809646028 234200906
-906844419 -22127875
-933040530 910947457
-44324129 907903909
216022080 527461276
-196832419 695785167
-318685348 56559219
-783918565 -462321614
-618401688 -206239264
-590702030 751624341
-537196170 -45845404
-458567943 790218392
52234327 647607344
-299435693 223266101
-846294104 97307481
21472437 426298345
-917958111 -638777462
-618558998 -14309736
-784780578 -1396220
155404738 375853196
9461459 612753447
-570217318 -16601495
-581535246 -569941304
329250592 702574909
-721357312 213623163
128091718 401672799
-44049291 394201776
-776715910 208267465
491733591 899149244
-866668457 262233792
-653572971 850855712
-687119994 849108320
-483260949 -343095377
-857959789 693857582
-820722994 -47799895
-986192468 -435642739
-294418590 382151775
-401437909 -183728712
321366508 573870208
-377014036 -312806441
625330485 848281354
-847005598 591944690
-609732511 -187273320
65993278 529149867
-255174694 346136095
-610581515 -26316379
480107192 816911382
-881160595 177326396
-669679128 -102946545
-669613746 -54637395
-583661797 -564813290
-846291851 -823264286
-383124754 774820731
-589851502 -555202574
-775604695 -480029344
-618566422 -261993349
-738653472 274394240
-929358713 -559530645
-999750364 358419609
-44416238 73063418
-498712099 523059511
-584677036 -410409852
-828422012 624604716
-322424571 544666397
-176056190 104068581
-482164692 526852286
-557541888 903148738
125314766 780322925
-829305215 -210495772
67426398 447694023
-386577471 577737693
-701902268 354009644
-367450245 -264324267
-574901319 116822861
-73703910 67304078
364360523 476745432
-834668415 -9755297
-955715090 -737846049
-920587777 619399209
-663108853 16722845
175163489 982570641
43241018 418611676
622271370 639036866
-524186927 710256618
-316380526 -210182856
-344577329 619341117
-742543562 448043050
271868701 961293220
215610581 325845380
-68456177 637535707
-499390439 881451190
566064890 570815564
-905864699 644940135
-607583108 417589522
-226603825 435838480
-611319743 -345163665
395203645 598931768
94820317 850689674
-9657794 915778005
-481591444 462686698
121181143 923210962
253594417 290270238
1314245 486830216
-846986185 265444210
-960476324 315370790
-540331287 -297462243
-33016558 889531968
247276510 737514414
-631596993 -339580044
-554716354 -135037349
-641820689 914361619
-298366510 -139720976
-866323053 -821904024
839535266 851806845
650989120 659138457
351015752 867396495
-577999231 369862519
-650402745 62616652
-981460127 -435102699
-978288682 161582584
-571537371 -252114946
-643425255 930046795
551322368 765684628
-979598380 412113549
-466364538 -377256711
-398105605 911197178
-120376661 586346763
-295573255 33871381
292383226 664699687
-882620796 242339274
-821010736 715486587
-341112077 -328150909
-365232407 185646205
-286887346 327661217
37518582 263556483
254582619 311169022
-589278271 -73827527
-572228404 -448976835
360284292 628890410
-407718729 667045912
-731717147 319826651
-334339564 540164189
-987787701 -330273878
382428287 921888996
795010383 798123246
-611807008 419951990
-752317467 564749975
-358407824 309147432
-902973017 892742284
-525659485 951536279
-553810777 -386341703
-668385872 241885008
-876428854 -529883674
-998567920 785512467
-856538601 -439054424
-362544746 113010098
-584775715 -117849902
279587354 673325854
363070145 970528518
148278330 229858242
-524880484 41628274
-319865651 170200729
-285484323 1087588
-833842887 198333364
-584480856 895235727
278739381 714469514
-279818599 266229286
-379294631 72405156
790574981 831732382
-585963979 602486574
-477412524 -409977998
-970692361 -696458948
-371220619 -182283606
-283557565 219227025
54384948 502005436
-790471650 730438507
-955307554 196852357
-912315531 199525236
162620716 852392662
-817344469 -163965616
201566377 474256402
-257354189 846029520
134105787 414941154
-18416809 906628697
21321599 370060077
-539321282 -212715881
-859224680 156903939
284686978 900135295
-633730864 884913318
54286534 781198219
-308884691 -51870527
-631486417 581816574
702857394 807054102
-713383541 -137576646
-325018431 642732232
-924421257 988350247
799629098 835056888
-365364610 -248937415
-564199229 690475074
-49346414 583313400
-171775527 -72204342
-258887596 693532424
-847889237 860976581
-658769163 540679060
-430141892 797965859
-969764182 -301783045
-860259206 495956505
-137191516 387826232
-31515736 292201133
503528349 664201396
-925957901 -160670801
-94242155 74680889
-736260058 -106737089
546736746 942767316
-914692242 188650885
-10698234 181893308
331310985 999563967
-891660867 -868177293
-814296366 765768976
630697563 973457575
681550086 877906663
-565393562 995803710
558613692 884835999
-72348984 150325750
-559196828 509957615
370550967 672828869
-997671971 664446530
-539079425 772605049
366379272 591457194
-497595330 301542361
44633505 687805402
-548410557 -362079410
-831014344 621027562
20842886 967885478
-340788218 278867002
786768646 964585608
-419168682 -57950559
75829983 231673958
876865321 999793555
-449505066 682621680
-850665924 537402311
297047501 387464470
132877981 264660146
355436433 930319307
-720237498 -253246771
263772996 272139017
771872218 845431108
-152595796 947770510
-826476110 834538928
-628152954 97883969
-230323501 647507211
-267928058 406998442
-757988338 580397156
-865614866 -68160665
-494034091 -315277997
-164562053 500823932
-291643578 770618410
-562838118 609886354
-239919918 550520433
-401671550 924477460
590127535 653560290
-905533410 -836491671
11302807 606520740
-74878411 649678398
-324754080 233710298
-842822240 -277750877
718072182 820844170
-450021566 201875172
-494939261 -180734313
174094326 266355457
-631853412 -468699300
-941888861 770112459
-768048942 677979565
296165940 636384416
73297997 365206362
-883893281 432280370
147052782 580380650
-915847785 -647963468
-461732755 285225427
-941339811 -885107410
-507700385 206367092
-611395429 -236273850
340692063 782962230
-137288513 813953353
-878652586 -782600125
-427900399 -271798144
-390000115 -183968093
-597820172 117001808
-787887410 531033825
-724686183 783193553
148406537 635559263
-997980369 -45181517
515178284 574651374
-643396973 -598050354
-892223396 207147849
-667326649 -540425573
-84063319 607884712
450179417 592030490
82271507 240315927
234660270 628521624
-758589189 306921715
-264257704 152881194
-286957072 -208901990
-336623290 370145093
-710380718 -81137356
-785650081 900807735
-753228665 -735805976
53011887 374665477
-4229023 710506425
-493112940 -239781492
-521142451 -452590401
-742314602 -146210700
-933807798 169397727
-651563125 -333157772
-352668482 -15907344
-299756618 846674450
-370895026 431383312
469922780 890460237
-279459187 -105432895
142260003 664397287
-548231993 240415192
-440346632 -387254609
-266446528 522815678
-671880033 -13878253
-871060730 679936766
360654317 650756699
-686999279 512059299
-818585659 -668563165
-560152015 -439179558
-155675434 489117727
91160457 689398411
-100919888 449013379
-704352631 825536658
23311493 275647894
-893477369 152240145
-651904350 988156190
204383886 931614161
-948397277 -449122426
-164772494 221121719
-745486654 -706998497
-28491369 434662309
270349057 676215870
276149103 778609771
590996928 595799304
-57935209 77315658
-906268428 -216377450
332232790 617803288
-475411944 548382768
818915304 982929443
700039730 951935061
-38859880 674518758
-174293574 926168820
-168036869 645468932
-339431532 530632415
-424076151 942249672
-948124584 -507461861
-916872952 316614477
-724035860 -430664434
-156481516 35983919
-327928802 534706188
192589691 815500334
-634306369 94965081
-929017776 436463313
-184507687 528495646
-184568405 -15807143
361752326 481868652
-991009586 -908014545
-503150650 -265786686
-572634773 853052169
-44686313 264971093
-121324725 576913524
-738553120 -97173154
833498259 907371585
-388946855 671192106
444945346 509778391
-448416518 201190710
-314245678 813362271
-993435817 -242526880
-751853456 234456130
-657857759 557155651
-974288734 961043242
-810771415 -69840530
-160110790 150025846
167357067 277983912
-548902163 288811210
-682644811 -233939562
786774176 804437288
-476585453 379654343
415134185 421036830
-658691840 169900695
-239423334 350973108
-992250261 -124972469
-348377995 934525514
446823059 849776333
-843359871 978779033
-165869196 244301096
-983069338 833251564
-755599635 -396460417
-129638037 562410580
930886099 973304103
-700654163 92310565
-746479729 596314694
-456923329 960271832
10332986 12784420
491715141 821337844
331810650 848177172
-519725256 307835060
92814412 246106774
458748303 850486062
-207355934 628210617
-451237095 659105696
361882894 739971067
686349107 778394226
-633548082 630219699
-445470150 716426623
-920736681 343204905
-642499836 604680487
-856271550 -87761947
-197632456 721770577
-848374385 721252821
-827215809 -713619536
-874160157 -370119849
-893372354 -705695657
-769150237 -228700262
253590707 843326178
-655019396 723294976
823870317 859071917
-696930575 515174252
-685612051 -266340381
-692559972 338413384
-810231309 320965859
-84662077 357232447
-811398746 421803129
-140310605 49441594
126794374 766440027
619672621 621217672
-84344629 666218950
-405178031 955715722
-762263546 382491503
-353622935 858235723
-351386269 -19269373
-530082320 -262831750
-471711128 789614618
-898966388 885571177
-438998553 179002726
-832049672 7383675
-169668798 15573203
-587435162 746114287
-966370994 -873966937
-372746076 769482872
-119885469 886909947
21526197 941633819
-427089164 343585157
-33584079 -33236429
-688691292 507744590
-155560756 640718191
-661378761 73935400
105919688 146841808
-72967162 514258748
-395427961 109767754
-74738299 830805186
-752876540 -81451529
-920733739 -438965115
374607777 978838224
-664868271 -119981403
358932945 549766748
-154248004 508294493
-817996483 607579766
-843966081 369161774
-917008036 698485060
-745295249 -233297746
-599653077 -113755105
-994502111 -224152011
-949894675 93904028
-985533709 -935189979
-941352585 -594776682
291157841 995786342
-854864688 813170025
-35427978 466558714
-919666762 388993428
-960349494 -328883657
-218426032 808942471
-574648124 47545371
-662943825 822933968
-992338679 -580939535
-274751239 -224704257
-125891086 447703710
-646694472 391488904
-729925039 814059906
-609517050 -396648717
-838667364 -530291384
-630711079 46268651
-709084849 -607347807
-357648063 988258841
-656562307 127828566
-618393526 158568994
-548154226 923297865
-373033142 129092136
-896747230 -236219481
-58200816 978420564
-857360512 319610740
677531991 759892324
-545282224 806636742
-420846763 869643208
-560682597 -259044526
-789479332 -177993838
-815095236 -52708402
-813618789 596558577
-809669557 489162717
-927649890 959310412
-259742552 537849593
-493626520 686629805
-297465951 615308064
-604213147 223350086
70874520 818785491
-591130168 -280455666
249259599 321548410
308791775 994350728
288772807 417659730
599201787 882465559
-198435390 685959264
-847583998 -613321877
-389366235 331105817
-364512998 576503312
-148214669 165475102
-286453921 985061545
294257870 667075311
-867355120 -417431532
402492942 425406653
-316264323 926433611
-843807558 460718215
-69818295 398308783
259754545 807079571
-923074703 959832338
-779516951 875702981
515040419 616717542
-52260492 273206233
-431823046 311900120
-409990098 -50795848
575225987 701044835
-119654457 -42311250
-986170319 -467217405
-892790145 543865668
-820169060 277372496
-530219344 979211304
-352728174 755726718
-450838567 -160013164
801419428 972845279
-966060619 843823496
-770471967 853733355
-950549338 -218437504
-678413695 400063542
-683740811 -73529624
-817531651 333179389
-875299819 -704866178
129168478 445938509
85762462 90103460
-620696495 -55589627
-31848766 38817895
-639081483 800397752
-380981416 920174129
-963449481 -58445441
-246754113 645348489
-853144520 707816900
353929073 699670348
-859137149 268740884
99167259 706116206
-467004474 201844333
-784453433 -576249991
-9310252 475067602
-234674791 -77754307
-394685955 583551858
481417567 921762286
267952690 394784587
-201024717 134737482
746760695 954762209
525628018 645417363
-289825366 939822906
-943625925 -90751416
-353505223 568769307
-140329396 842669585
-748086876 799212626
-573230379 -445034923
-331730830 -294101759
-322876843 151943782
-88273783 105565586
-932079136 -487366184
-125201160 495961419
-113282450 855635086
-601931410 -214000485
-867795538 640696018
-671845619 222855605
-352099934 655766219
-935265036 -342929084
-414724703 416178000
-239994379 322631140
-193576904 704763052
-84197605 589855745
550103567 787538646
-520124486 922060649
-500825489 497870716
33578471 761344348
-638515100 -352919010
-321211563 -259205440
279102535 973828558
-728934518 192230691
-455247274 285500232
-640642618 -621564064
49811995 393349528
-345282984 -322514838
141883365 353913224
-409725047 551420836
578076504 854564628
553593418 839664718
-544925743 445205989
-425066071 -272676599
-625860723 -317054013
-157934958 54043655
-592972607 -63512038
-293649860 146651021
-418563211 375476009
-412445607 758826163
180643931 573804069
-51348398 66595897
-246590305 453954135
-118547548 370406425
-609998161 55065536
-416332065 409405687
-200379095 643694057
-14128012 643986934
-861798466 407697908
-303895809 402164747
-157516563 763642822
-597054335 364566141
-615068735 -193336090
451464823 501609722
712985042 733184596
659141327 688772495
-517270217 689556640
-603289508 -517758191
472839083 603584795
-131704835 166156413
-789281365 351782720
-454183270 680786625
-586591811 655416161
-584020963 -324601523
-798689164 150679471
206142303 816422202
-670622311 715589328
-967431960 -542769084
571373946 594893392
-353689843 -16284572
-727839664 -619272748
-451577233 859742318
-29780128 603002524
-621197326 965253681
632901722 769291232
-538599101 930026420
-896903049 -304128061
-785558844 378998262
-833486826 -213668504
-315971378 778432527
-296052334 -197667532
-286925376 917273282
-488847509 -336356288
-43730600 549172425
-122169162 28736721
-690852845 -576701356
-483239598 983172092
-264095361 401732275
347027817 537287820
-530480502 270585943
680537497 753222785
-274952130 203607573
-890475568 -360987705
-917506083 -42337490
518963952 865560077
-817453140 -604648752
-230706449 -25119120
-247531973 222281978
-962490736 357520148
-795674659 -316325491
-517775969 -496675006
-547029188 -338734288
-797666277 -559744745
-829360173 -55001032
-516000412 432312765
460849914 824260011
275588197 917407981
-635509689 672021726
-583768444 122024375
-915850323 717789480
-88566301 483540582
-72437735 969206869
-578534562 864739472
69219696 119556418
-185703886 247582912
87849798 686142049
-70697173 453867167
-362206089 -79043392
163278789 539508478
-699835601 -131317394
-634323257 510030610
-15219388 493927576
-964603966 419722320
-908126214 -348172518
-249013208 433468556
-373062969 19914767
-810968077 728491496
-504495132 932851105
-442806530 -225036096
345497813 531163047
-132786453 786222495
119057320 966197593
-440887838 730704189
171463394 687890625
248652504 600336301
114519797 916387600
-417377111 408829412
-102787763 149398060
-152786889 -71590878
627898372 845565928
171486636 859486025
-178758111 762483194
-133233652 77842895
-775039887 493320243
-443531258 324691972
-736015098 -487575055
-843933458 937119409
36874855 842975276
323276300 479223564
-415569876 835825462
407809730 757497936
253106460 317976162
-694975916 859371256
-161187574 497834635
-829251086 972649221
-775144061 869498427
-803067005 -796330412
-961418027 752803247
-280528000 764769179
-342939137 568707850
-340184916 714203173
281694161 608862745
407613058 490845151
-921887648 16268877
131940449 648738785
479860683 989655878
-65384905 714082367
-251580290 509642257
76161579 263347074
-117759874 -117038765
-668109814 818581297
836944532 904006084
-748696593 901969960
-774847900 399347339
-792962987 568657662
-873603358 317004951
334896722 831045755
-799454554 -74760110
-136278612 -82401213
-35168565 895651256
261823877 455607161
-792775179 -558209264
-551106435 -23688435
-938853120 -345505387
-558730652 821366841
-260579113 564289694
497222041 995085990
-60470740 306426792
-435509478 616434028
-76976749 583494454
-475603509 -287416133
-209364437 791157242
-609951397 -579754497
-620803871 159219184
-304024921 -12961772
87428346 601575996
-299620398 840241099
-959843472 -954604873
-908183262 722772380
-672394689 188899041
382649116 686668494
-383166312 47439811
119324976 979216926
-939795701 183350682
-799149212 -682423643
-551222329 746439183
-632528091 290017322
-347376583 893265564
-300036005 977351686
-926362277 42905812
869804174 889362286
86814602 659758572
295547244 757925302
389062665 869082104
-934663533 891991996
548593346 860335686
-727875152 390868132
-874085747 -693737
-893337195 665593639
-345355237 205773211
-910921375 -95840344
-99962212 -54527644
48090695 796993254
-973256393 374840992
-465503010 350520578
621818645 888178190
-618100745 90524823
-790013589 -645153760
-986730994 866024095
-150723582 776615143
-670157206 894304554
-776742404 -6745652
88670464 280561053
-780572493 8483710
-113651259 508963165
118166607 598541843
315970883 320227772
89038232 112907961
-5231335 127003353
-979042975 -201918121
404998532 653497257
-889942702 176309982
-531750860 -112396823
-347915770 803892443
-502678001 820710047
58746450 219383079
357552992 929276346
-626288450 -165622470
16837828 956582575
-144561968 77977286
-33806664 544029936
-571195149 533816881
-842637800 670213666
-206986724 55140562
-456263103 13215631
404479937 544549008
-689495946 -320979860
-884665990 174416764
-793115939 269787875
-109900658 108565643
-333146190 -155274650
-559256724 -10996633
-448705384 731474183
-983442748 -361773883
-788800656 982320407
-446226160 -38552780
-792854691 -770939289
56580780 95258024
350647277 839884353
-211081745 508667772
144318486 438962561
800042708 859382312
-745061643 398919864
-699886373 678819461
-784771692 -172305279
-330890884 117602652
-48426032 113409515
-46726370 962533749
-651792144 -179089162
-390453104 99406463
-135662998 367588741
-926157383 -635043134
-490587482 63197533
-287470078 -266178110
-161123300 531366272
238153480 379003850
-390858494 50723458
-926741518 656028720
385168297 647323966
-959966514 -465180378
-906160839 796254472
-597748320 -452536694
578608156 954666697
-878525551 -617937797
370620979 846795926
726600883 915232022
-931238190 -842754106
-116720160 10288491
-666780568 -68822295
-600868742 882415488
-588115575 -98841414
-625103422 -72114157
-215378615 191710886
-485433178 906439610
102039269 266056845
34025497 949594456
-469001342 767823085
-458780474 892550284
593408632 834396125
230531355 784497255
-804627577 209975037
-265613175 411415943
-928264324 -660951022
-22921241 73669771
-547238353 -14610975
238188556 587565946
-395679438 -208108632
-189689799 2862466
-554241032 -276681802
-661117434 913045902
-888705605 59595009
-874262985 -18761441
-898247533 -795212553
58037396 453508049
-138392263 232283279
-862315381 545572907
-865267778 813803074
-284065970 925873066
766838078 936220341
696725978 851966131
-90084088 668402801
-327671799 56574615
-925347297 799880528
-743282653 -286428483
361927432 519143244
-423254807 317080050
-819815048 -166528956
-441507992 -20445728
-468717810 705739140
-977062839 -545071462
-478659747 925851846
566434793 702224172
336484432 756379118
-511247542 -316963957
449694213 453344033
-460255149 -195912206
-366201286 821614625
-951166284 321992005
-70667433 832128682
-848040257 970023699
189815396 624595549
-440222622 -336101830
-494590980 688365872
-956474836 -727938166
-992992175 -310534030
-741745605 -531262714
-393263924 158462850
866799379 871528459
-702126525 -669524553
-194925299 221500754
-737624032 -661445471
-515098028 -84424488
-797637139 383377101
-645997306 301676859
-820550208 -312699143
317338569 369768260
-150865667 972963224
-960511800 -959289455
-443148910 632882451
463549346 824579860
-722432921 859237402
-121102386 9902642
408171695 769607164
222494999 359542716
80172294 200088672
-341220916 382801259
-987729631 523611519
-875282345 -83268136
-467230446 405327762
-176673597 435609928
-638258662 -311570286
-781566453 -332065752
-929418970 462989975
-637066481 -133149476
609175429 625176832
-933064536 786739287
-894167595 229051907
-724692827 -271759208
-688976291 406113855
455206294 717069668
-865851283 985978146
-466038300 621202601
738254212 812992554
-108188593 737759089
-951841197 -146586641
247170228 717525146
-114909507 248821457
52149508 489134981
-21960581 862437538
-856297052 -233253063
-504312822 618029543
-607242072 -368538581
54111559 873493728
-515114685 -124385078
107755623 278926645
-882849700 133131788
461037506 837920246
-688472196 -358675376
-529369551 122386330
-934472900 -742535993
-663690355 -566902136
-288374890 317255999
-815916780 263946118
7062295 730892882
556627727 697581600
-892902165 895342017
-433233260 27362076
-276478205 -226921250
185757809 975261725
-964679819 599424188
186769765 769325111
-695967198 -626010418
811339996 879009418
-112262114 755300514
-492956178 -154254840
-613412863 695583665
655509301 856492144
-659422537 361655211
-518450599 488124234
-923765571 109863341
-665354576 432460835
-633325672 610155734
-379897208 -356653606
-821771708 998730871
-244678735 240075476
-862371531 -530792217
-869484471 215236260
-923511826 792099118
-548504383 657172445
-386710581 436381222
-441039956 473016003
-292102356 -192350815
-978542650 562112505
464264149 656780949
-860567532 -606790225
13464734 548483755
-748667535 563622282
-390217305 199874652
-648855087 399836794
-633642046 -357139889
-996697666 399856147
-322725830 288423505
-322389607 -167692971
-663173086 -91858658
-838490036 535093101
-455933754 805224961
572305628 881901406
-846334167 317098447
-400984272 749165416
-176820991 -154909852
-913813548 924416668
-690493857 957303887
-882524272 543029343
-6933186 548529070
9639334 689575434
151919932 422394625
-736792650 -334862919
-788490541 700671171
-235360422 -93785435
176800240 750031422
252463769 663922308
517491055 950500194
472489992 585708874
-500679204 652232833
-767884550 -182456444
-999645352 -259105777
-328495388 805151346
-811852142 -189886217
125183508 318269729
-422220133 54417532
-835229345 -292276783
109384200 916385433
761515 557023132
229884913 771832114
-812338533 -657507141
-224541536 395156106
478321758 784039101
-960456247 -466036707
2558060 932647462
145676572 347119903
366112202 631502250
-213822839 -212808988
-636608098 666352757
-547072668 423274366
-699196962 -619348099
456920726 734186323
-759051825 -25908036
-94339892 684791435
-847102600 28207632
-827366993 188169066
-640877088 869089875
-475685186 291257277
82621085 131869465
-491465447 800427286
-772873553 -44859926
-346906196 -340899033
208297447 305094910
-78190077 57051708
-313434041 918662098
-291313543 -13180975
-89407867 6297803
-106329618 843626298
124371482 534406831
-628082854 500499462
-461809543 660520372
794043489 922038005
47291564 267427740
275064071 997453594
-763566386 -746490015
-746538309 117629738
-643977607 -119597667
-549002808 -5299534
-30372890 226368660
-904210148 389488398
-437714162 981677886
-470436983 745497359
-682128965 177759880
-672659665 -71934758
-385711483 591938783
238981210 601869215
801147040 929129830
-987651456 58961298
-489383920 550997222
429237665 732337988
-224271148 326156656
-338027980 556270189
-766348094 -756654544
636946111 656277177
-751233539 -630711834
-298118624 346693580
-526726153 478509136
168691902 620841835
-656075744 -494144975
-556989321 -109142843
-77927258 255938300
127679660 208070654
-841364132 -16322055
-124237062 135267401
-583598752 -87469443
-183814856 -58656206
-394644282 882377708
-342827348 545663567
177784705 754354105
-984365564 -111008736
-762101203 477265101
-897845745 -42362062
-371592513 -41167241
-236710244 -222747929
-675064793 714278912
-22989170 306858604
122528766 429570526
-51393719 397846928
-743372986 486815114
-977998178 -178960554
-290139790 -19602754
172838438 774765843
-254057833 465381815
-647990851 428752633
-824807857 468412908
-795604806 413355288
148965196 938465139
-615873251 -102503635
143766235 458890843
498124415 789478543
-237457012 -46095944
-827000090 337898329
183758812 545368854
-504488426 76202033
205113578 541179511
-539766218 3301262
-492504927 297134213
881412149 971886511
-544881471 -312619191
-622441637 -531487521
-477023713 241179431
-159782849 952444704
-890270631 687526583
-442196579 859263895
-898728620 977281240
-915921239 -495075410
-892532748 876162214
-755953233 897330443
-625510531 934708324
-975808332 643859611
-671109137 604621631
-667003254 -109531019
-748386484 101973942
-963028761 411066323
-478266295 -441959978
451541903 660050555
-550739814 305492807
112684304 282983274
-616970229 -469097971
-339317249 3698492
-646780336 -356725530
-538288961 528731589
-684749055 907805910
21658086 782581749
-962410891 -654285096
-891672339 637235317
-952514200 445378054
-616416466 118657303
-820777786 -288825250
-480439015 -475169857
-865613076 -823676674
231662569 946450653
-30794016 984165692
-438345862 548605767
-633608550 -119964692
-959602317 -720436029
-354455126 621184451
169253182 883313771
-155195945 341524225
57020294 94359186
517479403 760577936
514940995 749435805
-750558708 -547416889
217674052 573833961
-952828798 498222287
-913495670 -272962061
-90549521 107775584
-207103001 80264760
-749479607 588980939
532532196 639494672
-882397499 -754249435
191340963 317404560
-762424153 -721144103
137868166 785061439
-895161407 -209455638
906903578 921589875
31630453 441567448
88183466 424658773
-687611366 21741763
539003691 630999571
-660511887 603001171
-882931488 17343034
-119494587 -41929580
-748391995 143943943
21052909 560009626
682223015 952427114
836584421 884132167
-587982871 378975067
-477544785 286330940
-660083233 436825623
-825339889 -461548651
-230941630 333063467
-716998266 788761757
-266279616 432137130
425546762 879962973
-547448375 652498395
-733480503 600865073
360665070 464706941
397093075 744907195
-839705842 592792888
-388718569 89637895
-692804461 125838451
694907830 891349313
-761927470 215329405
-54578146 -41167318
-736369134 -671212643
-58566069 196084
-947604202 -49181500
-270697215 456445064
108277668 456082800
-867369004 232700414
530817346 974479582
-263763406 515905239
-608553577 300678797
-260756694 -254988954
-780149565 -727014263
-792630445 -163543438
-445624905 -278958910
-666497611 634891094
545555 935340815
-256877559 39421913
-795329203 -278915138
-895113081 -752412242
-900448848 -246188483
-628344855 -12980635
363996731 961575030
-71808274 580781090
-943445423 870342672
-145408171 -80978660
-771043308 442533016
-997454703 -611844276
550373451 880457294
-482688218 -146823557
140913721 846846351
-64424629 411591671
-658156518 -229280927
-559582086 857834425
126540225 734389163
-79308497 444082639
-15428544 580405180
384865466 586644494
1237556 724683998
-580981755 581822506
-156199554 620086998
387330647 744170618
253313624 530860413
-949058344 984334184
-758308102 -321111665
-652013221 -377848705
435972765 806941392
262090906 340769661
-180492730 495609352
294332156 508272352
-792295707 544279975
149048888 235381176
-303156867 780892287
776686263 921443601
-918725065 -413991457
-916213097 -555574941
-846003734 124463648
-438725046 494768762
266927642 812859153
-794913618 -197353259
-462135709 650480920
-871513575 118658355
-990748210 234607797
683052928 709457290
219588180 228782886
-24572504 650445422
-102875144 519551305
-585138225 325129684
61307604 347058565
-621092980 -511135271
-218028338 -70160583
-177991275 -12353674
403351255 758115065
158674000 901985361
-381631827 462397392
-639435325 886707649
-393760226 493220840
312157238 654230166
-936123539 371570701
-769867643 816921054
-560204327 -338380328
11430641 414291874
-142250625 921459892
-373442399 239681207
-970081891 -816992652
89674849 760430061
-458119635 692595718
-515829271 206385076
-19055390 216189563
-545042228 41782265
753680689 949169833
-815335064 -203796221
-426456970 944128175
-402543586 450841102
-629041825 -416669684
-569546847 829540182
681452551 824275520
-454654487 218550055
-277735918 281653941
-384437759 203411492
353367342 550164056
467207143 874175498
-457439783 -141491040
-729852964 25001468
-459962536 244169648
-135013636 -57158152
-943111928 140102181
-999544199 566610811
-485162593 316639604
-845902214 -538472647
315483133 926252924
-82026969 9057233
168586260 993659809
-487081658 381501221
-275359314 590865576
-853384667 -686480061
-977355607 -888396975
-557132207 -379579071
-979721928 241951702
134360966 530173756
370085026 618731893
446819909 755998712
166553443 870996331
-957940606 316256914
405601493 802865345
-46931961 59651043
-672816983 -248556223
51036508 244309482
454461596 798515478
142731175 873739218
-738511565 -190404612
-957685732 -608644837
-969599353 -411407085
-168260954 58139007
-491322193 703929107
-955059611 220775839
351200280 987573108
-694312339 828833060
-15009740 621781914
-854379516 -190893075
-577151807 70772947
-818919198 261987206
-578516541 878282417
238591228 336689384
-105440169 237429882
-942139718 -910772949
-836716458 -12629071
124109369 269164604
-241534410 262046702
-956524222 854167274
110264643 112554570
-490030680 -20459145
214907873 928275011
-84404876 965683831
-839043187 -605880712
-531136261 -196253231
-211819208 730283743
-767121565 215113971
46171833 275514599
261852825 785370045
-571567687 289400420
-606643630 478699571
-217845065 -24851790
-80624625 598461612
57844918 692382205
-251707125 842648261
-748692450 174965318
-922770522 300106340
-689724748 -644385536
-903535505 -368164522
-705588254 298803591
393312109 523592897
-805340127 -494605516
-70257034 546431010
-939889226 -789191813
538404644 729850425
-14471248 553323090
-459011406 755263655
-367848809 -7749102
-909459026 672377745
-698991012 729507292
-322224432 -164208119
-341074364 232073284
-831524087 720656257
410431424 606925432
659172950 912027381
-808897896 968211839
-887053011 -588777250
-738134853 359414391
-461601072 807814500
43466375 193782429
197083270 291125511
-245797781 964238790
-493160616 582723165
-343676500 436390204
-893152269 -881551720
183235924 531475756
-42145647 6375888
-562955984 -505448430
-757634135 875838976
-840387885 60396980
-883959802 -750282283
-388953717 803316571
560254469 674604970
-28440075 183351161
150577219 242253404
-732884902 -655413752
-663402205 807544862
-29559210 696060785
-374483809 300338043
901925443 984495644
-155519095 243267883
-933450371 -514153669
47024602 490979559
320384672 386834607
-404132763 717912280
574580313 839773541
-827454189 870721889
-898669055 570698506
-857823716 244148861
-444871697 161288463
14739865 348393875
689474337 858550913
-445433485 -33651731
-950698460 471074927
-380267686 124168044
-514882784 729945093
-890832597 293039690
-44597568 556981584
-912976392 903302550
247668152 516736567
173879936 830342989
-174989297 -8816572
-921959342 -682360048
-763168959 -304573894
-506110617 33242935
-91529588 917641017
-34033094 470709357
-284638826 205974054
-42101712 486748273
185611025 813771143
103188248 271432265
-457085215 -449099550
-686658301 716172163
-720347682 808452446
-725269836 427550728
-557096963 565588416
415639597 715265801
-648169879 229441368
-624680084 239361803
-250102360 300724041
25405614 76153438
-996706056 -584733193
-398159719 955650521
-928532604 955078781
-35108314 922476952
-671506879 666117789
-963144844 -584822433
51952625 568744864
-425311093 -237142790
-155562314 384283417
-883673002 -805711554
-298820211 101047107
-908088508 871662710
-649922209 672009594
60400352 560147972
-525868618 470894562
-848097836 81135930
241028836 630698818
-73975288 892139463
-730715960 129834714
457220691 791062645
-451849390 540746124
-528361358 786609250
-571995055 -276016559
-976884963 962010237
-351397240 -46692521
-22317070 554205022
-747238711 444324150
-695496393 -643664595
-721189270 825100474
-329636974 48758431
-758163148 426588429
-71132076 989087766
-106785598 791786030
-691787054 -425360618
-538048532 -304661249
-583946878 568813965
678545736 686123351
19598578 623823095
-414288801 144571514
-4481641 358241751
139185770 482399727
159878750 245469216
-701636277 36217911
-956409356 -4016781
-43065681 373138322
-224434456 965621525
75905498 890716954
-747958216 -108313965
-803307400 578380972
-407336538 391529932
865583403 958634653
-775963970 833394674
-858741399 642059795
-764166836 -298348442
-995975693 886173151
-853355000 -634970205
-516980539 -436733472
-957206413 767187074
702029760 738756578
-425095567 -124787056
-831134912 -602693067
-636763337 22362997
-958254144 936295716
-495634392 -125441271
-291101705 101186708
-311991916 245759973
-643046163 -106805819
-771983480 -55756319
-750695798 929702454
-997907684 -55874732
34245043 470448047
-573294298 522820400
-488396538 -323327818
393917316 576021316
508736277 937174064
-456948754 336716891
-953808884 -208202892
-837377808 696457672
-187239638 644537165
-382144465 458910055
-611895261 98039989
-340909246 56968985
-833129493 -18308144
-916388080 931519704
-933736158 503690385
-671399986 -545461082
-424540449 90912769
-2947919 865006139
-285788057 479517709
-990436327 -421626642
-631576529 -263655468
-364545264 743674773
-655396110 785917097
-496489109 949970177
59259500 545700694
-520105211 418400451
-662403133 -448486672
-633888359 989567105
-476733858 -184929823
-857511768 -118324190
-338761472 216672414
-588486131 -258626064
766038680 856212540
-618898543 765217998
204955997 356099815
-379781093 373579840
215225923 652987232
-893985192 -222862183
-31610823 131067204
-247732315 522247424
-51329298 976228728
-498287069 257322714
-79583557 802158723
-533865808 766031476
-491717314 -17729501
-877883203 555032058
-328963581 -14438019
-880081390 -382777659
-192751636 943413104
-400104136 286222237
-797319880 -739408177
-748850561 379326607
-978549003 461459402
-773490976 -306937895
-272082724 240493443
-361179478 964423966
318388375 702673606
621439408 711949687
-298927650 12423841
-760958957 678439239
846557881 931145408
-148424892 748767750
-532216576 -299566113
-388106300 -165849820
-624465197 442226618
314983620 526547041
105667612 172911157
-777456844 448230038
209881904 373827731
440606903 600512971
-760080229 -153847109
71337381 463769593
-877600351 -88445491
-265701478 39986353
168252441 232807267
-304507486 377420950
-993859851 -254699856
-539571713 418738704
-974512183 -937594864
-317321532 225709952
-202619724 660220121
-320207236 874710203
-207442664 343008502
-131870454 26772286
-553535437 -521639693
79994457 241558790
-594616088 630760459
-896947437 284137939
-169495010 646757797
-338209263 -104744440
-520835216 453328089
411819868 441412305
-359763100 820240980
-957105861 161051229
-7733414 240428158
-814224760 -34405033
595062385 670125028
-969488871 475718112
-366841713 -296791273
-960896074 181330813
-630519890 -387443998
726585674 823406793
-908162792 -521599044
-544840061 -314606000
-481692893 2345870
-971109537 -535151653
-612821813 12384773
-712275720 -113401271
-654335650 423521944
-691445078 426251318
233423073 719921966
899782023 956891951
-308079176 416421004
573467947 784781834
-650004173 -223272010
-899792915 -147444606
-852452060 -414018704
56375390 467949833
-12232510 502829002
-376390453 -292239971
100682339 517438464
18124526 576506522
-521035732 -29949701
677701774 813509244
629374550 654431043
-349820680 -129081897
-95607181 746742805
358741931 420462588
-815016773 -96993418
420315644 689930870
71987909 189243081
599491567 599680959
-661837864 -319100575
-999040683 -649489166
-969804351 -531003906
367538252 878871969
-954650903 -249478159
-628856996 127289822
792111438 939416335
356629177 816112979
-290833257 -161376838
-865497609 -211189763
-269347933 351039211
-965156752 -249743874
-933164409 -866365840
-71728291 443204572
-225106028 -182805570
-251397333 522485133
-317061233 367666400
-177297869 798897122
204156687 619843086
-445778053 60509724
-675729469 -82192355
202098860 613960642
-783398430 89584870
-590191092 -218350800
-831666473 523516955
10526493 177389332
-895672165 216197492
210068458 620956874
-548083270 999001937
-482863003 912607612
-901814470 -84234701
-953129714 -840276401
-634169077 707511648
554654291 584537733
-550999882 -163851703
46890851 403990027
-450671593 4177321
-570934703 -500768403
-920186587 741339093
-494374824 -238824952
-695791588 650134714
-856670551 -269366939
-937750768 967511196
-500856050 -29401260
-779747049 -552340377
847243196 901358242
-88305254 511375375
598231300 778030119
-708628106 95485210
119368509 283472413
-572974118 247361757
626453620 946264094
-725861935 -34925205
263002268 306887234
68899740 511327534
-843273943 -789401724
159132178 907226187
-40851288 817485812
-434567737 618753864
-906071669 925420695
-882655614 976250861
-820318109 -423093458
-995859956 200211371
589076423 990422219
321248168 660318833
-532799689 -287053341
20625062 923421058
161101307 810952346
-513681302 108321990
-340037581 -304021198
152891538 401114843
105398493 973850372
-104336024 -51188333
212141675 923241861
-257964720 -194508494
-492286605 40405548
-555790247 831888883
-192705955 658575563
-632457012 464464389
-149471602 219939147
-635929710 409361869
168064714 238613667
145838051 348254556
-867849522 -329202912
-400067409 822751170
-548703609 444082625
-396206225 903366190
-60917616 617499249
-205683111 351793167
-813722033 469295578
-183116543 535394197
-545672421 497205894
-376017801 547000026
-979914586 554608495
170977546 494315363
-810251358 -359397015
-995666940 -32066321
-94695482 63777773
-216694596 973116888
-972110218 981412141
-966716198 -947961132
56082642 813948904
13052265 234099116
-118122062 490929366
-780436386 475582169
-57400863 717529346
588007253 628281105
362152874 987383313
170114666 557901598
71294160 188627820
-480800546 -233827566
368194287 921824049
312167960 529766789
-420294612 -3050889
-765187583 937853906
-478888250 919513801
-820693122 284273643
-654207086 -557986467
-599374904 268749084
-231870422 990267205
-400140350 156394171
67592707 81113542
-561782434 53574975
203770522 610005230
-161935425 74881805
495761938 598933797
500994264 588949371
-512038516 104823399
-744448761 473671665
-67704574 55661669
151288682 308984902
-484346615 326853237
334741677 799042211
-487260115 899064472
-971257399 -405437306
478598448 529314751
-606606030 -577714
-461117415 774710924
619902887 911496792
-664844414 489453128
-799265235 -445600442
-780050401 766813639
70738405 300936995
-229938991 181392312
-88323221 62712135
-547766142 622853986
418338338 462856301
354571920 921325627
-982002524 894882086
587771001 770979690
227806365 469873345
-564156171 724732518
15168652 270681970
-12683877 768302439
-500513036 958416990
111472506 693429196
-249257628 -11877645
-788715983 -62170985
-620855885 -152567266
-763364927 -588125697
532047965 968446675
216911589 390921960
-281910168 -86743318
-937262927 -259704460
-288913003 388938629
-872427789 991342344
-760600767 417024954
-649235506 411384772
-835881090 -289512412
71347797 888285241
-432159746 585252210
536602543 652961136
-819486293 -779520356
-366856255 -163331800
-819873488 143042302
-101114601 849445947
676159375 958081225
-372956850 235252072
-301325871 -296088303
-990571419 407553481
-825330862 346129012
-401044546 -274417757
-661914153 171389010
-662280515 -606581685
-572905636 -187798488
856553305 903482178
-3475166 16534621
-92241427 751812211
-744730849 840585619
-104309059 -1619490
260332427 886467144
-478922743 801075551
-603865916 -400319131
-886684211 -778498960
-615450159 -358513321
-975893567 462048865
282688120 916665636
-549588337 308035669
-575986488 439769382
-462761163 -400073147
-80593332 104038916
-257431712 79294419
-977339627 -349658411
-815234153 606265203
-380022510 954033227
-434908702 32123459
-618276677 710963281
-792187374 322719984
504274900 724989236
-280407545 384073651
286414609 443816063
154168760 324575977
378933554 667328992
-308613353 612595052
-562017845 387214832
-579361439 430837734
6487929 506430873
-898079270 464084553
-305108408 909418082
-195359834 66334981
783805027 975780715
-52106402 125414768
-316894968 -170147433
-749403381 523181389
-468371688 752264022
-979634553 50256065
-362439386 777323568
567985973 721370098
-135735060 -129730615
69743107 476142758
291006940 659257176
-64118920 973226326
-436659802 -333118095
-228112753 -30425693
15106749 251509607
-280405520 196459893
-855320386 -722486989
-341815247 165217086
-357561259 284288972
173415361 288872859
189749994 399630837
-506135720 -92644211
-791762258 -490422116
163596818 495355173
-716742577 780466898
190559101 842631700
41183200 695851138
-728544534 184815700
-20590148 -7040439
-580365731 861034480
-376785035 426252511
303983857 776400720
5677596 746578123
-775643668 304677526
-562955346 -412060441
-922532620 408829018
551333458 833281819
-520674226 517308581
-982723847 -561363762
-311428071 659426481
-919549951 -822183555
456669710 591716667
-747072740 918735528
579587707 707807853
-933755600 -389534851
-202989363 620318264
-221888276 565399302
-239831770 896791220
-573465803 -127116644
-588707196 -124263759
-621417436 739133261
-105378747 174397129
-381605494 149763376
-236166453 -178154368
-444232250 26420486
285156339 604076185
762510 357562088
224265927 634413430
-600071584 314757601
-963460284 490420063
-962991656 -923063585
256640653 937599079
-738903038 286724076
-708889666 842893168
-807821651 148756757
-774648679 -293054442
859136161 995506942
-88706808 480091896
-436905411 797533100
-533723626 797820403
644447604 865837553
-609492565 255603234
337662420 439455239
-539018470 52417727
-333722903 985578182
522323641 825370307
-600785913 427217716
-187386713 242898867
-113860537 -12808006
-672298223 239167115
-740500478 746862752
-540007508 369220020
-40323835 889126086
-91020540 223624324
166702769 188957996
-857867509 987742204
-538410675 685401113
-758231510 -379258173
-174479195 566360325
-823706805 -710968742
-991089659 -480647798
-918452771 -110529424
-691922805 -514536246
-14537981 308053590
-389550481 140060965
-326032019 -105631959
-955411263 -401577532
-951849014 212567830
-603730921 -570522768
272968117 282968448
-601244673 -147244139
-62155222 806479526
826569501 967345340
-548264031 112881852
845176641 917564140
31707646 831212234
-905163392 -131837691
-20498792 909028602
-279199710 78955529
-70241005 197817843
-627118981 -468883051
-993032589 -967201406
-229615429 293239356
-983118597 956297706
10384007 171914182
-874282327 -684176585
-559251270 -215765442
-541382819 -273880818
-79389397 240304831
-472266733 -376702444
200366986 703470818
-130830029 119549036
-32753819 69016095
-223590389 6860003
-675955099 881149440
-576569956 -17721739
-814682399 717116220
-805160539 783886681
-593561905 556227651
-87767218 89618535
99656241 907111365
-670727251 840175567
-587862589 634031342
229580453 234647130
-292829483 414589181
-480474896 638508162
-199627135 999741338
-543730824 51407517
-104893657 280075130
-784455974 -696466578
-808073613 -707924864
-700517542 165515264
-455949217 241020536
-439837060 192033591
-846298814 -18434971
-586798078 934862970
-420705006 553315661
-924687417 415695972
-975666643 130025069
-929449270 562639172
697495341 991748022
-270960514 421752904
726742680 757483847
-862335259 -677535320
-328224296 828179247
-695323514 -413795054
743796044 986081990
-490419876 59969109
-993885882 -129887042
-118104277 778714639
-467878086 -170967770
789862953 802594496
-813133662 -719843272
118450769 897421681
-812717846 -677053202
60174078 390476120
-797804763 115192167
169407392 451452358
-29198209 431261157
-410851113 -87304809
-862475889 -402202718
552997725 980070207
-842790710 872706154
-742407810 20246824
-2551484 454789651
-347949576 908330709
-972582798 588560951
-102341665 508562572
-898401281 -694511373
829553167 922492618
-986910774 -240067881
-969579890 -534820165
-672021071 658080787
-39637847 492182483
759000565 768726150
-739638436 -104704881
-748990343 9063927
-686682299 -608489524
-968556335 -129091911
341213359 832549042
-996076064 -893013845
-895636052 595152518
-264976740 -123993194
230472717 870575744
354347886 811019367
770328682 805754933
-426736271 376865386
-734586147 -579720771
-418665200 666302660
-892704176 -648424508
-488405316 -468088513
-345958183 -207059638
698338014 899207720
295113382 489370003
730301108 763561338
-471698642 335062590
551050250 895701698
-704091905 -149858786
19327798 850204906
695132896 963622851
209161475 253833819
-569018699 318292806
127890828 397116165
-644823989 -315560641
382387703 730907553
-193776524 302021599
-565988276 635923412
-524697950 249409086
-708899929 -593746706
-665723767 418724043
-584660741 -379821445
-960140201 771963640
384706405 412720538
-869843284 -675773984
81121228 692780586
-8696533 576348369
-647245874 530851638
-332867451 574796998
241488331 581331726
90347823 940603045
86743656 667390565
194644879 627159013
-294077213 -132738139
-433488772 -103286894
-613556452 262373172
-100082918 561747504
273268919 924918716
-618091575 552623665
846191255 940220963
485648069 635206832
-672295290 72605514
-951392486 -354962049
-756495882 624197664
-473856607 -170092626
-935255572 74128511
-298106418 171846477
-489188279 -102979654
596761664 917977879
660095905 881693847
-88895535 14727361
256237140 655976942
-338279902 32888375
362408937 872284763
-475912106 -335609820
295788648 778416161
-335867679 805642814
-770985898 432505373
-714461852 -264528780
-696835507 -533878417
-374057843 906866839
-528926689 -157969027
-702749968 366917304
-956495010 419340052
-670123480 384659667
-83839476 832851629
573517097 767401246
-368053175 73878021
160099827 462813444
-658469795 -436735564
-556568983 -551680088
102193843 619415335
468257749 724954011
111053686 867531265
-955867993 401966567
-885908404 877069408
-512566311 880256041
499932723 659875626
-478492546 482375141
-300359417 974155015
-522212378 -151518431
-581950013 850666998
-733732607 792840781
-548107616 -29962025
-42534462 719363720
-981674581 -543540930
-918962164 910297418
-383045385 185454121
265542108 423198398
-439884884 733583610
-530411935 294985458
-637466543 588192314
-499040925 710797039
3584042 931337982
-761246280 602132564
25179281 914480510
-482366415 -309673909
-757786407 -607412051
-455531551 883496926
-564990374 711441343
333798321 672568734
318413144 616742573
-24173922 256697220
-641791114 -346411251
-203634694 271507292
-428392484 254527022
-708148744 49102593
335443812 436047250
-649419092 730925286
-936707093 648277767
492499134 753986843
521281965 746165393
-761577132 -745584203
-370518825 -317755194
-675321867 59010705
-132669585 763117947
-873461490 -507603693
-435530368 470913146
-689130848 776796123
-900735686 -787633355
-435979944 -223999632
-504573254 82630975
-784548664 385672036
-946674282 290684414
-628768667 456262713
-842331913 127370722
-798928495 -367830176
-412131426 713139455
-337984204 973141330
-173858408 -20086383
-538638112 387295422
-834358356 -794215016
-465330552 -312062598
764624173 769023743
-631075898 623016237
561945168 981516334
-592380259 -323005182
-643260930 207160315
257450750 972299976
-593426879 831138781
-264992883 662453220
115325524 195328955
31381605 677646169
-785261702 -557538553
-431447349 535459368
-784696420 -438962760
-686387167 166240213
-827425478 -261836848
-326987970 926996399
-257252990 6822819
-734724539 -241128936
773741613 917753970
-146862228 935127747
167381321 323829487
204724997 353002446
-313190989 628991256
-852002609 -644134635
565166234 697600887
252438839 362802710
-209245453 666821303
-628645111 908610219
777845958 815067530
-791364651 -350223658
-643680931 560375847
-730044474 -681685956
556443961 727724785
283744536 618191881
765338994 898869468
166756137 884644258
-20291147 406376252
434948431 577717882
-777608415 -509686637
-471347159 -223629619
-939583359 -396367415
-106606341 255492390
-557363598 443223170
-91281566 630094403
-92491233 368869274
-952753479 -714371455
-960343701 265473546
442385766 627915041
-103488989 892922377
-596310239 937948475
-131472622 884879111
-500595886 -466319711
-938218357 -211028390
-689465187 -249824741
23885694 593902667
-722680919 -500300521
-419644707 -358999486
46021443 549574759
521697259 655416246
-122035336 211461033
-418618265 -141062040
-985000382 -658917072
378713025 700707346
470498518 788869047
-569137681 981960065
183694381 607506075
4900081 552388274
-400731496 755215779
401480993 943122671
-434336998 219035432
-706307079 -11382564
74452860 837333422
-929071936 697985004
-223715610 793089568
-849018626 907713958
-657631427 -540533517
-906201038 -524548311
114477361 115998228
-80397860 7044037
-459633181 37381575
418067020 639370782
-828643184 -744668050
-957053353 446302030
-420994829 277839996
-220710375 735135053
442331226 889707597
-312006512 537598207
-53025458 225818953
-55050008 332254950
-645622585 167656097
533312212 896727246
92997819 558344492
-575478386 982231892
-990649240 -201727810
-147368646 -50287300
-398418876 716578838
827774599 953147232
334526796 568432239
-447102410 -378610056
-758705050 -106465879
-407712316 -312346466
-217165316 -46460332
-480565295 133925897
-147938036 186349203
135863750 473607211
-345415554 189252682
412505550 805108913
-900131381 521305398
-291283046 -75022254
-528091913 -190372342
410256084 873477246
-157331125 639263442
-934127928 -546843645
742050435 943392077
-614142044 309674964
-706508358 544633174
311803247 809997130
-158521575 586797808
-640475742 -562278499
-973570502 386297631
-77702960 563394120
-681485986 -454240974
-149032213 560105473
285156719 328362062
19611311 817439282
-976583363 -720116347
112212615 540702252
-374383606 960392415
-659576396 -68719420
-953224653 -653592185
-766212219 -135419427
-737527396 314797451
-672243651 -483752368
-187995964 403676718
-502508773 903652077
-46847416 436795168
-308457639 214920288
-810238497 -453808710
-730137355 -297919115
-468817890 176492272
-177178484 246569282
23390737 195176466
301765944 705405166
-557569620 -263911468
204169719 943191354
-946050568 103709159
-751598101 843539082
640721510 775403021
-744532109 127188966
-230303001 575051768
-377192281 997372833
-343213224 -222560712
-909946547 267883179
-234583082 -160161544
-93074686 488231741
-55117973 380572530
-850230289 -175859894
-942734832 -806190541
111406152 413056495
-269004377 949530644
-509390872 -306569889
-578317658 -247082398
-150066064 594287863
-285771918 968438517
-589029232 455659664
-850784192 -738044266
-555709194 -77505389
51558210 166860389
-473902496 426863659
-212543585 382445962
535573072 842390985
622813600 981014988
-193359884 618516938
-712538861 -348472992
121805085 985820493
-737898477 923357714
718000483 903786894
-861442166 -721050121
42032937 780675383
-604283222 795996846
-657033343 491960995
-411970199 876895015
296441039 931655283
-23922182 132842714
325988300 938702913
-173954928 528093779
-780980327 -481417149
-723688376 -267682404
-493237679 -49047255
-755493738 815489131
-585041355 667462309
296209587 916840120
-970861758 792593
-752058774 73474857
-189341228 489955588
-290648398 333094476
-586389175 467514836
-709895388 -429130075
354660143 633753038
-830396378 240527188
-538772489 52165315
-21482540 814720288
-43167833 607279765
-997516932 620450472
-207648908 -205075770
46834864 292879843
-422064325 -310481687
299895447 494684664
709219590 866723103
27640292 594305226
-176029469 67004076
625455580 689500481
-745788875 -678349429
-527315672 939731720
-357609287 944137969
-226122265 642072949
-892556272 -638282613
-686394322 27306724
-377598515 357325941
140119348 969238264
-115874432 673323751
-388196534 822182387
-588735548 -1032726
-619751334 45855305
410066552 859698749
-163420031 146864130
178356264 601831658
-690999240 -351529575
-73344792 -48581388
790506888 989724404
-186576393 629936787
100510234 844898371
-523784266 -367811594
-649255245 353047315
-245099158 833334305
36069407 314317930
-997373263 974992594
-896117252 578064910
-681424445 428321984
-796495974 -664693465
-747324763 206515779
-215223903 127428864
-865285909 -23684544
-899777261 -688834788
-926612828 64342355
-997772633 464640128
354454742 857888805
-587953814 184680839
-908179974 623330906
-92955774 289841469
-320662407 -184775780
-875545495 415128298
-745121144 -237446121
-15168830 973821056
-802641462 -523858207
-848159297 245099996
-941322105 887001285
432939022 981405857
-227090271 585118649
-462527568 551803740
153260453 622595601
-698422791 362983359
-240301112 926966366
-703727962 789025405
-256771533 -221551939
-403796903 931892141
341739836 407059011
-543888682 210879686
32837832 784327301
-979233078 163295406
212611791 350723936
-974374572 787737062
-523177371 -135495279
-255544541 502121260
659862115 934827490
-984100286 556485934
-181567789 734535649
-412316067 638104897
-372556235 253481768
-679411945 132021151
-92888133 614642997
72326382 578429643
-332373999 629838195
-906301981 501085124
38493094 50315538
-425251692 804875306
-999055898 -11461203
-563150171 213772
-111514770 302431713
-161694595 449362744
-582317045 820531872
-943499506 840043195
676060945 686271428
453616657 628420474
280661956 877371925
-987851797 414719198
438112314 790488423
-439858029 196513532
362285225 972074839
-205081178 -66328493
-794994640 875305565
-846301104 600566284
-762239668 572635279
-232145416 759473027
-273051094 240205661
-860554442 872666986
100564574 721051723
-896035039 -309242030
-909550537 904005139
-809788823 962234255
-965107549 114388513
-531230517 456309529
614626648 869631703
-673297965 957840143
-958205632 -396096082
-298933853 -223374341
-52711528 155305612
-277747893 -181613223
-621413970 166234938
-444811146 -592260
499133522 575654250
-703797680 -344212455
-586362337 242047839
-481802977 -267985987
-513712805 650643880
-709968122 -210756652
-851618800 -158242493
-109733821 613540399
367818246 552854652
-170205107 623538383
-824427664 -354932998
54785831 611896027
-329774321 393457184
-914941521 -251511492
-103281098 356894069
247776986 645324521
-649425596 889865762
-406550469 831514820
-176909047 445828389
-825407854 340180593
-258073038 805705453
33248014 845744702
245646207 314357255
-483456337 -451428288
-53161082 -29237995
-824504173 562047403
-869908092 -850181127
903576712 936078191
-998442943 952755050
-630815765 919408469
-853869935 525611224
-776529862 -587070392
-736826337 395775936
-637445370 361578308
-926895250 -834148895
-27484830 692285127
-751562702 479663122
-771442250 -450236921
-810834207 -35900007
177174593 233280877
-489877451 108331973
-603324659 77999560
504816809 987434316
-274821416 474427403
-434759069 -240138724
-492734227 626771308
-315632728 181094419
-949231154 382737137
-888140080 -559799635
-53530537 239472751
189724844 895767024
365232522 456178234
-966010976 896289610
-797398572 686717839
-663373706 285096417
-699043670 905573770
-792714553 981347213
-435832941 -193371608
-359898285 868257017
-960453615 -128472990
-906160575 -156968912
-220896296 -143862714
-195142156 857471247
333253093 367921563
-944841617 270533379
-595105907 -57246484
-711881878 -99053540
-629224212 800244881
29432591 834412345
203765179 543406111
370348157 857040595
-755341043 128352860
-175204926 713113046
-666124598 653911569
-164392710 189588202
-536585768 89933019
150657675 695869706
-864222400 163681667
-737970493 549722226
-987095969 225059552
-392904396 188559179
-571756356 -157918005
-613848773 900879322
-913077250 -54142920
-104230814 469087319
-56752922 111083165
-681415020 875447702
-149921557 979419233
-264960205 940336943
-599090854 -4219896
-594651374 464172457
-301509989 402408997
-549294988 967819822
-863729765 710736568
-714986083 -676966649
-883850765 -808711102
-998047866 -110682113
75776723 163141917
-679137818 181816701
449663186 749857481
70441746 697862554
-306038409 294736000
797592366 976348445
-309397269 243098442
441802736 645323248
-373031849 568508483
-884304893 -285814256
-568699375 3652052
-900312048 -770189683
-226354923 620555854
37204266 182519885
-996461853 -833471296
-883786842 -449017165
-867213431 4869480
-854834727 -253548002
-557936694 398015126
-948610704 340385764
-438392850 -40020019
-276890969 613543537
-232751567 760943303
275325094 821363306
-103793008 650726640
-627629194 392121673
-124015078 499685499
-372084694 65706024
314473464 888844474
-729813868 -702127393
-531649434 -259312658
-185421104 266004942
79191200 81778716
-925701705 571822139
-41181909 970266666
-721142672 355255627
-997776463 -117900542
-464259149 334051328
-445866525 416431651
-992860979 -192199741
-948001867 747097921
-587726262 -182991733
-90688843 55871103
-930870660 684515384
-492450159 -459670530
-718271799 716083733
-462130040 927416665
488447703 781834135
-309059011 -246576950
-850961857 392425085
370336091 927394219
-454740484 676921692
-929880631 397933882
-938817147 -332174058
316040160 364579944
199814293 830387150
-825918335 471326780
141040420 247123519
362996586 833564091
-619579880 -406474888
-767100207 715518962
-747230816 -59575910
-819557644 820523568
-920533129 83590680
-136491476 691512015
531253386 768505748
-676122766 205729078
-824754656 676555555
-900482647 -839429969
-440734302 177176507
-402709250 559163630
-762817623 -187450513
169095265 189372864
-540103261 85380856
326886934 469197297
-265861718 336473046
616361228 971955589
-85657721 -25503825
-963048234 691432261
-57867081 895290059
547974221 744568416
-620098522 219320038
218956158 430584580
830680879 940061898
-903705104 645591317
-659865065 368076604
-236101906 -185827484
-313821728 228646657
241172556 394079628
333925759 422532136
-48431904 675809641
-458864233 -95408265
-569999403 -150591440
323167019 686501226
-94750097 359165359
68693229 272344151
311392281 358992961
916346209 948922278
-182017179 58508037
-323553441 346503800
345491714 698986107
-826128817 -421961269
-665459215 592734033
-384536156 -72106814
-528868768 856950898
-872288703 367039508
132632728 681257534
-637974097 -148855308
-670770117 947256214
-767046723 107010525
-666689357 965905473
-963245670 -349313619
-204610736 547211791
-720989086 308200436
-689291873 131007525
-942091629 961171121
-400615075 658760944
-737606525 239876984
-705398226 839336749
-607794098 -246054421
195261375 568666680
-970481404 72423648
-920154961 -749453559
-132962754 517986412
-457258193 -168687880
-981829202 -320706239
-556706397 -241555331
116786414 818935621
269857831 553778559
-992944179 -403080923
-873768586 844061252
-561977466 422975235
-851223895 868883039
-663505655 705664024
-877062234 529666155
-686511254 147689479
719563871 988004543
-664441434 -214636452
-851093491 201348271
-21516151 41094769
-666610472 -640763955
171077072 236735974
236579109 402763340
-834380285 893154527
348905229 527625821
411080550 487151581
-787499501 -517697554
-699443375 -491183005
314850815 442969395
-545687846 384507755
-84038980 657874331
423727674 460577416
-926269695 37231441
20737491 625961390
-79759456 286564866
224172496 911054663
-931412244 172233761
-549146158 693342406
-607421834 -36731441
-733898189 -524303616
-900009232 -489931866
63106189 646755582
-601604649 822159486
-257074271 -155861887
-582189747 909303992
637172191 849449123
-400904864 847036901
-389749905 767473497
282960688 701787574
-252392608 526403256
-273585521 167260183
-906460646 -547308235
508929325 820254544
731917007 798488338
-477038494 725359453
194617449 973346425
-267132888 276599534
86338484 881056644
262638954 789517223
-520532724 -394813223
111703940 399427968
-881058267 -76527400
-804510538 523408880
-662715849 -512041332
-54570577 909016885
642722955 864066736
667867312 724473896
28630375 167471609
335802462 938746025
485835383 668873674
-963250467 461178275
-568696375 -31939748
-908427673 121438517
-689821244 89629135
-671580281 784731802
230989122 919836965
-376920520 -308747801
-714325406 165355094
-579753679 942380637
-985640620 301276813
-767014765 -64760238
234440044 496667317
757303671 791343646
-344184502 -23367583
-491598052 148683578
18425106 119272194
-810980749 -760168979
35546867 490346286
-375059746 -327769873
308107587 914300924
-605972425 270310310
-774646547 -640041936
-703707253 -217458593
-453057436 880028809
-137922157 863864567
-875566517 -153995582
-535466132 353961853
18247223 435309536
230268061 967399810
256423056 381640523
-217158678 224860912
-180453614 791041224
-611363731 240070806
-175387400 977310464
-100599353 185677495
-310590631 -75192134
-526848058 -374893534
-615314723 810106973
50800647 982984638
-655110273 838880448
-285114847 -107883794
-121369357 -27477300
-667646862 -253687163
95845221 101932548
500865975 544409112
-736087256 202037880
-428227616 -112544295
440815351 772147359
-800908058 -182943639
-903474553 -719833279
-796513054 -358880799
402007550 616976859
-760265471 937677385
-666935646 -525396628
-455585214 615373168
-778911968 714881851
-374443792 932781874
-306989644 152607259
296302566 664835854
-244891860 713107284
-323502515 816233029
-492797167 351789943
140390774 177697055
-192056544 954017803
-387890664 -286690020
-510743763 -390414816
657002946 721107601
234340392 839062444
-78669523 288549555
-871252492 -695578262
-164910057 576453533
80562806 164186407
-736262441 -263293423
-642365292 631227154
-103705795 -22898385
-11037017 763090915
-957366689 475069959
-271325992 88146479
180075032 488342495
846432535 929650091
-833082754 447970070
-899447178 753023209
-625338377 -239254285
226071915 890942912
-506267249 87122321
-839124908 -412427059
360986363 772094992
104389222 543658919
517630232 946888895
-818377649 -796713762
-36789982 326954738
-229367350 486575327
-798661458 -340499005
421685524 918298502
-594015591 645423185
-139102950 525264753
-555385891 569974456
-462457087 -36754056
-276060578 886904935
561971385 702530621
-714513204 -638364105
-406910310 -338713524
-612517960 -574903252
-717544142 -367750620
-776648484 -110885899
676303119 947900725
-784812207 19913957
-757848389 503172452
-614271541 324454886
-215197992 655602115
-787927257 -507526793
-214039471 -98585174
-244837543 -197808031
-741045783 318528050
-675741452 670040214
-896004093 -336046546
437241339 647112364
548503305 810567349
-952538191 552615508
242366268 960103402
-501448765 836063231
-981954547 46717309
209846361 381704796
-47806714 605034602
-444502813 305061917
-744469738 297563197
-944676149 -546089490
-481388386 102549462
-767032445 -533505256
187754015 975221212
-842325638 -12997743
-832106294 -466878711
-822391674 193062354
-680469891 287115001
-615137089 26898790
-960893438 852966477
-48710734 844842120
-829028262 850781949
55906499 640092824
-695817328 309945835
-57843230 91626856
510041031 809908387
-723343858 -440148813
-197319960 600707741
-909052915 -848288244
166583571 877372926
-364741309 149880411
-961880219 265075993
-576051758 58306358
-480638016 992035169
557514992 602723504
-667526282 155145518
-581514995 950408000
-893529616 -134128800
-676165890 191378135
-260838258 18121824
-273114124 53798217
-745019386 947851919
373996864 848051235
-734337469 191097102
-175202895 719496809
-229540116 794585805
-245644584 927693006
-953185311 -886221436
-745247128 281365470
163995908 310538423
-601112886 -50026031
273584634 616835318
852716064 863322994
281847015 910858215
-71612129 349589923
-340542087 447961599
-178836835 541619571
-435389426 854855580
-572094170 360922582
-493881187 -245670342
-435916179 66437411
-76843527 720782076
136968430 907576938
-221360718 829538177
-842875123 -226547142
-989614147 -911713164
-177236122 797585749
-661196370 648044480
-771824597 -62915527
-274830824 -93877691
-914295547 -761179522
-209923978 567172026
-123937553 37487941
-528500749 420446090
-701203062 599941905
-454266634 -224047283
106882950 355522989
25213594 725145920
-714502050 -666994715
-637019408 700896378
-157573061 620374182
483048018 986867608
-955882732 -346299905
-510514962 268261158
-512589765 323507661
-652109303 992821044
-593596854 277551190
-816163350 -422796496
-979793002 -543849025
-329916313 101252126
-403396456 527847970
-130742548 207396587
-957682984 413632229
-901319155 -54658821
-321874130 448663751
-153212708 592542359
192755535 783986141
-666511958 490817549
-852983171 130851003
-717255743 603606633
-623966047 -367786196
-500421909 989695317
-821415074 -394937194
-832212368 980119767
19974260 362264766
-757657421 348253388
-531666529 338768074
-134017169 517022959
-651947838 502977730
-833653571 24092680
-178645259 218692958
288287250 948746897
253934582 624323178
-682936787 27565606
-276947048 915268260
-649866388 604330566
-436087846 558544328
-590735271 575354887
-810739015 522302764
-503696190 815844052
820692354 983599379
-168764256 994679868
-802454235 -339982864
54724930 111698089
-607980032 -376921561
-663882041 797029537
-987856223 -334605633
-255585448 -143695133
-339992889 303346297
155651822 751196345
-366019819 316132574
-796615800 -54120486
636617540 967480838
-178710149 -158869309
275241634 790671328
-793682086 -688595712
-182839229 -62046219
-399962291 458041021
-880997905 907017214
-364829699 783666874
-684259354 900424136
-201659721 -111142653
-671049641 766755416
-752870812 -480699683
-145363019 963053766
-193908275 540152667
-794425351 743727002
-5657637 478159996
-456401674 365488989
-602191977 168327484
-491732068 -116353185
-567923260 722853337
-703169128 179683212
-768837143 -610251226
-964217463 294401956
-371941493 840068
-986241344 288969435
360786088 469902587
-788843162 850077302
-68157657 448652406
-119178502 413896891
123378203 256498398
135466451 833631312
-525414322 -112218630
-699692723 -150685817
221700201 248565781
-269636755 216737502
-554955064 954120875
122332793 176456451
341533795 689924216
-876263265 623986758
-950490861 -692863229
-862787229 -752366523
-122969072 858257350
-552949726 -249095034
246200743 704058249
-554918693 451504165
-872882838 550634744
202398447 756342464
-502904578 277194743
-160566271 266847852
-904925064 -721720044
-125366503 -100659406
-962073005 327476788
-868805168 -477500484
480648375 684906824
128479883 327331046
452085966 628289868
-714168252 981107533
-713762796 623896648
-348306530 920175602
-323218870 -87055884
-846872071 -77877161
6921845 28917969
-65190689 121504984
-205860497 -93865213
-333113434 281278209
-834365850 -290608510
-872701633 -538529765
757941968 988494278
818210101 858632263
545306710 648292361
-756761366 324635899
73983730 967634492
-840998005 -543809577
-919946906 108940834
809269051 832760986
-806708962 -640004048
-530537305 742506792
-289407820 -249737147
165670373 669443813
-545651240 203047919
-870285861 -280903551
-235434444 224167560
-671740154 -490152469
-203065685 685708281
228082934 528483020
-481091245 17357010
348102589 574714397
-232527290 384743019
297503619 952137717
272931208 679856287
-963997408 -516569810
-582942069 -256168637
-312316292 889258378
-774426562 405373336
-272056658 395575749
40547484 679165002
-560024874 659890868
-828784019 -635560338
-551607649 -94069701
-637398254 691307942
168537340 687024773
8733439 180041411
-15283856 841665010
-32500335 758144710
-899654395 441613069
-643705148 376297707
181486809 460197932
-253391752 604559589
-899441394 45579399
-719433490 274711333
-11576889 64910025
-863810389 918247094
-592710459 -277404744
-924726405 -297737416
62589751 716056780
-805376286 -52783635
-823780742 -527592517
-679545528 610359318
-413287640 -370007298
426281885 966706714
-889682896 500991712
533297125 770469134
-574727002 204780716
-630233826 643248559
505504928 624896831
-877923729 750593037
-136786344 530791832
-49508147 878467410
2511688 311817607
-238362054 102030459
-265515014 416248571
-877521135 636750269
-201023387 703650072
252038926 560330703
-406248303 -102790712
-820505983 -528822076
-433602825 24460863
-531207227 38072875
499937242 573753224
-956262806 -566987346
-680522680 807624700
-475629816 762407589
160877659 777479622
-474958013 665835972
-645508071 773671075
-826109669 -325873838
-480279686 118365360
-285176317 934442021
-603213114 -432866856
-680258884 786555258
-272620161 -117855397
-302862227 40074281
-279202355 -14129883
273193164 375885870
-559282876 171145323
-725770062 677436167
-954415263 269933537
-682442948 696935611
-14978676 820972916
-327326502 -28698233
-504096906 -24971556
-385742760 609411829
-211519308 635586842
-771070194 -637867494
-673547286 -318086996
541458153 597468958
-940233101 -622718741
-409711737 119532895
260022454 667411495
-188446236 700597457
-285150892 910058455
-843830382 329702584
-510514400 187853416
-450873976 -38753693
-959219735 -240999142
-634672991 -264616104
624239038 665355517
-180683775 869368810
154255769 840720244
246389193 812735199
-941304017 861842772
-648696319 -135289028
-138028394 463020642
-914470269 285306109
-643815591 580361400
-752507710 -714453585
-691934541 -166187556
-705198787 337534637
-185217607 -103784215
-34112649 373135041
436344076 472797250
313271260 770797476
820092983 987581013
-477356065 26708655
805984242 891698860
-907392116 -144547171
155883409 966275425
-286966422 296224155
-319824025 78267686
-817248980 -659841843
-474254737 967923046
-893978135 -292903407
-296599523 436675205
240911454 715260742
-476767726 -11371045
646456729 964983195
-832261267 982554078
-782948613 106723392
-741076193 108537652
-831403503 755705933
-235108864 406600
-586453958 217147853
-616214111 347237917
-704338109 827439014
-187980612 459090592
60806506 853757543
-518149539 -174993701
-636028434 -493626371
-78637900 622334641
-591187066 -316624405
-723169140 343699192
-289127458 279320432
60939639 145074882
-731199860 2364069
-412422190 62444121
-336953427 351548954
-104762348 944090264
-948201635 -796363302
367866034 763108600
-79459622 21992668
539961685 840652023
-663243339 733177277
685404645 836508959
67938087 714036391
-959770682 827012223
-843053382 747421867
-920179253 988819720
726278500 736080357
46227628 497090588
-527620363 126849616
-833771482 230437770
-964971270 773864354
-830533855 -403484633
641722294 967283561
-397918627 -166039532
730159513 932309778
280023286 668044154
-964108610 560936783
-178903716 743240533
-463476888 -168929947
131531137 781752974
-998820740 -207966155
-535867747 -495055207
-54642026 -11027927
-305849604 267556967
-87055991 634631415
-754904596 466314227
-619009084 -157756394
26575323 536424438
-735310412 740169578
-927407208 -889577344
-916462728 -696783859
-984509126 -119478876
-488305875 809845925
-501578740 827436951
49504669 261671280
-358328423 395585473
-903990749 -678747182
-703755201 -585238430
-797413976 -215772989
-715742311 -629866374
-795623743 -413446195
-935984857 374779822
-986091999 -793787918
-87771543 986157696
-481235088 -15693299
-362579184 -163603445
450650591 906931278
8315226 573945612
-458554018 505564981
230211545 760308198
807556641 960173858
-159133671 684340034
-541700512 -177704382
-788725038 -662267165
-898748453 775362842
-910082379 -391696734
-839436984 -438471522
104518263 530555236
-865199135 -366559353
-429311659 594345038
-275538989 520798220
-633307993 19379610
-893707360 -670612230
408196005 419201726
-861552851 586810442
-851536111 540574648
-965825506 452785538
-692000310 43458399
-507807918 -228620540
-371458073 191125952
-872058171 330932766
-363985839 118383459
418758271 601512793
-118070038 924121303
-885017085 48561937
-254492847 860597808
593006777 905327947
-212988835 268917932
644113614 743161824
-801658802 580579847
-905147875 -664457004
-686390778 535658751
465498157 723314084
76238754 406005960
-340170066 709215834
190988106 699462624
-517830476 464649986
-328264337 991012526
-692112384 -276778488
-981281080 -643882492
253303081 974580112
-677237291 -332612886
-552665080 -497153681
-126539240 763112935
-129617380 87533229
-973388058 -558756295
-641048927 -220996374
10045711 210848173
-264024349 570654571
-152258753 -78072729
-256844029 797545973
-825662328 888197370
-511254090 235535573
-860688267 827874148
-883291828 796434723
-696080374 87412129
604364420 821421925
-146832571 804716952
-629856808 921913256
43611402 597080325
-601758525 215846102
-279084116 895556599
-846440824 948315067
-453433106 956872400
-455337735 992734794
-262776717 325308412
-912520096 -667528340
318583416 550112287
451408580 904990345
-699876729 217873521
-907434201 613083430
-454443608 -213850265
-244406782 514865240
766754780 994591075
-518970663 920211524
-899753521 -425682490
-328053583 -39698155
-875115970 512274952
-695929391 248945489
-815041725 -45437794
-603866830 305480392
418466668 916859256
75543327 720205767
-786333689 -267477026
-557203075 610960852
-427571797 -250251275
-494014275 767379448
-878704935 -207175697
-848939267 536486331
-959204485 382598441
-529196821 -384075025
-944306696 -914990518
-571295415 657103760
297752661 403383434
-382586627 -286530182
-820977569 954038951
-50206931 50728878
-472521572 249856484
663987646 709412161
451339924 786726135
-781461819 283447989
-562849819 754031461
135224676 886165483
-833514703 -39621555
-466399791 769623087
-132814140 581911180
636911635 688667582
-208024782 353474828
-8430190 453627309
554010546 609928882
789428181 820685480
-77716144 992590009
124197822 831501785
-771618958 686172940
-21202 229332775
-335887936 477209036
-498842084 -235165045
-948763372 50450
-25416663 564398616
-523357567 -346124454
-350815794 438080274
531369466 554077315
-193185937 449256404
-421474863 878937328
-929921241 183313128
364088237 997448133
-232452637 656015841
-753324505 133227062
-788310116 136867600
-851682940 -511052644
-654567364 643562085
-130375916 374268852
-587716725 13270328
-447386224 -263380993
161069578 526110981
-398586058 -179210927
-927594759 932585870
5345514 948937548
-561253736 -546453229
-100027085 480306032
332845410 584949885
-628668108 282920542
-908083214 -45322071
569549876 901209416
-454902200 359927557
-733096737 -23943762
380562484 495343311
720862170 997996775
24465406 665685500
381312117 419831264
-932294405 922480066
-615426076 999177506
-755717108 -615998484
59840156 639017235
-541351239 52989987
-708009296 78834404
-478770092 28614681
-566794673 886616143
270359071 569879222
-746422712 -296309505
-354164489 851322563
-106692704 509828771
-316588102 454004623
-415369580 524194915
-125395983 281248787
-816034044 451003653
-969961976 -200257671
-919664531 -776136327
305870822 518007599
-524179701 9093036
133110214 906517985
128031870 286364438
-303460796 619974688
-702397867 -464896406
-636720923 -163915769
-294932068 -24791475
3401739 578815663
-226575979 287009884
-628513583 227743288
-144593147 128143319
-813055288 728473009
43447844 229923542
-661963490 972607876
-920743184 -566577368
-560497226 -453103248
-517387589 22078452
14053688 510296534
-613548714 486852963
-90272789 908920295
-877082347 -641001395
-491119615 589450059
-611158397 -373831700
214767884 453940756
-193201977 598725590
-430192590 677734973
-579340228 -451590322
-87236269 859178750
-204387973 -118361252
-127186393 19376766
-614475240 242902524
-402493450 200558831
-630286743 139732119
-774024781 232144877
-416641919 935474791
-769881696 -629424119
-838414680 339392491
-836130729 543803226
49767271 928170230
-340156913 592434530
446984117 710229135
-429684156 -190914460
-435895108 -290124693
-935045987 -302679763
-838647538 -559029076
-66658616 219402881
-947797301 104666117
-783727878 508897888
-763732857 162228987
-196425842 777256430
-22133872 786223252
156897392 581194331
-718705466 711517344
-167078249 225025324
681481501 959252826
110548738 733044943
-779364746 804811818
-695612233 930201768
-805431102 -769400244
-943376250 328462944
-741502837 -112541677
-629571424 -396726436
-939398087 -275952419
-924392173 742206445
-615312748 -513231816
-380221777 415996045
-35498765 920755641
5361069 671032132
-419478297 -162754209
-656481817 -343686600
62482715 914457255
-703159961 -143583494
-731997267 815798161
-909971479 -23641384
-251423957 -5468911
145115179 738743746
-766525786 587980033
661802176 950745709
543528585 858653316
-715645835 879085277
-608461750 316671294
-676021014 885856891
-881879008 481518963
-972399122 -250548572
-549860836 163115658
-997546580 224687388
-980182586 623691993
1318949 504287572
351548906 681970480
-149859116 898701626
-606902606 -473158066
-661096023 187737219
-716901765 959158547
-568037672 -130285690
-864244663 -767381379
-276164226 -235644826
-453594112 748370794
-231923261 853268995
-142070209 836297451
-69929786 -25819336
-71263238 855011125
462171543 631728021
-824810841 -508207310
279433120 961513322
-906791585 190988011
-276659745 393897073
-407119769 -255599558
19919716 371190347
-500091334 771094308
-381091021 189649364
408612615 555165059
-817543006 961033259
-128865228 691439751
-625185110 -525322852
216481897 955370097
-480772488 -445311651
-229900773 294171923
-192555456 971115802
423147883 641259200
-986928175 92848687
-709039790 -567759654
-857784668 597259693
-134424757 25008130
-923156539 374094429
276499222 983014115
225214517 515312262
-498095567 790215641
18306199 439000769
-804929204 176742665
-486724809 -485902143
-526912389 -240610296
-480058683 232767209
411406275 457396155
432097236 743586409
-583985525 341734308
-543586675 535708711
529808558 707125651
-539039950 -391919990
-571733910 -390772974
-943335937 -260142847
-721856844 -715626084
174152115 529545921
-931966054 971002988
-401108258 991670868
-160566499 269131297
-419082019 964912472
-879695288 -820239271
-484104319 202962493
-360367352 266901526
-848305826 47414336
-235515069 347618869
19158302 752122653
332735699 458296854
-498181131 605478799
-897872868 877230193
-702159888 182547479
-148353491 940586447
787639077 990589362
936814778 969074469
-774984054 557230257
-888179123 558043720
-801900997 -542295553
-906643666 -12487950
-567678972 179912183
-914775148 -440967037
132947127 805780845
27042139 834539742
-247074476 -99369519
-752817831 218855675
-671115526 11111408
-794748240 476592859
-11097553 727015611
197691336 711548097
-486729636 36585238
-690754205 143200792
-914277292 307824111
-421963257 589491450
-450305596 380947973
-732042096 -525702284
-462763455 601391337
-120107949 713193839
-910021834 -474783984
-779839825 412541813
-726464210 227696694
844395460 919178055
546102645 846497934
-999057583 -980057261
231490979 468773970
-992943398 180539999
-906256655 64860715
-426746114 562764731
-784524419 -225539740
-816260254 -508286689
-920007540 213857776
-113138183 293752967
-410228082 559735987
-785476114 -605070103
-347198243 -107069131
-821498739 506839206
-787133037 637044662
-160791208 161554991
275131598 547276415
43226594 405991263
-567272856 232739493
-17284719 805113643
-493952307 356601261
882109323 968623369
-497314485 231332609
146783337 511507204
-647439419 826516753
-1712431 402216800
-686869684 83168849
366417459 428111964
-460513953 965640769
214456733 496296122
-563061599 182173192
-348390942 731042672
-721503522 391089302
-919912633 -270570160
-647974103 294875030
502188408 787498567
-288540191 396918683
-664087276 795982501
-652997814 -374158822
-653875674 362799690
-156472380 317242634
288682380 793189376
-552909822 -230468898
-120709727 85556416
-202804138 475717464
-743515214 788804203
39460085 456080715
-298373217 327565073
-697968428 581110571
680717506 985716877
-436874447 868593062
-510892235 -229775648
-196612484 615197126
-390735763 928049761
-569076000 -286456944
-575621823 308608841
-904863640 245998258
-937287929 -62657126
568289459 674458282
-205406425 811263307
-624754690 -190380224
-990427408 -662078858
262499182 372489098
-732402236 -675043208
-375577902 636560505
-365052596 934357504
-81179564 753189370
-551148302 653725689
-686286327 729319531
270509076 563632960
510522302 846929846
-218108657 572544942
-294399313 16764644
-941438421 632806864
-614931135 791225816
489260566 656018119
355964836 802191263
-850094085 77644880
287028682 380980857
-693956627 -317335192
-672782695 -657064416
-62054922 556882829
-287207479 508612714
4103967 172260205
462726986 474964357
-790807193 -463682344
-694487730 -498931573
-669135170 -189043690
-288801322 -74695509
-313619668 -209871907
108021571 337505798
-344524328 -254616763
-212602818 132062953
-641904671 713792135
-642592814 338454114
-98621155 546577260
-48662694 48691703
-987999035 -508938337
-286452963 399515354
-1589344 15630850
-786243288 -604336154
356152548 541896214
228417048 333322170
-374328114 737133868
-870381382 810583220
-421171112 -201107082
-841034941 674691977
-528093683 -42830100
-509826861 43867706
-508333481 108564542
-310228015 -251450600
390724291 915706074
-43461802 150854837
-165169062 23015414
199155141 588121692
-992874888 -350424855
54578764 641035718
55963629 112520400
-754137444 922483334
137984272 874801974
-361588298 423967528
-566399947 -254782829
-525960310 558918411
-173019647 173137874
491253538 899582320
-157988552 133495287
-969206364 -547812885
92058471 924895979
283792961 426799785
892297032 974947545
-644457991 -12846633
-908099500 967095400
-797093211 71990288
-532220396 372706973
-275801898 -33859369
-599974064 911793512
-728613730 488940998
-210273203 504157790
-854686301 365986538
376672028 388925199
287516876 712409760
-657914497 -44148677
-829309756 766566563
-198480973 159612663
-906824372 -595757564
-127223247 539124616
278585220 595939387
689766938 814576639
233074600 931999355
-177611339 521416046
-477479137 -167583246
-410747615 42967698
-901785087 -688556577
82861924 357295081
-194114831 428046523
193775528 746255050
-650558633 87591836
124051616 183405675
590212141 799051544
576748446 814779360
-458178137 273489307
-500765535 257876313
-876464191 -290383271
35870844 643920491
-232375081 672168089
-260517057 192403229
19560284 587799056
-478732774 378677139
-840236380 -618423886
693517625 840099788
-995439737 632779777
-938319416 -472984640
-452836091 257028309
-830116113 940681324
-632052505 302616071
-789627996 456622412
416012248 506057144
-665036491 -432906591
-82057182 -15072211
-754403224 237982771
-344861779 -208748378
106532330 539706581
-954877939 -851793275
-931604010 471704197
-491219415 -95684540
-100118121 665522341
522776743 872071036
465147181 927675253
-959647984 548852796
-887453349 357949797
-308979754 865423486
-619957494 419070558
-506794979 -459721541
317700536 588805172
-114961401 975330330
261824983 671576564
-667770902 -30250229
-972199041 306333680
187307012 456026210
-134219081 204233305
-361597847 313943911
-882320997 -832277873
82726098 313328063
-945020233 -507475033
-664707753 832191783
-945990920 -45210029
-438063082 426382549
569390905 777745174
452704932 471562965
-214988540 -149700967
497316411 571513370
-616654788 -291613194
-294448199 -236690265
-205217098 597398041
617145534 889562694
-856631863 967844877
-284504212 564007824
-483379799 -304937320
-470032069 785020568
391990133 452385595
-669752037 -264039738
-377424349 428725444
-470791501 -155236515
-307330858 -261620159
-756954779 716095317
-778261879 317459196
-375607459 865408337
-10985000 793692807
-821949042 898866312
554840998 807251512
-222947078 193136751
-289623408 257892576
-955896547 -550414012
-370769743 709559247
457189641 619509982
-758995902 511941198
224766519 269483947
-846723919 260726075
-743260880 -254855882
-486252410 460599790
-864638983 578674218
-312715988 56877724
-640591820 187901417
-955657110 -313998390
-956640634 -420572295
-164285311 225303578
-806247593 595447114
-991221510 -942522820
185517717 877009361
382727191 434275338
350430244 558041120
-895578106 802145539
-629246537 53117580
35361254 513970146
-856070031 330866163
-568102523 -103080608
-637492637 853444024
-657400127 83141295
295202559 515885666
-264050478 676941018
-955294606 -856815049
-920087344 480480384
-601862845 320341250
-470062120 578974192
-238368204 60717426
133072381 507428367
-963885997 -172981149
-693996844 -232353740
265674705 614532947
-443533405 708189880
-386490807 -122603386
-811128581 310546117
-766008457 600944733
-602698259 -379185331
11786599 139525596
-47502180 469845605
529384369 530758746
-546851031 -422780902
916941860 997573360
-108092858 934886181
-561433281 153087263
-151550651 665149548
86231606 296794469
-266214323 441407614
-831244335 155968929
343720819 393003895
-29493699 291923764
-360334973 671132544
370169388 849835120
-663158514 548407792
-500315692 266619422
442008404 524382443
743201437 805241930
-95767404 256367361
-354040432 661186016
19166471 746254383
-30178645 584365014
-810177111 758905749
185599795 464771171
-60358569 856356977
-91505905 482554775
-661047234 -387495266
854775187 968523572
144588114 551641200
-336926888 623148173
-815696139 -802200165
-171020417 923268886
519380303 544621751
-618907036 -412592587
-377297854 -309745059
-26595620 329912864
-994014573 -723757831
-992661634 365290140
404632243 797598585
767211909 789762260
-337615487 158500565
-254028650 490740217
693447176 961411247
271235516 391319017
-774183816 583935467
-867055847 -505637184
664879062 851711803
-568053489 337931643
220791222 459209884
-437404136 -393476064
-787021070 -142170078
-46935470 514103754
-639400413 -55272888
-933696122 323263275
-829999871 -103794575
-561918676 114668163
-860556954 -592210123
-842284436 -187168110
-116931646 545278080
-508534079 103922390
-821560098 243158489
-341344798 437791646
-637755516 -383954830
85003980 304609867
-817711902 -187395685
-248996671 618035201
-633887651 195416552
44974143 931547171
-218123390 520306450
-69677905 -14693228
-727372763 -217053134
-970493358 -197951337
115592234 620033382
-796540050 -525221126
-986282140 924308745
-949046055 769401137
-970791177 -408746963
870877550 946705272
-422469023 400462537
-104170507 698737858
-672298234 269439743
-268963286 631962973
-770932746 -714393001
-155274172 171034158
-249293037 281389696
-388795894 225844530
-32031324 975624139
-559746476 233361024
93775944 238916525
41318473 796532675
-973071402 269738418
-844722129 -522899161
-335933247 182702877
-637840067 -219523145
473890335 611494597
-293922272 673916631
427958743 801167025
-804269668 -183748733
-703301441 704302685
-703557391 72884178
-403373208 342297759
-947285946 -501846927
8623202 677209119
670099384 897998159
-39356166 963011185
249508502 555277365
-162502126 686238893
627975051 845318049
173328397 547718618
-806957181 573244710
-967583569 225520971
-778695165 691038959
-564945131 923398260
-709439694 217565494
187329072 449252349
-359618670 34699177
-275041056 63622537
-14460671 932988451
-8977313 60971127
219224340 475193178
-470999639 344237851
-641854216 -139560344
-796332944 912973094
-540075378 486304599
-304972871 -243952135
-462909082 942257306
99300883 497359314
-557531180 931824658
-446175671 -217986202
-6350879 494960750
-517998819 59172734
206265093 546339737
676417339 958644857
-618006399 188479141
-588009032 51190631
-907902116 317289016
-660356470 91494148
64251990 375507044
-603668306 -81770103
347570289 593515745
470457532 923709163
503488453 688931901
-914981147 787627931
144565457 635244332
-598745952 939398102
-338422778 567788441
-635100404 399055872
-791818021 804197350
-357113094 157037410
-757077853 963930167
-174067548 747343742
-166869764 227630376
-640501142 747648957
-791525297 323096317
162366106 823063176
-765152509 -21546530
-661372614 196836324
-922478837 209993847
-852214367 862425571
-686979818 302530780
-979530733 248461118
-213379457 477386280
252906812 686947173
56832122 264771647
331935415 512147897
693901439 809568712
-962817246 -183096614
97584079 112453721
135737774 171197449
-59409386 665420485
-776014090 400290264
593836282 718321686
-933674846 332818423
-408848680 -89231157
-116894926 258718619
418460990 458809967
-145762364 136033926
-808096984 -22331802
376423376 679689299
47534542 577098285
-593751468 -150922203
-657959810 -254823219
-848297824 481017671
-83182763 517597823
290980173 805678986
-2234846 296269689
31567820 241702373
-972948467 -665712066
-621202283 946502883
77533288 476355407
-141631554 700417972
-598121262 -589138475
-258070411 822554617
-772176988 -393783015
-599148126 983789918
-302634809 -237965068
-955797541 613516246
-336479049 11018423
-115770011 237704199
-173852967 -172686865
444853598 691033303
-710759971 867496130
-544456329 589893925
-509562392 -191441944
-98845297 595354928
429246101 929001581
-918840099 -32882002
-361155366 -272101286
-391968985 718030059
-644374587 544083742
-162779905 413042155
-858346480 916558503
-334953485 596383796
-790426918 877756067
-857508541 -55237599
-777132578 55707522
-532400196 -492170969
-945734406 108631066
283177413 296121367
451897417 730356888
-692081964 -234171469
284862877 616031282
-110693586 802541373
-4808012 136679444
-766131261 620308521
-79526398 601177225
-816735615 -427034897
-506671352 656704682
390165281 435787915
-537420384 -496598456
-33094990 103770118
-504459897 -59538552
-129497464 865097656
-882045215 -608355117
-323216009 216676291
-776194361 733991282
-917938567 692910862
-236248024 258781952
799921461 993448860
589810842 853410494
-430204931 -260323504
29797913 839362561
938406577 998055475
-815879171 -151215601
349445920 540885361
-762578249 -354439623
-765776447 815604435
-697722547 851192674
-803452758 430834172
-84386734 743675369
-583347266 772511829
-674086485 735259718
-452681182 174284053
-366279396 995095347
145749036 290238272
10869374 250309144
-620308277 -425795124
-296418753 -156082076
55818366 931317290
-962868183 388063870
-842108194 854603946
-622243354 981244528
-105913027 -32922905
-692589447 -130399674
-187710556 558830279
-751035022 -200162379
-720558252 570254836
179401309 669050046
-645651917 38724988
-818385488 128394115
-755787189 455126771
-971339133 -519607917
221897341 935911026
24033860 863631630
258310724 695697511
-853810563 -850121280
705184534 981503179
-262322869 13659795
-909317389 503273642
-948042728 -199990730
-725935402 357809799
-48772536 246705962
-577019026 205026112
-557120341 262174030
157204376 695517069
-689642610 213210876
37756485 872073203
-998964840 -251629738
-425928788 52045858
-805374906 707645046
-707287738 846825343
-559256795 222197885
-206760849 897816271
645848015 675214525
847654493 886607208
-354703820 319211898
-764913300 988510974
-68298644 232355187
-351163862 417164344
-571391318 271014873
465220441 964799145
106089437 856358998
350891166 601481055
-407760766 -382314540
-674722649 505330299
-222686224 357134232
-808071944 -634580810
11461534 113482644
-337252086 -77987145
-454007168 570304911
-621627835 228065391
108329098 114271577
-115037075 568339498
-444299755 177669102
-296995086 -254654102
420463166 677334602
-559224908 -109568186
-771338933 810767740
-932225690 398697843
-413679509 207181659
-208528120 342630994
-436231933 339148844
-837325782 -429997640
-615039271 187997267
-868206804 -716713280
-263378019 778454293
370224642 867255905
-925059792 464535174
598880236 648997463
-139764615 683706383
-412313901 372225837
-878465948 -232049160
-101849258 835175851
-792846880 971571036
-208374495 993914191
-718237585 73019327
-922944575 -55043339
-120650935 474507369
-823112215 458941327
-154969505 151330988
405747632 494509369
-188269693 555841029
402242735 690168712
-73431914 212664084
-759109170 893882660
-7420034 933894056
-492986990 983711142
-43919604 797011501
-266373675 -249676056
-398913642 882296589
-690143445 -401284011
-780059092 804394972
628038309 920317696
-528865059 489463734
730934603 958026114
-846281226 -410778104
-419719226 -13837398
-688963781 -277126428
-780744818 -442907280
-281549095 684173074
-951972045 241970828
37358816 482321090
-700822105 953581319
-336807133 201215912
-357508720 -246458863
-334539800 523989576
-953624013 -455484890
-787430336 819029016
-284658847 142721116
-353414795 526512991
-964862234 224347706
-693026560 -582779338
-421945238 835099147
762174796 804373468
-684149203 -251928156
-975010944 -542959219
-643472982 -563578587
-905580879 731024183
-856272459 -488991659
-287668768 208092830
-800608045 -675295741
-867100689 -811259129
-815595319 128706771
388812471 998560017
96654904 245240552
-830265648 -399833992
295538199 407186466
-828709440 -404720219
-902136133 664560965
813679227 957953183
290347659 361939253
-915932363 -538314091
-473236657 -164530365
-478236300 226649195
932759441 995489011
-741155009 -164539917
-560965186 -550017802
-156629442 684109598
-32016117 843950381
-137266358 543884891
-503881395 -105957054
-617193054 -47260966
-88645383 150364447
112876043 866991259
-9158751 75896518
-722653773 542518715
394670986 854851643
-859914387 -386629380
-616313673 772836059
-848118123 440967766
56791431 904396190
-384298090 645637801
-150951634 42300809
-762558801 252940699
-649809158 -470216156
-323739560 471485129
241022802 940025665
-583612567 934227778
-885239430 418108228
180137933 408104071
58778643 519445067
687356309 746865082
-991017573 -879093337
655187664 695260287
-548652966 -249189899
-182976294 203883886
-217767634 -184822503
-598284653 -395641364
-348099319 923614303
273638191 423545279
-747232602 -9244154
-85797654 999392526
477868665 952360994
268272600 946623781
-503089092 -320132963
-146283032 11693976
-79289773 609161889
-313519147 -231266920
-768690584 -109553098
-710269858 -248805800
-996800394 608058563
-409075066 257385658
43315848 523427390
-470632591 -268673525
-637549697 -343222087
-135648544 142519113
-897113888 180447569
-992107702 121999063
-662504194 -475238065
-716255734 -344543878
298008396 509748526
294233169 637847333
-540110413 -470463701
-112423136 56298606
-87488582 926623282
-859750846 519771962
-271673171 336522037
324797621 706940966
98359358 119107885
-188283443 453481942
211534149 604279649
-640911799 -358978776
-292967491 -195850819
175905056 760205115
-294684506 124766307
735763025 879478430
-852596342 -618235894
-911385267 712334405
620497596 981836121
-716621306 688539114
-605979992 412480071
-371652394 -209919631
53671798 895966387
-903623953 536953376
-917959583 292108532
360067965 867429908
861549231 868075818
-854117935 570105026
-303916646 504223412
-223403267 -203373965
-935301275 -256004151
-301864212 48237356
-819579119 594526943
-150749233 154393019
-918615150 -839744637
-235932055 552144064
-84637848 679997534
540591529 771451099
-755442948 -368467597
-430591660 -404980385
-536203037 468373119
-470247761 312703547
-838122531 -215390566
-705328840 -136698319
28378762 58791749
-232430573 129873983
-399560593 908810621
317027999 781627867
-207197791 965046909
-987164679 -67410371
-994421593 137099240
784856472 794741842
687070915 887871190
-634149815 -121489748
-613743228 715861218
-53751258 358880056
-987716726 355616897
-218244730 787861956
-348163627 -207204011
-363089469 31526422
-856732851 -199456841
692518783 944281655
630141256 876989468
-334154092 311398702
232148647 379771447
182921573 365477363
-387438303 714835909
-685880220 -45436189
-282563947 950237002
-472443920 112701084
-53977624 230545438
489901980 599956012
-972866383 -956724654
-588625583 386763881
-885840847 678895437
-594523249 -280750587
-319279693 557747436
-466093621 28130721
-943808819 -792308353
24330458 341642200
-837721592 123557982
219301081 820926797
105660372 574429758
-513112559 -352634248
909707005 945790451
-824897032 86851011
820848361 866899538
-508858703 153131865
-960134040 -85758625
-707857162 357262810
537288150 903676841
133823375 671950139
-321787943 371708474
-704354819 415860673
-939685644 -343839365
-594705350 908997230
-881778233 831737237
785416640 972068497
-44226883 -16989064
-894093560 -864143565
-256276263 898408130
-210108340 22097126
-771134215 -252951857
-871323615 377520677
-943707897 -88825760
-612137522 129008100
-873403650 -563596961
-896483465 491688219
-946615473 -203436076
-753374042 765784621
-461467635 699842024
-816325579 -488537534
696918208 871728808
-932656732 368085045
50683738 533475069
-336371486 371052537
-813274563 -674380847
-180238429 124488295
524895913 796999613
-638214340 753077698
30560760 70978044
-551587977 643048323
-977104350 -410972628
681545148 803629031
16094463 679335887
-431330837 -123497206
41411103 395926479
139234474 485960323
-956069216 417773962
363431097 399330812
-593072040 187698463
-298985375 -154624178
-639860202 599230479
-853038932 541037858
-909985162 -317433159
-823594136 -94113682
-554852679 19204755
-844980089 -494754970
-1769335 253551953
-19692309 488142888
-579168200 292243691
261342070 619877918
-258203045 520539800
-667679500 -165313262
244712762 823633164
38455393 803753998
-922886985 -695164904
-730161966 -114317519
-26975932 908630443
-527610542 -161404426
-986880288 427461330
-453578058 -361051049
-481311200 -375831382
447191256 847448926
-921894122 -678453955
-299783989 -282755018
-690236993 -97407429
-610261906 -531680256
-924867913 -622779514
-151956796 974342998
384491674 878455338
-975491266 669995705
497015888 604108663
-41710378 294026176
-796753898 -257765338
-707270365 77956525
-424742284 817228432
-685345551 -74737810
-879511615 909620623
-569682731 542362624
236786572 585131219
-238852985 435195212
374238180 955486338
-482836999 821101128
-61339452 84431243
-212104300 98456517
-768800768 441715950
347106839 906389429
-931405654 -845463986
-186614951 -29613739
356673809 594210052
-794549453 291256830
-338606592 282773122
-933423184 18906773
-336677416 268088489
-299160347 55378074
-610341520 -389308889
-935229412 776185300
-748725209 -721840733
-632056710 -384009911
-490611302 987522199
-195555241 -57974636
-798378736 -641010759
397623040 607972058
-653321310 132919002
-147178875 576322402
-226039556 166366410
-428378972 -247218824
-477940727 -201715453
546665429 638124188
-760117783 867628093
-558097438 -189134381
-597786924 694539838
-604321459 848018630
-139684979 500442913
-957203681 -780859265
-943238506 -528075125
35945838 318371589
467479229 873151690
-804038327 83831260
-307238267 291765792
-842336862 816630245
-860326808 -673031715
-636253035 586943157
-509818210 378249716
-386162802 -39388296
469859580 706282574
200303591 709319959
-627638882 570958493
-711126601 771346211
-741339197 -415302945
-535849770 -461158234
-752819822 -551489873
-872713885 476491922
-869770628 965085646
-549203210 97986663
-208773070 -88094645
-326471428 -287418641
274732203 948785890
-516893878 -401039432
-786406991 34891631
-654079385 309977659
804802318 874444580
-126209892 -103382987
-915060978 -485892114
-939424702 795363502
-663945985 692185530
-936931099 769242525
-932968348 595188508
418318115 853014498
-678689450 886721118
-4383538 682359149
509077227 904350795
-296697412 964918616
-823041034 907519627
164043826 785207015
-359223506 108013602
35736375 58652362
68594029 170113906
-96298846 351174233
-27705669 106922226
-857263420 161737740
-481297446 88479143
543197978 972866869
-979591891 118201897
-726158213 919962859
-752030893 -104499455
-476848503 298121353
-109138977 439350999
-462313129 670404810
-188198372 661352512
-208428537 890508078
-663242127 -328173503
-443322142 863598022
-858251659 -375755237
18614937 284067918
-106080313 421100139
-547930787 -229528267
-596990198 556053895
-111529974 659441851
-72769915 544896826
-21112636 337150695
-854846201 -771288112
-570217169 -530309111
-891517551 478417861
-242691014 947900873
-142281648 503848056
-723309249 -270090453
-872483627 153780990
502202711 658791071
43858126 981850942
634180407 902839013
-727831502 -67683842
-516361799 652778479
375313136 513849551
-931850160 -708014118
-204303464 499263959
429770672 944047921
-984779179 -599382859
21692887 222030747
-637080500 654530068
-520334564 52647022
-745758593 -77846085
-489912832 360736373
-97308000 734114180
235064413 414280486
-641320043 602519470
-636527266 -53450282
-567165179 -431074772
-949439408 355731975
-689324651 -138472160
-149954656 490496795
-367614420 485057638
-223709653 265959419
168006610 636038760
-184180303 283073613
-960311570 -723236739
-430942438 -49956929
-608068589 -67729185
-725898923 -294697936
-380429596 625958998
545621499 697819769
398069815 824416745
886559785 914664422
399807354 543614342
496491737 564156134
-994772947 -306048028
-421924755 45358470
-812785077 -69783901
-316419096 301871354
-488645528 862181483
-787741870 -482449367
-198668480 490135949
-320676089 333982570
-368710777 -158899179
641493659 735472183
-878164843 -817580974
-802877411 369380366
-900645878 -262524092
-613203437 -198903344
458373101 593356987
574316123 780706077
-44158458 182548763
-574249253 -132613695
-828302074 -768275572
-323340486 -190586093
-186864148 89334551
-767853533 963824582
-766017407 894388667
-780166871 -462371997
-329888072 982299957
-175828248 608408821
-645060220 245294102
-361724220 666994061
-464700057 895532873
-329132474 402589874
-692952768 -80038493
-974035787 -535409010
418480513 696079701
888077613 908506374
-82230228 546106901
-259768798 234339359
73711406 809872827
455046484 469368245
-350362043 646989744
-114490000 755148665
-913144915 892884267
-921622019 674121318
131297414 475649649
172441827 566706368
-444655686 849485284
-766016191 843911966
-761660197 869272304
-625226389 95527113
78083440 453848810
283571621 686820451
56137574 169980254
-717446335 -487357930
147286848 786662316
367346284 603800326
-942016499 477671470
-853748112 350860972
-35188775 145501962
-986203254 -935507011
-380179375 652504056
-725316255 -25737261
-180350824 474491923
102190288 727493144
152572724 306472887
-863672483 134010580
530421587 586746353
59957759 305839792
-613179641 886058403
-378234846 91220156
-416175219 904740158
-943428551 551909242
-263325627 544830205
-181627479 -118889307
-632770470 921043647
477665832 493103261
-13512977 701560604
7270703 387089098
-614391645 -18999133
211955109 945563183
-526751899 626868011
-976743831 -515026882
-217476005 151155213
-919934803 397915586
-953263115 146078643
519859319 600112344
-401130677 -265848533
-898795824 347345507
681471373 865451707
-40533869 352968164
-650239032 -139386905
-501164908 733882781
-121464566 501469994
-779222077 -101810679
-880591966 -253282799
-138686583 -137225044
-305257806 441811478
-967229986 109982835
-142190565 358726050
-604259034 210369872
-64000197 383280419
-51423416 234672276
-783490541 -573193808
145038654 487764205
188915854 798399707
-691079051 -591698458
-776160806 341139434
-466299488 -37154341
-128886625 841840786
-728513374 -564251464
-782030554 524582882
-790548735 115360445
-261081343 907287742
-708323917 -6841558
-991724204 938906642
496027650 778715066
77735020 453521234
247603205 325548076
-402042657 281357955
369428484 463843661
-862699809 39816688
-328019535 777514268
292342696 583996847
-173206520 323572901
270898592 565962506
-450961760 765781772
-404703905 620804118
-837781895 -724350546
-35009028 668497331
438869247 942900815
-763099036 629454089
-170748017 571233001
-844874960 517282846
-985800357 -475111854
-403862486 852207722
-809244752 -298008090
-843216082 -243200363
485250846 799806310
-553451466 222668365
-325402721 -160913849
-783980178 -418542291
-82617433 205710794
302409289 873403436
137525872 172417888
-809777216 99439535
37654281 664685691
31102522 526428173
-817396226 546530800
-494404392 546085586
443996411 717745429
197767193 651135288
711616552 824849915
-450074746 -11253959
-532044078 -36018485
237259861 970710431
-9859270 199779022
-897090614 950009777
-790536926 -226065640
-886502103 325691395
-165117137 696979387
-554197880 -149857484
-33270541 253342612
-90294193 183626040
-586016548 -100923903
52300244 713215326
143925415 885778044
-433691571 -88828956
480654713 492392382
-13463340 684101764
-389691809 377635035
-271507210 699581254
62454301 924818310
-111723488 119624254
-816340379 -443950755
-647038838 786437994
-814199227 -31569794
-626772369 641821034
-794965230 -197921250
-248400329 100899277
-467893716 991484432
-516861902 960811069
-517787826 947042986
-570146635 953383649
594777853 980496279
-184547814 619670908
-279125939 843039164
434805314 444811200
-732923053 -662260517
26076013 731224145
-697268776 -273548674
-978971201 -887939932
339463998 845860417
-304704565 201034719
-887207382 213039916
-870997295 654124201
-692540237 800346792
489416849 869602743
-688726757 758869894
-372442772 -39953302
-329238868 825310195
-495623686 -317524480
-319018940 251823320
-839711391 -402409904
62466195 594348856
10245799 298332077
163092991 649414752
-946196557 906386944
-785009484 599565429
-58738735 73387861
-311557959 5133285
-762805154 589759784
-145187518 -126235078
120735115 624312823
-441596278 -170621572
151038945 509963681
428729661 623188138
-222296251 762660678
3305100 879747677
96228513 153256568
22608659 573909903
531724362 774280041
-558489078 67912104
-147852035 -142335997
-508865470 146815770
371948294 403307665
219654439 684479563
-818011237 -744354468
-411736909 548694647
-747550912 3464679
-361536770 -87814292
-911774432 667600018
-435421295 758539261
-679112561 103864617
140444230 617555356
-722089332 -321929136
78396616 89715901
-909181206 512974883
-461224807 636659865
-167614983 813460172
819865567 851138145
-297611322 -270960737
-794821449 -178467847
-246107711 -124742125
-706476165 -659220477
-345723699 812585601
251322990 654974934
-192434655 33016010
-62115426 872552010
542858407 983095807
187110639 953605923
231853137 287776322
-699915939 -223138328
816904014 880037886
-719389315 233675578
-179136829 867894055
-961024105 -685026392
-694398784 24767805
-141937303 253731844
-461164822 657820084
-265494723 903770467
-548778440 150618790
-568282912 789794596
-784514866 -417257794
-428200339 -204159092
836045070 953082001
518728650 717849105
-669569794 -188873508
-704536538 11289331
-259697046 160274318
15214834 772930887
47933954 612561146
217564913 582589232
-946952841 752498581
-382485502 20857489
-741029247 430447124
758699180 792372731
-994719171 417570139
246255839 787485952
-719355903 13765009
-325879343 553053217
-314463121 762173658
-690312132 -401145804
-368963794 718955555
-854447888 -614281340
493974945 691018224
-860650176 885588950
617283967 812414838
-125381322 884220403
298068835 349492622
-525856731 -32336418
-820783274 71779726
-911123846 864274382
-22786600 847922159
96100423 212388782
-326809367 315498155
-580510580 -31310242
-71148737 776101821
-595662447 -152437743
-680257442 766617348
-737766969 664744340
-375440119 314080950
125539670 254674918
-719060478 145177115
-435290265 355034837
-576961283 969750107
-826010653 -3193126
524119222 969436432
-976986735 808562523
-645203923 -327865842
-684674931 -617165243
238772904 475725072
-40524140 266137488
-201308439 565707853
-504928705 -394053179
-453753067 328807553
-991280867 851829668
-210692641 685714168
533172391 958384259
-780758308 -310291484
-164643677 92231057
-819179502 -707343483
-253519540 -231076359
-87021763 149005135
-973473861 341365861
533210470 646168547
-849238637 549614133
-990280709 -911291028
-780999901 -708571843
15662764 520308407
300187589 640072792
578167267 874733916
140263176 247182864
-332996710 -283229766
-135676994 760900755
-275386603 -37736728
155465122 261426499
-541992635 748914245
-517559432 704505305
464502335 790383527
350828093 857374273
-703645199 847600725
-267691044 391119607
-726005874 -611599294
-86481487 556632741
-876263834 -164480178
-972204158 -154267571
-61344362 62757914
286509466 287532805
-133416343 636068652
-992552394 -9207646
-303611096 356587449
-446080590 231524865
-566678067 662549566
-162830372 83670930
-497801588 -5844922
-164188730 397424516
-997016722 -129938426
-543543062 -475568463
-908528550 648661769
42496893 184801951
-97841707 400281091
-972861212 -818768471
-839074724 961322437
-774384818 -710670132
-558313584 338747306
130502 931661936
-307973351 215280712
-275574220 339421139
-509586171 245516541
-599477169 -336242136
-835315790 937745688
-684335524 620911907
-546632282 238949748
-702754588 673367595
-322903114 518338034
-283321494 615030781
825207351 883186388
-474968525 861901639
195915684 308885700
84299094 746193200
-269023224 -234413891
-546427501 951441609
-800040161 -90386656
-310121894 -99925635
347461923 921292091
538491805 728984712
-473783579 -237473055
-592715413 -388202499
-768706223 -460184544
-822687318 -522495823
-568625238 821053106
-245135996 156167143
888200710 929768162
-671098579 -271483755
-978287637 490278843
520848464 526653675
-353004065 -266582841
-326496709 828668741
-483402469 -149438149
-976067869 -625380484
-617644654 374162167
-710983733 697452434
-354290595 769664783
-581306867 -104876185
-801988387 -236784295
-446162095 984906628
921113741 938012840
62443771 333447084
-8456439 582891018
673791711 939542163
-440931555 524152588
-674312765 859537768
-325741585 227699630
709222565 894954478
-31089163 915905292
-983280975 -649753979
-927837058 385961226
338546805 484620154
-831732604 838005377
-974615827 -66207650
-691799718 -689170403
-909474318 496167569
-481749092 817497986
-102380689 148556021
-822537396 286985603
-752115819 -85134713
-337526470 722028647
-732276732 325690987
635529241 861376249
-691760357 -216236954
-936110276 176918174
58058298 439018932
-895087155 192117285
336442969 415991558
-807252109 52740666
-960212210 -5302993
-212648639 -180461058
-936720665 -879036706
-639262764 -152492825
-4018626 351230743
-101109157 593142165
-399081532 -73396260
-527332080 134624911
-313098874 -148798975
-323022899 790091465
-571344417 406720877
748865149 757527857
-111244534 272652244
-677250115 22645896
-548935230 -154308449
-506338128 537161041
-232073935 785499626
-158943107 114263822
376256503 865538948
-163736042 585498851
-821455249 300500793
-741641807 -229207985
-376122619 -322424509
-24410933 903375359
312447402 815653364
-502018749 559318912
-588432369 -479479492
-909506706 873106789
-450594926 577520228
-667056583 -180697762
-484692571 315592408
-976206551 382054411
594029106 954333696
-467043284 268928312
-52866652 186787505
-469294026 -434304345
-96563828 540738311
394307753 796572231
741595743 751838865
-916826982 -214731772
204925577 568979732
517869504 854526918
-513201922 403250332
-52303018 285859168
22602868 351917901
-373547412 464197988
52873699 976588205
-508193447 27966131
-598436168 -80392494
169251192 805900123
-499941212 474638170
-351456657 554350803
373092058 630485574
35348046 48619445
-234351519 179300190
-271209531 254927056
-256486966 114550220
-195952235 79012683
-180646381 902356703
-440004484 -117539867
-769285448 -296400564
-796877915 430157844
-943323324 65709870
-749220239 313285604
612114999 941302367
268308950 919925797
-656258330 483566138
249449203 270499955
-787061199 -309002952
-6527167 417236185
-813065802 77165278
184420658 890570083
-806512540 -469547220
-812590044 429554246
-424847559 85820903
-595929883 -151569120
-598699961 759643010
561382863 742757402
-922566349 -529570698
113476020 594733772
-614991064 290523288
327320632 646834011
-661455614 69726348
640211515 704676299
-510766521 861903113
-594143749 -371457855
-156164081 903335446
-306918133 721984824
-399327692 385612155
-798336192 721114624
9736491 257018475
-761707190 958029986
-541890142 215093463
-757518693 267522280
-633516631 -97707849
-740717308 41421377
145690232 276224750
-203475836 796781510
-570661721 -343900680
-683496865 -544192340
-445099408 -259718765
-841290148 806654644
-504990473 425426474
-318646295 -212061222
-147196243 431414125
-102825233 698148947
-656287652 386773678
-251004869 346959152
-95227156 879366980
-207171474 -87268775
-291683306 172177228
-615558272 790657104
355637032 584853129
-421051690 398000436
17525195 424788363
444108659 537737201
-750002946 69109987
332247000 870196179
-568669960 821567210
-55605587 817323671
-779132124 234563941
-532141507 771711532
-202778789 1385141
-926366455 -882527369
-929621984 301026404
-367846167 -328412379
-876762280 -668745688
-593694303 -38776583
263314705 430138561
-930434085 113107790
-841078370 518477817
262162780 473406210
-335287387 212063912
-906593753 -856624717
-56574915 320254819
-916099991 886013931
1433193 744777263
-737849111 522983023
-878490935 -574482002
-638044959 -588683814
-32849894 599741766
427827577 894201826
150482513 751748515
-35505454 681192084
-391154600 -235615369
-382377117 864662452
-407831651 964352224
253207301 774272172
-773304270 -651532278
-697297691 857988528
-906789252 -290919726
-681832545 -171204230
3878950 197338188
-379140426 518680506
-26285097 157465490
-431033952 600179768
-189197928 958597747
-316689612 247050484
-205729831 418666506
-817332199 -23821981
-737879584 -326693093
320665261 918790623
-933537038 -234989097
-538273263 229945366
-756425706 584940155
-128681617 -54870765
-772030205 -396475133
-553275863 993138487
-207539650 209843298
-573528420 786380882
-610219263 68219248
941061446 974243726
-318513577 747538471
-937011233 -595013492
-916361294 -100107459
46331968 278773670
22247593 671296296
-574287019 -385520245
-570625470 752948165
-929953002 -527178334
-598930299 898042268
-709934 797307921
-920524346 507368603
-787781297 868780862
-624326943 345072317
-803277432 -356539347
-707395773 716597891
-422479739 959420286
-925565652 -73772295
-781367916 464643692
280471966 791372487
-957806835 313718697
-329957453 616440095
-188040859 109573931
-579972121 420328181
691597931 781600277
-573042998 -363810894
-984352616 -955563199
-612334628 440612271
-683419560 349646148
-959866409 -146460733
222286992 836999267
28783079 718336431
78696482 462467285
673549362 816538005
-772663208 -381155016
-561661392 803177722
-858244906 -541571895
38118107 513287196
-782932927 -451108383
121834820 947999758
-909280960 -678207220
-693671800 222488391
-837669165 -12881440
-717621086 257055918
-823499512 -714638661
-816324047 -694841621
698596779 783517273
243761623 774400799
-626721121 -486572070
-750018086 245833453
-145385584 1346024
-690593777 621251511
-779725889 -474205712
-400160756 820262385
-511029724 129150639
-142747851 755224020
-415720170 124370211
-722732397 15457918
-999858805 919361816
327385600 603468681
-50704544 156882090
-424838014 -211480280
-189270683 192879523
563670174 689640674
-959231486 -283915520
47179754 762457686
-477619609 -170402158
108886190 457189178
508790323 856594301
635460890 963049044
-642042875 489988589
83319732 420181022
-739027078 63384035
-750041268 137636877
-583986512 -74826243
-211444645 10335503
-32866753 112361319
-645186883 -505361590
208255007 348110526
-486316629 957213056
-536670348 -408434216
-479189339 110044641
-977140178 596822118
352909872 378355513
28039510 574654683
-638950401 243645739
-989684213 948767980
-710897762 657995250
-664216406 712998412
-97277942 38259009
146300050 721561930
61361080 937367551
349147991 607193594
-668909183 318005282
93114767 948659367
-439599109 305522084
115915142 123513950
-40028509 571560206
132528028 721844488
-732128443 -87606750
-224386650 204898270
20710894 141170203
581958182 620889036
-354161502 517986240
122931748 682755598
-139363125 363227368
-633912412 457512380
-557557381 690678249
-947998315 950223059
549832474 905881100
486172813 939117714
-972756846 -754290790
-486371551 -173817564
-685815463 840745452
188191435 786715455
-238654546 90351030
-701763035 -421060517
-797776532 657134683
-842897129 -344206577
-369883058 806478513
308944299 943529284
-343846551 967917157
-931430431 268811585
215659342 938361906
-166152931 355893002
-671335311 -658800105
-580615459 -57263648
75134584 117796373
-993635412 892706549
-580873431 -173892094
-361775933 -352593848
-549195514 -229236068
-772565565 413376866
-527391243 64245986
-443125701 790807668
-114124877 -49049056
-831749510 468215506
-974418624 -231259563
-773366089 -27090984
-713692555 704318149
-834699183 439080968
285237265 458745039
-450050362 852107134
328407015 781242101
306639129 399367565
55354375 992192418
-294185429 847359461
-674748656 -212784712
-896036013 252075216
-988296343 245389115
-674429554 769556722
-366712605 286115026
-969008374 -853751907
47780771 675977078
-707418261 -164877426
-711824666 512580371
115917139 296922577
-799244717 -113525577
385828422 845309917
-605915923 17093988
-529639839 348992016
-850082837 -147619803
-183064481 527384318
-615772213 -10546280
-843877728 -137539669
-997020347 649084707
-648544609 851003311
65617927 365636609
-903994416 209892577
-688146437 946359592
-155801523 889960340
-431821019 -348255034
-910251574 -131027385
-712994838 -201299120
-393387386 -91742096
50833208 614886607
-882938464 514399234
-842961767 -721831361
-477412086 970495896
-133035254 894489210
-932117063 -644126585
310692981 443528408
878001839 990468521
-801855493 -475208895
-713536967 -21738163
80023155 108419832
121751921 715147413
-797905062 828402349
-636033835 29912211
-844740555 706063076
-606267060 -449043956
153254000 264087108
566379777 849575779
226246279 858125397
-447017675 -115408925
-482241694 -368348879
-239209933 286024027
-808202494 121905136
-699331103 57499091
564139598 769705463
401019510 430688576
-994059651 407313290
-345920219 920815221
-553125144 406148181
463640530 717709766
-882995757 700943625
-832227064 -14423903
-274117431 -159486442
-928982156 -547293052
-286170722 -123086641
-549340363 -452417978
330851286 546390597
-420474151 438904774
-2615041 988782919
336123491 782425928
762315873 976312870
-976664431 -347564119
-485488700 348171939
511741750 949575240
-882077643 -381100251
-149441359 401383419
-7165593 957899584
346438415 624070197
635162806 711957254
-911854416 -900213587
-907633998 -77944196
119566218 614621435
154150483 803668548
-372145476 -138182203
-646189909 167145054
-390554465 895849105
322810190 788812332
-512657056 -489707619
-525468386 749517723
-662605670 466451622
-746370422 573410709
-636617564 123322562
-70772927 386420793
-152510019 654352318
-69070255 899496113
-954295743 707500770
-740998743 420559088
-887385221 368925874
-230336767 834154303
-949673594 -839378685
256989111 950568833
120148073 524190832
-422532091 953085647
-91361879 642752308
260698520 302660183
857535764 869503631
-265063619 527211984
853602606 942690017
-110715027 669596777
52587536 805674744
-27105018 304257903
-527257842 -313404892
393558379 638657286
-223828173 -41205994
-623266772 -621361179
-211280895 597223281
-298467621 826473088
-49681950 632249521
-52697428 684465664
87405993 904195524
-189472217 11174560
-961704619 -257987928
-462075608 163880325
-967773505 637126781
-532786303 -159338490
-797744336 893671705
187281812 444221624
538146955 573051199
-911383121 -708952819
365632311 846849142
-606831445 -471602804
-486200638 62774936
-423214046 -380705219
-858575953 -3197408
-929305469 867585664
-909456391 855189748
-442418735 -180601137
-921368857 921729154
-359027777 644077712
671428117 689044749
-557973873 -281771590
182464751 838338097
-351452871 -145449014
17707948 79737322
-680750350 -42000650
-63528920 263433680
-879242144 116592817
-558517360 590386224
-865703467 290159200
-437391370 98269379
-961555925 169054428
-976495584 18895407
-483290533 -425742685
-787799239 -290121458
9510597 419973421
-347573844 404729118
-851799799 -185319744
-643233899 -252503165
-912549764 -557927482
-745804921 867722583
-18248668 299481892
-394436656 571581530
-473309696 654583506
-35032747 613185088
-567560472 13441986
-646794234 528842190
144640520 822989552
613051264 723107778
-612311164 -129755838
-104773736 43268658
-623861267 961587060
-897332526 943250140
-382291030 700883095
784160879 822316444
-986571983 750901992
-64860830 59883451
-926319449 -865967224
-989944389 -728333400
-804050989 472378898
-981691987 -840884685
-12222717 608865367
-754594249 956333410
359103022 909814380
-603317898 -511137486
-487188434 951669275
-752352299 200582678
-244010245 520714967
-511359811 523187980
-692327828 -465976731
475983994 700129637
-233263359 948016751
121259246 874934666
719520560 998083434
110814253 743532759
-448569392 420761683
-443708125 391102601
215390501 640793370
408831352 921250347
102599683 754825888
136907392 838894597
-593343589 -583685829
414171902 446675983
-855383977 133172763
-490554151 737779227
-803446484 61224110
-960047167 296750778
-452987877 892391680
-800368745 679163747
-810905372 572037562
-421879412 -411461737
-480784498 210029464
-649883478 671787566
-895778829 -666260493
734915607 742434662
-784313172 810281280
-390691897 880132159
-695962665 811653978
-787772387 -52339250
-846866037 -54283415
13331497 472597562
-794263541 -508715822
-602726878 -70557840
-940214916 -43737200
-933060604 -631286676
-722484044 -258933461
-848001324 197896864
385575331 410472522
220329958 639789408
-296104100 704700325
167766250 199933772
734010035 781736903
403250159 726832482
-265788880 993281307
8068182 968342198
-920661711 -261178127
-421759485 242600682
-741565456 544105874
-539302833 -298068143
247494881 884990587
-658436997 717025641
-870478566 583475140
-258325798 903112917
436868997 535569829
-748534403 141644178
-270689408 10339490
125118684 361032654
-288265524 95962385
-808154687 -27890127
-883007068 -124490461
-259078465 939857132
-383972149 89742757
370841244 798214916
-787655195 772206890
-89599101 532999966
-646260151 -87884612
-188498692 496559479
-715159520 596374500
-614369015 407132948
-775927776 -456741384
112039453 947454933
-915414196 -451312253
-487604028 -142312901
-742850307 -277713843
183153575 467371811
-667822198 553822860
-985742144 -199969003
302337866 881935344
-312408965 178242318
-688599984 -498863685
-11796714 723864601
857476873 996446296
181953486 534808926
-599681415 408773688
-18025551 912425964
384891989 559162308
-562066822 -84061155
-854713020 853589627
-104188347 738061965
-561918814 -5227817
-880953521 -471254869
-109947963 6919823
-662073364 25027842
-13548192 687685388
-985575895 -33291505
-260843543 110096345
-569177136 718090123
39542774 95879376
472739264 723789015
714434190 776911433
384789326 993276589
855542403 875137996
-594732688 379950276
-895065684 -582193544
367396573 523831392
-267376426 360459392
-626400842 970656283
-79830116 587558372
-911283884 -113340712
-513104244 476479694
-778320039 552228007
-833303693 -466890373
-471538888 690190707
-806635867 -547822291
462954686 552977436
244460172 369015623
-259873275 295928573
-66786189 818938243
35688112 205750029
-976349961 469402564
-201348056 -20146586
-748298100 528182054
-494060969 -435660297
-291477599 611870548
-243816469 949461076
-864274145 754979595
-859872517 -625630745
-858174691 546925601
18009787 458130109
-403323193 -328431964
-371182683 764224414
-919795313 761688507
343292520 583083392
-227965356 508965454
-430741792 167871928
-190672574 310370363
334419811 417265151
-313345316 53149111
348090698 541341473
-930400560 360623021
147491938 748368593
230341912 611999826
124125041 636055944
-143194087 772442847
-791719121 907986326
-888419830 131285225
-288171817 545765638
-271695355 -76423341
232018834 768589268
-336367870 -31849933
-39359920 245083254
444142767 447136049
-175389121 191301612
364785817 567051566
-528286947 924100031
-242778722 -119849316
-475461224 583693451
-35965438 13341383
-754275144 -709739382
427666855 815221971
-746640218 23804590
260411754 382407776
-31906992 449519912
-942383193 646591815
-185784155 960878232
183856603 418747443
792365761 851564963
-19108783 487509726
106852061 910882269
-165816052 414820321
-894425668 345144496
-204029092 413850537
-432584597 -328896528
-570548806 821940277
-713848455 -75165987
-941623250 -755071138
13142424 791197393
583783055 931370428
577468362 889569194
116304803 368169790
-775382594 -52894593
-236961038 647787263
-360506008 -328754795
845423338 984530386
233522616 768371580
-311047277 203418388
-244111056 85389793
-296619744 -129212229
417385243 604505973
-427629617 242833529
-247992933 579724572
-949542519 454276334
571928957 978583284
28787314 782887708
-257872708 761914633
-633392831 -257489676
-511327280 6371008
-178539025 362174249
233620993 278889508
643988642 846193186
-352917680 769072259
-937876518 -750600112
-580039715 -570519451
-863273378 386563252
-959002332 -611555320
215513996 785848091
-619477326 402828836
-245274535 -56235110
216823735 478253434
-369670214 103995126
600175006 798063554
-837415233 -434971122
-113626254 466846847
-502599764 984167995
-159702079 967029717
-542543681 -118351218
-440433904 636484919
-957293333 -523835389
-250342052 -126471177
594176346 773881268
23437411 634126411
-953073235 115546997
-951205523 -224393089
-969691827 31564506
-620934361 846339784
-969008461 -962296439
-645985651 -198669434
-938826014 -381438874
-403536739 -41701196
-963267124 326963024
21705508 773203074
-384526707 890674176
-669141415 -351732650
-40512295 16369827
368257354 841400540
-994419676 -630245519
570081977 919939936
-624186705 109787117
-612686523 766811743
130947472 280266673
-60154932 85679302
-500113517 -350165736
-431610670 128900986
-365775008 290315047
171881343 806330481
-452264131 848656052
-382530475 -361800901
-64933671 159452405
-970786961 20708572
-798309066 852918119
145092892 498295371
-936427266 -654879993
-474548974 504212453
603012108 921605419
-350913391 981642336
-604152002 369506084
-201583859 887058625
-607638126 -18072986
-801526979 54621755
89002009 745169098
-721759532 139856770
153438521 377851720
-30565044 897031316
-766695365 135478293
80727081 601715224
-743506507 847225362
-143688374 962784958
45242811 111182936
-219572311 841512466
-818710512 -421092001
-704720877 955383600
-842925303 -394347462
-710745014 -403014540
-418410014 -168798511
-894914208 328334010
71721593 883426015
-661966327 -527210431
-974481443 582562111
-148682221 175644824
-387736528 -30613747
-631718068 -159685315
-761865112 -171929566
-69642578 796522157
-133734740 2945911
-62602741 730135670
-184427268 664546128
543137690 580028217
-884652719 -203024704
-567031070 51200909
-46313679 -2509916
-29795582 749677446
-81406948 480962592
-695892184 683973740
-929004720 -491459796
-872210693 -174820588
-857440462 9935666
-45872317 322865746
-703510865 -507066061
-218178961 410457330
-453951350 930245354
-262375427 292331097
-274322796 637073318
-580599706 -343922541
-9062667 154041060
-718639413 -342322231
208203189 365808561
121095356 303701755
440851353 489075820
-487547979 474692229
-783988405 214279430
-648317157 -619918454
162105269 379984403
-241439649 387374187
-534565085 -426578244
-375457412 -119260120
-583259469 10180609
314967573 459861275
-952059086 628230506
103149653 261392173
-261678541 244168158
431555452 441686589
-331710298 932404528
-893783335 355924242
905857037 908664219
-171812113 474654395
-123987361 906314793
-811490281 -649546540
-816099743 594172520
386231085 427806709
-581167458 474993579
13098314 50731610
-828564590 146865047
-565502076 651818638
-390798555 726153742
-835603373 783547852
478099614 808327541
-990894704 9795077
-478500417 -146515403
92384750 468263486
-844016424 -820601523
-644039602 -436639783
-652576318 -52559166
-724655076 785635063
-491237612 -78256335
-19651092 702829283
877839838 882102082
-608634690 416813748
-220155056 812502458
-818968546 78193234
-976005201 -645005145
-884246360 -782492002
-634277446 18357404
-458851207 -404569792
-34893538 443146209
-610456414 813705895
667595280 957798232
101819884 356206356
-300864447 673802797
-206665572 620520374
803200692 886438046
-971890975 74595368
-677043000 334813408
-52509134 939759556
-884592640 -389371210
-435151483 99085985
-104217801 160812168
-689392263 -407989931
-17453511 869337588
13762560 232999658
-205840120 225342214
-86610223 30245762
-505210799 458195254
190853210 933396347
542244180 940334143
-484297128 328365987
-687437522 -535792210
-684112138 -591766457
-61544358 569658215
-671961885 95396721
118477507 941244969
864332043 969458990
-685978998 945998565
-182941463 412686662
176688161 269447428
29355720 497030523
-753423173 280096930
-923564771 -2806078
506238888 526335728
-619491385 -92037405
-526796972 779798591
-352604606 -149866135
239424292 680450517
-514939065 921984467
-959186341 576272945
-339541944 -705790
-382193997 959741421
392216293 656097481
-918780711 -246993888
-712214640 -239919703
304642935 669250836
-902889538 486751746
-733821875 192613795
-729663611 173483763
-596923163 112104131
796176470 863397668
-933639808 -840856939
673102080 984076937
-966015014 840266209
-742572109 530871416
-47383786 763141735
-974902035 -595062626
-166172796 18592912
-970434594 425964005
-61142260 -44602509
222179857 459484253
-952966034 -447196084
75498737 639198862
-270232311 23765207
-248723848 986731171
-40706054 401242424
-364851622 123424471
94987983 138303948
624383775 813564482
-613532279 -129466649
-677023341 204674677
-57093177 221764192
11606419 92918032
-39511741 670228352
-946152100 967306938
-225645694 691527284
-524924623 927692844
-748072172 -702408454
-492852989 490235981
-663665020 896283514
-495992824 -78168281
-740518718 -409671347
-115692760 -46931303
-727230823 -536231700
-555149638 639556328
-506986006 -175803415
-381167474 -123258369
-989878932 501507865
-632077535 247253269
325931100 760108696
-759383581 241193670
-678807116 -174411530
374605652 901284595
-620963440 -392248
-14291130 964582766
289796286 707343510
-973294562 483478828
-666562845 -547991409
223405659 712279894
403374949 568434901
-703770620 106703146
-611699436 689632987
-528445794 566781151
-805852569 988913072
-363943293 720434755
-939983019 -675320644
764679417 967852305
-202084148 810477407
-557571106 698442064
-163478939 17015632
-279962124 140428842
-610703403 -211309708
-489861540 552064212
-837622407 924229222
-832757577 -569025881
-221770162 143732196
-599247720 -175802583
-374799613 933814439
-937556962 -731270041
-118427775 632267400
-913735642 -626091034
-209369168 -77079571
-249254666 690506549
-324285769 38047578
-549436740 817378034
-310180471 224172243
-983183917 226398882
341586715 694568016
-721270244 -253379899
-534927236 45410463
-861736794 -806995952
-667810969 220612660
-866895050 -502948211
-881625208 -860382008
-685907414 -351691067
-855925131 779314697
-656365471 965906759
-647960203 932609277
-782653549 880083168
-783121702 775115252
534063410 587272573
-358780234 946187972
-544336096 -412388804
-31528476 639989357
-184886002 -29984169
91738306 279362386
-764333270 461982838
-989570420 -585231473
-980379332 -11465939
-891986745 -286053302
-751459410 302288888
-654006817 -412333309
-80793028 461004530
462927141 793506848
-568889750 -76372764
-372480871 567937083
334635853 901469143
85665856 975547091
42972072 740681848
-349768416 978405769
47837044 477331529
80150897 800952967
132036683 522244777
-897294979 209915551
369224666 460795167
-319130857 -273375658
110166523 678161295
-639767862 512816558
-816664173 157624206
-182234665 820484930
-795167503 -448898696
-797034829 -50123813
-189986797 647165036
-743284997 -249267095
8864533 787759920
683557572 720462882
-776268760 -108373224
-561443496 829764634
-857785130 592641870
-657830243 -190391739
-851980042 325325838
523647428 595160636
357092131 492595932
-176078543 -124000944
241337677 320624862
-993124243 -97721484
-700625282 900737693
-807542522 98182435
80017357 965607852
-744843014 -86870889
-730377822 256805278
-84964211 75016454
-308805244 -189114539
-131100924 477099654
-805001164 206934161
-995690160 -802421569
86117812 656502075
-85338798 356946227
-613823390 211046402
-366818777 -360136993
-838200791 -115164203
-785376058 -391048583
557100807 698519340
-980269036 897870142
41059399 872590933
-325068377 508691338
44541817 646804499
-644255080 731254718
-59313764 791949375
-541490703 -342707249
-456105066 -23873756
-331032421 -235207491
219482319 623003746
-732182238 -305789200
82758899 459911653
-753638358 103797177
399817792 485145623
-739088128 867249649
-767939210 -669444021
-280695031 66026426
-760809234 813141682
-825447901 -801825248
-60536587 417957111
-591005822 699225653
-727206770 991407739
-857694175 518855637
-172920181 940617270
41128367 744361536
73212198 160852288
-533361386 924954130
-97081348 411920745
-941633880 333873384
-482034917 657800145
-428245273 -154753345
-709489844 -494635150
-946594669 -88528358
-679757218 8100622
383903797 446264740
-470673910 764517241
-633153382 541901126
21258481 79651701
-206138801 278183737
249206973 869317590
-761226543 740187730
-863947909 124589066
85592209 213309618
190664167 406107051
627200349 963448024
-194841101 183461387
-93098848 -17147413
-383010603 784032282
373130608 961609456
179054595 978707003
-802062685 755741470
-368790692 612780102
-846060967 275716400
-224667066 318864416
-191959281 273839674
-719395913 -440285664
-274710839 493434132
-616506146 -441587466
-137115927 981870779
-497495068 554526393
-226676918 156989775
-332772760 82298968
-771772942 -600210917
299575804 991001341
-754389938 -57501099
-242905949 -215384526
-281510379 591588012
-831800324 -761560151
-757266667 -360604714
-663093885 364439468
-551866926 331727190
-421660422 886095755
518431334 972875791
-654725682 281621581
-592519126 62310119
-705368903 338539277
-424326072 -201258773
-499234088 233953583
-121637720 207793095
186832563 294563151
-692171683 89938476
-421194343 942247577
-274451008 -145137739
-82967820 -57282117
-317456859 -190162913
-928108474 -429760237
616406608 999780491
-990931460 775331146
-629402419 331449814
-429448743 -172690199
-175077861 743165338
-418271232 -329897340
-948956714 -660036847
-856943661 -250704149
903937365 924271548
335543637 845459343
460705281 889998284
-363567095 -229495456
-85857201 713856132
-180208117 -112360619
-702518320 161136212
80821392 261495562
-301122861 350386110
-679546514 841111731
-774223509 780749757
-707722274 -314123647
-679791340 546075185
-360995333 871901994
348755594 394154356
-580739103 -227503553
-198289645 668611331
-975404965 719445618
-750802481 973084374
-579271953 969078129
-412536556 -365921025
-157297544 929817317
-965990102 544954988
-891917559 454525234
-725088344 217129129
-228917977 185337407
-736182325 -667885288
-362581404 972129957
202617843 642099350
117596731 469150070
314172993 997564046
-934403985 -201152124
-391814872 33913901
5352519 169318996
-64766694 234966265
-341466289 140739492
-772113276 32948517
-380836743 -134433819
-731781391 740880516
-328599011 112895209
-135536215 88085473
-360814189 191090622
-279580048 -136483180
227519409 436917042
438617063 714185911
187700398 942444722
-471273994 705532348
267851611 838379667
-548457780 532916408
-800518242 708515083
-804674129 783739941
-582545605 71357970
-677021807 714451566
418657001 890845681
-533991926 138277530
-640249161 -165481551
-991749579 -309218012
-886730101 -330694237
-894576656 769813398
-953733209 -676807301
-907677507 423232176
245021723 746423481
-926452728 -88529093
-373238578 236639927
-888739207 -848090929
-461339301 15792592
-855435392 44775519
632873282 951011927
-468913712 337064517
216358092 514145993
-923052540 197848996
872143114 907442533
509271671 785929150
-982741245 389034707
-162924197 540783176
-996126425 -539561663
-417245468 -245201341
-708358664 67256315
-712021262 289544658
-901463487 331034536
-273239654 221743189
-375133692 432744407
-798758003 329392476
-554591274 188267800
-128658962 639444058
-885293591 712271767
435130896 911891081
336686224 698803138
-132144086 949137884
-969721594 -935085716
-94207532 30673597
-529732421 238267218
-193293086 865055394
-371513307 260022790
-307307503 72298713
-181436180 152443949
-615097411 -576730420
-687428503 285513673
-816725366 -586824366
-280573012 720493759
-954443782 465459508
-326066734 441771082
-779969009 772821749
87091584 564899913
-727008282 954276293
-958149094 18818830
-971516291 -940168399
-585110658 -328712865
-83296791 200171467
-231884017 363792188
59445445 773713762
-611373532 824404579
368289441 800552112
245180132 539151962
195576903 267071422
-537903621 497678699
-121972068 198383292
702545231 787961215
-976834712 -738336558
-573196829 505766962
-637374355 13796249
-658544818 939277724
-165191255 -155950519
687156816 754684705
-596299336 -462861319
152532134 163523042
919017891 980493419
-923315075 953937632
-222449848 419381756
-758991066 46038540
-490244511 662899641
-20192334 311334667
-858780450 480001646
-74767996 241770811
177179002 520020727
-838567559 -135235043
-424444027 908595012
-490807815 187252249
-765233883 -527751833
-751945390 556824749
-212023812 230887892
-939677531 -765872982
-453720672 242996299
-884455506 307596888
643313349 700069485
419592403 498277489
101549976 275497041
-539417548 -231645061
-355306679 950350311
-969803890 -842039404
36281491 219692437
-696860915 -145718447
-148679853 612057132
-725655071 -313643554
-764847968 567762900
-914718276 -812569603
-292307697 -75005435
-977857074 -177261858
629033306 825936808
-702370802 -335983458
51114922 469647889
397638255 612658064
-784168315 211902290
-485045382 888489028
-904248572 657346554
-837097972 854161271
57338069 876756637
-821553025 -345922458
-818554848 168455256
392558428 957661196
-281135076 -192708339
-84723737 487170891
658172283 863657321
-794308811 383766339
-573431871 -296312880
14386758 92233938
-275655554 151907956
-773905579 301532604
214947895 907098881
174136063 854561244
-861678406 959799754
-904529587 286277841
-1193058 114040146
-591070126 324005806
-762451857 520095507
43439764 43568523
-870627812 -610746408
-289088434 978090993
-43853469 358830216
166184757 256075340
-16066809 624647871
72893817 258570437
-582794767 569365491
-246871189 839193387
-431920013 874952153
-987165871 783602960
-633010828 782790796
-603767936 980230918
-685560494 141110781
-919969685 450179840
-601208886 -505452303
-368696321 -295803795
-872175477 -81944497
357974258 794548214
-938234400 -218491406
-206205916 749214864
-898726105 616534915
-747988763 716129187
-662588892 -402077510
175672972 709497291
-221895959 314329937
-642180396 127239205
863204901 900906231
-754832095 44378517
-22361534 734292448
-965454953 75890633
-594872024 938951544
-448392153 -179700676
509362219 673705288
-636274463 -378573516
-178473155 404423209
-758358015 485679277
174579580 475235437
-466013022 411935426
159224039 799060994
-496015274 642293768
64563328 901811666
110509012 536805997
-965362274 -548605937
543891887 731306698
-748258246 408455979
-531188585 373558196
169462609 813887039
-625799152 934207619
-262764531 -187020470
520262679 636817849
-830699007 431639203
-798138978 83267956
-101078451 521863783
-321503459 955753966
-828411449 -47144138
-667849660 -74340140
-331956355 -139129999
-669704848 913368556
-741292922 321896480
185600972 327050168
-455196739 769145942
-295322904 530540736
-715941878 147761986
726165723 738430008
256216929 845797822
-840350161 434179993
-876433015 -278384423
-687019970 516338669
-222160070 47939592
521238963 811855974
-657222277 458546345
-342525454 845625994
-35347701 728388557
762885817 852862549
573887826 741556833
530990571 628314814
724439183 747274915
94330269 797011221
-112905670 413684668
-680152489 386575605
-685629656 703758479
529855963 644653277
-953613161 215312299
337936493 691535416
-729845222 633570821
540604584 888847731
315299761 863276427
136247605 479551780
101143105 526401497
-84662080 299673113
-950320259 957724420
-935504528 834425351
-849364407 -183568269
-303385251 691956164
-989175849 -505264781
-858567611 -289361064
-232181425 918514621
188898214 509080714
-299750023 -278077612
466596903 689431404
-177676305 453011966
48841414 700730748
-282113055 838540042
-506448359 -114080400
-509272984 -1940197
-892056894 402613873
357649242 474230646
615919783 743417778
-49829671 616226161
-274163033 733932558
-525737809 376730181
292275207 741042442
-182438869 -66542831
-317900100 -109719851
426719742 642247561
-581177235 -465149092
304970521 440094865
-280369595 19534476
-115830733 433513103
-981706754 509465992
-901497805 85417838
-877784739 -395256572
13741210 761705748
-811009521 -380683432
-546000362 -104046256
-841748563 605933012
-819496833 450053942
-431073347 106201481
-629409532 -519346755
-537565047 -313524730
-222238727 312895930
-417087340 258179587
-544609211 109731194
-855099600 175005388
-880940769 953419955
-5018995 684980295
155010545 527872114
-860665080 -23499737
-755476720 -731053087
-248695949 -115866463
94191992 442030527
-369774126 -354255624
-740449084 56779478
-50976146 980520174
-925240378 913860586
161419615 231967967
-158161182 171325128
-529003816 -410300364
-260697722 272935339
-335968312 587154875
239934727 917548451
-401426352 640683809
122675966 229430954
-431819998 193965529
-729377522 -721326751
-463491612 -286327817
-235676245 -220596298
151752033 764823980
-441717933 892283867
-562416500 -502052459
-974313753 775024982
-427384126 523395326
-111750124 207746806
-287953186 -162691346
-459629478 919832829
-435856349 80670473
-6624140 551786471
-767711802 -306855480
-881718203 592175990
183361250 998568192
-445622299 894696650
3259515 6663021
-399724170 -100868481
294761661 650111884
242172901 937113152
-781142608 271131419
436931011 873508329
777154784 840840891
302741019 665830120
300303322 816430669
-88438328 859282003
-761452282 509162720
-564010413 44830180
-954555400 231238924
-587629893 112129308
-778142089 97096626
-916843501 -810686471
617213536 621180518
313675417 557660697
-627980750 242819743
-303457329 752500187
-719716556 -320722887
-537091685 549329594
305811435 948883286
-552959085 599301796
-241048987 816286094
-204939600 703434628
248450969 692665460
-724841590 766827533
-973225601 25964424
262163071 324842583
-570168239 999836755
-689198477 -5843107
-832410427 288795404
-787469759 767061343
131269281 763555614
-377393060 205934250
-294970328 115767338
874730737 989928254
-436234934 533997575
-552776588 -485025530
-632597710 -15281210
-899576667 708047450
-714974615 -525681975
73075320 817902683
-17497934 406187763
-639278063 408974765
-385447069 127414111
-854793325 -547614696
-254744 188111958
-775767997 581302910
-692145350 815690093
-717136063 -37815970
-621394935 581824593
-923094747 -363849905
-947049167 942386534
-449378251 48496738
-33220544 129538292
-198236147 306517954
-525645495 -328903545
-66966484 674079182
-536899672 -323385887
-603151913 846236127
612234397 932354136
737661273 985107300
526614890 869875419
209847333 802265810
-936242851 -225924603
-79577618 560506675
551905041 951441821
-332924286 559250210
-196031894 139298628
-167214353 860995783
-672880839 -375734694
-975328453 -752505513
-929361359 -156078903
-471779497 778936791
358370021 463547519
-988322024 -81001795
166404924 850348755
-173123444 724468945
179456902 608525397
-891176015 437518786
-150729828 863334797
-388122456 -323941987
-692723066 -626815314
610286739 909914235
305260047 699392705
-481457287 186753570
-834718971 -82837160
104915114 635457442
282602440 668952474
-657497470 766746401
-71337573 317792886
-860174984 -543678754
-655950758 -525936158
-536376936 434537430
-14114522 69953467
-142510641 253328869
-371102278 -280489182
-957447833 -137575645
649351668 953206771
-543495691 662933682
136701166 499260817
-179837050 843452586
400411628 447486633
-976197798 234908171
-457458111 656918317
-465023379 -41727511
-38918216 336505701
854576431 978206082
328063740 828380818
-218255539 638274530
-315491401 815815145
-967679767 -539441691
-50988965 629660066
-163360828 932025447
-895456249 43659374
-243990156 731124939
195740845 545928923
-939175398 717592516
-304610741 937143850
-980085642 481440318
318921677 919740839
-786574361 849910230
93957096 968240438
-663357868 -386425971
-40463111 638946692
536775282 886575955
-786426200 300377869
676761405 805481090
-107507657 120138687
381097378 592492436
-237648946 -96833210
-752355765 217729673
-313067795 -305664231
-537076309 948622842
-102771101 91458784
-776288211 647644460
940752673 963199216
-412215445 -347015700
-684812005 823285185
372287264 565051748
179728577 917195130
406520327 790935532
-972560700 -863684723
-981201690 -101587048
121927770 936649262
-359954416 982180242
597716294 990119091
-911584176 351035381
622179723 663382277
-401468030 954201230
-636307632 847321623
-361076337 -208015132
417699519 521039667
51187717 312805868
874660967 975877393
-911158190 205193310
-509365250 -207474891
-647371722 -159444904
-361525970 824038522
-864185062 161338114
-823699300 -782932770
-651528989 300343824
-648602386 -253796551
-311482216 379370645
-214797666 -201525104
-696854211 265541893
-666304152 872477600
-570132635 -568581390
6547496 674200665
499170962 510941789
-260727675 309716743
-609803656 663711867
-136554033 532908493
-938679562 -52056830
11869915 261885007
-258021403 639947565
-881486892 -615891691
-198445595 780759988
-125965733 960139776
376851769 491969363
383154682 889677598
-552345510 -71244676
-930925882 95869379
-722831807 -225813297
-504312309 818125207
-608022836 231906640
290632105 715733949
173262698 534957118
-994358894 648989817
-616254672 838644470
245270595 744560694
-577150948 123684130
-308609243 716785259
-535568909 -184213974
-285729537 502284526
-271212657 839644140
-517013418 -159060540
-311425360 210855205
-218885029 -38031247
120622317 213456975
-685224741 701240313
-162411174 415533865
-344357072 -209805035
-358556407 -334198504
-862648430 395671460
93469176 957457203
-969133072 -838095996
-429012880 467080000
-989402689 -248284364
-471058520 -453542348
-160150135 574930182
-396205523 284331803
450366473 593424341
-328729713 41860171
289911652 563813592
-740933310 270667237
-885530482 -214102247
-677908278 627267456
-188287850 208397370
903012371 991675885
-516692550 -220777750
-780581280 -534171753
-339961811 -231875257
-907595407 845902826
-205090862 442678492
-716975691 768129798
-487427274 -61810817
316408859 700332466
48212648 272838355
-153717129 601396511
42258383 349212463
-554167136 -216240037
-934272819 -607226841
-292611597 4722857
-612288768 448498792
258151332 566451931
-742740498 26863044
-874065685 -393884347
-904057976 258568091
-106068126 913445021
-171252217 495346584
-77524547 806667039
-678715963 -35684538
-875800878 -761343520
793082694 857791105
-777594380 143386980
-679383680 883722759
-12301878 267828797
-38672379 382691951
-788328869 58601479
193262864 437034771
-577005515 -189255733
-850269016 52927147
-887534979 930242505
-198329149 866438817
-892662309 906481680
-780435286 665240205
-495894467 368414469
412936592 536248162
-848283234 -295584308
-377542218 676822104
98806202 725507971
-913120460 -613770872
-939977328 713069478
-684396807 -34427632
-705327131 844189438
-583276921 849493108
-337948429 184116163
-326601200 926031580
-111165202 465931065
-410823360 627076007
-320792051 43766010
-466587182 193256173
-735593153 -161694841
-331196126 -169995922
-507817785 42668721
-999765655 745414497
-270770883 980439538
-25810188 687152743
-883336360 -243451395
-846557408 126877066
-646465973 87219945
-648104615 893996060
763766479 890819320
914822981 961403747
-154713992 151574495
-383013758 -300899870
-880780321 600417017
-691335859 -75984883
-811483671 -680101173
-940417429 164061375
-904040601 -456713204
-256227428 -234016938
354026075 618439215
-922308343 179518149
542526975 867209823
-35775969 -35454039
-529365906 -78580979
-858838701 -517199197
9204225 710243425
-541341774 -21819991
-181382909 412916280
-21839903 495636065
296371957 866496143
159440842 759342575
-278644432 -6731034
-927218412 394115368
-526788781 523448379
-777899226 792749589
-559310321 838493512
-412679034 321292707
-997334033 189275664
-475568731 -325236513
150799009 929477967
-621597591 -553398895
247610811 556530516
-561358233 249375571
-631419475 430485340
-138437269 757636313
-557517099 544327297
-611168511 814594922
-114065592 725075879
442934855 485333897
-873310801 846167962
-116381164 618817039
-990390282 -120080100
-412178403 -274796706
415932960 594762066
-438745119 17044896
-379735149 272344879
-102276072 384237909
290676486 782982591
-243586250 679265985
-270265350 -264764108
-785616481 643042614
-463585294 -34915428
-348059392 -235621015
-465612504 126999979
-894552889 -290535200
526737467 954387286
-717831241 -23137456
-654808134 646557823
174061260 748853022
-944241693 349664697
-656300559 -442939430
-113718857 474444745
-318450113 86651754
-604598206 -559930365
95454395 936960563
-615547580 106471632
-706653737 844771943
-481559898 578493343
-701990125 71208970
-773731433 -641927025
-358464677 -173078575
-950895103 104927451
-863384097 -288432234
-763403117 516992143
-302507140 401629914
26264920 847494360
142693409 497948897
-576611781 822430314
-23606052 405357392
-459696449 180213324
-378900919 294930869
-862947764 -282250004
-473772274 760785957
-180403281 929074875
-181514468 262465453
-613551814 352192191
-8698515 213711048
661475367 838798947
-218907953 167924080
123252320 989998475
-881861002 -216955923
-737075201 311369828
401720117 526448001
-211964609 212078634
-230963828 358655468
-543723092 51056467
-778281814 36875437
124078607 653935092
-842729934 -643055415
-990980012 4840313
-503934678 220320944
-231448165 -53974746
-961097612 -668485441
-706761740 -556283270
420482129 736466320
-949830606 204370416
-991861351 155729877
-589072012 -195212321
-150401756 717532121
-992980398 -640180106
-213067848 -83458787
-976420652 903367759
-613789530 900844956
-919039378 574486425
676562719 871954747
-572924573 416088805
140114587 626649231
-701128693 519963634
-221003384 233265963
-113384117 -21457386
-972942985 -35125512
-607705879 728137783
-238366865 347816159
-204404838 927267632
263194678 344226290
-533448269 -497508200
-832529468 -344170085
352308186 565244066
-156481724 943267852
-511589698 588365179
-800761252 474412725
-441518294 82358589
-350840542 -44825688
-447164293 841467105
498882411 894381675
-840832626 616257102
-728682989 -564075866
-823458742 -236820664
-474368467 -312756924
562260445 916195641
-365606720 -13245240
-823926523 -293917240
52658628 225079500
103676733 180713074
111783490 204346989
-289561837 -220685849
-988823292 -787945223
525187880 807264832
-899049985 -783789754
-901086023 -752419578
-185175469 -9098872
-609081758 789782139
-684574384 -529629142
-107818192 732866106
-911898829 -534699531
-580303062 -531613711
-193132677 -86381063
-421675946 93286245
-922359707 806729844
-947701404 -29304979
-759017821 -417193745
-330288616 195599604
-908592734 -136943184
-609087729 553143247
143379797 490662706
201309023 863668665
174883646 468535557
-432944797 59169074
-556214662 901072908
-828034053 832717795
-39639210 809734021
-749054477 646529190
800195160 921966742
-637807271 -241468917
-979745897 504358644
247055529 381742754
409053910 844721816
661827116 750280053
-988187509 -513680773
-846617880 -247776906
-525921696 -25481203
518341348 674093499
-729101975 -625366908
509270344 699562686
-121875320 575166369
-666630850 826649685
-660580323 962362609
167249899 364993592
-590143772 752993454
-574647903 944893506
608089216 718884062
-510518884 309999799
804042357 976558504
-696766682 -173013526
-150422764 390858644
541303448 964873269
-983093906 -745733681
152972922 179937227
-466437240 518162622
241198711 856541041
-521217979 -384161931
-38804638 836689531
-508520745 -362525337
-444649114 782743891
-679162489 541476472
790268518 846688358
-111444123 82861348
-713954471 759293600
-688662435 -475272665
-968350786 87314784
-287515411 411962249
93091439 539478881
459672979 784258439
-709768889 678873052
-250138709 232150746
-553472640 319440864
-336492274 995223573
-769773901 -75758750
-192069735 -111461819
-626652463 -142930200
-402333150 966877543
-567587642 -479907322
-287093291 400722837
-911534777 -687502982
-786993418 864154908
-822758405 -345749493
389299638 573010569
254582444 631976047
-770557196 806656446
-912418631 941852844
-104310745 582900827
-48313009 234153383
-374987678 631216637
-979478011 -718800596
-796460116 -361336371
-355359007 -290581823
-118274139 755836499
-814146667 -97113597
-994264996 824202728
-516978016 33303240
-982089980 132463236
-448694049 225416920
359765014 641232068
-963200934 313330059
-120615609 910821578
388927686 941485660
-234070356 -168745492
232363681 636266108
-499865346 -23971930
-261660958 281424034
338051619 680453394
42223756 173012160
-481324676 -480505458
-66300541 507717309
-191295429 811211472
-259026768 532923934
-663408883 -335337045
-680868812 -304704857
-217340070 82108121
518775381 532810412
311729752 846105926
831609555 935206602
569888975 592153560
-807480727 949390368
-470170110 991026768
-932478148 396481549
-989557732 -264385028
-913239631 -812826514
-517315758 -210703958
-437916298 -292020692
-998604964 464961936
160471586 235942563
-325906789 235049454
-903954186 656743949
-639979193 -177452411
-418835443 889687387
749496145 881114639
901004377 910076754
494427061 737349570
-64814113 304252499
-737496258 -260134189
-648344435 -98439923
240811897 525034020
772306427 950231009
-25943382 129593970
894381439 995439847
-669423506 -395613494
-210205277 729089331
-991655440 -840944125
-735907073 -556262269
443205191 912523891
14355509 740415750
106328541 906341284
543710789 638594627
-200584146 570211618
-625168850 -129709480
-889518511 -795165216
-548483813 37276154
-839586169 423271116
-963144291 344453465
149367777 837891122
-816810433 670154858
-162128279 270800129
-411216371 -9883101
-15932324 454584547
-668650769 -302753463
51422225 76532180
-611648327 -454544700
-260192519 627662155
-64169145 -48790359
-571458401 115809756
439205259 990323649
-971876301 -64008153
-549020680 -508247431
-72765213 800288988
-585934108 79697586
-39526824 92066963
-34224513 951944801
62617460 890827570
-23730622 507022013
-249315298 433787435
-262089045 788047926
-943110552 523136641
-841542625 80927288
-319710367 506490157
-817634902 -705782645
-697750542 -571945158
-976555922 -951612362
-913343612 564022881
169997924 932438198
-722611289 -645668875
59391641 508686837
-607560268 -528833968
122623978 781225041
-675016079 997004500
-945807843 -502030940
-845219000 373354568
-696896649 905482809
387650069 446856582
-667424340 674939673
-574752045 -186552681
-455379553 236579799
-866433185 411185437
-788957721 238827066
-636034228 887616006
-62933538 676147910
-994079699 676081729
578305392 920478764
-72194124 -33951026
-27094181 875397575
-27513318 76594485
-804191057 840426013
-273813367 343742248
-582315117 527691437
-967907686 -817138333
-869213851 324729421
-993791728 -785998268
-781244227 955437283
-193845868 36570872
-288666557 -187535878
-141389633 855934370
-419741945 926813913
80699143 233779605
-691918020 -47240646
-233065497 267579793
-485204426 876593826
-95579643 948100845
80597746 499770682
-754087134 594615092
-799735620 116820614
529923598 677881616
-848082453 952731808
122803768 579057610
-783665211 451068554
-557057643 670523902
-645894653 176733671
-460785153 271888455
27046660 602603363
-745504591 636132236
-953190352 -144631126
-829048922 950761789
229414172 579491681
-430285809 91599986
885792409 903196720
-27983862 180372431
72311533 588568907
-802230790 552956810
-3739527 942947134
-920201063 785886806
-561020561 526203571
-92188693 -13908164
428883075 922922567
-155699339 849254178
311191967 339085733
-821672973 51353001
-532473179 359472547
-788541991 -129879995
172891136 694883170
-839758079 568495328
-260237598 510359270
-47444501 562909122
-802606541 440033999
-645522150 469570700
71080759 334060399
-109478369 590840789
142139509 368944989
-980005973 -470589992
168454155 552778104
-660797013 -22547690
-733059667 322615991
-831607766 -532199035
-327448306 433142643
-833241341 699822250
-710779569 80748495
-383643063 -330976766
-692884488 822126034
3609475 311595123
-893879214 41171926
-749983462 -76449874
-390625573 755308825
574276334 958021073
-304955134 152062576
178167109 686174898
-16790316 801857919
534748416 784901359
-658375489 712273242
-746479762 -411458384
-380967912 624282568
-718134165 746917776
-483138428 415188925
-611427027 335250972
-668132314 -426278399
-35666497 29211763
801946982 977417823
-885805001 -170201554
202082224 504855067
-716897781 -496519942
877361413 976528688
505250838 669875313
716325142 876480866
501918052 598170910
-475442379 -417481724
-508678183 -413607859
-378213575 139348679
-583960245 747286096
691180068 949700285
-316778419 -209100670
-125416366 337949516
-516228202 913135076
-235152913 86047524
-939672714 -74002035
-617318131 -192312113
694080342 938271130
-829315961 501310754
-523859279 957423849
-508655733 19352851
-414137499 652480293
-181576280 447626172
-412830594 245507350
372968461 671033614
181549721 524413105
-988326463 269696512
76584750 759648261
-897900300 -794343961
-103663253 307174080
-600209739 -251671880
-964974988 462382785
719565293 996260505
-230067095 -162999601
-990272504 -513776235
-678294680 -156608808
-480395290 710489017
-270388449 314388425
-435573419 206541965
-694026624 424831365
-960502301 -620455594
-903728156 -761137127
-396154202 -325952417
96793359 864071232
415623151 461539536
-611342553 503021397
510214604 874304007
-12531152 643447109
801743321 982725420
-720447464 998860795
259868654 296621705
-102085299 656468174
55161353 710041629
506806794 926148730
-668575501 134716578
139016774 456040659
91924112 148148590
-860946434 255407344
-722831031 -602758307
601070762 971626395
-831481507 -586970039
-577276787 -485547402
160091348 857485209
-817261896 -157191045
-986952970 -511670006
-685595576 29186710
104329026 412909365
-491668528 283665563
171957466 887512031
-660025713 131097249
-402393092 -367161140
-460433673 134229384
-53039105 439988682
-317012207 737985683
-586796159 -284544511
-807335596 686866307
-260930918 20190521
-266599240 142994475
-456520048 -183809629
285132189 744099909
-909419255 -523518738
-178811529 -22759932
-7745606 474043550
-308073509 458068249
609152920 788490912
-506337066 811913278
-793389314 -247204547
300145273 757178453
-860497597 -8116224
70073037 826674069
-884088 541289952
-132149000 923400823
-704816879 699735372
85783738 869673536
-753332859 -577064359
-432203592 -56000828
-339052438 674055411
-453574185 -240363460
-957817572 414556608
51006898 899764554
729690429 960950488
-526773275 219837090
498173471 782574241
-147974263 201311133
-56524184 247233184
-924511082 931290318
408062629 992016160
-64544603 977672095
-246353473 771635580
503616344 741839993
-938140726 357521899
-758484659 -11452458
-357332559 -296037837
513920587 937712753
-938207022 -44256600
-821809981 -804172525
-441134173 403042123
-895741661 863183968
-782722288 461256789
251447939 594111922
420177823 912555699
-865556489 -830319017
-939014606 688983967
-645669272 -253068697
-589379000 -472797201
-359743701 647645414
-653610677 129503419
136251459 376124903
-588286840 498483697
-971052266 -387401102
-634584171 -134310192
-490129307 734984006
-389451447 -55535075
657512100 875097468
-313497752 516030497
-837175102 -589867135
-705844253 -58043829
-848427159 -150872686
-742881243 245123222
-389474661 -87680268
32738843 725181075
380750691 421635436
-457341024 -82278458
-204106362 -39163548
-870609601 378630187
-256214341 364486185
-452410538 145502205
62311696 905172170
-798914012 -528705843
228199084 241616572
-196753769 866651188
-451600375 706386320
-779019342 275872920
-229464954 913418323
-835000842 404456461
-299967008 48657597
255127949 406679245
87741394 125960888
-87997107 200819322
-516759938 188054098
-473141987 34826997
-642539429 -558259453
-405026133 872733569
670958452 752472090
-741522580 899741680
312037785 445900560
-81182542 57616282
-435921657 896277603
-418266630 -141247644
-472029604 -64826958
-432947521 924025674
-894353396 -626722426
509483037 905764683
-340910039 999716571
217396956 697817939
607758031 948946322
-771981383 697929123
-53180542 632398511
-276423465 412106386
-691218929 849608009
-462564079 433429399
-726493450 436081144
-841073359 319611140
-956268736 -511815777
-857095073 -761237250
-423795963 436697964
-127192117 433308121
-433230249 -266640155
-701372058 720770999
-896539347 -804184572
-582886046 -127216778
-901197961 418760006
-770498139 83934866
-217747922 488093795
402194490 818233177
-956396683 -746129025
-170124803 890766093
-676851991 524398597
-736385208 -416251316
-779199092 2891179
-754164173 -229780028
-306181929 -243488411
-756591945 -369417078
262625240 784383213
-996031551 -456989575
-163094471 80802382
-79412199 756957901
-705632862 -212611218
-15636847 204155161
-875228072 -130952598
-594943516 -362627626
393750771 953676553
-539767238 767761183
-905495544 -666486663
-574569118 910024557
-708028361 -707874975
-882486000 544106657
-836830226 -463949390
-588026123 347276131
-641121391 419665933
536433905 730224092
834465478 963995013
-832048609 373184429
-877149861 514905419
109117925 865684063
329348800 979128329
-53635201 815403336
653741 62950927
-698366982 981715665
-613035808 497719922
-305998532 163898177
29487682 915940031
-9466567 231876461
-993786149 -907776753
-148112543 906005694
-69631145 149456866
201778448 796690741
-672736706 418393735
-735465759 -155870208
-97942581 382926622
324082054 360360360
-698596395 156544655
314286392 659767425
-865683062 905245304
517203683 739146110
-715062564 29291002
-938176911 -52319414
-678929889 429074600
714872893 888418355
-920221695 248702463
-129014805 20115462
-811656804 -5000090
592998825 991977611
-896550586 27218234
-416839591 588052543
320023276 800415807
59492633 457601500
-758778876 805845988
-960146459 354962925
-340582077 234496357
-412911025 108708758
-566926162 321764026
-566506324 -410979617
-820665202 -275724736
-640414064 -360089314
-859921900 -562387197
-986109107 -10728447
-789093617 -537641244
-426476557 -315822277
-311518556 560465542
-586060391 932290642
270517084 770613390
-620226808 -307956728
-333388328 138740517
-974670233 -668945654
-925953743 587860369
-548937536 239124939
179562351 362014347
-399668765 912573247
71959370 405882720
-573731580 38935338
-331541099 -60148282
-701754265 919909524
-466898176 -164080844
84545945 121554928
-806351808 711614348
59940576 841377200
-237616197 494830263
374889603 556257802
265397734 899336640
-164308736 8377495
-886517399 -10929401
-129156579 29426820
-525707497 -51058389
565168570 612498285
851467132 871278607
-250877834 307570188
-874998203 -325193581
-570161661 321071379
372288255 825134771
-511141008 220883986
465467456 481738295
135929071 579626042
-222947047 953102951
-172881557 -63252607
501263247 988036868
-791347368 867845953
-370510316 330823656
468168574 824091826
35093982 564208882
-466232678 -98480053
-718205575 178370806
-246460717 334790866
403688046 664837272
-898728037 772773067
-756475507 144647579
-528777557 -436939891
-892162151 601631368
-860849543 330197190
-757575141 -38805502
-865080534 447834080
-849710819 328154308
-582670168 -166858486
-875237367 128121764
-441504694 910060401
-609877001 430026415
515476343 519399948
50553395 188005286
-783955406 616500044
-548834103 66575972
-782788341 921856405
-588474397 -351307690
-177656326 -175194191
-374588250 -205814366
-332818896 800340566
412259356 961086469
-687058238 918952127
-167813583 168018095
-48451292 289307114
-140787159 -94725186
519309540 934088214
-843834837 967069770
-991207078 -167496126
-272098963 999012018
-572299799 885355639
-252374211 -144473101
-645384966 595621054
-314093536 -251899906
-984772358 779565064
-573416260 -413910222
-556104204 -213657761
-793661602 22724089
-858458725 -474219397
-872075415 573888330
45813041 976977325
-615007977 -472963277
-575813013 654672959
489999851 923496544
-544884332 276981390
115290834 914276910
-863845040 566578942
-760992462 101934604
15641529 339631527
11204674 783979894
386798196 877231771
-999809401 -380969516
-158980041 888600689
-664162757 792759654
-847424015 -838398190
-384420299 776213891
-673610285 -124790530
467813074 910953383
-916116074 -321461716
-387490030 -200622519
-435370239 374867281
-343783059 784221268
-824165706 -253783437
-718303169 -375788768
-981822400 -188037860
-46436007 275534184
-581161295 717531506
-712329020 54163296
16625901 335082021
661644246 797771504
-48232418 229528516
-270033175 119906114
-261491341 900260216
-425061381 450671123
-166888997 234710189
-241989893 506108802
-653748195 12979575
-605377526 819618489
-391456301 400073101
-875743009 735060686
-194540970 629517939
-971103380 -217189698
-230086281 866864637
-786778138 -367256795
-142146164 259120529
-928539777 990851505
168596103 277572384
-255253543 -120392807
-156716811 685914424
477368493 514244508
-746670953 913033153
-868637384 689410820
-246680595 627485068
-313488171 -110875278
183672266 772944646
-4869180 725154663
-245804073 795245950
256340801 933606785
-437960064 -362095998
-617480430 -407435186
-936262498 -499225268
-924509712 -721944938
-603437662 742141252
-897756121 -223660012
-797307973 123476267
-567618939 413075885
-675478462 105175638
-967237419 -154619651
556501449 621679722
-122539065 393012650
-955065455 290418875
-310453701 -308951603
-970478416 90011590
361740138 537291140
-709695381 953903057
-745947916 323013791
287678406 793486608
-10452300 200967986
308344037 341638555
-536839944 272040489
-833593803 -255469350
11669093 513661666
-341806155 327028206
-627415552 137341485
-90875709 299768779
200945293 907245643
611324455 626701297
-513217900 -340485585
580064135 590086955
166435342 289935306
-976485200 -219130499
835473672 912550124
469867471 693488994
794928961 945356077
-733279735 -10620357
-753754213 -376728718
352508927 900381561
-977715342 930691569
-266606901 471996705
799824442 854950587
498064094 959943785
-924682208 606152419
-379914103 114513614
-819255642 558325633
-549024635 479602294
132597668 322551247
-423624491 240243743
-760137177 -165118565
-724968417 170806984
-864454162 -322767168
111500221 449098627
182083480 402960817
-237721861 464181660
-6939153 708967521
-696362196 -109785217
-112679002 40568655
-2562904 946543744
686997743 702182603
-47739894 929019741
324831862 757435225
-186510768 782165174
-775394085 -471396687
34811507 958812547
409068829 446384742
471826373 775875118
-728172418 50571750
-782375868 -49277802
-734925463 616730371
108874039 493124337
-701778240 -661815378
480120163 752281255
-716840403 71821262
960477363 981777343
-629247377 -174092567
-222057955 576642179
-679755448 407885700
-907471086 -677620106
-720108177 792130288
-988852567 392074083
577090172 611580814
-749492927 614174641
-611154811 593041585
209249259 955664113
455762789 510714769
-772278988 -756471602
-787433990 -312096828
-541742765 878870514
-687698257 -599768519
-63069230 74562425
-659922939 797798252
-775213291 -113551560
-654800132 -385267061
-932659905 367043199
-765581059 734856100
-659640154 -545968146
-833878439 331644077
-477609780 176710983
-301418633 -284530651
-246834084 665324455
226393146 463227656
-347491258 -292326049
-296419110 425733178
935780355 952672945
-947168543 -447334528
-45107312 125380689
-842071729 572169757
-812641813 -37319398
-371206759 -182713076
934272442 977989078
-90731550 165884549
-361048609 -258946564
-332991144 -172121049
-210057599 918231325
-592819816 -276280452
-619584118 253560368
-688619264 -19428436
-434249834 434796705
250547892 457650696
-145494257 627534794
-443087430 598031768
-860573449 -389300212
138264733 600146018
-458799704 -72484893
-402323842 52229816
-290740312 694518371
-554812640 -92094740
-307508226 -9225585
-22870378 530846640
39710612 71104044
-98184986 56062064
-389784734 809987046
-776301681 625059330
-688978578 -426374509
-555042327 195103000
-680766277 63366202
-489917404 -3079533
-781560110 -470449241
-125327213 519356818
-216344877 257237964
129008416 776509589
-299705293 978053087
-63797860 -57570647
-360525716 594787725
-925222354 -89195529
-841196183 -230265774
-322885259 -168158005
45708012 507335294
-760603389 -269965644
-159205706 69443533
-540159150 560404330
-10625206 161730136
-878820587 669955172
-277713354 2578417
189522858 672225421
-967798611 215256003
-59028957 935926712
-924291202 -234503384
-415863266 422443362
-248542386 -18256758
-829284506 495169696
-127337716 162874554
29826242 481552747
-905118941 -467897144
-628786003 -51055856
282047898 761272785
78130055 310032258
-342790559 86295484
-395389504 984154227
277906156 688515652
-514404977 79334681
-857960058 778359909
615247371 716760251
-960529605 -641382711
364794138 562416630
-104415391 -20210136
-11149204 213913674
-651739430 -408404453
876341555 973711030
659176160 891858294
-672626553 913217033
343838080 854685940
-298695411 -138728569
-901076614 -502092729
-307258873 762658526
-727267029 -258231401
-789087839 280552905
-188634947 267786272
-748958637 -426513955
531677930 686360332
302954195 722279806
-151537717 -142311063
-689687381 -434410663
-832281732 409766026
-159426155 253942591
-444469799 393302173
-633958888 -335448602
-48535636 822957803
-721209582 231295875
126397402 935012193
-158397112 297090252
-703352736 591765898
-525536714 125641139
45599988 673294447
-879600153 994050236
-709178151 -680426800
-521982500 660958817
190966504 275119056
-13160815 410227868
-688020728 541293596
738338381 900326367
277758880 758116396
229398360 855135542
-119598707 268801233
-901672801 -700619083
-523651480 -181315700
-712549256 242611283
-812222850 -26830259
494691858 641738743
-404727106 649915084
-135050000 169332976
-124615797 -99623064
645850961 857333041
-567594483 262166426
494209071 523487927
-733672499 800339730
-963851075 523712339
-650148295 56441141
271718076 400611745
-104570764 703644318
-454649880 381481026
319565250 368279209
-795665320 -575274151
-846247801 -232891327
-656721298 -129509533
-733632331 788832949
-705881234 723786662
-259342846 -104176719
-479591759 933185827
-328478931 -247933455
-839393555 -174167213
-657723400 -562744652
-381026595 548529526
-7075256 506871726
-150771437 -136274834
-332569291 296673249
-846189895 -275113901
-581718466 815050122
-579583025 -396442242
-21725679 448437212
-882066940 698826318
-321599195 257689589
307904209 842491376
74029481 519499029
-168821869 -135968760
-488489410 149386136
-22716935 922341135
-679414304 -463955204
-975791863 295655722
-762496900 140593449
-722295516 91916515
-949091133 488784420
515422944 881186752
-646057005 209828070
-743149693 -736411606
-660609046 -135126157
-975004942 451482287
888569680 959977595
-341428499 755600067
-830016400 -206877910
515234116 661472832
-28029907 400464881
-566990383 -277415470
-332484950 243571753
-152662873 651998981
-771543307 557716952
-67181455 438034569
-239447002 194764384
-867548899 302463805
-615343893 525866606
-856577481 402736403
-924489883 440717964
-937786042 147744390
-879566866 -356235307
-741225010 288523353
55479616 188880025
-698310184 -91389378
406086982 958352717
-444363262 -27473771
-186843016 2898499
-406398673 -293646401
-389397271 -55698085
-287198347 71490028
874644356 994594990
233068515 992484533
-442667962 -72398621
-390047888 67532343
-734611723 511924745
406701823 634307294
111339060 863456550
-908075967 739615154
349627992 731014804
-542401212 -514480572
-436967498 549433676
-27206555 399579151
-703555799 142920579
-871206438 663466672
-921000739 -379282548
-478646222 83917755
18112145 319059706
-561495684 832173429
8149095 532015558
-425392597 899345218
-892401736 872890983
-819897700 -588249798
-901147482 618235674
295784987 580460273
410739155 512964895
-699829729 921671765
318670012 501703853
39715375 46263792
-714532732 122387639
-99484016 167374509
-724313914 26786979
-992517466 106474806
-724508313 688101172
-904095709 286085831
49447797 441905570
-361599517 459902073
-643168152 -290829294
119903224 217908125
-310264320 304472511
230718708 969590150
-165729747 621965357
-185369043 -176136415
-842136639 760419963
148623198 352652208
106812237 906541080
-494880116 595839180
-566567491 545735358
-221714432 458604748
158697876 204362103
-363911973 851047220
-890218852 -296527937
-679845294 575181920
-742956269 40377544
-605268851 762381679
352957365 672748764
630497154 666386725
321292116 383310238
509576714 728821828
-188367286 -103750692
-950654096 3511716
507535424 590525182
-688676410 824732872
-185151572 252075980
-372701852 154090912
159888043 813572533
-677941995 -327402008
-671190018 -629255486
-565574383 346013662
-110106801 100279667
759447901 912687119
-562845701 808125332
-519885542 -45080249
83241898 942567335
-687575547 468525983
-286059918 -268312715
-413467926 271732350
-909016649 792596596
-96388903 133984569
-587137294 891454585
-773126493 341453382
64637668 351882053
-93350272 236211718
-914026896 -797171284
-907675376 -510450889
-819764071 917128898
-440242488 881876045
279398832 931353934
-807070299 236027622
-737109974 669857641
448489119 548593436
-831348363 -529284904
-669514344 -248931991
-189221094 903955806
-849942720 -88064784
138260067 573978809
132775152 638139147
-476340225 228315947
4226748 641822486
358022191 972208445
-659057072 574502992
-967334016 631410786
-803701632 -552336952
-849020734 864496468
-283024210 -106650378
-222747918 428595101
148472739 464723416
-14762505 200935261
-802639050 264791496
-108548586 193058147
-708705206 -44881106
-884509218 367299971
-437414160 -432642567
-961190804 842594099
-362000664 473974679
-862912899 -2468806
-632630355 20764842
-666905663 -618866668
-9678327 91098620
29144009 562987280
-380748925 111213206
-898273910 -31864630
273507847 918798220
-651433058 20966776
779134351 959053022
-661026108 75797105
-626113479 -391806878
151519634 357694997
-778798614 238309017
368983371 900036938
-925326286 136159256
-649336368 -644097555
-141808639 115481402
-362826225 -211954081
-747836681 866823853
-983400833 -849566976
-166151767 -129600160
-600766685 -189106467
501459156 662513445
63290638 352962283
-657048084 104773467
-94768033 125707009
-36792531 807874568
-674408471 236391234
307308885 579877377
36500936 638713458
335903867 415121832
-500125248 -255822166
-182692926 338758802
-781079446 192124904
-962165452 377261298
-958063475 -566650365
94650663 383850524
75396613 426045206
-878593682 729412311
-698820400 -408873622
-561893752 137178164
-263095618 -13112228
-972366999 970677215
-818732354 490466185
-510102298 968194642
-904907442 618196186
-550121777 -192644330
-270608822 616065140
-287075899 478302491
174982540 794433219
-20652288 637283175
-432927140 290440367
-361688804 -73872109
745629977 779483508
-243691485 383074162
-122229194 -12000117
279889040 977323054
-851704844 546762531
468886953 671663622
-682241654 57352346
-839753789 -330862073
-240831231 464149217
-756237854 -273636061
396656425 769663082
-639935982 176703885
-549184218 -112400065
-394246999 477194671
-265489285 -196729547
240642849 431893127
-279394523 -92919978
-240944878 181326007
-711972399 221709630
-17875716 322798392
-185920814 360922366
-611122374 430314786
66800760 940971928
-715988499 520525905
792382484 923766850
-180030603 -21487705
-761363242 200512270
-736565285 583086112
30401064 644812746
-799751338 -515812398
-897794083 290431822
4716489 702598095
-687376192 -279144953
-710804028 -550998090
-429627986 510555439
-254595393 253301378
-957805791 -821586979
315811308 603886104
-9582455 207242038
417315956 752909269
-150128492 300439259
129855426 656274132
-364016741 233469347
-242450824 909622789
-114334124 -13908663
-491014525 109249947
-953032876 293832505
572459039 598439300
-309176142 324634461
-265915941 242347201
-831782532 -319313308
85955916 795876049
-24919849 636952924
-986023171 330625728
-487959069 -164353062
-329743334 -105363981
593233623 617786640
-200703281 608548181
303312494 471667319
92308726 315386419
-906813545 -662728521
-994228495 -672641252
-405838520 -298864061
-493624931 -18343671
-833694572 222290848
188240712 711710532
-493320226 -489500231
-746403671 -560879287
-157971302 588155834
-579135636 111572004
-848387860 580646282
266602142 289689784
613206685 870819492
-862895134 502027557
-696546494 545205766
-922511781 -770363560
-805605867 807362307
-855770193 633781193
-997716302 -229716786
-996840344 -174114273
-608775062 -594999108
-724969370 -136314565
-511092151 282042939
-485647825 396929719
864472093 982107899
-348452069 253932503
-848741322 -417140384
-860874604 -125605600
-634931074 -261946923
-785363343 681934263
-517942072 554424316
35496423 894532354
-851805464 943221384
25434782 999699167
159935570 957554267
-842163357 729518978
-310258373 244612339
-549280822 -131071599
-875093699 255379455
-207126226 675971300
-644204261 878202875
-585607954 -557376932
-257106367 948664745
-377886307 585139815
-420000893 544110360
-190481126 -168890150
-188402488 126209280
-571775967 -209903889
-253557566 457505799
-800478003 268703463
-461332250 -162188233
-785322193 -432107200
-57201679 781202773
628042458 739112524
-902235293 -266090519
-828859666 963192822
-483502349 -124644325
63193884 812383337
-743848358 -406078438
-954046933 -375446184
-135895774 -59847100
-869300167 279043654
-609681115 -210287088
-883399632 151239957
-184357072 874335001
905630780 984142105
-520903828 -474293291
22743573 422195277
262850099 670166293
-48288237 235409904
-332766482 619582258
-896016633 -393144462
424062642 649728244
-528324365 -76068061
149002158 545336276
354748525 793336292
-140596916 23572385
-301645675 929123734
556662980 817266773
-832593372 -256611365
-174630628 -63734338
-410174328 -310155872
-558506295 463224424
-513314218 561239362
-702915531 -37506351
-214104974 32344409
-501885065 210874044
-126344211 470393068
208268266 343824157
-575143845 457554164
-497659046 681344576
-468834055 580391347
-263645633 621173291
-633841892 679057475
-176617909 997967088
-98123547 724343021
-916015523 362803670
-111610857 308706873
-910459334 171476182
-813142214 197613807
-559182841 574313231
-595429163 264137015
51579390 943328617
-392748335 142759111
-148170127 101841593
-932920376 661260880
-679359145 -575236195
-711334572 -223870326
-168929936 926303816
-512987327 16208963
7530317 508480298
-561667849 -304147683
512394636 596130192
-71928886 105659933
-696303782 578896464
20534680 435578186
-683121784 -270996753
-479814487 850063579
-347558172 637364450
-356341474 -299612963
651679021 651792125
-91721498 567766195
107316882 936768232
-961884359 168967382
298741497 397861203
437962283 481722260
-609253556 -574579162
155817150 642277328
-423620564 694786189
-870286983 -273299752
-857350762 -826327321
-693843202 -442513891
238497809 979828600
-998764471 -767324536
-765176683 -611225117
-634519249 -86164857
-963773082 -829537775
655493598 728697742
-48568973 137654205
-790540531 28571406
-96714230 923489787
471202168 715436955
-51462350 851890367
-806393252 -693474177
-903099009 374547975
-472326173 755046737
-735635181 902294860
-644603740 74535811
-44842125 916146553
-371533348 183202888
-109291458 627662840
-262176193 525167487
-507003699 764681162
-911555782 101052968
-627187945 -334723067
-627664156 606129914
-439933444 972183339
405533250 702212025
-338952746 -36374684
-634728242 -273201435
-776196441 -221937767
65752368 241836605
-194484458 311720945
-670979166 614189728
-746090329 -486941056
-185749186 -31100830
307767514 623329621
447719924 877877153
296093744 478134114
-653041986 -169288383
-126585069 -65778686
-738301332 -717245569
533882579 736234839
-243514348 365185947
-624769069 742672856
680219154 719511268
-47672800 5342727
-90634631 800971096
-77691931 427684295
-623397170 209184072
-241754371 186795183
483593376 665648257
-860251082 -849972396
-974446687 -829098888
-732891650 -253626681
365937325 373222339
423511133 544487453
-768863100 -400764759
-443521 825683113
-936183945 -4120190
660766100 750659728
-641221385 752072044
-127347254 765326430
320512935 791299551
-742128514 911702709
-620677315 274195516
-532751585 110180185
-534310180 51179880
-149931988 466138783
-510396963 454585807
-848362655 -129276945
-433762539 50085818
191713699 801520263
-824103951 303531530
479941175 736631600
-255548249 340070705
-258700505 220178003
-560644345 -509866895
548939242 985158202
-778986253 558653955
-449981035 32224093
-631428500 -424811900
-634746312 716311643
-643517284 254187041
-546447739 -66487343
-387906359 -222931896
-730659869 511308130
-313692462 153693813
-483712376 78317838
-137355979 487669305
-788697203 15499148
-826414502 -161398294
-455736599 478127907
-485224124 -48463786
-866619497 698790924
159189142 400117565
-125080801 575504234
-171659692 965278737
290037178 782106149
-333961590 -66913654
495260241 727173314
-312254614 223743646
-39074236 456906204
-648690663 691214142
217094112 333458532
-667617211 -86942769
572894856 700479533
-243095461 478952146
-111463474 111552668
61569395 287017692
-916895128 -722231014
755386171 979496186
-72744156 311808629
-723876491 -489483643
-537699238 -24933319
82319584 779111455
381846217 946202657
303015565 820771732
-635040157 129063524
-442190982 711858373
-101525818 518960252
-663154117 852375949
353351650 842189803
-934622786 -309032940
-271871822 584940509
39604037 798693253
-629795001 -10452368
172138607 576727006
-5536719 643567137
-87650214 672609818
-115139018 651383661
-925941772 918296818
819680256 973250957
-64103889 44745734
-211477615 40150759
125265438 293859655
-528177457 -264381944
-979926870 210218178
-268583941 743140112
-196187143 804562278
-196870121 518598904
-536165310 128938093
285772184 613201808
-935111045 100078671
-766746964 806088302
370964415 485627178
-618988397 -298104539
-521490089 -236612864
643904015 783672926
-592682308 -307037345
33163163 712222231
-387804520 230084455
882392711 946852927
-880423416 562517063
-249033170 340812937
180210443 646828820
-158817026 925462027
-410191712 -308174486
306039136 988207943
-326574269 640892901
153870156 326716736
-405963533 57265161
-663431262 433132086
-686340604 438441994
-401790725 194796535
-146615203 200665925
164536392 649776716
-34508775 138620950
-852080580 -517750637
-298362021 498424025
471089069 675598043
-69861353 139258368
206253503 313758791
-435360904 -252244340
-493165238 -13387464
-309536749 -166167011
255241798 680744501
-941423779 -808924643
-533642487 -491877657
-848110821 -174813784
-534988039 242466753
-17336745 909047076
-824658346 269228991
-218225967 855045462
-672110729 797720251
766777258 779648230
315062449 683038833
-828922130 -490079206
-802882556 604268170
565689988 802191230
-146821087 139349206
-534680614 513610466
-855811990 342448941
-918127218 490192233
-878970197 735530367
-752580882 -42645733
-587627632 -505616142
-622983550 -511857216
59376208 554788822
-998201771 -629304044
-454141098 10502365
-187074809 425061889
-803447034 731816547
-488722083 -82907579
-629209025 820908792
-119992048 943790246
-651135100 114842301
-644829771 754381330
-323508395 93212438
-528156794 624765642
-814108311 138597567
399579310 606861061
-578423805 -204198571
-461788809 -453711511
-598313308 -222801413
-605333477 379443045
-234528499 691389274
-201071471 501813030
-704750712 -208379704
-949003512 427951032
-679179407 -391153496
-908154135 -155795691
-792712581 -304589496
-964991316 831373299
-432415171 -375587506
-115243160 60606540
-276588598 -167984440
-899336575 -543296838
770564659 957242698
645198601 806351803
150701310 694885721
-957358104 -709933017
-453783577 304775894
-827752971 -702756286
-447791533 -256680117
-384208454 641554167
-597661442 480646475
743023226 944779982
-587319971 481352605
-29470214 659566913
798396755 975612799
-389065382 462599793
-297277724 441929646
-473011200 238380374
378324610 567990882
692031860 770667084
312125542 883823277
-534640790 -522523260
-797418308 -58600636
-323906347 -198431733
-397904043 -271751671
-963926325 91268086
-742454062 355288294
118064246 638048091
-201656057 958822134
-458371209 -88111886
-230280876 107920182
-206961332 -91726895
-316958673 412188725
-855177456 524784137
-739186372 -43500818
456482858 738131169
-651257403 -87001516
-659631667 102278354
100776494 716031119
-479610227 694352451
-96868054 280621505
497597189 795713851
-164126907 31904838
-253770975 685346293
-705611457 -596345427
-750924110 -294674267
479396095 537108597
-446708008 -130492085
306117678 827710788
504072994 912723724
578018186 900910613
-364318468 486015633
-992672282 950823452
-974883831 -790716944
-654222597 104514594
-756203854 456118424
-401768134 -372214180
-956035722 394333650
-147450657 756854427
-962594660 72982221
-537850331 86480311
-619570637 -167155315
533874122 959097607
-588654733 861425287
-566354679 359701857
-788676863 615448568
-754775515 257390531
-851077606 684771488
-706203959 439128786
499481167 808963109
-449791683 -374171876
-698127619 214465158
-627458774 107683714
354344260 969685980
-401342711 411593782
-907239545 459658092
268898754 472798263
-752525251 -498007907
-799190290 -185842539
-317504950 -159382189
394189609 509709357
-899743193 -846858021
628369333 973449665
-270969436 -82159514
699222786 982471546
-429851006 362589486
300768720 414073338
99565950 637398875
-574643398 -454069599
-871314320 65133723
-896942016 574557857
602194182 844681740
-544599659 200017789
424303864 641739322
-640508820 -309363802
-511990332 -508758039
851504984 913998857
-495139720 424442785
-993219367 764403376
-114060308 978368702
-511962964 44809994
187086526 602748757
374632676 395906222
-568896414 317929629
-937308350 27587368
-556154588 -165217125
-675774405 329581532
679740314 827921676
-132991159 513531461
59684113 289487082
62402356 259719011
707218788 857408979
434542185 800431134
-996532700 114348621
15553769 212631933
-972183509 -318211616
-35292933 374263202
-148291072 411696530
280440006 389760629
-229247039 501657459
-521724410 76725074
-735055145 855860708
-716409255 -714086565
-507665228 -18504353
-895589896 528647650
-454024833 -195251561
-736329582 -730757842
20745902 113373885
-862183353 -240075650
-726159945 -597116911
-618978740 246896922
-656551875 452012161
-964557459 -226086354
-174549592 532882421
-862416549 970994807
369999425 727788327
143528349 586914755
-193625081 286885194
-476560886 251516372
-214307770 437007525
-257176792 -203292299
156609420 599272296
-237318776 679529194
-626079716 366626239
-346001770 985777204
148627070 535399385
702906923 730546952
-602987318 304141949
-615892828 296607243
280170584 351496365
-398654713 -258864841
-828887333 -45308740
-821645729 -354274069
445847407 562533222
214849502 491277031
224266020 567899565
234642116 513950583
-903528106 113500577
-483606951 650350599
-913657260 -294222067
-603929024 304037098
-130055080 673892878
-967097313 908206942
-757196876 966883379
-823663979 713966835
-624517999 62696132
-905551092 -879369112
-759233540 551448009
121114333 474451969
-820958812 -622265589
350798227 683297213
493646345 756138066
-658256655 -416408871
-280144777 111018473
-689808047 -131489642
323527801 881010238
-983981207 576941574
-702731475 709430841
-771396730 -418291357
284097582 886679178
-220825012 904659780
175337237 530060001
-733921993 702656287
145240620 916303451
-131725487 560765037
-189025414 937477176
-582726817 -393439846
-854827996 -849832
-62239843 306154507
-835553729 57340090
574878838 852980262
-982078638 321581666
-335219942 262155990
-358421702 19114430
248566789 819568838
425651760 589986203
-188923908 241203568
367872732 896563994
-23016372 -7611436
-506475155 628077865
442822113 605875175
-542315088 -107638289
538833693 686183198
-481094268 -220352086
-869161139 -677277210
-437588853 639269479
-254310413 556079149
-647423076 187391507
-22386934 770076548
-675397584 -473391562
-845980648 418499862
-425406699 -194898574
689429210 934309942
383826581 389805747
-539915378 822788039
-770125363 -603195947
-745734604 689916923
-325200283 -270058180
677272493 924705039
239222707 260508016
-660830555 35901317
-451558582 944924180
-440643626 474008231
347368471 415210501
-764419125 -453036768
201053465 703922357
-889868497 -510971566
-401506581 -196967418
-25485730 969174120
-982055938 -235384113
-693921673 791416024
-557489312 -477748345
-224925959 -204355219
-806375187 -425471356
-621764765 -465257960
214448657 994601174
166421234 648722194
-98380923 950040585
520744347 538635988
-810106021 164890830
-395485331 453320606
573228167 995484107
20029503 64426952
-84643880 642575706
-387500115 555421385
-503783876 104326199
277006583 391205116
-214563215 139394088
-31687890 33681580
-680433401 -529601260
-581620396 -295370671
493003302 854117738
-134863834 -123548654
-374266196 167967583
-148841708 117094076
602225260 790106798
397373546 627422939
-859960805 177856453
32822526 319523859
-957854657 -135926508
269008871 646306865
144078897 382459562
-4145601 229812283
-846816403 647961214
-832380759 -229546478
512867019 989788046
-927261411 -710592611
-954579507 -12535836
-621970126 926387044
-594939809 570667831
-356995922 361720126
-187174845 582667749
-143329250 894214806
-580837883 279658675
675798939 830300778
-951623940 346414426
52043101 987904669
-810551315 -492555514
-12921787 552525133
-301874750 -178279448
-762363280 299433457
-570205247 513742153
-573299740 637627143
-839211034 -368082922
-710005703 960797669
-862984270 922119000
-193948808 486241317
-902042740 673840700
-839844852 562737899
-901289112 -510889392
209398200 734798556
-489069164 794771007
-715353032 -14199531
-116991811 576477034
-971510051 171084291
427870960 559746983
-269163974 373259553
591795915 742420828
756542493 905135227
640631716 907895401
-244436345 50827761
569840062 683491794
-393346716 7671680
-884426948 -366893
-513449395 -258346043
-11392745 240114369
277959641 936941501
-373774466 896117571
-288645737 251508950
-471174696 -149127319
320184984 405562696
-150775685 851728880
-727691397 631353409
290511909 463166368
-920821096 811094053
-911478471 -260513430
-707968323 -221835476
-964716963 -831519408
-858770299 952003700
-434343139 301921122
187733018 633156347
-762220405 579985558
372908746 853405269
-965473423 -954469951
-470936573 -376637057
-351662329 -337739095
-275333603 800878722
-329472339 250470097
-766083300 108712300
-525932499 -408123129
-128600155 175414208
-930769091 -851456834
685607901 882557398
-942830837 -212970079
-623989617 -98925344
-88412931 271184644
605965064 760597766
-675131178 -606721805
-743576140 534833284
-440998007 681739764
-72226903 46626102
348342049 442353491
-56647241 865739391
-578745939 925263221
441399335 628010155
-502699279 794017595
406824646 701288383
-679140632 -648800774
491361159 688782302
-596759544 543671575
-703131121 51413095
-994236042 -443250481
-343902127 -97924524
-989086385 3109395
-755288566 -47517486
256258400 534714533
-820268861 -609163922
-739965006 194783480
-642439126 -128940858
177593847 235066203
-710207310 76681726
-435498922 901435218
-837020784 332067999
-797820273 306722249
-779468764 -238180238
-154255672 309353951
-521642746 653453167
12090134 728080040
-35391441 924554329
-169700554 757972697
39088804 362659208
-564498358 -479128168
-858861019 173678322
-4206752 754220079
232259769 823848455
-107867537 94603750
-593014515 780536117
313195393 372894140
-638151803 -277825976
-30448977 224567444
151307482 771171508
-126943116 129828102
218475477 422643019
290182058 945985477
-243733823 531931122
-482145718 -1174494
-411824485 -154979357
-667158951 64940309
-275350329 497042346
725681400 851678799
653995047 834092111
-14103224 871522860
76480759 122226655
-6043628 882576857
-976316537 -219544950
-867099050 -9070795
-252241255 -93871334
-604119020 -451954414
503795060 512521176
204556780 451615266
-383417453 89624160
-109114449 827931116
-600486921 289170171
-850572044 915975702
-810973547 716304718
-998931471 -902256645
-400129568 863838638
206353922 717974529
-835649231 614439829
75966738 363883691
-878050699 337563496
-87628799 220035784
-755306538 -17470541
814903702 835305888
-340139696 -60220206
-919867416 -836221916
-738634476 -700217589
-949228340 295975789
-543764513 376209718
-776807831 129486191
503831107 641452984
-284126033 -184310535
-986224859 -177862430
34796599 809340593
-745895123 748742766
-829572720 709667313
423380960 592391755
-847117432 -105882378
-617184029 -385720146
-389070690 -128383611
-962582958 103097088
-660940869 379098358
662471018 698394437
-623375691 608971402
42600102 562005000
-870321574 388412030
-750148897 202957593
120037289 855977837
-55264494 887819280
-785812402 -623294367
-438772427 772832735
-989512246 -659392862
129981055 570139032
-421152918 152783877
-406306882 248051661
138122821 404542680
739044547 957146297
-959530452 637896905
-355426497 296989516
-810873464 -291942670
855118025 937375824
-920510315 -68599317
-786193807 -237563398
-879090163 -36214432
-794705739 116206420
-20911281 658304019
259972952 971733398
-844662448 439936159
-491815150 748707758
383614971 712861626
-828176901 87621494
-766118181 -579691706
-385256556 758547617
-37766284 998118078
-779132279 897674234
-924435135 82541530
264419315 800243675
-91282155 940752656
-820448365 -190662465
-336980016 58614751
-583505943 -137897813
-112872243 -60941313
-516030783 630899285
-884023420 984158162
-329203451 599372556
-390892336 -103384936
-87748780 169867064
-645107745 132284353
-443469067 507061735
-314207850 -163423158
-511350789 766248763
-459349308 340813307
-674222813 413177256
-671385441 871894994
-505760103 -317748498
-226333938 845729600
-878562434 -238892786
-672153652 -362982149
337329939 616089154
-811998480 681916532
-8754192 448701670
208163527 939066878
365375358 492000030
375694070 882050492
601950039 652912199
-832318040 844478485
-608979187 -384946476
-898333932 598114256
-589720132 690346824
-633560297 462882076
-83030084 529140257
6914476 635290426
-857608724 -525793219
-394152169 -198874052
-512834487 39308240
-38893722 883629382
-553305532 180175259
-435812058 383493244
-844778976 221344488
-137295702 -37134045
-87683409 481673092
-385184956 -58251910
668452473 946652947
-999871184 521043215
-403656561 558658596
-604623368 585334825
94806981 743047296
289566637 771097104
283335678 391056320
-854349981 -831359358
158040059 689101616
-860637654 232103837
26008156 451236254
-978052651 -493770790
-882812324 -773414975
32642187 679723613
-521606339 664412845
837262693 848548748
290994810 958919911
-518970647 882524810
-864177535 -609975225
-629029023 63710848
384114299 791369944
-417891192 -204481925
-621530038 617450630
-953939135 516003930
-129711203 190294560
-199947344 -26277748
-89082885 783781188
-715775721 -339584931
-994470010 -859671506
-154631101 696589590
-680458979 280371186
-991666422 -808720611
-633560161 206123382
-987234904 348298578
591780114 645428011
352539541 496653900
-706789152 606257297
425803149 884578576
-732395470 -714725456
-928894983 -647381603
665417013 735990183
213573098 920990085
499212773 990583518
906902210 962154578
483476620 716151131
132891832 935895901
-694356348 -691215456
-725155433 485847260
-986451849 499785733
636859970 828216356
-890506417 -405422011
-265660608 -11237971
-472126877 -427904993
-438995225 175518762
85889250 675599981
70612473 646743873
-726464323 107297034
-214693951 931382330
-254805926 -89364446
696892987 985592611
-929664556 452724836
-38462554 31900820
-949978216 -522216688
-295130244 619885178
-480537902 -164828088
-322958049 -280018482
-458979749 127853275
-781222146 -243797
-509694034 112942069
-717677079 -120827613
-920748001 32619597
-777831933 26288698
-265531637 534495650
-107824145 851611346
-166685418 490900021
-695204204 -103738687
-299925646 958906947
-345890487 -298108287
-87256367 243727073
173885185 332742283
-192457752 737765240
-642639763 -302751407
-935742375 -714304406
663653056 740442679
-155216173 684565168
-930130991 295473687
-611490864 -501331317
-465438115 -91029701
-128061287 955394253
-844997999 393789974
500274146 730768250
-730604554 391235148
-559342129 789272196
-820177870 102450709
36548962 517423900
-597167685 458377047
-755552667 874980202
-733854593 -403812758
220871635 461453470
-672345120 829020987
-717199846 -120081400
-227404763 244224423
-891890123 419328524
-912170572 -59856290
556835556 980978000
-315090520 73262903
-505789301 505285608
-123905640 685400866
377391488 385348745
765544163 843735032
121225148 940802397
-589552378 940784546
516056481 696899234
643690768 800532263
45934977 422925094
-50531207 87632873
-843115362 271938728
-879049559 63850514
-472181289 154768818
164382633 361359932
-245762773 73738716
-449532992 18316256
270412214 440491590
-550394752 508999150
-889432129 198874928
-99824823 190113883
165363422 335137959
-912486046 -51567436
-295327703 154086678
-786860132 906260800
680854977 687297449
-467192869 -184474840
-389456663 643479602
-971940009 144747363
-519479068 -844646
-845919074 911007385
778988390 898282625
-105885053 676548183
-314624596 664844647
511275374 577580761
-809309732 252967517
-836357966 264345076
-659534087 -24907297
351659553 986927045
-58062778 503363084
-754712924 -129433636
303400400 731053741
-983565193 -930292490
-696924637 -609226375
-767908016 -426716154
-34500319 428737265
-142918508 348409092
754781426 796082389
-202919521 744631173
573966956 818046732
-902572678 -889960275
-801184499 90995097
546909842 814201179
-254171698 482261371
486164391 938123488
-396029754 39663858
-548208910 -286721340
-618576650 -26016048
-639511530 875310287
-724793567 317008932
-103687253 961550217
570939850 646189552
-329061966 388689092
191648172 512594365
113871274 311257396
-70721376 123939218
245615543 478435323
211844952 842309649
-10715691 70733718
-825716164 120577257
-555683050 -104157424
277249802 278441549
-29251708 -19027833
-171997211 325054043
-346494063 -256537661
-744795215 -513566030
-133125525 625952396
498846103 545746005
203454269 402555273
-535441885 68615370
-990304771 796591721
-928213825 552831006
501530416 501893290
-454520473 236776639
201074148 884281130
175901884 485759217
-592712326 -290943224
-821394826 521832935
-492108834 667682613
770870183 801393545
-98405404 522805687
-545881251 -433054168
-602426724 -599252004
-421712842 -114602292
-165434091 73109287
-426618023 -107772620
-525444710 265719641
633637168 685207559
-825570237 697558068
-764400714 -460081183
-6666313 491108688
-547952421 850442217
658896531 997972284
-677669389 -283487638
-392474537 691479720
-598928656 -284126318
-950942208 -133742116
10895583 156295627
-316608958 258621888
-407645988 -373805651
-689224498 925376189
-967848674 -822588173
-829140417 223270610
-499945804 -73148953
257645020 488080732
-280489232 535826759
-477278645 516336976
-538403242 -134911940
-334066485 942018435
-32896297 545053644
-327594746 902356953
-504607876 941030630
-901406542 81568035
71338959 781715061
-83627499 360647606
-164206535 632511140
897334127 903805641
-872663633 920112539
193352339 922901838
-88590251 854942269
-835133485 -675941884
-782402469 -720580577
-263916350 119033392
117940285 964751812
205947453 755303859
-729651850 -45744085
-189889981 159266125
786750081 989430242
-871092713 966905099
-386253023 71983941
-446667895 573888706
48544346 831502730
-943316864 977713454
87402279 382969171
-45707529 779709568
107913733 543112009
414178366 960513831
121919010 845348810
249009383 634627300
-683914532 -458032968
403499051 414602412
-496606802 -349449988
-462195673 989377664
30818350 670047472
-909246797 -435382925
621923111 923521545
-652224667 262719303
-220291613 273454823
-675735387 266278677
-783923516 -428529255
-20100717 379156831
-793757781 622650283
-158441159 49221964
-369156959 459094669
-510871774 634102454
-892396704 -837479075
-973165380 902760747
-889849726 -171418251
-671532320 755030316
-461343346 -2831226
-538111662 144627807
-43083065 777527557
-625266686 759439263
-818560391 -624735595
-555293190 420076471
-520306475 428450356
-142496207 782621421
-930826119 -924311800
-676063179 -414028971
-408914132 320912164
-255138319 807325267
-458731202 502833969
32383076 330967241
-154892597 876862149
-874925841 -819387862
112914705 228780708
366119663 860384817
-424718670 78321794
-409890237 456579172
-911588765 801131881
-645720160 308325189
18370497 959385331
-377618810 980180970
549283300 850101347
-669030574 -523635490
-22958690 551652869
-982374654 -792713544
-989420229 -409969939
-961011770 -502181856
512223172 791962148
-130165290 351190865
687574310 912252226
-307677005 984351984
-189838584 77971964
-90079667 584278159
386336673 516042444
-984201801 334554748
-27658486 -16650044
84329293 439370527
-754482453 955906151
-142446235 845028957
782621588 889700470
-230745618 113086024
-430009669 38311878
-168888679 1534271
166486897 211590306
-846764916 411728881
-360515703 471130482
124900624 824116633
123941393 991217479
-839863998 -791636599
-147554486 685055565
-880668814 865406024
-796386651 956226383
-488028342 -467449973
-900427402 451936635
-583539171 815067969
-623773904 850650998
-653845778 -345090015
46994501 890443196
-679744798 284208916
-983463651 -738920321
-928140678 41759673
198821214 498974421
-936170396 -393546043
118270135 768093041
-815427622 510993413
-835466700 760329720
-403591293 131027821
-284014383 919094214
23052185 103998533
168767756 992393331
-876369763 -741081970
723910247 994460895
-909924285 791067151
-368134543 99995160
-783727960 -180204521
-993612254 575510760
308185606 972886972
-951464943 -658908169
-119483210 466700507
-497327171 -239557520
-720461520 404944483
-471461848 679869405
389655754 633256124
800983258 853079580
-107569158 884735724
-837560371 128054870
475943105 525702596
-855892720 -772310488
-725322656 -459400699
-802114736 287953454
-359612241 918556241
-790416545 -680495427
-325497029 877132114
-759064460 -492052608
-107803091 784539397
-767308463 -591316596
-964196454 741950311
66123291 856698530
-468983599 364151271
-834446242 -410118708
-887413848 43978623
-647299799 -372810282
-534503236 976507311
-440445836 853760134
-122550619 141677688
-899256853 -850151012
-119340501 743864301
-497111112 233360670
345154612 738674459
-210520921 631572147
93461348 531521163
-748398710 -428977776
-768988316 -342519432
77771601 563106650
-949696915 632805862
-690592039 771541199
-333616459 -297321008
-684868806 -673342309
373786045 726235377
350850873 800560632
-570636074 -55438930
213519399 492038163
-80901882 403870340
-534938478 26224196
-451718565 68568566
149921494 867250278
-35949594 37491022
-687414156 -401914856
-960027639 303055498
-878659606 460886854
-829025290 -575838982
-47811532 948488771
-852055605 385384574
338584518 708943331
222909142 684753811
-764731074 676318065
-366302344 436644075
219907476 798947375
-115583968 -104983605
210427270 579479275
-876943179 -704814333
-747551571 498184883
-856264098 -481304707
-564200399 496787546
-900005652 700864532
-398435238 -30728406
-132958004 437952057
-361657740 -210260965
-998135786 -553582017
-814785236 839779625
-703531959 112559883
-791543115 321247887
181150593 395774482
-128451747 -44685196
-442144776 7780251
-769120569 677285394
-219629646 921188156
-761091069 -342947478
-641264739 -365259433
-383985278 -23883170
456512552 601208200
323906644 865227939
227322860 692764035
-898375759 983235881
274901322 780559446
-886502987 816204785
318734711 528360786
24814358 571112593
763933468 846898298
119310077 571043814
-80962635 301210015
617627524 713618810
-955758707 539955245
100994753 456439062
-756464392 721199483
-587691522 916995359
-967176874 -274100263
-536082597 -373268161
-831296265 -309692457
-438739608 25519270
-754590109 189066912
105053670 609518042
486181430 823145374
-312764025 376993348
-806056905 -664159210
-155032812 806812986
56788479 81807164
-644833330 -236117292
-218720073 69929202
-560823206 561646075
-496133415 780516186
-862571220 662014563
-905525867 976850948
616399104 918635204
-991394499 159425408
-230169525 916283054
-750909483 598175580
-678471908 899552032
-989951133 21409730
-265918314 529020013
-998227415 435146694
-867841592 -109345774
-704348794 324719338
-772050571 -412322260
214912478 261242353
-439447205 965021544
-573813370 539274988
-973119726 -683091988
157947224 375313907
-616892570 -461047700
594942834 612874859
-833258734 -538302662
-629837137 142490727
-42326361 407441201
-148868968 322969284
-660200021 -66970934
-598327605 -411657192
229194587 955832856
27851741 593722161
-895556460 164312121
-919510076 518175677
-649077873 577809976
-45403865 342762655
655019976 937490742
449861148 679463220
-141654034 81528736
-153308712 484230417
469519409 876853732
-170017623 456735507
-356520275 550708653
-914096950 -910548809
686900950 913396137
155606378 182341402
-556376421 -401025339
-85759 758210471
105404777 774389647
-554933203 9029708
-599947881 720874596
-229371420 799325052
-701111319 -325273207
-984684855 -590470073
122045710 935552861
-537062017 -327966398
-982062173 5166449
-246900950 649673975
-922601003 -542417675
-589768404 54343034
25564516 766296981
-266036430 981558390
-13566353 148274685
-915651606 -752713264
377515352 454932326
-913967735 327604267
-737637202 -723701641
-759212341 680948357
-969327478 554404678
162073510 901975873
-705610793 -578045953
91553218 350454358
-472560867 73588795
-731019402 327689318
358141948 718758042
-772739886 180029821
-720851320 -287204703
321967704 800858897
-404404055 759386883
386338365 761487764
-638515097 -505895881
345305781 555793401
-455776505 521229765
371190612 901992612
-997808379 446520218
-863805110 420655398
-466438125 -139891538
-242774334 -139347372
86312750 949821732
-429391217 538444102
836513656 983965217
233324490 626505080
-174121818 -173392231
-564395953 326324103
388202100 446369569
-660103649 325490556
-164107171 843599639
-835254776 2994451
39462837 245701173
287021753 421398358
-276144682 -207725680
-209290121 -93306776
-106617734 453387079
136544074 155352506
-96184655 -91875726
-892771056 -291736764
511986554 987232804
431599857 679977754
408207811 696129492
-519389079 811616079
-476533456 654541065
-913614040 -494515906
296048692 998385590
576791666 857012183
-424589427 768286597
-132203357 -93951306
-530494331 151210179
-661275240 -280576891
-730104886 615551685
-873452160 -631711984
-633918134 696200731
-674011104 -435860213
-19582945 994565460
-53713837 119216093
477965009 905718675
396639687 644708080
-269306000 400259128
-127460862 -122028586
504619911 850158308
-256170480 -100120896
-413290956 -99638460
-309169488 -113377032
-212672919 959229370
-724713770 376621853
-430206775 489034247
-496975051 176864071
275255830 808354486
-320860816 930413165
-667446402 -635605815
-310863336 -91835887
-343991630 497240204
-845991044 465535003
-485911627 793323603
-850633275 -124259400
-801189682 615342277
-930354210 -879884217
-24962492 453508241
-956155130 -337779255
-967875016 535344011
-687175571 151727270
-137371396 -24767025
26151627 810163025
-563030592 36498111
103965091 144145086
-431248394 931000580
-175671493 437347357
-641449244 -132939812
-317350879 702346726
577354002 588706865
-573832629 344370578
-506594987 -323909743
-712900837 250864319
-597480137 -449247474
-942356446 -151297952
-277293388 746717785
-241167720 732595621
317376218 940190842
-480491524 692650398
122978119 411623406
-696835421 -688445899
-937398566 958203656
-181460848 362241565
-573570934 -253531044
-458598735 -19055246
-573298467 186763331
19046723 764788468
-756335933 -506649121
-307139555 -114686334
279415480 419249582
25542473 424041516
-253901554 190662413
-114747027 227353745
-607014799 -251502357
-682339185 -286208914
-123457620 675670487
-949061068 221678218
-371093019 -360471106
-113891046 189806533
-315588522 -177925519
-194296009 673583354
-773325620 127183473
426005479 852657028
-399694175 -123124037
-28002828 146188438
-921044326 389206453
-913969633 246696756
15641522 697473708
-996231714 1703390
-327705912 -170486402
87653326 441789491
-926373789 -471441624
267409238 835381104
-634573668 211959064
19545258 923911031
61768278 997730994
-689713608 122901744
-995118721 -143176602
-553329240 317839367
-920036117 543868755
34669517 625705410
-633778511 149517112
-567347810 -555430199
-886424156 -121409183
-22491183 618814254
-876289064 759480353
-58039561 4679746
-404789986 390946256
34195080 118898675
-926885609 -295783433
190307538 297968139
89168015 420539004
-883187646 41731536
-168493848 -51490092
197317990 799396993
-573834952 -491482023
-379881007 541697862
762487798 916000023
-160676475 564532077
-283292869 488017513
-330857562 232913597
280728917 751829264
-272181282 938151010
-688869625 430067787
-220804582 579492409
-596158270 514058978
-619423188 176030335
-351039417 764417207
-113459494 962727265
568262887 941705898
548278435 608196293
-4031968 772632123
-508074249 741818685
185527778 393503644
719624467 908186265
958127394 966931777
-308117066 -151084398
-497716165 -10880245
-686980224 -118168262
406934119 956724364
-966928204 -104216945
-544128745 -118548690
41696316 399328000
-297709817 658352329
346764037 847287170
-751063042 -98180540
-768353194 427756871
-764872428 -133346982
-22442732 885349158
168460536 497231748
-719589793 -515918841
-170544951 392529256
-393421544 826490582
-425669788 887088699
-889339138 -399290001
-468787081 -9792599
119526835 565403752
-758102466 -540841904
-811212460 204761526
-775089012 44837891
142792927 861983836
-897264755 -315931714
-815738584 618789671
-832399285 438012999
-187987436 989324599
-277975937 878962241
143991310 544598766
-750061363 -533350115
47896093 260433239
796168086 850332789
-757592663 360283046
-854928010 460949545
-321204185 30011195
265283683 362703590
107118740 907241912
-26179265 885388028
-917078987 -345846411
-841918820 -267870645
-880063256 587683266
94756385 680840898
-945590062 -181494663
119807153 913434899
-989973324 -875725444
80567314 705730246
-816370436 84776708
-786849076 936593972
67364335 534205879
165717788 490242909
-466285849 223622661
-474127771 492521753
-67031866 807156438
-361362870 191771596
-570229293 194214338
598458732 830675599
418489668 482646146
-844284185 235555281
-358310050 350211041
-206806238 589291134
-626854769 -155403753
-69698626 321583930
-441382941 201540476
-798812939 938900313
-566393476 898532997
236556535 598803143
528636457 783637334
-565988238 626149748
-50926229 933426327
105319408 845315467
-477525304 920885378
-881799434 303827879
-608187752 797590914
-692976953 -303559020
-423670150 276622642
-809243052 685613217
-758054408 80349616
-959718880 601245631
-259323465 749256201
-779266645 903860060
-950906326 375837580
22106722 463854202
-754252399 917617102
-741794533 -29571585
-838589592 -115705343
-532691106 460357364
-751182714 336549890
-730409257 -728798082
-625803308 256485771
-584082704 -23634629
-53138901 19171261
-849368938 253063577
-924672786 -315222367
-927051176 -174040489
-812007128 -386403322
-399076251 62479074
64892337 271342376
-313932712 132546661
-118439933 368612273
-814924940 528955053
-779502078 -503511848
-899013425 -27938074
-997768852 970941887
623880899 994905451
-405511308 682242503
308440834 660528221
81151896 470039476
507092189 532779147
-350415334 23037377
-375182574 472714724
693309763 763496534
-208119915 130486306
480712013 614390331
-648782852 460082911
742392587 930880608
-701003952 -463354807
-713548626 -533301731
-114336726 499171202
-975548952 -793329957
76403075 502967957
13148748 383509660
-519815329 961094302
-942954866 -341602954
-447387634 -88668711
-925814148 -563287369
92854441 582551048
-324667024 -93685752
-625420424 -404269530
-17367542 971564843
-915568309 -845321954
-638038643 791983965
756651914 807178933
270544387 994256026
-362882385 89318793
-521867259 85406840
-971721865 358958243
-788447114 774842549
-830236582 636170003
-35501828 384417405
-470028918 269038930
-910898131 510760406
-913660537 -871887792
320573656 660278241
-879283737 157429222
70990849 652346709
-869464497 422610980
-382207129 803472756
617996057 717309063
-904897737 -465031564
-431761363 -213671667
-311254029 524148087
109484233 574551408
-738792530 472823334
-476498607 202184172
-712443324 -253648558
-524960924 854400857
405189018 903713812
361588144 855446791
-704116215 484878743
-887677676 -595729861
-905787103 -382258907
-985834731 793748659
-745627501 763598856
460154546 983524445
121930030 244173197
221758690 922851059
573464375 910419056
-461974283 121984068
137244665 809678823
-47918853 59550268
45138422 446413032
-942860397 464597980
-944242783 39681121
-948382380 120303183
-778746806 727832773
-391369745 -369427665
392587671 437225094
-9721698 206022508
385512692 608367651
-713161237 -256583709
-338628262 698092266
-618717164 -546223985
-277693422 867272904
-478234094 -250106678
-261795530 -82435068
-602925729 -375028883
-343864920 391154732
-420401824 -314716731
340373933 888960205
143816949 439431935
-786401862 820758
-886934689 559868512
-211908751 574323149
-688561470 582193181
291624804 900470489
-131560239 -96239794
-271427675 -133424690
-322903815 89509070
-748114381 -517150953
952972418 972763781
-351833143 -141472868
-320412220 76043145
629871008 902380453
453431822 697959684
-783834794 683563647
-878371333 538398311
242385834 818823216
-579903187 -84747908
-862476135 -160960640
-595398502 -412014135
-897330051 -535955201
-607458446 802347392
-677993506 -281256243
-835420733 -194487733
-499148926 139220298
-547842231 439311391
674926252 879482622
-831443670 -482474541
-161260348 527359628
-526435422 365677722
-65393528 354402901
-179838070 367127479
-973657086 72813045
52303003 107913597
-161211690 916605584
35108620 125820511
239555360 986195306
-504335029 559321207
-597490059 -180690043
157726907 571824065
-303367882 400396980
-138267448 637434149
-901483417 642451426
-336040094 953402102
-342028123 246974297
-304102825 630146210
-151642614 572810048
-71952574 735352089
-654529238 851808764
799656567 997133763
-37406608 116306348
-901856766 -466047425
-794945486 -93585104
-143937853 820143172
-253336267 741887960
446655703 552852347
-981811010 98649183
164573026 965265290
-546225818 731501327
-526971443 846909582
-252145419 -67318605
180630774 779287940
-160329715 728806433
-464501243 388153774
396417466 658032276
623518267 641775080
-988604175 -140096013
297725148 381519952
-738124395 865464751
-590837881 429075162
392704796 665629388
-59026434 800128988
-902458676 -600699478
-409142948 -103307231
-907499200 155402569
-95786452 944211834
-156925087 107780631
530645476 777220603
-439136073 109821112
-848102421 5685573
-553825822 672826824
-318399352 341796593
-266938123 -209586548
-762060070 223253292
189248161 506329143
-935962536 -487466030
-938385510 -901962826
951773125 961925448
-673994519 292049966
-381832018 450915811
-601010449 -31049308
-277791761 -212127944
716508454 726904495
-971210607 997331270
-386967838 -146172737
-639201434 -554103786
-53150084 485874487
244862973 448697914
-601991375 194977590
-856217872 380108
-409046519 628471355
-877781936 -611167740
-740168538 609089151
-242608216 375876622
-395684141 24966860
105010753 604460647
-814929929 837507623
-280656196 932917447
-920477624 962133350
-845894437 395694039
-105337094 28111042
67603710 974363338
-828511209 531136263
-460666840 963434398
-725895485 940711580
-441790410 -134988493
-951282960 935973253
166162114 252925585
-802793790 -284766315
-452101925 318613635
-692143462 -242722404
-891685872 -408053502
-901048036 -633201599
-880542025 -47558273
124775346 429975647
-584054038 676066310
337957759 843068632
-868786878 117471490
-104436465 230212437
-3845808 146459804
-663908955 -328815590
-301533465 463288582
328627785 459045801
-823940821 634630019
-856848325 661295978
123602862 220339587
-379502622 -221719463
179184245 375371380
-940216948 805645839
-99414282 278419191
-526178880 -200901502
-253425690 -69167427
-810000028 -791039528
-617014028 337447697
-253351058 -213700297
-831244209 260875671
-547619934 302972632
-446243763 785499630
456492903 526266523
-681249778 -354464344
267062512 683275183
-725676184 -553034113
-668384354 49098275
-888395719 -726763421
-193870725 -178521704
-753099878 -105058508
-317303338 82376035
-749853762 458437209
-114250092 433833371
300442169 501472759
-697999860 426062447
-941195877 492890633
-956182520 62955149
-764598119 -419037958
-521106039 183936373
-469171138 -170779211
-759981827 -569654616
-735216778 65868809
-939442370 888238533
588807673 837171174
66176344 862301988
150916278 767168903
-703365901 -225355944
-648962009 -537604688
579066327 647888607
-177214543 133259035
-123578972 495958152
243000689 477431313
-460283949 429949782
-930822232 106796292
166845879 181923536
-628405471 -251991250
222872725 510383885
-984210451 226360249
205792316 641990896
-175693547 872637468
595591868 698755714
-822537170 318180423
586374704 615508568
251649789 495084689
753738175 981541933
-935910117 -747044968
-577661192 -182927654
39780557 441474985
-340173605 228946910
-200683253 16585771
-789852906 -723323883
-217395360 305701101
-219417443 428422742
-774805859 776541490
-908619753 629887077
219936444 546381439
-902562600 -253626774
670409379 936592043
-848259030 933287041
-357322967 339057740
-814847113 8556412
-509336965 497016865
429429546 851538947
-868971977 177253715
783211612 909573492
-573077042 120417068
-255780967 771245139
-817073721 1063835
-410604020 654110348
354887676 382457296
-286740454 743719630
351155280 873011033
-955827862 354756354
294182838 823824212
-293026077 35413818
-292762997 624533365
-999320252 947396102
-130675171 804815292
-399461962 588186527
449498060 857176460
-409211377 869328271
206213947 265381898
-615129634 -177373010
-389627587 766087810
-7423068 276638050
-960821941 29553824
-893934392 -248851791
-690180651 436862001
-653349141 486014584
-886527084 -497825820
-500368033 515945987
-423021230 747372271
-989508758 573979655
-842637462 -792154629
-328242229 427134153
-35746431 109770428
-655387282 419940538
-80990810 163460651
-301404268 -12107302
-752307130 816756243
-429154868 625139206
-745144727 104285215
-946123040 -307922079
139748158 271233078
-372719495 360483281
417719441 739104082
-384981166 -99657190
-329171301 190299753
-317079759 746163397
-508341615 -319858170
-796856109 -171996421
-285821676 2752134
-789242904 -186451240
5471100 609648414
-625099598 549346178
-176669614 257636917
461815004 549513676
-830866713 -724952402
-126624074 818968134
-872704848 454245833
-521052966 143085458
-446339108 775202824
-798861850 -356566458
-972302518 -485725149
-429824502 89677060
-582480202 129873967
-439077366 16375273
-337350030 174328603
655518509 974865643
-402587753 -195023902
226059447 960772934
-795515723 -214654176
-444896337 96201719
-831358553 -207345217
-861400508 -271884947
347285474 713960131
-651746459 -181956084
-518897258 166985653
-693412513 -194926726
620523325 654976728
-381087938 140141417
-349724163 287448985
-786720857 344483350
440829714 467404500
-626514843 285485659
252370628 457179671
-530736316 368426281
515361559 765141801
796529628 876920529
-388897757 -147607127
-850107190 108483921
-945054616 806126413
-31904545 461178970
-646565353 -364327764
-14638172 71254539
385196086 695621575
-408275540 147551215
-287756913 140549268
83283490 881396441
739800599 945166033
317503998 729684599
-653566416 996965527
-481188192 -326214687
-493039350 505056833
-41126824 193026959
-118616069 -69022765
-57962621 308017663
-644058065 172509783
-844030383 205478523
-842254043 -56438275
134326521 612524057
-443530979 490674712
-673282889 128229432
-973564231 -583921508
-51948139 491258477
671105355 876917421
-572218194 -549948774
-502392339 84539294
-698193117 -491428334
-719754848 -281559941
-620077262 845027617
-229061576 178012130
-428438831 99340025
-731599196 567617782
-373868345 738996366
142207618 270758905
-945949962 219115072
-655802399 -498974010
-693392062 478095831
-709481261 -360378047
-64840043 752346699
-337023688 -75079133
115061565 529164155
-266712320 473153880
-535267335 844159612
-801474631 -488883582
-326940959 -99340549
69793362 792118595
-939529775 -847567207
-29880074 180204874
-771521997 393866583
-711570141 93139946
5494684 292678240
-696359296 800555897
-972986221 846994079
-696066173 -179916635
52589973 369438942
-757435047 -174464435
-416413727 -209606699
-835442883 -377872814
-141206028 810927875
-421130855 439333516
-936325896 408838310
-738473577 335477639
72716841 866760528
-622457045 55060165
445042146 718182879
-723846204 509933588
-898697973 572119747
-116101050 3956
-993583748 964649176
-879951427 -466498506
-666851189 -325821110
-310999148 431700794
-30365792 893066258
-235081274 147179879
-611059728 409546650
106355192 794957406
392535565 672732296
562327030 672405305
-187071944 581036614
198354589 432706551
-336641165 852678215
-170658083 -52855902
-15903414 549744691
-669473221 -93619905
151636434 225340397
-779797706 35385219
-963171039 -721690903
-782097246 -497317001
292047726 487190846
-54704090 118267124
-810136222 327556504
93634184 234673321
-344759069 885990100
-395054850 710834858
-574057608 -507330456
-819863119 -812968923
-844580325 248533429
-617706343 297947149
344115415 656917194
-924451443 -698565253
-749080904 -43688199
-721056463 -466425635
182618909 662389168
-331123930 -221504345
-84797172 607009392
-386322546 620602000
615749159 895062025
-660055914 -471261560
-746358280 463844412
-649064233 -429977213
-191971827 966490842
-452132998 363930624
-626116594 -232046212
-157551478 994578585
-446515792 220387825
-723285241 130188664
-996429055 -349001022
-840189237 277767337
-145264741 626192482
-215925241 843966071
-133643480 574525869
-573578114 -448847673
24222706 788920640
-525349489 483168087
67287574 791607717
-767230960 -198082313
-294240134 -217066123
-985608285 -505013996
-418780147 865809330
329224974 790189063
-968381603 -607480607
-681590068 929274152
-79312460 487481890
229393218 840990106
20383147 916898271
206245021 377496954
-13323989 734633694
-979380435 711384952
345089070 865492408
-385897169 440749810
-504287981 -163651515
-386173654 296031838
-721716679 155629896
-908207449 -902148794
-646432136 714117648
-277559346 395847329
207987462 928182395
-792625899 99564302
-77996463 371956012
325327574 713308179
312973979 431462622
-911989800 153631702
-627543375 -491695459
-998463277 -683627064
-746994752 483064913
-952224512 -54967908
-932035858 419987464
112429580 661917004
-178117277 891650244
238517716 538950162
-339617202 107956533
-214529304 722481447
59919830 394397708
-951128193 846045803
658610435 805000560
-438526695 941699815
-482569973 387747267
-775919589 -157033487
-691152281 23562800
-977019178 -711147228
-924751362 -542235024
776934470 863029218
-647215280 84259465
-321751080 -259711886
-327539566 -306649985
-885500586 914875362
-803131059 768139590
355015019 897795811
-746468156 229557720
-356323105 -79268559
-354419626 820521236
-703994015 -236245122
37607625 232278297
-219525329 45857498
-335882169 505423951
-815637192 -716116446
308115120 422085199
805466601 988912362
-376311943 794265495
-122941758 374378704
-600725771 361941071
-202062515 371295785
-12574144 229659600
694002833 994020204
-316156512 -220857581
88715038 705632136
-411721757 91440417
-698819410 971828890
-197443801 384618442
-663215082 -508305848
-910684751 -219420045
-953376977 48528090
-278078595 689668206
153963547 692839457
-581873402 123684822
106557317 677736939
-355070279 586096145
-549766322 121390620
-769155095 273576151
-76264522 819254012
-399262857 157036559
-879489160 781140610
305696423 532119913
-72324955 663483311
158376410 349744560
35109234 427141050
-654858725 -547624774
-979707021 -745746318
-51691160 545037748
-324776840 282758466
-93173230 593555274
-69881544 521170575
731985597 752911940
-708296571 -221559911
-709031393 286937814
-795550181 -755080758
119387389 450048244
-324736544 306929698
-879938004 -464480205
641339707 809185148
75364586 552125286
-13374446 263801607
103008187 601681225
-954615813 -584052609
-918930084 -912095344
-663213587 -19069197
729278782 958477026
-831105679 618282482
-688988272 988750893
214901685 879337301
219945871 554758558
-950548198 823125019
-689391280 699957820
-335635046 398691190
-804717196 -284340798
-698441112 587304143
-704925568 114103115
-571197207 -406280077
-921652958 -910750941
-112806423 508954215
-229969212 967346138
-904931193 984859958
66542768 126396288
456155088 840163576
-414167657 -293160872
-817337435 -549500841
-280210150 304180905
-53510985 861750926
-697787293 977638195
-627507659 692608734
-645424171 -552191409
-592288974 780925279
-506416750 445234924
108356777 527056842
-387420971 -156247730
16867915 350101496
-366827243 820458805
-848066474 -773228068
-265435061 -107737044
-132471384 407482884
-853383156 680116855
23246747 363340544
-449973166 -199348177
-737433585 854439412
-998012758 -106717079
-464031378 603557530
-816441026 684860376
-432872985 165283582
320021335 333762143
-324581326 -273693821
-915502989 580711786
326887708 576475134
-157693026 123793951
648435862 653793853
-552595906 968442548
-370734507 881191981
-415945088 -288792317
-280021744 372685822
-438950312 463477678
-920853780 216487236
-498742538 -19791509
-575080465 -293269542
-603867239 620537213
-900853272 440465237
32298296 512546482
-359419476 838309260
358586440 535068762
104406779 834105503
-118073226 969696109
626258606 687132691
-167531088 775404450
-957960179 763761431
-374931009 853756459
-881849412 -63517353
-808376684 -627953352
523168375 692635882
-74434561 61651252
-231821216 199370041
-620906779 853929437
-174368682 305518990
-754329655 -59323963
451220596 854260958
-740452585 -98817439
-702412078 -571973478
-366451656 446337047
-627667695 225220904
-327339516 523690348
-607675222 118057360
-532860761 -117055030
-650301478 -120317822
-539259304 704426512
-496039364 307658475
-714864158 -623237151
420634359 465676475
-148523292 381415202
-407878312 207128403
-100894205 395460092
-558603749 576501713
-986154858 -859550896
-271338875 238511361
-184108349 397873400
-500546973 500080356
-817692164 -82181682
-415216196 47065159
196780546 418666839
623109921 802137490
-534255027 -500236461
-370743175 153877355
-460052704 739333099
-297807952 -202005876
777545903 859521071
-564917316 -26572872
-821466761 -202591908
-434546682 -339629840
605003152 626286243
-118651089 947365282
-796571619 603487493
-772830760 160119150
740880077 834856258
77851140 378307949
-742732138 -267331441
-210393011 788197887
390842356 561092688
-605542746 366918341
326326417 498055357
-788653438 222241268
-820204567 -353236772
-595663305 310830884
-526963956 601741505
-912715764 -204606914
-270114080 730172907
-824470326 -674128301
-517394946 487280581
492049603 506527108
-977080866 -862642844
-542391232 -358662862
-63991200 124387464
-621511412 756900071
-399498284 -299957878
263404494 381217739
323809481 531348159
-262641150 184478487
-710870505 998897134
-120931377 387182597
-289586092 -280434006
-914210372 709544441
-988260680 912695751
9533268 327972244
-400917866 -293386489
-417672617 -282103399
-651597850 -604931502
-465057425 808604618
260281711 793615115
-722911517 953683294
-370342586 975365673
-30650362 841815764
-905299499 695720595
-592960088 169588114
-471991469 338074335
293504950 475081074
278543586 497751923
-414020722 425059816
-751667293 838385853
-183311936 826244630
-984841928 296364988
-314097361 603386227
-505648929 549237196
-210713428 234217036
-760006671 226779284
4910148 329106834
61146674 332053366
146469320 620757078
-277961781 142053227
472509088 697219768
-875330603 327476440
-741985804 834683850
202530327 729691698
-79127840 476115909
-195137257 225959821
-938618663 978867085
-248813946 387825989
-534020149 727346730
-552204456 900195003
-884158985 52425483
-655538428 -292345920
380616850 582502639
775537626 887359157
-964468904 -462226632
-498702641 -423500459
-867366099 961972109
-280397960 988172012
208349641 448641816
-188972926 236482819
184806723 668773100
-816167800 199480623
-99116124 297433455
-716658155 594574298
-5566466 152767316
-88551522 30984733
-547281596 333287026
-826849695 454950063
-799726254 574715562
-760331882 -175514442
-853091112 826160765
-807015292 426615464
85132262 423247175
814599600 906419164
-637112956 -487091454
309640062 743516764
400997181 404103121
-950617821 111120295
157374220 979126745
-783611989 -111115082
827113459 907385712
-514099118 -116923296
-598114587 782508803
452375888 485417429
-959893848 -835449109
-113949612 -64353801
-697386481 70223790
-669929567 531244190
23472271 44629927
-118936148 312458500
-714303833 -43765126
-168313835 -121408003
31708979 473699439
-407516607 171544625
6046433 490686148
-562006341 577468626
-799968466 640072099
-427878786 24739385
-398027350 918770470
-377299219 497680306
-648459392 726660038
775375333 844290111
-680216564 553667654
270950452 293709895
-423533686 -302622021
-591978885 -357101583
-784223685 -318473341
75203679 247594269
-826225019 -646472907
-226889998 642606657
52917748 746137419
73765570 988046798
-433093331 -122589161
34078556 346651805
-774119974 674924416
-381588618 -136881797
-284092093 410857959
-64510741 958345012
-386649511 958358802
-777293119 -403432399
-742208575 383683985
-863159342 566563727
90380404 226339430
-533460023 318503708
944667037 980849645
-151321291 131550459
-493591671 -333883284
-108291068 985526415
467100294 649852247
-872833026 -498327996
-556135639 -253064484
-640287171 881892214
-534347197 -483745470
-242367909 861117888
485993852 711441577
-112847453 370834882
-182975063 84737380
-533069839 817127774
102726847 390483012
-953855693 244134553
-608562882 -161187649
-515929931 831307472
-833319042 -48253216
-524606465 939574990
204608995 612287226
-269649755 192142046
582959211 651308615
-80011099 -59082278
-750155956 -699284874
533491824 633019785
292506992 468926451
-44129663 587292621
346847825 538874070
-597280181 -164187727
-60608736 957634795
-418277758 -151600539
-552415831 353369707
-388715671 -350054244
-368496551 -117569880
42664080 953080578
-264944104 135240422
242991800 565733038
250222191 746436510
-324483678 -51686229
-948709372 694636376
-3253272 463184241
306556628 456018439
526856439 679520393
-500541272 753710811
-670394166 413440990
-211804675 268431809
132001132 429316922
-654100480 516521299
-932541036 -499044794
-725106460 882274818
12814501 555544995
-714736256 -187592493
657579887 786588584
-42539009 292844452
-810875139 777276558
-998549293 -806819309
271024790 651590495
-698242899 -347629122
-956400694 -684174879
-799916852 -647741137
500054955 615155171
-477664366 69179517
-53329626 223457604
-463177649 149845595
-203264550 560824749
-88064448 609384980
-336724951 -198521921
-908623280 442245051
-796316900 88267004
-924555729 -665225413
-429822705 4006414
-936646138 948183079
-833987454 -295984284
220850022 831260789
167398394 346978224
-589035972 600940297
-495872242 57147090
-910284763 197806912
-268971926 -57222863
-446413555 -283141090
-645692636 617540829
-383850941 778312435
274881676 857140244
-983339494 -834769724
66931210 886470134
440543587 670176716
-841440553 236369471
520189529 692383082
-283000666 806065847
-523045188 -216578194
-474968513 -54568717
-809698730 -566306929
-476164569 814745103
-630303547 383303826
896498038 970603830
-202563239 371486640
542123740 732548440
215722548 621292686
-423255363 930065571
-922233754 99405996
-838991006 233813320
-634841660 -170731314
-78885138 555767707
-769400221 -258576644
-942695583 209695895
183511391 270630728
769271647 803121659
-192448168 865218153
411316812 742363624
-521842302 -148933522
-902410206 761255187
-496020372 450477127
-16848467 546984284
-345471609 -341448750
-972608584 168549892
414624769 880888191
560338638 678898905
-588069914 58651923
-8894470 224783048
-805523018 237260757
-58451922 185486161
338454043 769810228
32393283 258346484
-325139651 927183632
182067823 901094006
-423515599 658268457
59981519 277428912
-222300654 989164986
-267161264 284558092
-719735293 399284157
-541593373 777631184
-627421470 267405773
626380295 856152836
-658045619 -126845866
134972755 153179488
-722981189 280526617
-524162666 574105995
-319694806 815762466
-498884604 988739436
-552779562 -281314154
-436024470 116744354
-744161210 -5871727
-556701378 -145549113
-773587145 -124198275
-123591075 653128481
-682617563 544224723
-434918728 -375536575
-897468725 -483016486
-265829431 -257266425
-829695702 -666635044
309477045 778777670
-78254846 952184819
140330966 250682676
-740201416 674119693
-485689303 298130690
-891969596 -593754595
-342124510 582266761
-917028660 500644956
313675718 941200505
-900621846 587311489
-788081328 983165410
-944076369 -248708298
528199505 711273180
-370027993 625052205
184103641 283737913
-971961436 -815371553
-224900926 549079869
-421293065 753397742
850069049 884570530
-410705700 504594123
166416724 602774112
-568889675 927750740
-117347887 835728555
-100748091 596495250
-2638679 280886494
-172735170 8006984
-967327065 -763920548
-705637731 471487044
176182052 314601508
115485938 970204860
192139105 390672583
-163538857 276529691
-540890974 325559403
-491256647 -391477198
-400616942 -19943804
143698002 790980008
-442230664 965403707
-353888442 58809669
-782069154 278049432
494960888 577464929
-945500126 910826041
-926755726 145780543
245613590 761196773
-668801450 436677246
-997117945 -749155478
-744465165 -464427072
322904972 503554212
-692241343 184179583
-510123116 821558304
-556591617 815157016
-645223042 815175983
-914265879 880402508
-844347221 729437899
-848528391 794609762
-881821291 208275401
-408588933 -23566013
-184382072 314682118
-989319083 -943995525
-383921941 71597941
329544752 808052986
