8000
-648464290 -477109386
-144721788 619662152
-620260993 688028963
-905195077 -491688891
-104128569 983671631
-568222702 432085477
-881214383 -619247289
-649634454 209650542
385654221 651854737
320440446 839877104
-628883199 -424161606
585785524 896821103
-446295614 327761998
-454220832 116416257
449648124 801617471
-829612444 898601615
91558650 452406619
369334726 678916744
-422198261 411010326
-861226254 881473761
388694179 833342029
102980742 833833706
-833622691 170110349
-879199526 639741410
588282236 628026918
-469559657 -240528221
-466551189 683104826
-284922133 445522145
-461850536 496901967
80794066 459389522
-864477655 -316597900
287953562 317788746
-486972661 -10740910
-931088796 718263923
-567976209 750215146
326344559 431874530
-281031205 485050847
-969385819 658610193
-790196872 601210151
-457855375 372896044
-150039158 281409428
919264344 926237361
-911871440 534346376
-748532104 327167810
757660976 787344355
-303152028 906660157
-722237173 -632791919
-466589863 659545248
-611357304 -312038521
-862497729 472481438
-788741612 88717978
453574112 879095693
-106845351 337713200
311180103 956941202
-919529793 805234130
796500123 907344570
-749343178 -709075123
-580931897 -170366969
-524248790 -429749046
-570030109 -114551420
-164441689 995069227
169680149 946422944
-882749647 931121350
-698384170 793524120
271988331 478140137
201700730 355671957
-666804465 -264013985
-228284036 28714072
-325838947 670883988
-494907425 620119525
-817661329 -87312768
-946888743 517938324
239365844 530518717
-553580639 -476211651
200762549 878642112
-939576775 211138936
-72749895 18068009
-96051268 781292017
47486963 679899580
894103284 933875428
-858236827 841603178
186325969 603902964
-531550009 962052688
-777784290 -316602398
-334252911 551320612
224487091 584996618
492302815 782246691
-933720858 -848121790
-760256783 891204449
-271036070 58462128
-826531284 650055750
-524597522 524129542
-290656091 715873168
-471620489 322616213
-233275370 472290547
-199068243 579264289
-45362639 785122641
-659060728 486984375
-226764248 882128130
-206076086 412258097
-314124460 90749305
-210261852 -4138849
-89734602 910659393
-858418619 -737174142
-710232848 955095296
-592648218 -384538245
-689827476 -50597485
-227251377 389798803
-617643872 972482337
-867008674 -707075954
526984458 657444864
893600258 962177660
-89698313 138722597
-23595172 496020516
-534010757 893664655
-254018345 338292829
-965373437 -705271465
-772498368 -338985422
-957951331 -841931982
-481437631 797618397
-461362106 405849149
-306794240 833416675
-265881127 908211191
-651064067 -230778067
-680160931 369982466
817493031 933303154
-601504197 942609864
326241516 712758562
-89740417 597604992
-389370363 214578029
-956171591 -233513701
-205347996 205773237
-693898494 375682618
-770263967 -254390369
-169529128 535775961
-556783119 572840924
165303744 790061410
-426840751 -297623250
-274668370 650219206
740290348 912860933
-832224124 996555845
-652026346 593547165
-694360268 -684691795
340622963 920156263
-894786100 -888542249
-954359828 -887548599
466685784 793399270
-75636333 879591908
-180496947 -160274015
9033156 950442645
405012905 650145450
-614139867 503010847
577893459 701844591
-836890116 -131959877
266784244 982649828
-50631507 727601730
18625591 87004447
-849679740 314651889
-600716009 253780820
-963874697 563455257
-436093859 203648541
-161293607 783611063
-832337725 -309216435
-78533428 498760131
157674707 409231579
78927665 335022563
-320711438 326307349
-177968176 472582403
-622812601 231495002
-895616515 906846454
-299892685 -207889464
-33979883 435748159
-144415925 288253561
296407812 472841831
-780675647 834497470
-545222962 903106599
-156906976 811618827
53613964 787488400
11442151 886225594
-658370972 -90637558
-477904960 267309046
-569678393 235629168
-740378902 613454348
-145283086 753536051
-656849141 -618375084
366079838 968752638
171843087 929613197
-512869376 -381911953
-195222284 789685508
527862954 705471762
-113426847 377274562
-744852453 -351770715
564373027 787577248
-855188867 864343231
-176231656 782255625
-321545298 934601514
-133165846 -102962218
428820949 670690753
-493356750 479510899
-520986183 -426235586
-771847216 460466713
58581657 795958682
-183970443 792555994
866852840 868396137
585036370 706594720
-892054047 665197911
-309305955 -162227097
-900974028 -885288904
-219456650 729599433
-979313944 41132668
524200426 959821300
-91267269 198865331
-746670465 949293350
-362617281 946427409
-261820944 484441443
-288824699 728760991
597784990 707687374
-970553121 570010352
-535983201 -394992112
-901301880 -326267594
-550267383 53695002
-512966408 -474218719
-624713325 625421107
-792995478 -373078684
-442347192 378048746
580160667 627898859
242118528 280493049
-480988039 988906091
-715328663 21542009
-473972534 860490918
-18901339 210172111
-791859503 65043634
-909964616 237871062
-586168222 846859081
-584408200 595820272
-972410689 -245734988
616496937 635415562
13214370 414967639
-996650865 104251507
-340779745 -139439363
-76799003 273543510
-708149380 907712050
-637163717 -403773025
-861671366 -76140242
275631770 385247582
-550794010 442686367
-841606342 662083151
791793036 957631594
-191499804 329677181
281279112 537589567
-702583992 291603056
-740308948 -235304237
-9677755 432270357
-13939736 418677331
-790107755 -520716861
575865208 633421667
-105845833 447780334
398011481 656077631
253392538 477345948
-32880426 88965795
-598725950 -191419260
-80947635 32846570
-792288004 49062124
-457416707 -236219539
411398769 628010405
-767629190 286327848
-971753849 916728458
168261971 743312902
-954116160 455118495
-809526562 -673701054
-704406180 -435300295
-691242340 776155141
-472213587 246109992
-637548930 -506715458
-201909845 793279888
-258417673 167564538
-21536583 369766776
-496364485 443328224
-881443795 995950760
-777318230 893546700
-779712504 157204868
-851446214 637973768
393828333 751773159
-366126521 308394346
95844050 125975130
-869093884 -678940874
-494757294 585695540
-644494194 504468903
-596000896 963200754
-876541771 968824395
-974547180 944457996
-755901733 897835696
211830325 571130090
-256825228 -84433307
438873237 994970678
638205558 739857840
-613731849 -575248264
-872324934 827571051
-975916278 206329888
-577816188 -321937520
530564018 954091990
-491874232 232972955
-744765742 -82563002
-889765521 217290232
-763166055 -400917938
687983649 985666802
-986648103 -62333305
-846815414 -55336782
-984807562 998959184
-667122423 950521207
-848389464 -87031223
-807846227 325974785
496017469 950704823
-434882754 -103167838
-595428369 -465141571
669951780 759953249
-455911386 517796068
-340173278 621902177
-307781907 111813910
-529997061 68710783
-512055119 -149415411
-656117743 -251208677
194873806 841061283
-406213244 252467829
-711856929 60944221
-804614485 130838678
-784449717 572096983
-189579916 215539851
-378782845 519253631
-888662709 560260892
-905322204 300208440
-51899132 900063628
-118305520 329121588
-788295053 749141190
-487716285 353726614
605139283 761149770
150725086 805884746
-968135477 -14388962
-300635390 -232708143
-895788020 -234709044
125683246 867912325
303474446 949522542
-794842181 -698361108
-691982399 -649996470
-824806829 940943974
-388299422 642560497
-692615504 62489946
-194661934 -40178164
-174170808 255515371
-989235200 784876065
-369729635 818427088
36756637 469180510
-411238011 623381883
-501853759 961394252
-484553875 577320220
624152213 753739595
61628503 89183793
-79257646 310059898
130197740 557565484
-410775019 295345823
490678234 552805774
-585599603 822193606
-931687016 437666839
-180509999 617448232
-698945966 775295968
-306373465 895166889
-110671648 807233690
30459986 990249571
-628408463 -408640722
-914051917 216841270
-363085505 971380074
-602147840 -58227211
606884231 979922722
-151854434 243570069
-380431649 921206121
-50202576 932707229
-647081376 990593673
205558827 813515366
97155963 909135831
-981564244 827522445
-104997545 486143165
-492282586 245494287
-491561154 -67602182
578037317 944976277
-657707595 -244234663
-926933892 943282129
-858942516 200075630
161225154 479663389
248305444 947892472
-480986517 526045999
-687312539 284350138
-832481894 250584578
-773881711 -758871040
458715114 919572917
-260737296 246906017
90494073 678032484
65808094 157481859
-380125051 463007268
-159451596 517190465
-62939206 255172757
-710158196 997524217
-243237555 175954349
-677787910 333873803
-951843483 461673179
209607698 735707388
-720589234 -139159592
638238155 854828567
-266959020 344925293
-592149847 401396855
-300839273 234249668
-345016283 732609856
-485247069 155028373
180270859 871313965
-188436505 433764387
-993984550 -156899042
-71377576 927406795
-243362960 236321610
-450787629 501108085
-515070507 760765861
-129741504 908315834
-860457939 127442836
-324438505 620497104
-469154381 64139560
965824712 967685356
-452283766 968690161
-852102704 -366504209
-751414035 643933974
6940691 921506677
-632660079 345496191
864767664 967160533
-181719096 597303036
-609931556 -275555456
-482780554 -239493623
-703716447 899091416
-381458955 290355089
58017282 581786157
-20730577 413607610
-705553350 -376181831
-522699027 -506237912
-369384442 50826424
-607540113 790058765
-828514260 769888982
-374004499 -195665943
-780271404 898713275
-978885234 -350188957
-510134134 704718388
-472692745 509152604
-842620026 -595315897
-444534720 66155878
-489018786 -433755166
-456229303 104951681
-480345161 310299991
53833089 478105767
-317116586 336196051
-733550284 865439750
-606209966 788770605
-949237066 -821242464
56240917 992424392
-4022960 977264856
7196888 115204564
-464284007 811469475
453700923 828366817
-966623709 455456833
28444408 453625736
-424426567 -22826245
-172393727 386364696
48818517 919083818
793550904 871406998
-202282772 -189530698
-154117507 153105946
-701927681 60262262
447415124 638874016
-674453258 -316103242
-786034099 -290560817
-442931373 -405836566
-84057675 384488130
187972231 611656292
-687540977 475626517
-181768633 438314560
89885186 512370054
-9731171 642756231
-504048085 414878135
-730477852 350893674
-55788608 293836669
193222230 831315922
177430548 577792607
927949630 933543678
-557162574 564826080
-749826813 -160121041
-573658049 35765462
536400037 732774852
-94418299 132886336
847824206 902212557
406266599 548399372
-366981356 433209135
-71580784 468050924
444095915 708645282
-561927203 -258472581
-402565626 -288790232
-914759524 502970245
-306293880 585758965
-736990555 -287243136
-992960364 120714779
721801092 884219146
-784743058 -249827833
-657200472 486533509
-724617872 961138018
-135992452 916169595
-951086237 639542872
-252256924 607181227
-645169516 895708071
876978207 879615381
152679622 633254635
-286232734 657064273
-193573563 -106421830
-928426853 -858216459
-313907211 135002299
-935191346 -166021387
-252486804 472635046
885830192 984377436
-346431508 103672654
-530111634 -451503410
-229246147 -160496315
-453556001 270370832
-118468378 857304999
299081588 317451008
-427469616 841332585
-704165762 -146654093
-47461881 771427697
-640560788 897483984
-635101343 884644656
176383021 675268403
374672642 715437395
-361187541 632407369
-184892812 600327323
-366677612 -35860928
737848747 819902767
-167119311 96058241
-937561528 907789704
877794768 991122980
-680002469 -225245551
-834488257 -193918582
645656864 765953449
-733887453 709750779
-503850396 812102896
155267867 896912123
-889571783 -296473270
-887581696 862414654
-987175873 972028693
-937615980 843460201
-359689662 745168937
-748282922 -703305192
-202192677 103760637
-320141354 939520895
270749544 821587903
-965467950 -298945678
-995021038 -541625454
-877476479 457868838
-106797454 530300864
-335838063 427493298
-165794924 35753363
-830169204 -688020700
-942400578 5894662
-274084673 772614541
-63839638 530855686
201422793 958606164
246731920 955135801
663036724 850996534
-761069780 38434393
-139318532 809274522
95769684 708106157
-637563794 -13345137
329397321 871832162
-977067442 920768919
-730690933 702050320
-182690501 -142527030
199931278 534831477
-895302990 -894344956
-500197521 20927676
366653000 843532462
-7732611 579981120
-533333115 974173619
78072115 797674299
174594929 640953943
-350429125 -26205
-606492147 475532889
-132726639 887902831
-962115155 836912805
-234266384 -97547355
-684748517 -488070922
-770988829 348809103
-168771862 296720164
-529633644 -260782280
-339357814 838247039
-663501651 644103762
58251814 898998036
-984899398 -441754124
-163935175 830836012
-31380749 793214209
-438211843 859951613
-774151658 -271341836
-392568738 740813989
328494264 499094120
-587732861 75597972
-995173464 928493388
530217670 692002936
-767841013 245445785
-225993571 207228307
-867648488 -511720855
-445638639 97177569
-570490026 669842054
-504772131 960443333
-33669625 807541055
-983916122 -530148738
-334090478 881965695
523377762 736435346
-158012954 62528111
-9008214 235869543
70548349 756856894
-888122117 71858778
-335181400 -29110738
62729549 436044588
378317306 701126499
-557361430 590212836
412234217 479683927
-775428136 -730829292
830370663 848299184
-606844571 -214250590
-873873557 -413373506
-720095915 959432488
-986143220 827948921
-229297245 921512480
-621450879 794981149
-960525820 -636203626
414087450 614641335
-894780219 242235297
-704373940 898867164
183125702 478480265
-684151524 109448898
-967056660 -229250373
-195578895 816226300
-839499803 -415368717
177258232 486836494
-618661321 280137805
-781710782 -432173416
-59290118 751747356
-729377794 -491018104
-768306725 560996037
425478563 644347416
-533510795 -430285554
832873473 995285170
106461169 612386130
-495388415 -67891326
141713711 559763107
-392597850 -259668420
-245315701 246187106
-794324854 715285741
379180936 984992877
-958625485 -785464797
-926009781 820235402
-315421847 754074695
236460762 579105084
-831146788 -111621647
-787583304 867524753
-483904991 -391087573
430017155 724552698
421124308 547867479
610822708 791534652
-997263637 17419008
-612040134 -599653093
-258083651 -237446569
819102404 900748721
-481035417 727436595
54069712 667395857
-943470367 425344466
580924831 904471742
532296823 633003965
-467334058 -108067424
-733818788 -623452608
97863032 663635269
-986950999 990715449
675203222 881100875
-32476373 23676801
563223319 995900151
488538121 503988025
-113907563 435979041
87763724 976997131
-438999301 684246428
-340331105 410080007
-759913181 606692342
-851285970 44034154
-88578408 763654542
315618597 638965855
-360801070 746471734
-919710487 794092832
264454043 676900717
-32956101 933149658
-373656660 715091513
-121869389 944373636
-769173711 -499364687
-83997623 992534741
-755455409 656488690
-750826934 -206344554
-22153331 595513489
-849843007 642740746
-588821734 215338265
-960812466 798668137
-570600516 174410942
-171076484 565422369
780901369 823935226
-959950715 -674985196
-793754941 44200854
-476053942 374695611
595924263 825805288
-309793082 885617420
-631672167 -67192667
-132900910 297679550
-907214205 -735114304
-605198677 -255980199
-732901126 312934956
-257629793 776215617
-434286550 108262257
-777518407 -309812632
-962386331 -119007864
-393209218 -32517533
575894334 731077929
-817901522 695298602
-176878086 803677346
334289751 438437803
-970285821 586096330
1448362 395543097
-733794257 519715550
308868817 504033323
-65144837 300613463
550519081 981845882
88466472 709395377
81634677 173370128
-931369812 103560886
-194079587 117820426
-179222653 553229728
-251229571 695946271
390859100 394896920
-55084881 85322316
-886857415 -337439648
-857151492 -651898243
-201244718 484613840
650987670 815742963
448624035 719350310
-884660776 826346146
-707608144 231588982
107167669 867060092
-21094386 757407965
548479657 965062546
-426612769 410150160
-974948838 -709830893
-691023990 -295152044
-108968898 -45953926
-316716787 496710928
551165566 782840856
-429863507 245829219
-351305344 551361395
-101195336 126641096
-343809245 -241097005
-672904548 692128299
-811202759 42565397
473545707 884221206
-56977910 294567097
-803460365 883198180
-514842659 360617030
-356326376 558958210
-755040934 278326252
643749937 988481903
530352856 918643694
-55974617 121596540
177678861 633446664
225173643 561856815
-610229962 -110245641
47110959 250110206
-535979590 361428524
-579715627 686373820
-443525537 158127730
239175030 744026306
-786079182 832971163
231673560 762439075
25372925 366073753
-559777697 32513962
-573309674 -524533814
-367139815 35043298
-757834432 474298862
-991584794 633629884
364844221 973187924
-541264554 -484530196
-42871394 605494072
-415577684 377385434
373987583 548954744
90525 805473414
-763381895 765106488
-304604561 591469743
-476854298 -4946139
-706034551 448021322
-100470845 640929464
-14460583 882583033
-689631862 98600334
-519178728 352350997
-569209068 708271785
-496223335 157356165
-801601652 -111693525
-803693573 593313305
-742016649 654926447
265606839 850237825
-335730869 -110173769
-887524989 883645640
-835885693 789548189
-334444476 713777399
28109923 996875976
-486496156 812274862
-248725568 -191549496
-337403298 -245580158
-617297606 325388085
-672934935 616646558
173136499 974046324
-345432768 493768288
94956639 998537331
-905368589 -210489935
-251915304 389707201
-762247342 -457076387
-711160393 513638406
-654087022 467755649
-93896636 578212631
-441355436 845515316
-954986623 -810177005
-635185866 -453578136
361250699 461622530
-564743062 154910167
-650891214 405459259
-580710725 -531466507
77341621 881208726
-317102737 424955983
-971502983 769282460
119094114 196467060
-907370837 -186326551
-166412284 836960442
175154328 372506476
-925422078 471217391
139709822 556357972
-86425837 319493081
246783194 434411801
-713696899 33957140
-618089954 -243765154
-785292408 418380765
-410303560 25844002
-566388729 500794251
60724606 165289806
405690 248773971
-819034899 -568614708
442085015 676338605
-872012759 -387578187
506758119 996144455
-548126692 841166905
-440000060 651626977
-773506182 -130432421
-36314627 177000504
-100291931 626842464
-755347295 484489280
-205132601 612854484
-288882939 661821897
-423038922 450042838
-638363484 332417213
355250966 370820009
-160662370 -129603973
-481589752 -407139851
-330925276 872807059
-965453203 -234947521
-200497965 313824790
684536869 940784719
-98065684 684639912
-681894141 474866204
-888890302 -832158025
505660718 818931057
-369137638 -70628466
-133451313 597664544
-494849772 639059116
452084885 883814296
297122990 867319536
-88065993 465819095
33689200 949871453
-610216506 809498802
-164507359 495489271
776881760 878540519
-990017684 -894472527
-931268457 -399926709
-917991302 192086907
-918857598 -423140258
-577001439 -573846382
578935350 911216832
-417678650 177541542
-747659041 346423040
354488558 562748434
-531386486 328111759
-345760398 -307111604
-360971397 327058380
-740150365 -121353439
-631253869 675440224
-907245724 -779931657
-967011242 -469602225
291208624 404344494
-713323710 -47912384
791776910 869913372
-383691061 -180335756
314121823 319618421
-990429960 -449731663
-661441248 -579843771
-45866567 364369155
-917054032 947148932
-886365120 709788604
-34949212 323834225
-819435337 217637697
-29302737 258190756
65664279 774269122
-866675435 -473791096
-176457836 355273593
-561709978 -177413893
737370552 894841066
-603509665 597874196
-602183371 447279039
-288995493 660731169
65550943 114229164
-381262862 -198380808
415018885 425215259
-805538333 -773774922
-120761059 436750405
184694004 716324487
-243919034 -164783559
-349174009 -328323357
-753691474 104296759
-189390407 565308979
-699752245 829810594
-172499560 486234868
244124697 934218340
-135816933 830885505
-435212291 267473929
-961950182 216579297
112376108 696266150
-888267281 70732398
-524411935 70555071
903005408 903053980
-554062597 135357149
-124760751 489299798
493171749 564745404
-940128228 580550403
-856901602 299603778
-793878372 -41528952
-687429592 680992850
719538456 916098441
561743583 817501095
-458269036 -240513313
-363988016 716354570
-777838467 -331696229
-593780069 -159412324
-654925509 -156141162
-700923972 338125751
-628651986 43143144
-583560922 383100592
-689316027 964257252
-545734368 -81975289
-795126198 -222157061
432004077 923516742
66008731 528090936
-856192296 860740688
-184876118 12271933
-277045401 665869598
-415533218 936385742
589115522 987836316
448294165 773972225
404221202 825080454
-443514985 -208577834
-538062086 -28508291
-55031448 906083470
-562979807 -559361255
21012380 321997346
-950451969 441865416
-957271362 -491634239
-996466513 883290252
-362017914 659073641
-438684510 137364585
94614475 477539903
-792546984 4552992
175867053 408593973
-797031656 -88971965
-855946990 428904791
-68451258 55736413
-501432690 887824263
149250644 413526740
-764341222 -387926664
111520434 881825846
235853550 860076092
-77692261 160976701
-939896001 917972644
-950911555 60308450
471047566 936142804
438469593 865516489
-583762862 -444814584
-887308056 -625406092
-816878980 896817755
-909741929 -140882793
-554775228 665467024
-695825779 861079777
-269866088 -261602167
-215385549 458570315
-418966812 846908152
-804293602 -160228012
-663136179 889102933
-684354014 -34441401
-259260519 618970270
215117127 239923692
-528852240 27086664
-992629950 164300003
-958594391 866301967
-721278468 -412147210
-960320774 520831403
-477513315 -368392965
-221542288 104765805
-268366849 151770094
-290134820 86892049
-902537001 684283078
-258686658 543458089
-78679903 602952227
229513262 409453079
-568416388 796469839
-797032474 -216095676
-839340584 87492301
530922230 598816380
-166902838 444147336
-615727201 404446786
-807394330 -557300031
-324708589 -145754693
-940608615 268307592
-835332409 -421305151
-320132737 825969593
-769781014 537725584
-605876562 -371176378
47014309 883521162
-969619382 -375932445
-825724013 307972555
-750005043 566870921
-382774789 189936924
167122025 371926458
-962064141 -854214430
-972606917 853584223
21196069 798979557
-881642523 574659341
-509694354 530512329
-422635955 445103796
-646600798 925069099
425192787 894746892
-2668274 926196329
-302767257 478253636
-618522784 -52446407
-845527986 -384137339
-993166127 384189994
-726070764 485961919
-801924665 -627359957
-466313525 228554295
305042411 436050319
272660676 298437195
-218186326 407217138
99587181 644699065
-388964397 429118333
143416366 147469851
-900066133 823955118
-236569612 229155287
-623726209 184740411
-147788974 -94760309
-586101791 843588580
-854991959 -830194361
-954237716 312152555
652597324 675255052
-612737537 868375351
233573388 460018061
-469688199 504192596
-488349533 404414020
201185114 872372416
-910514761 -304110761
-901859440 130566145
254117150 957133141
475987211 640408891
-270964747 -134662510
-556628109 -39448918
-479623641 982612038
56055800 588594251
-878073810 -399004006
-641712444 152612435
299113047 689533488
156891726 797478152
168875043 226886993
-767791738 827178670
-859463449 946498181
-702629824 -634616523
-149605525 613323908
-880018339 811169840
-730447122 -71954911
-800677247 -42041398
-361777844 269818370
-96918302 795167477
-685281711 941156891
189833780 611080697
-668927517 928252924
-142617304 83688757
-953593911 -186504980
-650310230 -72835950
139778743 497024394
-860521121 835034309
-565296215 826440171
-440327365 -9671574
-766763405 29674029
-478310576 509851768
-964201842 -73322950
-384929246 100597862
-474187924 876199417
-976966106 -964459530
-505334487 858133041
-219857506 89029057
-91667543 890282199
-939684280 659143711
-413325917 -329563906
83932917 295601580
15181454 641018305
732148514 798058719
-901956848 -490869413
-500028152 -464632972
-162070961 144748078
-982228057 673490314
21337521 544868038
-62546949 592704617
-619482784 -399585744
-451337215 -19274313
-7660442 143431073
-969312075 190905864
-894552714 373411483
-690481708 899532278
-768835577 -33986864
-703120620 625328327
-15639485 269897972
120516224 858378312
-781233856 315257447
-742130740 -426551466
106159019 166401605
-998728430 -25326333
-918756768 -798470938
-308061299 639757516
-923551730 -233502543
-313598010 395758567
-952189718 -101500705
187980917 665190957
-377035808 624593401
-412293456 836669543
205246298 719989318
-546378867 483348440
-563493372 612409264
533701852 781048252
-874364462 154153941
-465885955 706569987
-687291721 342838891
-86528668 584955144
-991307579 600337101
-34317827 807409414
560357590 865198822
-26657911 280806395
-841096791 621728161
-986466762 947866086
-165590644 135327646
38240042 680612996
-880807202 763718047
-841375379 -293412542
-870901121 43506475
-186650768 937533253
-191724703 -69285073
-998628483 964304093
-787241645 701096848
819160971 964004668
-208372187 922331185
396371767 880165414
-274868179 618669157
74311073 128888651
-436803366 -3904173
242367590 938317505
663526541 702062363
-736525031 -203585088
-999572329 240548678
-727635372 419859971
-912122423 147746581
-482135747 600815801
404795007 825770507
-968343385 37659331
-718165957 404151394
367934547 430505499
-536507806 185086566
-365299471 -66031143
-844957148 847484171
-834562157 -215785424
707812697 995314187
418231713 939589380
-282270840 422332411
-974355407 418909701
419681660 486974126
-21147854 307240398
-120375637 121065416
-873776525 -152247422
-736458509 -594007793
-865363615 -571967700
-797127275 234857505
-53508867 -15664769
127135816 501981178
-330245134 374735833
-241645676 -133419288
208854556 709227088
303772990 860168332
-325730544 5034277
-922892769 -836842183
-672644124 431453339
-973253356 773021383
132008009 420848576
388752416 659036597
-683383332 840087207
-382922172 874166688
-583003870 850305012
-689060217 911062470
365140665 370876667
269611067 476222596
-990759539 -478134075
-718617671 -242596880
-801026142 -162429744
-712120908 110086723
-670906082 722327657
492765814 665809468
-570835820 142646829
6820681 877178371
-385284524 943522163
-588506495 325152912
-986527843 421898697
-783008063 -771086867
161140614 517521626
-572621894 471959417
-63424779 734481753
-485715035 465298316
-276122347 768067962
-786890503 477204376
-431925258 134216978
-393355642 -185856089
-271188555 509335864
-716245581 810023913
-393371234 585232847
-312817283 917893193
-232987221 980021983
-708685413 453705847
-746052400 603855044
-965455915 -361927367
75888831 637750500
240184032 326777264
-393670794 -302382087
-75960504 535699650
-962410014 788052734
329557754 546754904
833006207 881416165
-901983078 -20281957
-514859893 -177972267
241523242 396428945
345708335 673754863
197136084 573790946
150494163 795625142
-905285089 867189408
-74371762 263545609
-236828897 210880876
-350582488 719015575
546252194 663090099
-850740430 -512502772
-440758889 -16402062
366125958 490012137
-135604217 653163895
-542799782 442488309
-308786053 93507683
-869349226 -787749237
-893904410 -722201102
-756295091 592411452
-779696483 -608945709
-206366592 -176792338
-977647225 618473343
-934381838 -903912325
-776401438 -385934073
505080066 533751832
-368014714 903027346
-926898651 -283110361
-783479351 796963896
-327448390 -233746624
757308896 972334661
-842659636 781515333
-240592049 -238641585
812823611 936207255
-141520548 700577335
783251932 968561601
-30122600 749713155
-61569620 731531733
-479710493 219476959
-551704043 370407641
367212121 510163210
349561156 472978330
-607397007 -15818323
-255568916 749638729
436270082 458483495
-934637777 -582792597
-667736148 366089049
-293094061 528361929
146846423 154583589
182715213 793367018
-820466077 -792997457
-865018160 465569346
17228658 445424505
-247927916 725816532
-322952854 974220894
-871645197 238625224
288942752 691527352
-704642362 -632786926
-783008917 201985696
-781626295 837801792
-228662340 882696000
-929064028 240533062
-516009428 905306017
-916950562 -247074420
-694681896 464521169
-673217347 -638661497
-795959720 358214179
51108760 721105938
-433468428 928162498
-297786510 -29660427
78966326 166348466
-913452255 -226794827
-268392322 374031333
-595925810 -128310326
-355991452 67058261
382374941 759655040
-987369003 -269758085
-58631319 935579579
313432195 746603147
-781057037 621168647
511311101 931999783
434736004 444419022
-996949816 -239518097
-657850655 -201679872
573118856 957605990
385553431 638068111
-460733560 449942562
-851944680 -329937625
480217804 720804498
285665891 625466322
-807073125 725502982
-495115133 57825787
-575711119 895252292
-863792398 -475408232
-995641488 -149779244
368813035 597221522
-820164476 -678385127
-677597752 497041260
494005463 800662114
-575146444 161889162
-222757232 -191397995
304711713 502175020
-450240506 253446546
-946907214 72481604
-639978761 666946972
-820586849 751194542
159575120 872869358
-132901900 201270635
-542448908 398138581
-267903348 120943260
-980890069 -778214544
208809237 986691577
537902150 929347936
-63041452 180565375
-875861857 -317305988
-84203108 926233894
-678739721 642581351
-767541425 -669225139
446623555 797476730
218264400 902667035
-284483400 174951824
-996031928 914740474
-101080846 994451846
137021663 140253715
-166197966 423873498
-76833015 279949123
-539966459 -514456419
90103464 938489055
-105645205 223175643
-252696360 -130477305
-770108684 620499439
-249875031 840047428
212659073 505208607
-668118789 843187803
-780533243 -596450520
135113568 547761350
-341185316 82651929
-138677171 297497058
-548487481 457819246
-868690516 -766276100
42983611 526953976
229394870 582178438
317128612 469287531
-908441038 350092550
-626369162 481145359
-54787392 28885223
156907710 520426471
-562230194 603985279
-837511412 -549864520
-687902962 897455510
-822431640 -3023861
-317890160 882238010
-778536661 279408933
-910483069 236029179
-617173435 185262695
-872643550 -618422894
-916248274 515389747
345727315 836439338
-349363630 465347059
-690425428 -494779550
-688675698 342459798
-505430396 382796137
625444751 696100679
-264930484 -178379005
-631778738 -361117950
670280423 954943393
-379306931 792220506
-89262730 994655767
-361259177 -316916937
-586338295 160879763
-970194220 329517122
-613913282 648107975
-177107570 381480982
421718165 467592602
-624134226 -338490705
-526318341 -110563406
-78647190 668225502
507995758 805719901
-922501481 686610656
-623252006 788070473
-746581559 -576850632
-801964064 -792334564
318247469 712446273
315018183 552812379
-766880942 701824135
-416738824 157999230
-434532350 165608704
-824585006 -115126908
82886570 156844038
-271269086 -212365625
-314048203 472646481
-855993026 -504908103
957580212 987853899
-995531378 -221685155
-812069361 69080379
-632627146 270242053
-123983215 522408083
328627404 780313682
-734136675 825887304
70234821 361704162
-554590182 737173516
-977038579 950180498
-564820315 817424423
536878901 886807835
-746229718 161872470
-819969669 880984840
-658734804 -158316391
-627854733 138656024
-419696726 620337477
-422410346 988119646
-657221371 511558797
-561779664 -92331146
-785379710 -17862344
565707426 764568792
-668714601 864951876
312071987 740636378
-832121144 226760225
-911639380 -581785004
-766183838 -503887331
189657990 518397782
-235913225 437328587
-703937740 695625405
-461298397 -453207620
-735975226 848804155
-460857109 421054341
-626290888 819166738
109000759 221369956
-14382254 328642011
61953461 268204181
43611883 919112135
-163618103 -129432685
229632184 521518537
547266668 717940846
-637098459 659233669
-902650235 478573624
-936002936 -775431690
349149762 727129847
-478575111 91396830
-95462640 36418801
-182831085 357810457
-490563255 73907860
-854755072 273349836
-180737546 -146335596
259625732 527399620
-698229398 288977869
-568551466 -261699052
-903054185 888143173
-330051410 200413844
-109411662 -33043574
-438074064 480448471
-970105359 724433256
-81457800 797035072
415699349 486003113
-108718505 932969132
-610890281 396486205
-941310281 884292810
-622835511 322826060
581767904 749652872
-597159728 133945886
-129301512 924748320
-964618243 -560472917
-163758352 -114466815
-115891981 849738252
-586816837 -82926486
-583094334 -513764649
-835725089 429141485
498424340 563185076
-129210785 160203958
-582801895 -270827844
-706021995 -375155730
-721112481 407898832
-554775521 19836635
-393272154 -218846274
-864624754 999675742
-296535410 408370095
-405635146 -282015143
-330969631 222079846
-272126605 962228635
-81151890 428324079
21928613 945125953
866575909 866595939
41727457 663035014
-644602733 -188041956
-224834771 409715286
-186198272 720644883
583814684 902057710
-186784411 403137178
355984869 558659009
57341924 289226648
52391994 222465355
-412812651 -109791806
-949108446 -462830459
524904979 769382200
-919679168 199603296
-698091517 131731899
-830730556 -416359858
-573658203 -305921455
372142618 586455499
448695465 770146475
-660094887 968490392
-533902991 948272701
320804648 894135615
-113868446 591099367
-440920503 325925777
-384963816 -44135038
-776141241 454835312
-288009369 674666606
-838196009 674453488
-669519509 -439168157
-642877247 138645059
517312913 540069017
842407932 964389211
95471640 842938704
-927441021 517608124
-748371091 556011717
139469483 161810296
-981680144 566736511
-37732157 548259733
-810662591 -17849651
-505446871 -342029628
-616941446 326250624
-167025113 224912388
-162637416 461496666
-178979358 -148186836
-603776122 859431327
-834039179 -99988663
-830967929 753733839
-833535166 129150537
-245416498 955190896
430806724 512077533
-517280652 319920990
-585630968 -315641608
-155848799 522280286
-409533551 406310040
-646181086 231934474
-433597584 175162049
-835828134 -142155456
-180213135 -136224480
205203022 695894113
-810626959 163808884
-758666400 973936048
-933249992 774588745
61817917 490408936
699633528 835330382
335380680 503379601
616564220 671369646
779637125 894777717
-381027806 214754211
-265780627 -57559598
-782421213 -207987912
-777950445 -41216916
-770460053 -658175920
-117064114 -87947424
387219994 822897233
-533688762 536689185
-553196278 -147317776
484351643 983346141
-613783773 -97919070
-499181762 -185748096
-565472229 157087933
-162882850 285415490
657707018 897039921
-246231753 35591321
-519806316 -273410946
-808812137 -211456871
106757782 272999775
-761981205 256102593
-454335500 996156255
-831845454 -58694282
51872839 372283148
523940780 799974134
-455741794 -115026797
289427772 790831380
-326072150 41168995
-4078002 423285017
-656279818 270560876
-660740175 497153867
-811293579 -264562683
562789476 656636115
-645720814 -599875405
-99530531 426495891
880815842 983840723
786855990 806374958
-772709573 -60710596
-404977260 51198664
-373932163 -95066236
-218104718 7456694
-629245913 952961438
35426848 542791924
-860808754 651688382
334840360 661302560
-766395184 220262980
235809511 685948092
-36694074 880177882
-369865940 880316069
-190301464 489016630
-429177821 278913539
-899601577 -352899534
-840279344 -471731559
-950887095 -719584827
-891421587 -204971858
-819178192 702805377
-920970940 -273675333
-443936833 910333831
-484999188 133888709
-680874610 832992820
-957187246 -394509627
-872855140 -851698176
-65342782 36046677
-338352775 929103270
-171842619 10954898
402762203 579298150
-136606763 660069292
199097438 253825909
-325043500 911143548
-631364447 585293433
263584670 525324246
-154301261 815956667
-585281337 70700013
-767836587 -182098742
-531878769 814824554
-446208297 203677353
-746664469 639396216
60227048 510173013
-898621346 -308371589
-785600280 -167882616
200656293 299214728
-312933744 581398382
-915157820 178328059
170069658 213795774
91281499 736383253
-599043335 -52639359
66442109 620834778
-878958314 -59320744
-475448680 176534347
-702001208 -84918910
-771180284 324046335
-225547705 -84076171
-993346498 -137130965
98502314 815886572
-794759718 -319999396
-622704445 134529203
220695227 634827540
222393019 478695855
-385437643 -299169381
425171743 708101740
293689127 602653788
-348531795 636003094
-636789706 -318934828
-183837757 125564013
-817409037 -399072585
-153164797 448049341
-163324589 -99411522
-267112925 862983239
-491882503 -266978126
678386363 803319369
-381923713 948552409
-782433289 432548911
-106048562 933480736
191919264 582387551
660600224 883166675
-925433573 -633588587
-405095531 -138884829
-568134515 987614254
-734636559 508231090
-543358241 656640890
-902745704 -41540584
-690360651 760334733
-549361352 889843337
-723797276 -541785517
-453679244 660405586
28701021 768735749
-836174988 -260662296
-59660474 39945210
-920910123 570638407
-110683263 512982140
372050693 631373001
-919850540 438602952
460747586 480494763
-270728580 -214916591
-242610613 861129
-797709327 -613234175
-892074970 725405050
-534032047 -19166795
-3138623 88205200
-457383986 182899111
20498805 816607967
-393692014 847909178
570011194 755194446
132540645 721612273
-712745588 382889115
-830004741 -314395755
-927839238 -37980308
-849926866 -406182719
-950670466 483463433
373497841 656625976
-654419484 726406979
-983865374 971006848
-813047206 367186278
-436808329 590164798
-899900463 -423254095
-898347825 -442952577
-34900684 886941061
-723063966 -180615491
-818719625 -659953539
-740620277 41571035
-96009400 234809183
57886240 968004608
501756152 774040960
-860523851 321681328
-143202233 748774729
777389234 857581970
337304659 488211033
443259693 857888176
12334252 593540508
-926845870 739306369
-628041349 -362346321
-808327417 351371147
-512054251 -336162449
-119100145 434708675
-458528189 956203201
-785946388 446268344
-961035558 799002056
-818670202 591813999
-705220085 -487893203
-78637977 981890564
-815292513 -370196496
-349019047 947141348
617014083 632050921
-872695680 -190805033
-855321355 203304229
-925668610 -26635345
-630872743 776903748
485773780 948873937
-449079506 120506796
-475417248 310011564
-926848801 256197470
456555566 674262117
-508285298 50023407
-958177954 270191332
-747986624 883443631
-172296430 971899956
9154686 669496192
41898327 305220095
-691931774 909141931
102979727 694920466
198706052 694573663
-668903204 211046371
-653635848 -211151876
-721841065 310507085
-362797084 890300570
148826674 156352007
684798918 866289127
-313530862 442531386
-950311793 -945926330
-131393760 207251560
-883614408 -767089916
-502520972 -235866994
-921856093 -224266634
4097926 629808146
68412451 814898129
-700950661 780042040
430177393 479119490
-840554219 412704430
-647355387 -211982078
-550064120 488389973
-736855711 72609214
-766453277 -659841536
-146335150 154750033
-743063818 670081740
-122384735 181417376
-317124559 145359752
365559978 773717376
-150438486 38566287
-48579468 283359372
318664787 597720530
-510020291 395738885
-162170818 642291409
-174515276 293665487
-261986932 762416006
454984410 461824194
-909527873 -549822298
460769513 537374039
-769817242 -233740822
-767931772 634333709
-200626874 278557384
-32368491 582436313
447484537 724794836
22116800 150810867
192236242 433953189
-126325912 455952318
-746002966 683863647
111490302 911668998
-73639284 209318577
-789307898 38626098
625912716 749884440
-379084307 422278867
-586197911 222893001
-677566017 880221289
-783395545 733778652
-595730490 -158301146
-277476598 916252558
-840361771 901997597
-463592614 -116037246
-999907498 -38784416
-619593546 705746064
-15134161 181035161
-871706883 304474376
-635933767 381934596
23240434 168122388
-615683224 -452991514
-448504232 164982952
-828393575 -362362747
-627691945 359118996
-311621965 318625160
-907878832 916918436
222363951 585547835
-984601658 -902125209
-865832705 16318010
588028190 647231757
-413975641 -354593818
-576791118 429343136
-570646350 560791628
-250087613 91654299
-560057515 -557950415
366613938 717209152
-874546936 156051874
-268699504 169560693
-959099740 232687352
-396788464 155420349
384857280 932862516
-893329030 -239199644
-681203791 -266771960
146400395 892512697
309445068 584905353
-587265243 -6855395
-778045386 496474163
-91320396 529927909
-720502582 -709745189
216627762 547236909
-607134446 891621627
-790146909 -5925664
-802832531 955169216
-556020382 374860633
-658520032 818633034
-619021623 516543605
-517591583 960019574
-415442264 -31175339
142593832 792043294
-430842684 37778435
-282754609 -186462505
-776430563 646414121
34623498 671787757
-736020731 318049900
-441597314 971982285
-378518384 672787794
344801989 873530712
-703659406 -647019723
174069609 568269572
-120912377 481477041
-507597140 -449040570
-4913459 575760654
-940528361 6971528
-427268247 -184384755
-74312306 832555673
-377597101 653092559
-990049940 -158850785
260318417 524055587
-708683212 372614250
-101265165 549135558
-30120986 169525386
-853578627 740112673
-449773140 -414885388
-994344864 -357655919
333001902 601589707
-935616312 638182363
-812844152 916273688
-815633974 794153411
-299993533 557627560
-728385657 957590859
566449385 785754683
-853679211 253296760
479920212 715768747
-559613874 398110248
-154791646 763297886
-905072245 -851896237
-561245734 -132403606
-51527769 882386235
474948157 636406276
-266407126 983527027
647343586 858482876
-672111908 911366656
-871237594 434762167
-305612990 455346804
-350204317 170858170
-742696442 614984240
-171488816 828771422
-748620685 526009406
-508522114 -253021916
-725871588 -76319082
-787395761 410755207
722092552 803765248
-820559492 284681763
-879661502 -776731684
362940565 422249072
-872573034 -400529447
-154450453 182066732
-426388830 888667776
663894901 878679400
317301658 645648140
596354670 618783618
-6879408 401794887
-612817800 699147624
-844112963 139802144
-225677001 -95436503
204156095 311290038
-785722106 -451448917
-895993659 -846429492
-739792163 188057765
-173056481 763518924
90958927 312869676
-758417263 -66045860
-902440160 -419044894
-718165068 732980187
-355010757 808957467
-812397515 -299852338
79615560 905404167
-960655692 94203320
-804537497 -212241809
83920332 177367452
-993743656 753854340
100843240 292578181
429199769 629009957
-480726916 -391088221
-41421621 783141200
-93893643 540688518
285170127 625499986
62065289 798393112
160464853 176218578
-751103776 24733668
606906687 799926399
-472057024 954847668
-892104734 -870460277
-253115101 476737222
-452778022 -250385482
-696840929 811034038
-859701873 -11239053
-742951923 -203910976
-265227229 135421849
-984872715 -238210212
-557504165 -190111214
653809087 672031052
-742113390 521344847
-862238578 -428385522
-592635326 -244552760
-646768214 499881576
-879173101 120741284
-70539867 677036664
312686437 330474221
390999729 965864885
-403080914 -389948935
-601626503 537514590
-679651701 -190571393
-541718996 86720812
-7569938 63953631
-943499690 -283069997
460672426 978097182
255654704 710271529
-507431216 535591058
-717019934 566392297
-751192624 -648884083
-84779391 330607047
153216384 465010351
-929867728 214391389
-425541508 667691599
500420357 687791542
138869762 519019277
-928067243 -359557169
-194456999 146795601
-713465072 139203228
-905645176 -821727665
-825300959 -379760149
-273884596 959586495
-766693500 965976127
-600580102 6980833
-166011898 351070569
-734746074 247114255
-455196521 32083629
-948749622 69893239
-275493356 684319492
-396370899 -295528331
-635382002 -607674132
-204988079 686442180
274715532 942426416
-750721800 184786639
-673958402 889568922
-12381613 917640284
668703880 838231808
281896035 603477104
-618536655 -52754770
-151894256 682571077
166754062 481672584
-520203969 418120962
-973032658 959904893
-726545252 99444692
-777920274 -243744901
-112342379 769847871
-238648171 -218673966
-57327996 592021422
-59811986 525500406
-438543479 -376811931
-783072275 -218559512
-298355478 -35018602
-53753239 692681345
-461453946 -409391630
-286948438 571218721
179795263 961575890
-943955783 -782708876
-405752928 191981693
-953355385 -311579742
-830805786 121788608
107277463 426266564
-644687280 840697281
-464929484 648432130
-387270560 164215259
-429161668 -121659802
302550515 766623342
45526726 587659217
-425304631 -2465700
254091201 582032675
-212079309 739153421
278116214 940718633
-329329651 88252818
-540634544 292221661
297561403 762044052
-208772316 690638438
-239936641 901127387
-229414460 923870426
-992169088 331378770
-788198587 872503427
-953372953 -833358022
-499777758 965848175
549930330 727030668
-570828719 -146561294
-455051704 945968455
-695044275 441348303
-354736056 759695977
393298743 591248617
-519771577 -191270229
261815492 775885496
-560027817 -472553834
-129808617 -96207633
-239607118 -217483994
-877686674 300297839
-981926424 -622778209
-782503093 -750437399
-650334802 -598111825
-985075130 833101691
-339595029 222668250
183517761 776863643
-928013428 501211559
-271831567 862595972
62715764 916033023
-833018611 954046595
442120509 939606923
-353997852 624218397
-483177519 -76444331
-431184002 457935673
-630460117 -282354293
-368875859 180146490
-728175015 -180779174
-648675516 -476069238
344353737 722969542
-592524788 753258674
-259047496 572121946
-943034746 762974122
-711541848 -160534793
558980011 674345133
-886770210 -319059475
-770811492 90416440
-910547146 -895058832
-408064738 -236881228
-644714300 -302341557
-808070603 658242284
-118339464 373869386
389999034 647044648
-621263057 307636696
-792978514 627639091
-81909321 696246710
-553850958 -438440069
-586169352 142861838
-732926027 -192725155
-499817456 183976815
-385167846 -11519207
360192166 684989410
-969735801 -783590120
-847258722 -744381441
-867441236 -302800005
-845268258 121766554
-127463393 -114526515
-209135238 -31744909
-410222104 -407499504
-783048522 -782185073
250917546 905030125
656301375 854635198
-846978976 272425106
-679703980 -279896593
-989189952 742711355
240680291 684067013
-94012960 109308309
354109222 781475658
-568767548 -449976290
-826434201 439457906
-754463500 364599654
343482208 721315920
-257634018 448268302
451310704 765937000
51286748 898579812
-964679552 422956958
-907078165 286295188
-652041290 307013175
-923973442 709764681
577180949 907148915
-899505809 -266171986
217448168 760420931
-974330687 438925512
-64278684 485727745
-105139142 -25783932
-528178790 -262598892
-474390266 829813625
-329553234 799424290
-554224540 683028759
-504826963 909574220
-932546919 -771108203
-314802351 245168896
-43571105 883435039
25958117 68687769
-127640027 294604158
-481722881 719687170
-769425842 -101850454
-414127016 515773494
-215038277 251188846
-884672897 134482283
583044472 785011304
-915333707 -860380037
438810605 745083215
-598559711 143764164
-863062589 230069577
-246625015 287052234
-678395144 343510064
-408148563 93409765
-119845975 290035927
-654647059 215849489
-755011724 338944065
-545611452 -64315545
-300105104 947676278
-897484521 684851069
226919332 599115018
311065117 702169368
323429425 402682019
-778729023 171284169
638764586 644292373
27183501 835913058
234986745 653824874
-169478857 633146991
-586378231 -63930560
-161419873 964040869
-239153995 -126379324
-675467171 -5016421
-830121737 892410840
10150026 239593284
74399469 180431653
-323759459 -174978797
-834721661 701804038
-623360779 829106208
-590071912 -97205372
-675648061 -472733845
-955845368 474841903
-171903882 360240178
-854801075 -396581135
74310566 449266819
315733516 549200202
220025139 354496293
-538143328 -257579790
26620187 757577262
-307167145 233985263
-701118461 -58200256
-856818392 -393847816
-602922135 -169206695
-309722628 920448638
-323955513 336063086
-481846584 -322869684
139356667 717815076
-609789915 307544125
237916301 728375027
196674649 623037355
-241243811 233727026
-326771780 407197788
-597211737 -535134889
-773021653 725173888
-984412335 188794925
457724272 598102248
-124913870 515692865
-961714918 291693174
-309091493 -255256390
-671703607 711204124
-976055877 -72158407
-496918670 328416938
-90236212 532955719
-581652313 -38991166
108295805 739521277
373007788 554660107
-865368390 659263001
119451324 139307634
473459906 637219702
295253578 742388579
-565920326 396154337
-723997772 -421347996
55231448 407660727
-138836597 965150838
-436512000 796206116
15575212 991997845
-586719716 7409149
-856716020 -352540745
-814075473 740020211
-725920119 -304649593
887692798 955838709
-520770637 650701278
98035316 949593368
-740034553 804084572
-778348886 611046770
-958135554 -148380802
-362276892 639019156
-356866140 425195981
-556423106 662687473
-924698491 752594907
-970856189 -773539667
-74535405 963230995
-980194754 -55877386
-352136525 -38813583
-536414931 329209073
-202685503 135079507
-815167438 -167952433
444157893 526790546
-898555827 836263862
-200473594 50700002
-763887598 -10062716
-620624697 465346826
-157147507 304227004
37567509 160302371
-440790552 268817475
-945140849 -135062394
566433571 791525497
-425639826 -196926283
-769883588 -45266494
285897554 560917226
-644586540 -627139041
-432937682 300715836
-301814349 532706452
-946208873 -771894776
-437253935 517250289
-767063402 -187489327
138992609 773998393
-919407876 -764354961
-943185063 -548846786
-844249139 445256375
92897040 703881678
424034849 594948335
836298570 887081185
229333190 461141639
-394777607 -184651521
-953078030 421140536
-882069959 -311577545
-702517386 -117126614
53498710 769804553
278479923 956917621
-73079591 548632334
-490868520 429122825
21970105 321161604
-49542272 81164325
-761252507 -564102938
-878652317 -229734858
175040796 767483834
-34912931 76277547
170126979 558452882
128095613 442345779
-57701838 761176098
-374144929 453110641
465911881 997286768
-273477264 96148862
-896283178 644667604
-985501809 834685389
-844351369 835563950
-684576254 -292322944
-260742817 -71948681
-445870130 -161030016
-852447517 323200199
-921414898 -340629657
-591573797 233492443
-915741487 -231655197
-841494459 -684195134
-763100471 872030650
-322829956 -260149790
-958282090 533464204
142106956 546533430
-977100818 645149881
-25485512 302052990
-940578832 -394432326
-916025414 -265426274
-997549184 288033177
-119871778 -67881886
-871679871 -366797576
-358340482 758815546
390003390 416516711
482109095 529341217
-956345444 687689356
1073050 910920560
375966819 946975804
60803695 974207465
-193036983 263161041
-294602272 -224118291
-873556955 241978745
-130833493 307239494
-690537158 189466859
-349362191 713820371
-785452749 -244768098
-907752100 -506920107
-729039940 783676350
662252987 900618405
-758381675 432407256
715405653 886583081
-723925215 -411434839
508139645 768641654
-920597126 581038706
-411132538 268447960
-209608059 439173563
-755052268 -556505021
-212023551 595123764
-812422304 592387224
-810696219 496434205
-531157070 72489649
-995227530 40673455
847620225 962429604
-953638992 888679916
86615967 638309665
-722665453 -431427659
-852521868 -735953236
-824307268 492814688
-961243581 223815567
863463760 890346773
363201881 907034706
157537849 980980373
418567502 862099045
-110720209 411553927
-921465154 -405043976
-505842547 751656601
603616910 794054423
-604250119 57982568
-92977219 776314082
-259654532 529425164
-634651422 -624158641
-65883090 677452774
-303241525 711417260
-970730480 836033420
-627451315 510789174
-353021259 558453869
-253328916 855025729
-487309397 526365102
-851967916 353292377
-308468927 33226473
-411967127 710321452
-199285432 381198172
-433287630 29460052
154852653 904221520
-990484386 207425109
-624095976 564666983
-588082802 969187566
-720805549 728693809
-77299638 565230527
-151199445 732712581
-766977656 770240459
-883083160 813064487
-721123774 -709725453
-796912025 182159979
72387860 644420212
-758355211 293181377
236912458 757526027
-870457393 -599581229
-938250141 995694012
-941894817 228471045
148495750 427081566
302298055 372201373
234868062 725169574
-455813428 575068333
-188496407 -148819432
-221743341 145656053
-461821648 76521720
-354200532 704124696
276380948 595328975
-997209725 255715406
186606418 331497957
440210169 792653226
-861708085 -516332169
-675184212 291209599
323489357 978496407
-86310841 586589856
-249163768 427379143
-937851712 49612193
290141748 656431106
-654315249 204065716
-699442598 169856154
-299377266 678877852
-838617405 130021787
-38302790 992448813
-544662871 -390343058
684713853 794806694
-842752172 417201756
-622868197 590644648
-176610834 577194397
-171783481 477403477
-457501165 397061820
-905189684 -105688528
-643755673 -315304742
240505488 300931054
-248357799 306606711
-754179337 -77096440
309871365 912581697
-453087253 -300599699
-960202738 -30722997
-636274307 550919925
-390289881 538710417
-319669812 -77782607
-734178296 -539827831
-667826503 -520827064
-909911225 -724951510
-819410839 883860536
347908844 646331717
-692160 672818785
-208505187 863013707
-798256602 635533706
-993973876 987755613
-9483850 565428558
-463847742 179175288
637034780 770747168
200305729 701677405
-722538527 -186771404
-933917483 -38897635
-31699207 788188533
-943846372 -251995696
-945126613 -679578913
-809758055 -669800846
-257290614 396033193
-603698210 851622755
134663252 237095877
-473915416 -347092339
-624064449 -358926013
-129465522 -113498791
-139763759 871627311
-781282656 -546413182
531555649 778837588
-157046756 132599767
-731195829 237135113
-229427329 456747544
-979806823 949320914
-970258116 -900132638
-416466486 -346745118
-177173660 461752368
-446500254 -199735640
423716899 430445167
-452569004 -379130737
34968334 911714226
92498679 747335854
-394964971 267058831
-863093138 541608174
379398170 475887289
-529349967 -33358573
-197229073 334409061
-848798251 482050399
625551097 930350245
19094569 657121979
-858146382 -568942912
-395942719 792947309
-416971865 884555784
-450956000 66265791
-689013514 -11346669
-641057363 415306188
914487021 929498817
532505017 945513100
-609528475 -607115900
-94997667 912193649
-517651756 -59933260
611546584 809847316
167584387 663718584
232345722 281839866
-833843474 288994279
-581298132 603818358
103995806 283042573
-22216457 678773438
-511455595 369744373
-386012153 -174743306
128286052 640905853
-296734101 -184913903
-793082102 -700437171
-820732849 -245114108
49796682 905872880
-976149504 -406044836
-398904612 -43123302
-792020960 128173528
700299888 986697915
177470877 692558085
116363898 346834146
-627619105 -245705706
-787875856 -433663827
-455938601 -254259576
447648281 787012290
-828018409 404227615
-483805978 706977787
82391719 959360730
-131429205 963939837
491136411 922892429
-216235815 19063449
-855974092 -689000942
-90221059 574953201
-457676965 605845744
-705694994 151358304
-830532893 -149368202
-867605360 945541245
182064137 587085151
-382417265 -95636329
-800832450 290700425
-298532440 854263592
-114678412 -55235034
424415335 787548877
585095568 835387026
146376688 547029387
-870045770 839447648
209659770 397521292
622591594 775828435
-687872378 961804133
-526904749 668784335
-244399361 -70717069
394003903 934852346
219898453 876188409
-287771567 851794233
323241402 859591943
-916925678 -840592682
-637639912 750972607
-626980237 -552197366
-983641454 625405332
823400777 909047689
-819724761 574361096
-910441776 -128902944
-457385803 -125407761
193459649 842976404
-711679008 -691562413
-560002828 -170650517
-44898689 873213659
-229872811 527738818
-277600638 -4425699
-137949261 583269202
-801103596 -492718696
-787600099 253448115
-822287461 16142072
-672446450 641591329
317457962 853042829
642094445 917241618
-833571144 -295451579
-976687744 -720216560
-844785433 909928876
-650957449 255274508
-190809515 588811631
357665618 793455440
-522771269 -184048584
-5505831 89129453
-920451242 3808804
-711139238 -375582516
-706955571 -403645002
-629790430 -625495254
751153282 835335721
-677731200 -455682022
-772132749 -463494338
-186583071 86349546
-687680027 -334856560
683240851 818654293
-635774037 -388848690
-178573798 -169222286
-600909024 894103134
85830080 600748547
-91589058 321605574
-784398956 306077397
-638125357 770393103
-820552451 415825321
-498008466 592941437
-262723420 889172987
-835795857 -370935942
-358142478 -218414061
-644690030 538898852
-169385631 905339427
-796541667 519869239
-793627934 -180583195
-617934478 949322520
-563184757 858163075
-37255832 496943455
-686113535 181404859
-318356237 -27045853
12494974 771889350
-749336120 968305701
-410450546 163412403
-922746084 793894055
-19784918 9435998
-639987575 -103440698
-706637060 730132336
-824425013 -63281772
-39095576 630260590
-356578069 331671948
-849848272 421707433
13276438 150353800
-426416214 53203794
-617862012 -76144088
-934961747 -758183683
-974135559 -283413782
-918506958 508249144
155415970 612139999
-394445271 197312584
193802680 351720259
-970468393 -422120799
-800481248 -634882868
-860619812 881825263
-338248094 -232764026
46193292 183949266
-256952246 786485547
-124826842 898097590
-847447307 78150826
234014879 840077991
-464014886 456554641
-82149963 424487435
-575805849 -14341652
297158388 678740551
405061094 550697616
-816606729 -475960610
107365693 925283110
-759578439 730343868
-406397566 259496658
-92589122 765551081
-660921943 -581264565
-300077383 -141867573
823869129 961866386
-116494226 74468108
-839519939 369766784
-687255760 -287587314
-561817016 -368089513
106345396 385021464
-105515307 434172292
184952486 893222683
-888420129 187416001
-984753438 687491257
-974329031 226564027
-962128190 203053541
-13431058 293469099
-487148529 -406914053
173283450 336239614
-881280651 633497677
-699525606 631308114
-795879440 -576227372
-162089112 552493166
-900498257 227594119
719897320 827185959
247929969 871063443
362987502 889312069
-375121577 803299097
-138798924 471899552
49633613 111175200
-417511103 660319939
-860825096 -280630171
-862343908 -517809461
-358623569 893648979
-978678999 -934094679
-48597832 760155128
-87868819 91663184
-594397553 373265732
-475089444 -158954174
-973113961 -304466449
-546840406 -67117623
374555264 384943326
-917362751 172494279
-503872393 -454755717
-984090898 -487699813
351511663 975417821
-697968103 104973661
-562183548 546211528
879982827 928660374
-696721907 -318903409
-926364491 263733637
144750696 899220960
-223373521 -194779307
-995258254 -26463821
-291802880 409728925
-547719610 623226665
-573386761 -251302951
10703458 570332624
-540499394 -41188083
234254899 252871902
294250445 447112247
454485790 806174909
-708898714 542205077
283323089 792123607
-919816251 -252365959
-505664679 148945336
-31207568 799539094
-75127614 661291484
-165958911 881353639
683606698 718415248
-988541888 -591054693
9084839 982670627
-236447937 746809245
-526995726 561934842
435993040 685751181
-453680344 388824055
-371288728 237636615
-906211124 324982431
-32179461 250366179
-467929226 757423314
-370905134 834212502
-506948789 -339328051
-167569807 846638907
644401843 808906266
69836850 730253314
-726220877 122556456
-459658727 -243194986
-997040394 102701421
-576767606 790761277
-364678449 195603067
-197396618 76701843
602425766 774092717
-488591279 908522979
-548043225 -519030375
154962776 247432463
-287132405 304764720
-675557209 590641978
-268349433 239326615
-754048143 860864756
-409508941 -19520109
-692430750 497592763
50250046 541599772
-203168235 -103827864
-820667815 810466610
-54093836 830576763
-911775101 -834589304
-810115883 -563884141
-615566096 241960408
-638717583 -283349682
-229308335 -97512702
-486462805 27885729
25324021 976121987
-610025845 796765400
-620354886 -464130795
-942154437 -523632480
-905308867 -848910276
136499329 249247176
-835806765 -285534976
-425252354 727664706
-774961771 -93054536
-838204673 477454346
461022350 649095237
-300966875 135178919
-270004124 4682780
-741928009 -278431149
-144627398 113727138
-804539812 -542786300
-396122233 975266700
-754109721 398470228
-532990689 205335066
-993941000 -27943202
-572112171 676452254
363280177 438078227
-800083332 -284252635
-208461343 409381976
-588370228 774867955
5912282 788269249
420114868 903968883
419184134 785026292
-257516536 735176852
-105913996 511479014
-848017851 -123001330
-418714680 133879763
-193284186 877612649
-953974542 -406083127
-547171486 724089477
-568163472 903776876
-808845251 960874484
-756382122 -87426775
205837937 586059789
480172008 497138013
-696000703 542387373
-948084572 186344789
-740357796 -706747396
-757583752 -519579067
559871924 882532252
-329660763 74668160
-499593850 797931497
-243174288 760114337
-958433325 61516088
-640798313 -71245505
-499131764 -13692600
-990345650 -442965826
-620861180 3011623
-578567045 775051874
-457194711 25034195
-686074765 21296774
-968240501 837517063
-825143552 -146284734
-844544316 -419221762
-380947556 -333395887
-937406368 -635293754
613474734 999276833
-686056629 745568631
-160061993 547670700
-218653933 543516284
-39291581 920536744
-636986092 408407133
-606766728 -385683460
-491570484 -196915622
124395743 747369425
291555266 820249128
-238684948 535770183
-804316411 255424472
-668446744 327995135
279017768 886768452
-688609569 -216664144
852890806 874093452
-880953331 -280764255
-898607619 -790444992
-915344880 -841975053
-258196012 38691102
92242010 161627063
344781793 867255734
-401566186 -13233446
925890547 955622151
644291813 786283529
-1597366 178190369
451733715 651762418
-503310143 833452660
-260192279 -35561757
-254644870 923042674
600299523 614663841
-405119973 394193654
-461592740 -4895213
-772561229 590576565
-666862878 -79045082
-603444894 -117939978
-708832912 556863224
-619588797 263805168
-219286395 175326081
515127116 716735988
-113577443 981948684
-141399896 359619715
-507100530 61322658
331649074 400022159
245643940 885487112
-6411422 663963988
-594579089 -206342426
375378517 939536286
-812193559 -623597596
-710996769 742963722
-875844163 -823622982
-375610843 435509783
90676089 857505359
-278766693 284990222
-343741508 -311976308
-673846480 895646579
-557716117 15531747
-960565717 -926152993
-702668367 -29834509
330254508 566357436
-698703422 613590499
-810111919 731074408
-533479842 30725906
672144006 972442898
-638838729 -405722483
653374087 908427017
-169370444 697749639
-31583089 764413919
-374749715 811410293
186332044 762253310
-739879962 -169263916
-400082935 775082486
-921173512 -574880337
220643769 281314638
10006368 504564791
-905900594 786871072
129159246 695098594
-405872411 871182999
236058775 446312449
-610333556 -182488209
349272653 557854226
85384692 313992250
-413451998 -323750332
-855735687 -721545014
141525778 666303830
148505299 196582204
824998406 917913729
-741405561 919675497
-724821700 -93916389
-752552655 775980122
-667463396 -568909410
-354866351 725967449
-351721018 -88437320
249680452 766105998
-525817249 259173705
-903352470 389214857
-21410748 628211718
-955276033 14357263
-233386465 -154752156
-602908853 -571022431
-311147906 43220105
-589153639 353473284
547455154 773005302
52757020 329251827
-291707717 -110595419
-768442546 587969318
-596425419 369514125
-849976741 866279172
271864174 614232238
342663043 350187141
275797805 890860960
-465203084 341729448
-267860063 -235926361
813543357 883121447
-901432440 -630684805
-846782289 -195090692
-101268577 875043489
-915004736 -389222113
3158039 187251681
-950018729 541230873
-767352970 -69739885
-249882193 -164901475
370542876 858034571
836224313 927340427
-447351411 -51723115
499790835 931488370
-34553337 18565058
-919343110 -546864895
-871156910 -596385174
103599400 902000980
87893137 782551694
-233367660 357457248
44350640 211437255
-357755158 643986678
-255477938 646702174
237536546 491571100
406724290 910199794
-88693375 809790794
-821144085 158902674
-943115096 419465032
-976350609 -484374881
-128907050 981870170
87500247 593284101
-126359204 360508200
-505374298 832225420
-713894011 -148228382
-416083034 517259278
-951869535 144433433
-738735752 -324442515
-361915239 747260422
27855762 774576100
-982062502 197084910
-888525778 922736228
-743128856 557054922
622047989 985658722
22570505 752087631
166448000 445237255
-102181039 519951299
-225346514 192940913
-588480033 -559184775
-535536121 -207875692
281699858 418825587
-666602194 261462663
-797544030 554734508
-419807708 -404651552
-438865401 701137304
-463517977 610028287
-782453715 -208463010
-749104553 985046542
-559244494 697399716
-396410642 712562355
514820017 654020387
-657077548 204497689
240391431 627142620
-676834190 988357464
-883666297 622821833
-611160022 387245481
-697091823 466497525
-697305402 -478744551
-856550216 -310053258
267760778 845864077
152288519 723402915
280835652 846789794
423238289 855748119
-937851731 -410664447
-9912887 305245874
-971033983 453068325
715804611 903269881
-195825479 231546527
-970130876 933205227
-746494406 648350550
-351960531 485573481
-681466860 -497593018
-324800403 468683675
-587826859 -26188257
-722978266 883523873
30955713 497916016
-605254309 772430533
-732520393 -67629404
-960136375 -504243974
-624373322 -442938361
455470657 639773533
-884317259 742497528
-876034595 959974977
654927633 885736194
531341752 735322452
-461141480 449543654
-833761266 89449464
460512437 490022386
358991055 826030908
-549913042 728943451
-742233014 -25800550
155297895 917674769
-930578870 -677343638
152180128 323149198
-737214682 -283521071
-857941015 -222151778
-454197503 526692913
-820552211 371390814
6400783 888296085
-689400765 -174237525
-966843251 -794822793
-743671767 112549728
386936997 880762297
-475631590 -405848299
-828835554 -189064449
-952982022 893231485
288818896 995215017
-288350753 -19658098
-576224045 88938104
-811907161 693027536
15191169 803071611
-592592448 313683521
-225214053 974681749
-828065600 -359415327
-410971175 -309101708
-218361940 670596851
60856582 207283508
609761563 975955797
137783329 495554261
-882656131 -216383290
-947026506 -217270353
-409935958 -1163867
-421057631 769553228
-975478929 420286860
-952159007 -424074072
518606603 769508827
-535108940 981774859
-758775102 982536463
-660934763 -574050596
-551630257 -246341195
389847608 534724919
285457249 693876577
202904030 450856345
-839919769 -47244612
-850778043 -794183347
470655463 932797385
-944565294 178175140
18727381 844556695
-684305003 122951329
781079810 958821628
-906697080 185275025
-984262182 -41670424
906730110 936753828
-303055557 275058872
835797715 844666474
359154271 888039339
864763458 979659718
-855225739 -311737435
-877371858 550807199
-32873708 97690111
-596921449 926677375
405341499 815193753
382755158 887191834
-986822853 256450837
-498043167 559647944
112010090 995351024
678794036 903336484
442703125 593646995
-886576292 -69012557
-917552373 75164443
784413396 913470840
-418011636 -92781926
-130513306 465898034
-470947243 -395860941
-838260371 512628230
-94462446 -19337464
451509790 633154878
-773729574 293712298
-456164733 966742933
237242287 538468861
-753832460 -44744629
-567092562 -297588692
-706705433 160620677
-150541201 489685784
565139133 821908297
-402784947 -18902228
-160023391 -61005684
57272115 578552600
-262277672 -119811897
-257033160 303321067
-654116252 -72222232
-245339134 343084098
-625797421 996892578
-964712968 -270646578
-238942700 168246328
-701021311 629668396
-915638810 77433860
220781431 669839036
-988937870 -894649161
-593067498 -473787740
-773595591 -211473931
-525443714 -189888499
-126814577 383579648
605699975 844828544
-400483559 268511199
-501867498 225952754
15096092 289820464
485161396 774393827
314458349 742412518
-260067665 -61400526
-319027324 122255989
-19597771 496253793
-860108622 969747427
-879341493 -75125427
-114204040 665730325
-399545408 356574817
114298254 334616245
86579968 264428761
-672346174 799905725
-83833700 274445671
188419481 805464109
421823143 573442166
-156679236 223860544
-595296265 729077535
-35038194 984989156
302606131 835742458
-856683601 -854473501
-334565915 66994917
-235547401 -76787310
-487032030 608748684
873318609 919776275
-769552998 -132539935
-484586030 277583265
-936572436 214509355
-361622140 276987291
-494254327 -39711286
238533137 300161841
-94984070 833559375
-665147596 269296528
852724480 934685110
-733571404 979470821
411028134 499469994
127565988 842753521
289340851 840915082
-683191217 -662168788
707529620 946718600
94550461 725174886
-881638515 -697175914
-898237641 354551552
-959916697 -312229317
228744359 394476779
950134474 951705348
550026748 937432033
-327983367 72516897
656190262 976869107
-585637409 530530896
-854439465 -755496578
-253556315 206665292
-511980006 411876346
368341248 622042368
-243819343 391742939
-884266387 -594050914
396160885 812988049
-122699058 26341163
-643208244 941643971
262885786 527832505
82016487 867871283
-527721834 888755415
-889969495 -117379018
-893227028 170999499
-384449123 -18876414
-867045534 -696038322
-80710826 683517403
229750977 585577049
573372086 798705829
67209478 294200706
218939538 853794684
-154251862 -94485674
-539692695 102904710
-258711055 317278286
-199225189 81447368
-886592219 -795949488
-579557760 -67885132
659465171 749136636
612893778 738251707
-708691219 78901818
484413079 619126266
486603240 743479422
226441353 793603736
-990977971 -462006314
-469258026 210728086
13007009 653123536
128535662 930055724
-965859646 -508936535
-591917138 -66107719
-999597358 -397542273
-132059340 320927987
-946665228 -615898531
-906238375 -632834453
-334644158 797643288
370577848 876024649
-876747146 -618201841
158846514 293994927
351257689 536386699
-6564309 299239172
317997709 778945077
-686887617 -81538729
-199219482 952596267
-701423782 567182308
-996771662 -970413288
-542243915 865834961
-625325540 105338591
-722890228 205772129
-294058243 727968649
-83122887 383881860
-457016281 -305242412
-616931487 -332969229
-522496388 491954268
-884042679 905030760
921075779 958590883
569502616 747185354
-302811866 136933553
38382926 213720061
-676974400 791811279
-31536454 309734154
-62841107 32568350
-972813157 -626425121
-962293201 793327713
544481725 549200717
29225668 997073639
-415347036 371110171
-677340006 194234886
-370165666 -357539596
-875170085 11157406
-644953884 -507563833
-499772244 -314649324
-870529057 -394577834
-895328455 -349204787
-178871813 -151836725
-922442715 -290405075
-500465827 -438374354
-454871407 674536360
-973504540 153652203
-981232809 -15111424
-664697286 -470438089
-950585944 642410149
-283481140 262605324
-174026827 260301955
-996657566 308929031
644388775 931725242
-501144873 -340749679
-659564492 -8708042
-692987595 -111409922
-658653751 97627832
-650062607 -578558571
-909809171 971818538
-676474622 155556047
-735607936 -65023735
-634734984 638175796
291677222 436645763
96853889 971924490
150071442 249451877
-230697157 543992695
-817305190 443772154
575494688 876083303
-332773603 -220834460
179077147 485334714
349649856 427072082
-971563648 -704558516
879976372 933905578
-559954303 -36305514
-2023105 210629465
-148395935 612847692
-644617433 610771576
-740413520 48549347
-450098694 75971132
-745573773 538000097
-348979755 555069211
-100145788 398846252
-981336241 -459218806
-279843803 876006559
-386685904 898958785
-695053402 286935311
-298748336 187967772
-120917037 605711015
-816736667 876679801
-551298818 80911217
-54611346 194691506
-689400016 326682940
-389864421 558249184
193158690 594885524
-457342410 398141916
-309960735 -190891105
-153263971 86616949
105594669 537559648
-808120543 94468085
-394130277 685677605
-691710195 197833740
-488813972 296518104
-55218959 759210326
-227327394 -18735951
-919197608 834603082
381038104 424583280
-84604990 511862199
139148594 437810150
-431695226 -255584311
-104384889 491425530
-951759540 -209202727
486070068 599131465
-431565768 460669177
-909573088 -717303800
-836726771 735928946
380731433 964023221
-401300108 685913864
-970743167 -183057915
-117984262 83872042
177450522 420582794
207065532 653830094
-964145181 322512560
-570071091 706029702
432988510 934262515
-363822405 45212847
308417362 842365382
654857323 965318658
-644020019 64204355
-18799619 148387436
121936179 525834473
-889965431 49249021
-666098020 585581789
-62186017 952876312
-566230550 173103706
-356273065 607150808
-781690558 -547123050
-661095988 -46349280
139478868 253431546
-681531657 989039286
-4260837 937317593
-694557973 -18302844
400940994 652943869
-34590668 963818837
191109101 328112696
91463044 472131124
-748984641 373495124
-992040981 396718292
-441453499 -57586120
-528978458 240337271
-861779124 -307741346
-182627567 -1029153
-299283031 437417507
-358525806 125586828
-20875525 991835268
-979447250 183179254
-488433667 -344757215
-611312962 419072990
-218376189 -205058720
-662579203 290878376
-115642378 399228493
-574499457 155157794
-797973401 -625206164
249310076 402177233
655156383 771753202
-577112371 -460915572
-610480663 244325031
-69107640 -17385621
-517531508 823854422
-786125453 460114445
-755516622 -701381907
574238912 694837390
-212061 572906509
-589325247 562957752
-901308774 -342033713
-521877525 419626585
-877481790 68116327
-690209955 963544895
-774335416 -39537836
-465836900 804387971
-533247292 863360827
-986967664 492000440
-995506279 -91807674
367478043 560438490
-959525426 235719936
-635498251 844055658
-560228569 561039440
-779068261 -698675911
-241066297 -109741940
-63583277 897344057
-572788094 391922969
-234418486 191446358
225894541 652321344
208789613 739392154
-169345683 370331962
-625313863 -563706640
-133336539 271214976
100115703 194989843
-932162008 -830271616
-912358364 -596888293
-785285881 -301132358
-832615937 252239369
-834091752 881291004
-863357805 778118914
-968071396 612920013
109034314 786904160
214274121 681301572
-959790874 736822762
621975330 929774385
-281076927 -229381182
316292807 839914098
-826455787 -391845013
-278421989 68527876
-774536060 -293443423
-960766219 508377152
-712694771 491359967
-892184863 -449163432
767898621 972540376
-213208752 590724859
-628686187 219445427
364345418 626735320
-107344793 264867007
-441439835 273872656
667524036 799150414
-703456742 -73484708
-806315495 443300725
-111348324 391959560
-565634987 327996585
-154923181 339750837
-533321408 -260417257
957191523 968605822
-376975798 708520965
261995175 265975291
-868674531 -417362322
-485508648 -79156346
-545226123 818151132
-720760138 798121818
-430405174 770025097
156550542 388714613
-905381866 -661135727
-594401230 -402981932
-582235551 -171633065
-764195190 120637594
-229401799 -144625546
-552721100 -369353476
379160154 738286183
-860313235 648169943
309405035 395971324
-505762140 544980935
-924321857 825741839
-531619070 155999189
-791609372 -203524703
-924414130 -528187767
467538953 483887518
-541454305 405415367
817340000 839833704
-422665605 223822507
262781640 804059558
-939371631 -239996118
-797981009 107705751
-438955789 360156935
343807958 600596864
-352521366 -71109704
519851825 580305481
-423877739 143625310
-954802424 929094851
158163 336049954
771225780 808351423
-999392758 165596164
-559887419 275060230
20928672 999452132
-911254154 -839047972
-983617412 -433783796
-460536910 -237255347
-234204707 879010633
-686269869 670844799
173522500 620901146
221410648 817256801
-736210935 -306756687
-876442278 -520756712
816960681 982771712
69896184 212206076
-933285057 -315120885
-594114211 270204686
-560199301 597635129
109723661 244429799
-275186751 129309537
-299171658 576099930
-682154149 -653287498
78620440 576245860
-790219921 -408227915
227663632 829421311
462137479 544478476
106044943 898718321
-669560497 -662136045
441174878 728971021
465051152 644847438
-781914652 823747971
18668501 483810708
-224987653 -135554125
469849068 628070811
448508517 885625573
-894567484 -276583335
-545791637 -235530541
-496917669 -431811368
450775065 539493126
-809901718 -378492363
-787971128 54656524
-506379645 -377433879
-425840718 461259497
295609236 639653713
267732938 538298017
-727519338 -182237602
-25286850 390172044
-958032378 -740357097
-761839658 358326431
-183420790 497875567
422244152 721624980
-852425225 -88845915
302579168 410047082
-927919961 -270648963
-620076887 -94236395
-790575797 461977647
-981095614 -403888557
-336060509 848632699
-644780289 62101745
-307807431 682828920
-44055691 642009614
684716152 807047117
-36500055 242452624
83914406 459357331
-31824447 486446864
-21334009 768723627
-472458341 20936581
-800041737 -473111351
-697252809 -426270677
-319726457 64204841
-717330017 459571314
44797045 758720219
-93042277 480341344
-629536830 845672895
-826254801 320473811
-989914561 -214472514
-211914790 528995413
729374162 958311740
622085772 648040230
-899533139 121332591
-288961703 881079001
494095633 499707237
-469862362 709657456
183294704 558859409
-947255071 873059508
-322961088 139549104
-534728283 594819683
-209805925 803299222
-549876017 302924047
-961538077 667637468
399101656 890940943
174595719 419051278
-869742 683639650
-295513225 848733863
-843507404 986332282
60308611 402418901
591087475 772357737
-620897386 -256067484
570951167 701440385
10697240 20426235
-684035721 978152250
524272034 782667441
-184455130 60756947
-764649100 238073812
332287850 499263556
-904616219 479750096
-775634782 478104648
-366329722 -203617817
156369677 854522722
-861262531 875000337
-972929112 -809949695
-998829472 -747074313
-949051928 557520825
-71764207 617714600
-1491369 497414612
-371502578 544257100
-518546738 610679785
-181354134 41967240
44868000 577192116
-248724843 73447844
-394670621 900430750
-194123553 959340850
439255826 568407667
-227814433 583243084
-812439412 865872748
-646533879 31042599
661366449 716584354
-898984936 -504826938
-729578142 856210626
-673019631 917920336
-311305472 497493423
-972940303 -659360078
-796721573 800606082
-657147154 158370916
-940765733 159654517
-303577842 559822050
646977746 745176574
-316780480 998419680
1268316 716747106
-604545088 118132265
495468674 587306632
-221934958 781229058
-734518603 -196456747
-361090139 -355900169
-176664809 825904472
-961494763 -804770262
-188881040 -117818970
503953338 617343345
-958556642 -588912287
-903863576 246666674
-208531214 439047627
-175333229 94665974
-267472996 -220762819
622383650 945732011
-87332708 214466944
391680465 945045218
-939752847 85226173
-908989730 -641068588
-589460967 551485272
-571856486 -212842530
-59241970 511696765
-495328918 -278713957
-689169960 570293973
-573495970 898306853
-763525715 476899932
-44960300 600241824
-696217102 456144969
-270005922 313301461
-177498823 270525836
463117089 857963482
-731208436 633498011
-28685958 298462686
-100580733 360194321
851708538 948760423
-153878247 707441439
-373869687 275021614
111397882 420618472
-354439692 117201814
329394249 346717605
-685636284 -581429534
-995769751 174929069
281142134 799068824
-958663154 -167765168
-616800143 -327919357
-609753333 -389633408
-288217196 33665738
7116413 344667888
437871055 922924005
-736542309 35207820
-170430328 61815111
-216141302 -215980337
-226156887 355911142
-743482824 -544116051
-653851545 319838994
700532090 767707353
-248551907 927343590
-320692610 349880942
-70988986 562353695
-913476545 -242931479
-539799576 627284769
-192720237 872295348
137879795 932558093
-215530120 686777891
-335440858 860324023
-841847319 678569442
-577440690 -455878934
-274617213 -91116524
736071904 780978574
-909801526 915734919
-339715352 -219780684
-150895271 -121240502
209642246 689669037
-890027609 -583580374
-478374904 563786552
94212982 833896697
-323788371 166724554
-875875274 81788234
-823618538 -346036401
-163199093 967598436
-321840307 -127037780
-504112323 -413105024
-211130822 482880694
300420132 596693554
-525620170 504882975
-845169144 58702322
-925016570 -146701893
870366150 996941547
-186800606 405370005
-291984338 -130622031
-487752643 -396689781
-694879417 -379745247
-857408231 -498975720
-336531062 791314918
-434203832 348434495
-716428313 -550986862
-439695686 65733389
-316746631 300372674
936712060 982811971
375801686 711554298
-65807445 815080023
-499407275 -158814251
374190829 650389079
-663606526 312399972
192776895 234078683
-770404676 -85000756
-588769683 294751651
120140017 720736618
-805054370 -86435705
-243195647 -123487533
-677851404 -99572919
-986886099 -919863027
360453652 782768836
-917268100 997241277
-974313512 49266390
73848109 615869111
-761947693 186001343
471032209 679539693
-619530797 647600918
-389260157 -186493062
-472055574 504488952
-465533343 -66085902
482040271 901153744
-478070309 46527868
-67981086 -30518009
-186487718 -55956373
-440264021 61461749
-770287679 -524805995
-43068346 607186652
-26980154 708812455
-720164040 87329178
-653943236 463346037
-391802921 -175409328
-962698633 -682605877
602135871 846717999
-511535021 -238698914
614158533 703397110
-483331116 -314685245
-292555928 -187925841
-691832753 210278103
-394395653 607188535
-923040633 718839071
-603490696 322620041
10077986 489347809
-831951050 -171397320
-546219072 -426480092
507351927 956980026
-579874778 149518776
844325256 958994110
-85203791 -16688451
-221837475 516417594
21535960 680477937
-579960494 152989891
-822517203 739706341
-255939434 314915821
-155559037 419004879
-429464868 198459787
-351304907 399748056
-131468684 342123680
310634106 627360397
119595698 924891075
284264908 301189237
615899222 712634592
-940818851 160176833
-980575895 -202386533
-918845365 891487152
-463601420 961066884
-392803710 424737510
27337083 30468143
577040129 650640074
-709722088 -541973064
279978838 385335382
632115264 657551775
-595633197 -392092220
-210459237 -43678036
-572393320 -534970119
-909261182 -92615143
-749552509 -730988775
-606785140 971554396
-471263412 -31710853
-160233731 571207095
-310801003 -29321457
-538505419 -311633036
162063329 318153303
-244742295 77721579
-915249682 -741800477
734125375 736334239
466867372 468702135
742641945 900962633
-647233846 467982199
89749869 323869285
-169697498 715187296
-516525267 146600461
-835209134 -721617437
134791548 954215434
-829172139 647583210
-222093892 -63144588
-766426675 -192924782
-286954001 -80299534
369235421 757612594
-148165690 -41712835
-79584088 648182859
598159556 976092376
-710708841 669136418
-536917334 -16511355
-530571722 591258128
-506725142 108307655
378662704 677018890
-712804290 579288166
663718181 861219908
682264501 867018675
-560893770 692633879
-41761503 726598742
191807591 869403890
-994920295 -342558955
-957122003 -743020820
-392679547 -91248367
-697722762 24474332
-777290844 -502546505
-208959929 354211712
-761667537 75919385
-663209327 703862763
413764773 944692425
-392934050 766385029
404998845 621112827
-560875819 831462775
-783765386 -474023025
-679948016 -244335861
371419625 657907180
-57381466 632342204
-764247287 -588871260
-837726451 82787615
-700721210 77811314
-309661882 859783490
903495309 943093830
-303083760 975804064
-165413666 91651884
110486487 646529979
-126346718 321040145
-478761010 -156842062
478974760 503460665
-134551829 535440163
-168276367 898389353
-589377873 26373762
-938384836 959481211
-705772355 8950226
540839457 864672174
-245022385 37329088
113705843 870872631
-477587489 -351071376
-222416596 881157662
-995825159 -948181355
-515558974 43199082
-153365538 -6839837
-239523307 811079289
-608714594 36440547
372101864 650036629
-479306183 -426755125
134290057 497446455
-458672211 619765949
-136845591 707410101
-314041746 9305667
-784220797 -86865158
-648661775 -5497930
102495642 367096638
312442666 619255244
-70524360 532500837
-832563237 13757038
81488077 257360037
548835795 728875999
376461437 842819574
50898024 859767379
353228917 689570690
-419005081 255053806
511627673 818334599
-97976112 907477849
254257709 443043733
-142961240 92850931
99650531 777212272
712291059 980336725
-921249866 92023323
-358380445 -123796532
-14800519 634349371
560839303 895176260
-736222935 -49688086
-576179242 423189971
-963082659 -508602069
207230264 212390481
528465922 938766663
-880286939 -581636396
-921609660 -192342215
-129713998 182337659
-815704728 -726129896
-574272111 -184977150
-127485342 152798561
85064539 433013067
440510357 903127299
-518942178 -109624032
-837644176 741029364
-476269760 276245426
167550420 850154552
-630940432 -15914349
-463757398 240792259
-144455257 218972640
-3582437 262240008
-97358623 95326632
-727350476 557698291
702929061 900587657
-357465030 -334507997
-598903645 -164691433
135330302 792745641
111436964 520323711
-955543761 52470880
-769109145 419515722
-553218444 186561758
-604055585 502524578
-269958139 -243708580
-334502422 -276544068
-893846456 -93307122
-21858035 781714684
-894627522 -879829266
-639561866 -307210686
440812534 750844354
-410910851 482979581
-814448592 268403874
-883037951 501910036
-709042009 -212838757
-260759013 -133196532
11932756 621640131
149297838 347720037
-22452048 68892863
-227085130 805770386
-954763648 -82016366
310102041 872169104
-303238796 275378877
-962675544 -811999738
-426579862 -201073005
-328391131 89235088
-625088194 505167969
-623660309 929422904
-902863075 -230474607
-179552667 43461795
-814212435 -482592178
-762550585 -317341323
-85758755 961211536
411982310 436507193
-123868232 145019898
-456041413 -402245513
-700002464 808652798
11814069 518726147
-684074070 -410334388
-281393095 958647090
-718610634 49467595
-314259843 476146439
-61610618 758983575
-327501340 -167941223
-841990903 659648506
-21739283 269158429
62923874 685444897
32735270 418779295
-959070625 -352633220
90752383 135332845
-99291604 -38589076
-761109218 130094561
-401574268 900371318
-835848057 -701505556
-525662913 511478454
163394041 816076855
-12004157 459284339
-325974273 465194594
-202421414 296004189
-789479195 874353096
232383434 560623004
-869063262 164505886
-915851498 489103177
-950351019 -484705623
-569259667 -219647770
-931409866 -695565466
-102170287 -79268277
-895551937 151785007
-755825992 -379509232
-183375944 81941453
-494713012 -454966482
-130061913 538980431
-872996724 551063805
345812392 892400978
-663114022 465516795
28495094 213478752
-45657102 100626600
-361624419 596022101
100142436 190520708
698526113 951638761
-12497207 563228836
-905861793 921406197
-352412841 -30134725
16624869 386585798
321853641 888405361
302396287 894737103
-795763647 901250988
-156648344 220047971
-173601721 103018260
-853047117 185531563
-21681329 862331405
-947464787 -427630465
-881635535 -417715717
-897986101 -768151393
-539983173 175978462
-966757654 208994374
-482872662 315756066
-911851199 847497118
-898946721 321699596
-67077260 694654247
-300974188 791091943
-624046247 320443193
12105732 482323711
-21516692 784682317
-879501395 217106876
-836272399 113039193
-406551342 950465807
-155046208 260847913
-272076592 861680915
-464436818 617108377
-937086339 -572535803
270273183 340303633
-516864920 677079189
-315184493 -167817774
-535533185 -297160706
-603088729 -54058533
-445519937 155672564
-54518672 6467082
-637149579 -474637643
-654643007 322925136
-361088605 696456462
-528091892 693804180
-985174870 -37918713
122056122 414956401
-794895574 -404356828
-836671817 167727323
-863695347 11623472
87151411 460533597
-481855244 185427403
147621640 204256906
-382781780 -57701052
162901638 503390967
-883904155 -798326452
-563403778 -476472455
479470591 619852123
334356133 441441859
-773297796 306243198
467156700 792039916
-525545658 191886333
-868765868 -723881704
-422056307 668191498
-745983716 -720990423
622159562 789805779
-497071474 -26198342
-977841579 72052597
-692503133 -269002764
-821086683 438780641
-659340757 121990134
-533017629 10389973
311283590 388085426
-698938486 -165083233
-118523528 908017579
57481035 237037162
280996855 954787789
199722858 536341943
-687875662 532626681
-670167489 -490342580
745649051 979242188
-894709387 -16260797
-834316982 360680634
179603853 537454116
-828236309 -164241064
348134907 666665755
-314752573 525178893
6614432 392788098
67490414 270155098
-669198795 -68534262
-778135975 -367971242
-801954942 -465226272
-718156633 -343424658
574256432 970136069
-646613643 383713964
57075376 647894851
-509924032 303198475
-776627029 187625323
-593829588 630680997
206311787 757067842
-44527587 584038764
-896920504 189429485
-962832051 -714217678
-712452653 -302392269
-548126856 612220962
-233460201 217849745
701051558 996875421
-121723995 69049600
163434158 884929090
47148675 565749503
478444512 932120978
-622389075 272322056
-522722870 -104896061
-736039266 317587913
-501749100 892103562
-595131519 -190856781
-328317058 804791019
-905692693 920833854
-503423541 51459817
689549699 965522553
-626517772 225154014
-39577277 213902239
-700581049 963130756
-280835548 644051101
-275929874 319357340
-63951028 555477976
-698921578 -686116156
-966213187 -894229738
-972948462 556085182
-431960208 600178194
-377303169 -327603533
355291940 634346980
-813800447 -147602040
-76086778 699195343
-805645652 -627561333
-278834862 -30790583
543181515 803619255
-961616011 91394952
-682126288 497008184
-120297699 341176437
-740656274 287095218
657408874 715630455
119268180 998154057
187122944 394420893
-900591173 395264600
-27021822 472593234
-261291976 869541757
-816789850 -479062013
471334725 519421219
-225008066 371638100
-383568100 258541829
54373203 229015384
583231881 976399383
238562729 618649280
457624596 990608390
-540760801 344817626
-568731554 360770212
-595020329 59151879
-484466546 552181927
-95492076 277213082
-750328867 -520442786
-283347616 183208238
-488690501 943425616
95154495 563883240
-56205560 729108585
-826342659 -380173414
-646545656 180364933
201546605 824075157
299105436 493840795
-193573666 781174205
-85268522 364646076
536261813 647910317
-40743438 937916597
132762414 371626121
-716755499 194468754
-913062826 673904927
-256963779 917858871
-993877040 -266398928
-622394808 79535715
526624732 910493534
-615922787 -56915518
-288761652 254364195
-251519661 888179473
477597 336513131
133355025 168118762
-766737979 164017886
-471297085 211053281
-841656755 8037620
-830931371 327537246
-923742472 -414192325
337476894 997892806
-774589449 150845883
-951371336 -802407091
-288802007 657440049
-769580464 160301782
-992673306 409073856
-534493503 27825004
-838188984 -281744563
-157451568 842055997
-510704609 -199917043
19770431 44944320
-291982982 498930701
-553808877 749171647
422591171 834825352
-177663198 -138032771
127402501 814653817
216598684 559777519
-716342848 -595774169
-166443226 40632776
-144472378 294813708
-49762955 533914440
-494880624 704139514
-330638853 34241179
-80526315 777866008
-520749397 556013130
-838262113 363593045
-319530541 359266461
711481112 863858065
-762198909 593721666
-927071987 107965667
-60335807 658949829
82429221 812711579
-847358327 -194444679
-949418331 433126077
-958652884 -396678280
-439641250 909275291
-18867657 3237556
-791252992 -32622390
-423722630 248311817
-552013498 507814039
-958344951 232578375
-890741472 -494223524
384349139 534016557
361860829 808747324
230779443 994864696
-908349483 -631051907
-240840395 129706155
-837169526 -824377414
-769189435 906274988
-812227438 397474581
-266434639 231166649
-85706434 957219024
-864658859 -537905687
-859534828 364802459
705751256 944092889
-381606030 490746014
-779307816 292872325
-614778357 562679353
-882024072 -752739150
-176837152 -13890534
-528841386 -253817308
-216788194 -132693636
-65476533 706400497
-127991185 450661205
-811233652 -128852397
796099119 906358078
76610687 237094704
-730796878 -693380151
-984601828 859839142
-988574491 432759818
232214744 815043721
-392441644 -131280795
888197458 960390482
197082878 662530412
-878825236 476334310
-132213148 384665981
-462932975 798811238
-503550334 688565682
889828216 918883067
-999212633 179190471
-77862334 220963216
-678798381 -268636902
-278290204 -140423316
-938575277 395316073
566746420 615730436
-501878598 142584146
-845529959 863265412
-304635013 -182699337
-665876900 242836164
-143563469 495237337
-387406812 -132137617
5559088 901147188
-790921955 612328553
-694633790 398222973
12727145 184535243
317340386 447840085
-910842880 815686377
-999909499 6473254
-711894974 -172854365
293173985 337176940
233592098 774755804
-641391053 523880510
712501495 718745789
-843638241 -189677322
-912114957 -216635379
-167827941 305638960
-432721657 675930649
224335332 672031078
-805451693 -523463503
-766366258 746957064
-856420772 774405912
46610020 799911977
-494287739 -284615682
208498410 227885234
-910311876 -569231325
-467210335 245566380
-945977761 -560518688
50709668 152104944
-765100276 108986417
-661401438 -490720673
-664584297 430977545
-36245567 345952579
-796612255 294415620
-1632216 865312411
299303313 710911229
-792153375 -604877837
3846088 586223503
-77745215 937782595
-388022080 780693181
-800333563 -244219303
-698670925 372891376
164270108 924533870
337437767 347109986
-995556453 -806044938
-695766798 701561231
-436674373 -344696792
-984683073 -388164468
-436655413 -197037201
-598395349 350497267
-287374131 606999025
-955505052 -126739474
-826002940 -724579755
364733140 564900592
121686803 203820951
-397459408 99305758
-843044875 -699008315
-437326074 -180996088
-940238761 498229426
-848056777 343061690
-341433517 -122436026
236490962 954182929
123929621 792477117
-461782407 398837463
-659361966 604988417
-220371346 635085572
-448530336 -20860141
614983172 858432704
-777279374 -767134955
-557098643 873811962
-860624276 164925446
962541990 980818958
173016314 961725794
317077108 516724408
-957510801 888672562
-865458801 -73152791
-484600037 438813916
115746502 204656859
901584069 995678140
-715652065 372181524
-523856004 -125841146
-59372328 770580478
-408855556 201789043
-931057129 -112454002
-917983771 -765221752
-482864677 847497489
378449830 961908865
-571978389 447140302
-562222757 -275137772
-348644316 -133691676
-229428222 99431164
-582107063 302755186
-975068103 365450875
-579626364 398454935
-694977709 23267705
-257426744 972942188
109408260 162191154
268999816 619282021
602279645 791383879
-369091428 -56750102
-438990290 345147938
-273983649 894224937
-500115723 -193682092
125451419 811206244
163483223 282892999
71896323 115411357
-119228368 963513848
321857931 410037629
-291621837 411648824
-379954114 533814436
-689863763 247080717
-580648859 266149201
-465651703 168786779
-885188277 -311171205
-899508367 -6070566
397924784 626682801
-861643408 833554248
193319031 670357807
-738230635 595723835
880453961 885791897
-127574978 540629590
-861495366 181594369
-621848823 590620909
-66428672 488348805
-176151836 8558171
-708184472 428738008
-185656626 834639987
-616401601 360434390
-261470110 310583280
-688736207 712501126
-744284459 729281171
-178430223 602217060
-417457614 -284827367
-292070196 680336873
-925878517 735774765
-356428276 21379966
-436727356 271951276
-63208788 770259258
-67255956 760616326
-644819101 -144710446
-560092901 465948376
-97728054 676062336
731814489 829629654
-952982390 119271390
-518179638 218299297
-775106233 751646981
-864530295 716515774
127836650 941123993
317725768 742445039
-716391316 513649767
-85068757 417827314
-52017215 963573100
-444379408 875688262
-207382629 403298928
-858685947 197164942
-131453373 589897471
-577729885 -314860869
-843782269 -760631723
-772621347 -424218201
-107071269 315419274
-393652531 -261669696
-390317214 -346755481
-914579656 323049184
-187555095 285633393
-358112325 -236425939
-737276119 591935622
-422599721 517568252
-419666570 67059050
-832038943 196380226
-750890753 -498769993
84245561 155765114
-31935937 946125239
-769830416 469715093
322192830 440623661
-255751060 353447337
-431529939 508932738
-506695476 -481565923
28224229 391297960
-455026033 -420191664
-879113992 -731193899
74818305 770481231
-406321563 126776800
-109118631 218680614
-44615011 219750458
-447330577 796911365
-76073247 320454596
-299736676 503518938
-27895104 248142582
38146887 692903813
-461278775 -44059083
-618454367 462050863
-26534224 792560576
-551125934 239327021
-453460596 256210863
590714666 965721103
157411618 907973096
-477007047 879019189
-896902538 397266729
-461521204 150912878
705794324 821579875
-952464772 124145410
-522122807 835173618
-627300279 112543052
211949424 250304995
212316437 912141903
220557667 984522650
-430719057 911871186
756921234 919791139
-911172802 -165144864
-634987262 198816310
-900709211 105666229
-899235531 -867743523
-18185422 294224474
154628071 869532105
-601378937 115564835
-995489454 -306025075
589562483 848073874
-613836219 -236446920
521598030 573273395
-619374944 -257135345
-230474115 844768979
-550927060 362885634
-290514149 -219430786
-909626510 -143789511
-923165469 387394349
-401315031 -194296875
-266741492 784136620
-501363715 -244584728
-977442433 121246252
-107592170 956681514
29032776 565084994
696372794 855794111
-431960364 847575192
-503103037 239807467
94710261 411532912
-198051362 896525672
-309750962 484178174
-685018946 541599025
-135092254 180464830
-213995108 -174556133
-869629733 35441276
-671631329 544188104
-947803238 -711248772
607871543 668713851
-338096541 -190614238
-402584239 663887531
302977688 795917432
-695541877 661146846
-702502023 267005496
-304882479 -231166620
22135693 899562806
-947157848 -250185891
-717703897 41925563
-970591790 -887900942
-879995400 -50742860
-834966641 471899331
-92144942 -6283918
174983260 785619270
-378582195 647931525
-263612071 757807251
184959244 857067821
-484758646 419482433
39201158 561590453
-896510730 184086819
-915865912 260725560
-223446482 917706710
-596301005 -76886455
717946316 829181281
-131321057 357959458
-340100512 504603859
-998159317 -901754005
-43186633 929026887
413886461 575286003
-258056399 938538891
-704196141 -59612785
-37359293 651506452
-717868360 628391316
-310050039 384546127
-386022996 745254343
-119707476 375404165
-419072952 780731651
-401197628 524261718
-289018205 -160845237
-308650472 309230254
-708089147 376861472
-853323276 -227825774
559374373 835712586
-32618128 758737704
-533127386 -48649928
-570753050 879214574
-699059419 71275559
-260580638 5611182
-364548291 189539065
46364356 962447144
-741423573 108446006
-687800071 98096077
-937948804 -529492403
-395885240 32295223
-223807109 -129765042
-650503506 -276965837
-703097715 177930076
62990016 350614073
-898366235 96769763
-220999821 792123283
-445599658 718927334
-751783988 421610638
-940628297 27447315
-698281008 -463612328
-293355609 463162449
-632061779 347375608
-967773039 -407013066
-486881416 723935317
-464034768 141613528
440564782 793071301
667412595 920547501
573537578 736220341
503568481 612085191
-193474784 347031460
-49001897 660077975
-704944844 839068807
-262939149 377305942
-896789819 482617521
2479727 941661319
-179566842 521923582
-971980070 947420266
-33509974 377811509
-816198274 940495296
-562769071 -375884346
-220180944 240420827
349410427 779982267
-919233691 -133903042
-741508257 571954648
-839173709 709573258
61790906 508565538
133900030 494094399
-389000082 413915057
-932897866 -631347061
-686263683 -215246596
-208933263 541596021
-714223271 225060256
-2024255 147554664
321517491 917307517
-929925232 120895471
532071969 700754099
-844227719 -470096862
-730913527 -661845274
-247234928 -205683289
-991903644 174994474
-595899180 231792086
852035055 914161123
720575594 738118525
233028395 497209021
-174739824 737086621
-643147215 -97603152
-956573938 -329204509
101464830 425704453
-844223753 897522815
-884875856 -609824700
-574118912 407024398
-183815311 233273072
-296454568 355703692
-848487245 445636999
563637341 844838382
783951027 966281550
90734106 666530276
247727766 512481549
-521927 499903242
-269575921 513274280
-185408465 -152284398
-771443423 -264018463
403105604 889243093
-134746116 380984167
-305907365 551747147
-462307142 -6596138
-877651565 376004319
-66606919 -49336584
-540410013 377335683
368672700 673331766
-234972190 246845407
-361337234 398498429
466072357 562286767
-634367867 728093243
-517257187 44909337
24489852 825786981
-330268854 202924329
-132158495 794202952
-921212402 -322680420
-580886635 -510626943
-166371851 946752785
-872803027 439587047
587377143 810150516
-482066802 822925567
-87124564 817012936
125481062 187547709
-752088557 934392361
-483717366 903781442
-354772268 -299061217
133819597 869961483
104899649 773699762
21943428 772639348
-734166994 111178115
-13932751 980129701
-277623887 758464787
-351715076 227914722
-783478467 -80500742
465584670 826003970
-355610198 381637314
-51911478 866555462
61927262 156057168
-304556148 -174346864
-399198770 368171013
-321702077 657735504
-5451399 487336130
-736530486 -679258635
-795423071 191997570
-458352683 2881628
-972323966 -507314095
-60473260 369122433
-376494228 -193135664
-560714822 334674750
-618952093 -36939268
-684784026 -438128169
658170482 666113034
-649528115 -400949891
-321869212 -133767604
564823203 780181796
-452212866 228215601
17804865 627935723
196543461 258940846
-325224482 319176307
-469755998 -175606530
-474291705 401028227
-396068188 782251670
-912439001 -257492609
-428331524 672389541
-490066173 64392222
-333525914 405181327
-690975697 168698808
-702213401 788583122
-436840730 -198042921
-590108644 233827092
-651900076 608401469
-435549903 -41096112
80748225 222486182
403045034 671103642
-492184967 -373662001
-361544465 926170979
-353213524 -327000919
-745400429 299288949
160195239 327633324
-888736226 823455410
-605489290 -411638190
521347457 861250848
-488414331 249130225
538595020 883511450
-632084096 -257109763
-388497321 787585635
-424097856 -278317646
-666370317 523927113
235410615 578492550
-477821353 -48002938
10865928 522087340
-902374475 129947247
-548998790 492109768
36105352 499626703
-616053245 -401815872
-941576339 822174150
-706742508 -531287465
-399967297 564778497
-456420749 877645029
-751088283 -110704777
-557531145 457885899
320340104 934950300
-975541367 -537184703
-336986255 -32810528
-552075233 384447903
-396196997 471717180
-134756248 280047402
163412432 413822679
32277284 352700594
-636275873 893586636
-686870174 -166038441
-351589752 226362818
-491782545 941082812
-876051133 -658943227
-389425221 108151364
-142710593 161107839
-924964591 -579861457
582629960 893897010
-175711137 559919246
-989167850 518925619
2052733 999597259
-781308554 161025337
259337976 803533487
-909032126 -456941545
78777943 434642658
-837771360 -781554781
-529904444 900550871
-874239526 -78470554
-651526978 636537320
-521983706 781707560
-716296636 310558491
-446386256 -437817870
-485909016 -160869796
750356426 813183613
-881654449 -440716024
654508742 774343152
569234304 622496492
-404155182 977765359
-797105533 -773682540
-741558294 111228246
274409327 813461400
-242124894 187418675
-41009360 708969122
-439359219 362926034
-409731853 532020994
526775953 910701889
-256202720 -227708736
-771267101 -474114178
-609947970 86426949
133342537 332764021
-941670215 59753472
-832009595 -441081609
-769974496 287716300
-793796095 460691519
-692492567 611908872
-963834491 -611894863
-251068843 205666676
393756896 625457837
-994456064 -386057322
413229000 763280971
-952712061 -721542222
-378287355 755134321
-63095431 -59193039
202650398 394290942
-714137697 -670702859
-104524996 117243594
-901477905 933264996
-143830872 570085659
-981339379 658592559
247261826 742246212
-296626288 851538208
-643528695 429216091
-584982067 899287623
-148904143 30703806
-586052365 -309922463
-245513107 323708848
-594388604 623382256
-511493448 30622443
23965470 964973373
-991194640 -826141584
-621384944 737018200
1060627 741405197
-716740555 334898159
-671665760 -350698740
-712348515 610359547
-484891746 210191332
-206199415 991335916
-758659228 615622639
-597427509 -451539857
-75015796 791533357
-975104359 -236750251
-865953057 -200886552
-518364898 772536051
703269776 801058415
398634308 495082052
-826570231 -607069909
155107088 315380096
497657150 891143813
215822090 342827501
486587260 805596562
580702593 737975774
-79314907 256394509
-888225537 634322090
-806563455 621139634
-873139225 -636095418
-929628782 479790264
-480998797 -8521713
-658096632 176249957
-508278059 480497755
-859526205 495956246
-757251403 730073489
-817420345 -695401913
-251579235 838568385
30402037 727201766
7330774 980972470
-769485337 -753221939
-935064238 403002779
-473696391 799696605
-468834131 729090509
-458571527 -254996084
-854221737 -276380372
-575514735 -261809000
-423633458 755219567
-937607424 -6297382
-816454361 809122992
-641089704 -481243323
-790302495 -171351519
-631949784 -5077878
206566438 795244861
-808699044 -232219416
-817868247 320952786
-547294392 887039389
190340072 267602659
-392278847 149871874
372664007 793083967
-623534982 290303964
-997930864 -156497014
-368556570 124557554
34583648 642353793
-911346084 -246450889
-773673876 -390074079
-584040076 20024145
651288884 752239960
-355358102 139870134
-469890921 -21858286
-827219795 130274192
-839730404 296816943
-1201235 965486451
411702093 617155677
-344054955 376311825
333099745 492498482
-636580570 877420547
247527254 950517573
-303962136 -299750505
-491061993 92429940
239699784 344655661
-213370163 52980886
22914900 585926138
-171739199 316050404
525128133 563598240
-81656424 90708273
71600695 967339090
-990279555 -160372877
-379325793 246410145
-838392334 490643290
-447239256 -196243049
200071774 323645532
294857959 469275610
-511348680 -140297463
-587103740 808522342
-769522181 -573440169
-531725297 -98073183
150978648 893681012
528625074 909701627
538231268 615682774
-474246547 -222514240
-642545237 688064096
-489167086 624347472
-317508983 386934165
-704100061 -336674332
-730370702 -527916156
-839420048 -244016870
-60455749 816019419
-617381497 522963543
-399619213 -227961525
-45958418 444738700
-864452531 -678718215
-814661644 411976768
-668044672 881607106
-758536802 904448935
-532059297 928952956
-772267135 847883024
-592617433 269203754
-640469318 259461502
-691042650 327309318
-803628163 819711938
-575854354 239462884
-333935935 47085110
-59518204 355150697
-938353375 487155874
-386632046 -228907029
-855656915 448109275
-714967108 -186493229
-535380735 764319920
-698537062 605604280
-343592403 428913218
-798800507 971223135
-661987224 657315952
279319213 540312934
-21054337 6477737
-623519563 259445889
85252908 491561503
-847997803 697673655
328880213 700956484
431890146 755200987
389274355 941090935
506194710 765629979
-693773364 -362628191
135639548 564776000
-417821199 977255885
-38668826 871889203
-528442625 12773718
-889162545 -601733596
405466585 698986122
427118699 938051899
-568311068 -455609426
-591686556 978945353
-232649693 921499648
-416005025 575100302
-685292382 -213755725
-170718345 980379452
-977084933 -956338311
218097462 833968810
-446105560 248195264
-303113189 -276640664
251192149 421714791
-539992915 492757958
-129222309 771771105
-359379343 842690187
-642510958 456616640
-717833231 857525862
-808458861 769378613
25665838 867411470
-363217513 216810504
-728280531 -212677672
-717273103 -193938088
278771291 515832488
-859090152 818546925
-674557743 147926223
-845675326 548322755
-761086597 -264003092
-342059975 595076011
-349472369 38614145
-57207692 943073170
-577099921 461721118
274100989 745993861
-535663927 353102131
-990702257 115173452
-962962088 882093187
155263440 652254958
237161027 851181068
-884209564 -827245363
-355948730 837349819
-950861047 84427984
186336685 758236314
70152261 766321450
391865255 997782129
-983423712 -101663994
-616575855 862596961
-374506862 253953558
-281133263 -58384479
470911907 657714605
-65031865 471305519
39626805 295021471
-778523040 -337576507
-898484755 567898278
-351947220 -168681078
-489654412 392310593
-216676064 588652259
891474204 934539667
-365527473 -160214093
-72678177 448938074
-168239896 507924150
-856971755 975882749
413967689 941017567
-53090716 948985965
387859399 889428971
93012358 934304797
-875219880 550837124
-541712753 541139236
-178642022 863111153
-870974785 945064493
-299203547 610593814
-267985788 817837750
-983651406 -885985677
-104171505 979994330
-705673837 -214684284
-847216773 631474923
-849984017 127087358
67771925 553871884
-665044855 141600640
-507927375 -34658022
-772629097 800000162
-978723148 -652166112
-498598143 924507416
516914733 945271425
-663473138 -568515836
-860868443 -784058329
-442294794 -19217541
-902943037 -41064098
-690870180 596164593
-166205171 26721763
-891866168 -496399832
-760897798 391034199
-805824738 -790157987
-80145476 629535077
-765976468 -465961833
555729943 712972696
-149385945 961375951
-266541416 774917418
-175580250 430618201
-674316364 -238041610
-671476879 875930725
754597812 908759405
-269226871 -137464035
-797692796 -412892861
-474083723 223920323
440489169 513107415
-381593550 67231129
-960345328 250061332
-503268 940790703
334407280 868021249
368448997 941839933
-321977867 242787252
-988415961 141061546
-156725187 732853772
-752764371 277668529
-281823364 124517699
-227341606 216021165
444291621 990650151
-887410542 -81307888
-473002831 -144180079
-944496582 902412337
748042135 939553063
-946218659 -66517998
-145371065 666585140
130627450 535625686
-886568345 -43535603
-480797499 238027692
-702388674 441435951
-975899310 78606107
757714126 821165036
-644612619 160607410
-440183825 -324308707
-691610420 288449203
-844145611 -489583819
-152607365 221967319
-636906007 395733976
-264477783 -173064737
-312432195 156784498
212330934 673805753
57783864 276719873
-846550669 502033905
-558765858 -168979914
-183656026 630985748
620059825 889581716
-974942509 -692838959
198892085 346570178
-649676849 -393575059
442847739 943875358
-910806621 -588348654
90701172 422525934
-820152727 -416961226
-823752065 -425655707
-146539004 -39639786
-615520700 936765417
-283726280 -151821605
34201736 644396309
-808177161 944617211
461620105 885469999
303752098 643188869
-49701927 883621609
245575569 525104089
-369279841 -359630023
-875810122 179469006
-885699296 649083149
-848227247 108244252
49426150 796180529
-484897885 491829374
-885341348 -783270580
-542502991 409142998
-856296345 -96295135
-80733447 854389508
679335837 694848008
-674379166 121340152
-981907428 -951055436
-372593605 217068018
-263565378 -30907005
-557637732 269383994
-801908771 860676665
-532200045 789289848
-561562865 61566699
-860127144 626835411
-923646905 764892187
-132349052 912305784
-613195725 253592360
-972675215 836834120
-262550842 452708520
-358676490 405759943
-977235204 -111285573
180248738 807420494
83181372 457984275
-638373741 -420919621
-662679649 771108035
101230285 545011314
-815732069 -777906800
-778755505 764259344
384859667 422274801
444665322 625245350
-856499764 -84333756
-879704377 -868189230
-924795467 297887587
-999540084 377334144
-702126418 343330713
639494007 977847652
-835088068 -529774610
-157991495 278898702
-478391895 872461729
-105800229 798124323
-798272138 464318743
-712508271 -385313046
-507455950 457271717
903178875 924002825
-510207915 -123440094
-722418742 117766011
334923738 936307495
61584714 904012577
-950214345 -96691010
632619411 731064659
-607874478 153017774
272931565 353862428
27854754 951116383
188688049 786347485
-930326965 -204686579
-197029568 945336012
-347804827 233313432
-550140691 -147636686
-665476808 739883117
-600413933 -193419035
809629954 908448533
363329390 523027802
-135854097 643194485
-133638285 -101405867
-415025923 74150828
659261907 880769322
-820594596 -773067284
-7967681 943309729
282110157 509080291
-880232064 973543076
-318369619 -69068959
18254454 793794622
-890822958 -777909096
-896024316 531680615
-375225410 865213073
319063514 827480617
-431105458 275108259
-772705088 -155304039
-838451931 31901905
-161563908 -7223067
830641431 919047582
-990308310 158819073
-839624270 -119782603
-560796316 859432487
-241254332 -20560796
-436218426 -424914967
-1115700 691868019
-553539536 256196241
68597796 349308624
236601555 829936150
-436195325 37312342
-74394617 901821006
-725482132 -474150224
6737944 746097415
49646333 826123886
-345788589 342454193
-211608380 580675297
-424224945 -149704007
-852956289 -36268314
-25072695 243022051
22018904 267409798
-613615848 -94246546
-925011195 -646524346
-673376349 231151649
-155089001 -43021099
-957224644 -825109143
-194008047 474099298
83497351 158551607
619038067 627936473
-568928146 -192446108
433648647 558016836
45680082 413961558
-438156734 -168061775
-794376937 133851777
-919916200 171501302
-171714984 849685880
436594632 778678929
355916544 540408229
408771885 838028380
-423938513 -383359320
39889348 979557578
-649174672 978411322
-978216178 -768020661
-420018746 352041578
-969261282 -74903302
-193898522 -186650226
303396266 646624686
-753596755 65180186
702811957 805889020
-244631746 964117186
-934677621 850661411
-278169531 534672178
-136706084 763618861
699030013 764247343
-985927562 599180594
-454498724 -164521972
578917056 969507076
-228213200 486604955
653842283 838322754
-990316260 699621034
-463182998 938627348
-573108963 -280211005
-761562287 781076409
111148459 323700704
-159589888 886171182
498365456 990905039
139823379 212196342
766819068 855362794
-816958888 -5263157
-483303602 500515000
-955367511 1761763
-373874798 189855873
-869549718 -177404974
-958915283 -629267227
-654249738 27096354
-930827450 -874967193
74753113 452463409
-882873766 625076600
-868657560 -278681800
-804044823 -792153127
275360677 801317802
435888929 847253416
-803178443 -536911799
-873443989 871162723
-940731276 476666906
-526316538 -446004099
-406780982 712769334
-564597706 -24351241
396894062 546330659
-861407720 675199075
-860541714 900191522
333138911 801454307
-954817006 -459415440
-515284843 -118881913
-724787917 -99218713
-816989079 -538826122
-595582588 999372621
-920621084 144647260
312488198 364267338
-284773559 -89643105
-878502670 938825124
309085926 754337087
-928908423 963911258
66067172 988850124
410707854 550401952
-450999353 730453777
-276660673 505704795
-934694374 511423238
-286507466 567490396
-394307242 631895453
-455451536 12808353
-507260890 534306279
-89342549 846030274
-501006398 -175880852
-602684836 -454467321
-134390007 281192632
-365008961 716267399
-634355294 149580614
-921448703 -219013345
-544281008 956989563
-736386241 121781184
236006412 577599445
-802771653 967082867
186200550 682544148
-16781503 767668126
-675646366 214648130
-777378430 201724483
526903420 615823374
-461716827 953111611
759702991 874499403
-153991742 622043405
69226999 387576036
-540626130 -471342885
-293243348 695889495
-856148108 -42151463
-496150068 -255484413
-921690434 395270051
-173177863 415257356
-700062821 -90882948
-44913328 99304178
-671753803 -258010147
-457111435 635712529
-324151657 992842153
-294125609 320612759
-757222461 -336092772
-25767466 896014448
-677491432 -144133062
-119323889 156585432
-904902964 -558930047
-35340526 54304600
99195744 145835651
279113937 827574438
258507596 549138792
-802048862 902188121
-704903188 258430545
87998627 187923261
-581444847 -370049186
822998768 976977421
-362786909 838117327
365820898 773637448
47409051 659624210
-874644585 429343019
368619819 839416513
-550463794 350583025
-105213848 817471036
227416363 473619450
-666848253 -327356105
-773673126 137237618
-443890549 752599455
-999439686 -594137264
-687540754 908302644
-7225533 429711937
-616370718 -235566431
289980242 425987191
-1974414 451190992
-72848495 541865731
-135195879 253530936
-521005904 -263737534
-524697014 -360085451
679266101 814570886
-619770076 822435963
-960452920 472938516
355476645 826394389
-236985655 567111680
76763421 860243372
-933455919 493147586
-537674605 -234707468
-940398112 385863011
-835966539 -760441528
134779218 559134770
-527751346 283536476
-223617788 810352798
-655233801 32219571
-288679406 86584068
-824962926 -766567229
-882759865 570529674
-715486982 484342897
-987158208 727757486
-550464441 118030254
-57819084 934701466
-267278114 911003662
-362877559 -89767758
218914998 552472481
-797273139 -718860656
859089935 984970110
-778837440 312436213
48205602 956358795
-197930047 17084709
-358263560 591703891
-678620816 -41111137
-571253916 390829266
-977422442 718601398
375252964 439892276
-87533677 390264239
-137977781 947370706
-763822992 288334512
-114661504 179961532
45976473 913735922
550170397 751330474
-983835916 48286657
-845210603 -94136303
87627152 507702370
141493772 356373332
154592396 579178613
-855162337 774002628
-140067646 39401390
89362767 375344925
-615087777 -139888919
538178217 998483127
120732597 705170562
14906911 723794116
-43685966 497334269
-474604158 17024202
-621462684 397836052
340671858 383766374
-441582460 166623694
-67407609 20535098
-915739354 12161759
-414718230 394035894
-643555131 -635319756
857525651 889298192
-627867802 -184747746
-962826192 226945738
-431682047 -1772189
-974172332 179598022
-839320052 129390016
-843867311 213636009
-875155643 -501568571
-219352647 -192031229
-738519562 -309346376
-354809991 592876538
-63967563 622406190
-177693447 414315867
629997622 906122943
476931874 839916104
-280573965 651852668
-153617344 362768049
-485059287 744765697
-487205576 462451720
-958495268 860103822
-619752944 173948670
-915068277 997299883
212342988 935032839
765564856 975139848
-311472398 611261508
-863754344 -824863124
-458958298 707292814
565504681 799961108
-135539740 88473217
-863075178 -78792830
-947212956 -909582945
-615330228 -463109171
-769322197 -589870177
279259838 422133641
-542577561 -85492199
-698318419 -169547493
-199907160 433308340
-685647934 128473194
-816029638 -143463436
292145292 593637359
-947002416 629849759
16642591 518550831
-380190288 438529573
-718349087 -710479523
-678045262 -578228002
45904906 531425541
-757108998 -149397326
276788812 826097158
186592158 599889083
-155324874 424339150
-311390518 852664214
-853568950 -727498306
-969685692 254880052
443502596 780530662
-250506979 262866298
-737455430 145452375
-4803086 781906847
-880657101 519056009
-246572736 497964723
-440206816 -17043290
185367397 533701772
-269148952 264451379
-625847568 -298193073
333145379 462938761
-218760392 394046609
-705302635 -501955812
-439977951 -343784540
-868827615 -20839820
-586827269 -110599200
-482172255 -18462154
-381344773 -117478847
-800183923 -470729747
-891487483 448282753
308501226 588940280
95874055 778995406
8388847 883264179
17905735 664506047
-788629547 -304556468
310997943 503853551
-916129424 336628220
-205331303 74665554
-513523706 -134557374
110937693 552025431
-958625530 789788913
-210036767 33227954
-906528045 235821528
-809449574 -171820364
65685589 569605793
867043897 942496154
803311770 990753245
-270544004 175991736
328107543 720962445
-817454805 798203046
707363574 963140077
-309102972 910313243
378686968 577441160
-386157875 -23777701
-957331762 636363283
200475745 794904683
-841973943 899223606
-889817832 935554729
-361470218 768531351
-583723731 -214415363
-712482375 603779523
-321052800 31821142
-631853550 -28563149
-497056656 -368836650
-571951733 967066195
-61607721 805791801
-668784853 -480029761
-114217611 454416656
-237531338 244295230
-887384732 286096876
-310247387 419988416
-563478783 880735312
-414337218 175458924
196070273 660033105
8734585 594501455
-46106437 357734719
-665600804 -237735356
-787755601 656686474
-238033151 152464505
-726525557 713943402
-647101480 16818213
-801995462 219943269
462017645 860738387
-347029618 719783129
-686615526 636304430
-546483940 902376082
-244668558 329499110
-514436864 -132897068
-613403227 976347775
23550184 869680133
-337869623 958755853
-414774678 398494139
-414141436 462745553
-856202386 404847281
-76848734 73697410
-889757968 323350090
-616593846 245046613
904523449 909961347
243638412 512549972
-78918407 717761906
456662106 492647183
-688067286 -57065153
-549951902 413176541
-187736309 -115165945
-879780428 809869328
-624891187 -302850828
95275282 451374733
116490868 834467895
-676243013 72036973
-336556682 753043578
-61499760 941500785
-192521683 326365917
-913242574 471326648
-577788001 898839765
-449513772 49257578
-303544151 -198431135
607856370 660618321
143446555 505219301
20067977 611120317
-257322182 467269755
-751242366 -281445555
-442651685 -27862864
830852639 959369371
-559582996 -252585735
582402755 712492633
-771826575 -554597574
-271194540 766963421
337213601 747369619
-924397143 -346837190
-263467800 903901004
-884263927 -540497430
-146172847 -22746586
-936792645 912032406
-796745482 -60429061
-642064689 677155920
-59438238 390783689
-797264818 351990725
-799350481 144481966
-627522370 258084008
-262161978 857539109
-958321384 503781310
541241549 624336753
-200521647 455208833
-701490683 -319322315
-889175282 -556394278
-599296514 668404540
-464097898 215330259
-949848913 942656533
-783253256 272265666
-531420621 273827811
-839278612 693489529
-451220967 562650171
-577852550 243196079
-169068483 37848507
-394937271 -54938985
-395211612 410741421
-132616844 -66171735
-572435602 485451029
89350976 767685396
-13468371 470811956
191370171 202770335
-904004483 -331510909
-361803855 -177193394
231666436 356312218
71833376 729752001
-728309538 871855913
-890555207 -195960605
-727033137 708893323
-739836931 -209088761
-72704442 99031994
-680939465 365661310
877992478 889290208
-174442331 934253642
-442143398 -138913333
-22155210 940052486
-538760368 140847905
141426981 925902627
564294048 911266798
155298749 571892323
-4071281 367552971
265628830 603671172
779191564 847642463
137443750 651694511
-762745465 638815668
-782553319 10425484
-583710889 57433122
-130995449 234372499
-397151462 -150788938
-817613249 240025414
-910696007 326713155
770328967 989719572
-983774048 124237207
-132071477 816129086
-424257169 -396024935
-867158648 -770313354
-369048218 521802899
-832989783 -393040020
-455436126 915133144
-90078830 571107223
-878188971 999717238
-543793892 311819315
389049096 583881677
-513674215 16311129
-262532794 -94179723
-108892726 602803486
-547499498 61047068
434450888 597347626
-661426684 -448430979
-375594786 -309438092
-875030098 698997495
162085679 784935357
-62211247 523600864
-903009799 514495067
-384333528 499360271
134929888 789621042
-21744694 426187207
385305725 528673250
-961640092 482293316
-702114887 -568670100
304818750 553076953
-811066590 221553756
-496369911 844632633
51106805 783968730
-247338709 88968591
283015120 758236524
446619214 746835322
-715938188 -518751041
-807529830 658429039
557273203 858562235
402223667 699574020
-948784734 -352275418
-604925915 145886319
-314736343 7520171
-547889304 842640421
146424287 381547650
-421365285 -78955732
-775242843 -364552199
-822731265 -65071090
439607722 621809408
-103005380 982919645
-204927637 518746396
-920939315 -373851044
-385959133 823718313
-360355103 985085332
813490621 944056506
932163386 997595318
-801680448 867567595
-951459330 97276828
-901721662 -595908707
-230080038 503394541
-625952250 609897434
-245309633 100227004
359623982 700020263
-967268727 -586698584
-587113385 319949535
-567138155 -279655832
-731314923 626383761
-976748523 251090125
-932665878 389272359
-735334179 318969722
-299490570 276039529
93406202 258813640
-951745978 -707681793
-196662298 841356818
-816384163 716083490
753640714 804411361
-443383870 715901711
-306061700 239211705
-953354317 -448356175
677166010 923445612
-630850417 139167799
-575475102 351009954
-145797069 548527415
20363904 505502935
-14207323 113162709
-195076580 946676738
-498580904 -465821822
-851412743 196209213
-187028055 -75488599
-155250144 -101794225
-830835435 977125708
-480036484 201536767
-500133453 997065839
-179191068 707288644
377036968 961300255
-713979083 799519907
333829217 699380013
-583061794 575275856
-851380499 705271394
-636924120 -55577053
-191864514 416037004
553136004 672353005
-962707944 475697555
165321645 277538514
-323324914 706529862
473902116 560565541
-376293919 -305975561
281710643 648477236
-699283739 -605489402
-659006322 845235171
340788442 420634816
-935260324 -845035072
-622623330 309351164
496612520 992084497
-57095638 621809708
154915662 489341589
837618939 988825649
-479228126 -130236946
372829508 427007493
-903545735 -704705874
960612896 977554574
624773764 967932942
319079515 770593703
220112959 927527690
-661444519 582527193
-20460229 874935194
139673078 616867606
-927610054 -660670660
-177460502 477017423
374469406 556940387
247941213 875963991
-707488642 5000591
-225245333 438330233
-611739762 724325521
-498645913 846855741
-55696049 57118391
766039371 870435156
-160509828 591622742
-138743119 642207334
-516301824 917413628
-144086908 870666577
-271074625 -254397694
52459554 491973480
624745557 830027386
-29497733 164203911
-686332344 85132286
-402172611 79979606
-818576747 -244827968
35411835 604682172
-701964828 35624455
-492259048 -369854639
-848550511 625492364
-245908937 -74346114
-804550121 373549472
-261919930 571682331
-332064712 -99585660
-206513303 -55772975
-561072943 770099697
-759394993 388862520
-976672645 892236552
-698069881 -627795477
48245758 888318902
-427736328 650223967
213598981 567669136
519551765 975330380
50652246 98847801
341314193 903145327
59588494 76095740
-617155867 -283206560
-547223752 637499963
235072326 906327359
-79692268 225631653
-705430221 125376975
-15167418 703623320
293703848 676166500
270684661 808973355
451685170 897910645
-510551570 253300626
-722798487 52156881
-836926896 613614387
51687767 312205725
-629182907 838283093
520522299 995594318
-13635790 390287703
33701302 832745445
-962104058 528479344
226711906 944499453
323899953 739719433
618046658 629953688
605292685 638324495
-739320550 -668380091
-556471024 747252525
-276893477 -55679939
316750204 600407780
-810454230 825107244
-925877933 -758199026
649985797 756346617
263623461 474558194
-797488346 -365543881
708139877 773337021
-128781648 556375653
-302419512 175289585
-431570552 206396765
-546594766 285248275
-682533928 -623939798
100997093 178488437
225871546 719672379
-745507850 -678228529
-539538706 -463342155
-65146906 742701243
-900894501 495862858
-333593563 293054328
-816204233 -681654144
-778859414 582988795
-171508336 7093458
-688809993 131569560
-655690619 741175234
436940713 745279861
-232665269 325813414
427892413 956891918
-587198593 -288194757
313956768 506018007
-767824894 -147652139
-333148326 -61359928
-323163055 -207118170
-503312067 385533317
-714224301 -614188160
-553431473 233136395
91928063 458196720
-718304743 298675841
-276146746 948189453
372463477 466914083
103967292 176389926
-691805091 207185800
-751750663 923369796
303758671 747860208
-24284549 420947721
553088115 823357818
-786566666 461634083
-615151585 -81383868
-513352173 365137388
-248553882 822027291
-377991936 449313773
-943542019 -460515507
-356837955 993857516
-154787658 485807844
-179165428 223717684
-182695861 107942207
-673257054 -354406072
170188567 866273011
-617203216 509025651
-100148407 462483742
-941894713 -187923485
86934531 158039709
107743938 711085737
552975262 884934351
-619849828 24749342
-941358871 -790922467
-800067249 919651906
-193191228 901107838
-829205597 206361562
206940803 464040637
-357885071 -54219935
-778912647 -593391906
-673418180 429018167
835256655 996510918
-689576229 945505844
-652139567 -179361345
-698880034 37222612
323985661 512319397
81896597 258731797
197929041 264336619
-596229142 -475727865
-424879917 202306474
116720346 725811383
-591080021 653222060
444234706 787157820
-661496947 -214045664
-187269703 -160241830
-520979970 -247267354
-272149525 -132822624
322409500 426630446
735109086 835688006
-648417560 -414587436
-600688017 86218696
-277501977 925765866
-370574009 -245206930
854345525 981189483
-831306007 406320662
-187970624 28612551
316817496 545890208
-204816926 87743358
34481330 206993585
-379439910 839446263
-969978015 -625054812
-676898544 -203494826
-981204846 920008856
-875334580 -10306296
-529418894 -160353833
-436665980 -260000149
-650440924 -618029815
-661871682 750825788
-792415489 129280875
-849888244 -106178019
374812506 425238013
183897051 643382839
104708907 948140934
592772236 967485499
-610146982 -30729849
-722225927 -327505732
685177760 685998581
-620269087 284246693
267257921 435539217
-505908006 410015080
-919365932 -666988627
-572863134 473681549
-614182790 -341172359
564576105 949033612
-738343873 4507226
674630129 923735607
-908781000 89432414
-374741527 -305637544
-211855714 51767189
-299469598 -216384513
179874801 980530822
489511953 675642152
629406030 924267707
172001262 222819382
-471622590 580110900
153396977 830007975
88457220 894048847
-155113849 69830146
391225305 405443802
-625924455 186575836
-58438467 236595059
192198879 733992746
-791145317 -260452739
695599360 867039569
-662467450 -151474474
-342204562 932512663
33465838 578056833
-446701951 -428174727
300082291 898966506
31920469 670975403
632755985 782562843
-996841651 186669431
204728411 798934577
-738524124 243929759
112571942 548607525
-199298150 273294001
-505093856 -324447896
431678188 693617676
496834308 735712360
612346173 887632550
-486286850 207705004
-926507023 279458701
-925061362 404377657
-769567245 -560981251
-447917194 -214021772
-571774355 29006798
-768886616 458019863
-396878260 432275206
-447539152 -92666813
-805584030 158123790
-498278908 -376401075
-339499684 -164722618
-843417231 -352624461
-942098606 -40326244
-672653628 618534256
-318756972 934662656
-917495933 698990935
325226774 725572960
-666722601 663744718
-281536561 607768412
-756474276 -282559814
518242706 810783719
136341672 621478608
-702325676 8007603
-126967921 993547719
94599715 147613011
-461190291 440032900
-990765767 991561244
-60098333 105761489
-209937343 91644514
-815890479 212690363
-644004675 160777534
-69003801 -34918698
-840770865 754301841
-136928768 123712789
746304350 915187704
-981142944 311203210
88603257 934334529
-751196469 849792263
-444750319 416371956
-560109820 561673361
-498133663 -175795601
-770573692 781981327
-767389558 464827357
287894110 712123356
-321555370 -77577687
-662421884 -334143993
-443574950 639869838
-400485217 988392010
-622683549 575949181
-382816226 215788085
-912820709 22426314
-347908923 -107916977
561818059 603391868
112154065 548725473
-820105937 -351176752
-732227054 812258365
-334912189 -280410173
-107624477 86936847
-140091910 822182170
-776206254 570558650
431367395 883255876
-450939872 168229696
-879119291 451098778
154901537 935155372
-422950133 662611067
-583139314 600609334
-198145245 -141281764
-604403392 933382294
153667958 787570195
-432560311 724327433
-575274298 408896528
-480622439 962791321
-760959066 53633229
-589034263 -403504365
-335867202 173833433
-75901170 48390711
-822677412 477687618
369785512 981968617
-606523676 11473579
97101142 125126769
-657900779 580128889
-801812957 -445748874
-417192216 409248566
-973540465 358786495
-166315936 -115945698
-307969698 23736068
68435757 348610078
-350726561 355391305
299656283 983349687
-757654604 -611612945
-82533107 74750404
422443414 808642589
-807207977 384294632
-236342737 798083383
-416836244 -62956778
-979595307 -799677801
284024070 690513382
153050263 583017415
448721787 725872617
-537763046 197206291
476493922 925380764
161196481 604248923
-787786328 660480825
-589639507 -44506378
-247839739 568240548
-507900177 711544195
195490049 296822533
-802687289 702464635
358208764 733966208
-321428981 611665282
-460548796 815597946
-453548660 759461748
-991365888 103904650
-63063961 45269023
-631770929 -559538507
-635060468 463186456
-16375670 293519345
336004246 701443553
695511336 698235501
509910836 607958954
-628997299 108325419
-952927920 -103300517
-763598396 915200053
-432373469 776676407
-959383104 -735096492
-875116052 -38667115
-810433400 -80116497
-368404678 673175664
-418095544 397811529
-717164208 142631714
-114074865 966306107
-759675866 585533296
-769540608 821851042
-593247855 -93140263
-228353273 510872893
-486164473 799701152
-254510191 889765206
-82763982 345711245
-719657213 768577195
-137066316 264940522
-400977448 174479108
614249046 759972911
-724575794 464667158
-516044697 225127804
91071320 835126028
-948178258 24142656
-663967817 -224951012
-484282607 -32768479
651295668 995748045
-806071764 639505874
-741701498 -168980227
526304740 570129160
156663310 389952023
33527742 850094572
-904382457 -695074881
-608665708 -566588782
-977598126 -807608276
-858348926 -799170793
-687711056 730956492
-981244365 -929165942
-913094949 -168916052
275133739 331634345
-154373647 893109610
-351965998 -118778964
-482563635 -346755900
-704511658 213559304
-459016190 143207203
-970742302 676832133
-995562788 202617335
-804956314 900002439
-948579249 -65241059
-732055861 -43877909
-609052458 240565468
-963138713 -77749136
440793935 689233971
-486129211 -242080517
-820990371 707097344
-275579725 733541993
-583452320 -532276485
-750403791 743415562
-680715055 -483897022
521499334 677467658
-270469557 -12352960
-962314571 -313402675
-619888825 572778582
-940138298 617798338
-539752640 815882745
-405927061 771546040
-749805044 586205018
-737596041 268103263
-858156624 307009275
-341088853 830455001
-441627171 -146424862
-723635629 32339813
-916857237 956408337
-700815288 163211364
-806204245 128231225
259562340 707265661
-912239774 406024133
-490093307 42226604
-975651966 450844227
-613649873 528747593
-70596162 381575214
-674233305 -104370681
-104610506 418215064
-403633756 646809181
-455862958 -323476493
-959489439 -369060205
-311995275 737089004
38649287 742448758
-65412326 804353632
-374611288 404995305
-30920870 707494371
642971404 753625634
-818536688 -273368721
31586751 771424589
-889251994 876581526
-493619627 -348967586
-976164595 477541286
-669629977 134424254
80454566 218237881
-923923068 -706903079
225991394 930700102
-942926295 -367905481
-975091355 -469653765
887011432 887212595
-461564617 256472366
24142437 64617153
-698301800 -682043747
-575366834 -443214609
-820492644 308015800
-419264488 -58566336
-749366999 537624075
-710148842 338334987
-494632328 176090061
-964657732 -963695698
-996826246 921960819
666779588 924768158
14909221 421253865
-278060831 602530759
-306766488 983148067
-703470370 -415698029
-323943672 707452181
-416989123 379260276
287734091 562222722
-834856848 771279442
77478165 956837505
407289272 972814911
103498307 317978456
638623419 815493436
-596177830 574987242
187717561 348752176
-167182576 319662667
332304587 488933556
-499918206 244980772
-656400196 -93059402
-12273251 345849081
-40895828 -9359865
-240644819 7989383
-485410555 409966330
844171703 909448389
-791207009 -239097833
-673439798 -234140039
18187994 867459481
224936275 757629719
-599425892 210411586
-289394369 202287541
-630925569 -440767791
-305640560 868294128
441851119 875739561
-47807356 182613181
-270368823 635392157
-832154026 285638613
-940174274 -918245185
262519115 923855945
-77512920 611339385
484506088 489563357
326524213 838987129
-730775288 -49344482
-557432004 120191373
-290454793 173851628
86821270 595742945
490436681 813643759
38156743 398303611
-841306461 202482312
-78844874 925573099
-290823578 531932402
-883071166 903696680
-442785040 696928684
258213322 759673359
-865428318 -723520099
435527178 533722098
-601465793 301688400
196766356 986500343
-497405236 -365096808
-156617314 626732480
-812139298 459625138
-268494033 357272563
-880111072 -74634467
269079916 537713281
-396454511 175789073
-613810329 225245613
-787346855 -520219563
777997095 963843229
-100661093 941027656
314096999 425171748
-426376810 841224523
277020055 281299702
-906530809 -573994219
-753626469 -490750891
249622845 382891434
245863773 754155047
564383308 677216549
-782458678 239413397
-708891673 44781349
-289544237 -167984002
-186717122 809675156
346242484 766681487
115853274 900239545
-448408310 670226795
-844622334 877378723
-978029285 -629240078
-403147567 -209487215
-700734289 -123041290
-975751351 -173564950
-526220011 494206667
-562432621 180164394
-181945053 513598599
-127495667 665779872
-805283826 -665967414
-928232845 21168788
-107975423 289779871
470541110 675493189
-656768852 -496368680
-509591546 -144604218
374197291 903925749
-24196198 797654164
105471484 384393430
-68538573 734041953
-813313514 349375895
-834335204 281406982
-800056214 -769981535
-482825903 -319867114
-607229373 280576360
623076426 817220790
-572131483 -84899685
-388973864 452466671
-695914043 941109571
-71509656 966565355
-827308150 -350387136
-670773275 -189987797
-808294232 410417296
132283689 955848934
-270398511 724830183
162510229 415907279
-121934423 351341607
-780364591 97021064
477463874 617107042
-187908682 35069453
-310923447 429607060
-247131991 962342718
-421626291 237076885
-84925718 522773100
-118367001 569260242
247977548 755389742
-427652187 167005995
-266882806 901129448
-491788632 -190543947
-835367181 175042406
-461114736 778688276
168982247 533506708
-293813051 494104403
160423107 544336367
-436271200 764178313
-719556341 922113439
32765832 996983998
-2372075 176484229
-889580242 210775283
-955425703 -460452870
-697655891 638396718
770104090 825944015
-106730242 -53058548
-493631305 351873332
-927548729 448207035
-998501835 744788696
174038163 853496340
255378765 440732132
-467451889 -457616828
-623880009 503418591
-843278494 655038798
-136663554 727639203
-807696668 -3162585
-607347320 328989011
-347079354 602483560
-813790477 514036475
-922087028 -140683814
-82932526 -50136849
481947608 816450644
-801849503 506707548
269498416 376017574
-57580168 176679774
-809747807 -207025424
-858685517 450034134
-77618037 20771220
-897568211 466489537
-928335194 -277620898
-488086252 166742468
37609372 387057499
-873640823 755061115
-421091522 371100340
-407975422 929816154
-537601924 -431135521
-922021119 779422731
-308963148 811850631
285675775 677916302
-680806031 -654247455
-883781269 -406665717
-646677491 449124516
-706962437 -624263557
904997295 943246060
-834213110 321342984
26509067 476380856
-367367170 523337886
-937724502 -235076617
17036060 43771531
-803927634 635218719
-755836665 -199974373
-84423729 224895160
-405875408 -118114428
-451105402 969881906
-481397088 995331824
635379027 835250183
-879028172 155762815
669943388 873370315
168193785 181145503
-634193810 249323169
-218308313 -134464903
-758883791 -51007152
-783856623 4788318
-940615175 -100220840
-169838982 743837452
-651447125 -65708550
-929181061 243792647
272701410 374693672
-742478287 -230835388
-310059154 394360581
-626547422 -161601655
-136147152 225316176
-871400663 -643442905
-623265418 242659688
-486301146 386146624
-895639634 -155817440
545757528 655786073
-779037235 -45463903
-536475886 -349667689
-633146619 -327132737
593823166 936102933
-53339299 972320913
-802935737 -150466376
-180807845 495612773
-193972499 237731737
-387991138 198347879
-153023950 455376562
584478353 721527788
-424822649 128542136
429798797 462104939
-888397065 -73205057
197858702 338698047
-946461549 1171107
-575024889 -103995639
-599147064 846092264
-396325387 -193759944
-505288102 177068715
-380290963 89774521
-727261257 96128666
-327839623 310727030
-939070637 -526087028
-375230426 -65273752
-291564409 -186118882
-311339546 -39696059
598507604 660086334
-426740664 181011914
-615869404 966883210
-108495604 131217526
-303610623 720328024
-179924717 129890487
-433486095 186953812
414643466 856919378
-722209234 513352743
-524473357 307705796
-5567716 494445086
-950833906 39093230
-678387887 -394259965
-854098526 584000427
-584558154 304394144
379774882 607090937
-436266313 -337294020
-836394241 -553583359
-797174252 525698964
-259792401 391503361
-609119401 310928470
-246226218 504826409
-541711205 -35865740
-834520353 294747469
212009241 878790082
-650677783 957264012
-678002993 384829335
-51824023 347858230
284391277 870808764
-549137302 626877181
-34039476 164139316
-497075385 187003140
300422050 648754047
-137828090 781219238
-177425802 365531134
-717954620 305098456
-833434425 988136103
-388828481 662807783
-106480171 685282896
815865316 851311761
-570227898 874448859
-264165740 -179132544
702707365 768119462
-27403129 757307310
-859778725 356277999
6401161 269067521
-683760975 723271601
286856465 501185314
65504278 136742649
-732462326 330699135
-479791058 599117642
-251989721 -182612220
175883394 798474388
-880791086 -748858048
-205606839 477936942
134111770 753656915
222538255 739639649
-254511651 617246851
254254404 311941295
75738264 896771794
-407292915 909488716
-516390961 231140425
-127249270 718771698
-530817067 -36158684
-281078024 152199590
27988377 984527430
-435633088 100371279
-703686406 62579403
-840872733 -749113930
-293529502 174571746
-967312663 881034327
-578203041 662210611
-502919012 647150490
-882764839 -831794583
-474913100 990856619
-248349494 346486399
-991829116 -391144477
-703577185 -36740593
547277816 780759422
320976449 362756692
-117780489 690801553
261567212 287647625
-842885036 -453111123
501513919 788676233
295104323 586082247
-847249165 -290974089
-905242997 146309812
300735250 703613527
-685848906 -554625823
-847410934 -12641766
6745312 553392712
-508492628 567661650
686239392 816305079
-968477262 399468454
128379955 254314265
-848458398 831258632
-725331205 212499796
557853240 647431910
-265973761 870289954
-791814103 574106113
-927994973 -772307720
-835058440 115772358
-279899475 576771972
688133522 991972803
-944338337 731655770
189731587 227157176
-758357043 804585984
120773239 291886593
-772788467 -452249894
-261306764 200422997
6550269 829873156
-293244751 662218256
-907685459 107982105
-199838355 464747852
605487091 728409269
306956321 467411973
-422351327 528094025
-643559112 715089910
-151706075 228397077
-28369208 375011515
-888660938 -198636917
678776948 941489717
359402300 862544758
-391542607 -129291837
-618524469 978561186
-257139712 -162326071
298475619 893002504
-686863439 193954815
-845383032 504064491
-2875652 631612819
-900468296 6616041
-414726220 35713104
-584131429 -511793922
-846974069 654305602
-764896520 -695498661
-477114527 -375252873
-880344031 -607530619
-936037333 -35760259
-300358355 631290975
-337550511 -184832779
-94854087 570675535
-971123883 73287832
-336591513 72020667
228027437 606734313
-974096375 -583802041
-468311341 -167566256
-91809872 331140760
-94013881 983933396
-294611144 820269927
-403609233 448748318
-378312593 -279652965
-923084259 260483752
-979477357 432974905
-527608518 992086212
-753029735 118069804
-928330541 -606145769
-509307353 -224068449
-931416764 548707915
-214833327 500805542
225920674 245503689
-249472257 411530021
-848410658 -593029660
-150592687 611576842
351058825 469455914
282398944 994584832
-921605362 12588257
-214447734 696929195
-558215494 457446704
-69196893 554346827
416514486 653017740
-603985959 -420571619
723714167 896207964
-818693756 -318724266
-811730062 625899623
-303206371 972793492
-242332628 474078676
-969175358 874160535
-414738677 513696453
194409275 939817226
-402772313 367742612
191989374 656840467
304564294 326880584
230425219 524207705
512269063 700384743
-835005045 -541764643
277082778 981984922
-274853745 91305217
-388504931 -334326585
264301306 734347520
235493327 408853377
-981576769 41334350
-778280438 -610551020
369399934 394270542
-842251000 912068458
-565706567 237441124
785615120 901495911
-641390566 61773610
-3172167 986396976
-895323129 -572252461
-888708896 -269457940
-184480819 451038086
38949403 434108089
-335504317 459295720
386310240 413610104
-905026302 921311658
-736369843 67378606
-163872094 615854996
201404675 756760069
-616177450 -144632106
90430076 924863676
-419382683 -294873546
-352782973 404043863
-305359968 464728998
-577019131 359410956
30323570 475876442
-227459530 883800650
126845042 306348816
-346774151 -46019295
-867033100 891074331
190495173 414591310
-765185192 593766844
-890309825 611670924
-104588064 849932473
-952604588 -72749215
760563428 976502948
-817324242 627501559
-6750753 296395970
-775969389 -764669953
-105082586 140313673
-691477377 -500510476
-336301735 948374750
-947227245 601033087
272527060 801886413
-55609468 395682402
-535843530 765138017
167974321 883696311
63218533 989674050
93805606 834059260
240234494 322768698
-672378277 984660560
-156306660 870332753
-572419767 517391503
-434299501 54691505
-473986077 755894194
-5742827 112127655
-483205976 -59562060
57467843 482932790
-292990537 442716619
-397248395 341199521
-452438360 199806486
-347551491 200690498
139917796 964296581
358466300 468464124
19562431 131427004
-524091584 -325748092
-563690649 -96565331
48946700 858747279
-285538550 -243493479
-157867256 486950399
-674373032 28979481
-946807958 -512095257
-985706298 -234978154
-805178186 465867225
659828048 910749754
-506745572 -499840426
-690754586 250937050
-99001339 923575155
-807848802 768840976
-659248073 972186002
-25432049 895553803
501171983 673223819
233205465 545325265
-72479652 631395582
-403484601 520890298
-887785471 882386780
-628593408 -298772985
-431842789 141947130
-77437204 607626067
698411642 961502308
-61162101 519835533
-287351093 432628878
149573673 832575899
-18021736 226398490
-902326675 -828472326
-458563885 462685709
-166814085 658681689
-238730609 9690900
-247364040 646908862
82455089 175415332
-640213933 847125163
-250378252 643447719
-294296342 6914339
-983190929 146696886
101068366 620358883
-18724611 280260442
-196299506 -10825614
-237411666 815622594
-599943753 400324102
-252040161 -223636964
-117385673 859378140
-763984170 115415809
-500722290 82014651
-594224111 689718898
125589131 565208107
-922754578 483180488
-963792631 159567954
31328852 209124042
-309221105 711173404
-488169253 -251886596
-468089539 90858255
224063491 766071096
-222066737 293319776
44731927 903506554
-717150869 726220328
527858208 710875520
418646840 677721923
-386470140 204661948
466783622 706056723
-159774339 722556837
-965490155 -122469997
-191146195 406907641
-753410515 -631437042
-635835393 718843771
-26677569 486485742
-935639672 -482263109
-15352023 272892799
-422518159 466481329
-993174540 456260055
-415519997 -337764863
-690414533 -479103095
-718192441 -118423673
-876283077 -303206199
-26046648 655979697
-818501851 824624468
-166103418 751381669
28228825 682449343
371315720 982704066
99487917 379422139
-244324692 256076125
-949980159 514815160
-647670309 -443042042
-83459839 800638036
-279641921 -113893375
-399807872 629745588
-712148583 978547253
-969010089 -25918567
-868828095 282776158
715422866 950340424
847960924 969676756
-194949699 766469149
209982671 522429537
583385385 962308128
147203907 319341706
792840470 896532929
-834755204 -60827674
174192699 675346716
-389795540 -280500832
656687237 826139467
-424853955 839262011
795808611 923844513
391174214 740974893
-429548850 -152654356
-609972734 678006316
-707152933 -2770996
-637377251 -58752730
-530357232 799633050
382025170 637944675
391091878 923806906
-820522622 -93498117
-52552830 -571987
29033235 211944227
-221173849 332435938
-355012716 158092282
-530543357 725470597
809407474 891109268
-893089946 59728828
293719957 845235722
676685458 759630187
-307101141 162663752
-683663973 -606967762
-993378222 -242392936
76636003 766422259
-762616684 795115714
69107829 715459769
173255387 471350440
-268221876 779563598
3555053 361804526
428293339 907317178
229053771 684266877
-604552999 3585847
194233463 497378685
164755478 487409495
-740256557 -690230977
-647908859 727962074
161360476 493977627
-884041488 -438280777
-450961097 -155416264
-866182755 32356592
404426196 598893583
-517507636 -418115424
-481598513 456922839
-857158372 -818597581
137423690 718037410
-540607304 -1616284
-90577739 979252294
-422390481 393954718
-20468604 715958618
-504681757 -16710467
310860642 477437191
605234555 655415978
-762442221 -61179456
-690104082 -78506200
444623494 757909828
-642897071 -376227428
-107388025 96637909
-123786203 970545246
-910800482 -847576081
-146316313 15549919
-616634440 -86106344
-725756572 344956064
499103623 517367873
358449707 977292828
-717559462 936133405
-565046324 105710264
255104487 444267509
-890507348 136275305
-142089413 385493595
-357536302 -256455348
-166644318 243842017
-925537274 982505695
-549386598 13599791
482697324 938275698
-602001408 369481493
-880360680 -283261536
-254721351 449672628
-306772299 -151074160
226151883 305300245
-873185720 75848692
-488850855 180772728
-577420333 -299521511
-177855891 384911786
-520872466 77740028
-163893044 244698823
-543512969 -415413528
-475445186 -107853440
70080242 930665812
-522683768 757072779
634448827 970433185
12677099 191188983
-543798575 -381155089
-105338749 24089247
-513638981 45378128
-838988702 -672229008
-432105831 -274257611
-915077723 -915008509
-607627957 -566714126
136956540 628326236
141110198 668736789
-110557124 295514159
-636946807 -621095511
-31507808 -17622470
-291330501 280924120
398410336 413712229
-809577710 142135247
-306480949 -186318919
17151077 995955215
-793458925 -86438127
66135408 648555734
-434515425 -223011038
-650368310 772226126
-416103482 73925194
416818098 670276795
-995343631 -691318974
-963330923 150333620
-986513703 53480417
-718962608 730090542
151599533 689047574
-46638361 616987196
-286393348 868595227
-176190011 36884607
306518316 743749838
-359978850 924417343
-658769026 103345715
-560367479 531062457
-611511457 -157132197
-573423275 783349205
-928923738 266492409
-584779715 -378822674
-487846078 977237015
627973257 634969550
-901829959 106377092
-816780180 -5217929
-320343827 339714489
-311979624 212476704
-183777173 204194188
-527591130 413499727
-850948563 -144538777
-463546604 140081910
-129919490 914859425
-728382980 655534951
-617175823 -417882161
-582888428 86635106
-970910843 -156291926
542732250 991182811
-28905904 544237340
-505966238 947080859
58275620 576247296
235252681 416122480
-949368443 952621752
-257507971 132488892
-320530603 589116316
-339502563 648712715
410514309 913941969
-801546152 455795202
-999655874 -806490845
200634638 773699113
-962474208 -343370622
-504944738 170086439
-911899895 -220977448
-659022269 -159618098
-831207130 32282534
571683625 592804732
-816251254 -424587772
-146592712 78091082
455947807 505745877
-743850829 583285324
-689450482 -159636926
-693914898 735399820
-444201831 354907997
646168203 752114533
-963332065 -376180072
668067307 921995660
-124218685 945265462
-929567580 -516537280
-826831847 -396926359
-12475810 294673213
198820627 950391204
-932172474 -579769720
-243030693 990285278
-288000248 909958286
-729043124 193931635
-218082975 -128914250
-901799805 -124615400
169844634 797202263
-730288976 538283142
787098805 930198692
311277953 914664917
-550790419 -95994794
-593068038 798023484
-685571680 599187471
396063861 565843873
140872149 308556155
-415747703 489861658
-132287277 185138878
-552503098 -118933300
-110455578 806409957
-990549341 -516698755
-456998251 815680683
-20715702 778740687
245727486 247572294
661020943 795855775
-662872143 -276711539
400463266 967559871
-329599894 885497741
-659203214 990789664
9600588 881616060
522347623 935075197
-282299446 941545798
-976417580 -952956867
-185241206 820472973
59412114 85640033
-834316331 551698074
283224277 987853318
-537850161 964071628
-928535708 -359084692
-916030113 830744273
-616249168 497850508
-210071847 754291283
722741110 787343532
-908473983 630861637
-286303620 21205525
-906959741 -562780588
-699764956 591624610
-927721587 994917733
-489628347 597475833
-287723671 -19471570
-502428696 592695743
-580055267 909943623
-448541284 -159734817
-911266636 559428404
-765657008 984183823
-508877598 319377423
-609025664 325243322
30804756 748899578
-982978957 998669741
-702601700 -207452536
201899294 779574609
-459346285 384048256
-701579988 132039533
-124424238 300935333
-161611680 352673226
652731461 685028855
550392753 887076267
-934543851 -143683417
-641596513 293388931
-222685780 245578567
-968241103 -116656879
256538992 645870610
-952289954 -874001885
127054872 210876064
-880845288 577817142
-174074165 166541632
-937179422 464936622
-578217953 -127602826
48710508 575078896
-850380848 59621212
-848154160 971001922
7174192 708732723
-753517626 491355882
-244905043 769885615
177883623 693107555
-738519964 727911740
-103542394 74246044
78166687 269133024
-339899779 923023184
-979977285 690738345
152966616 217915720
161371291 581304512
408748563 788179855
622499310 624183469
-632764081 626942302
-698084093 -64017831
-138877004 956848291
-948415110 -644566093
-345565575 384674562
-832180360 640734747
-382646878 309093535
-899610329 15041403
-964579275 177092848
-798150635 -571340844
-20659755 523805085
-952809136 130413565
-845778251 -193698971
-276334681 386976850
296846189 751214501
-425247091 253225718
-855635214 371492978
526890185 583399048
-339666454 -169392307
308088078 908426314
-860500834 417940222
45353322 972574966
-146326974 317670149
-849417369 451506953
-675239759 -174917759
-577011190 585140946
-988502915 -582745948
-569590321 -29234807
-340406482 -316668488
-75836469 271989667
353752624 543090167
-832800336 752971940
-686519624 -265761187
-719000068 -649193929
-322107913 429342281
19381609 454795177
-934175107 805402209
-867432498 192564981
-726571741 839383089
-448417974 369377848
-194145301 670412224
-407201096 329479799
-144659286 435523130
-873758593 93209244
460981939 799438074
521090961 645362043
-40966796 923707126
-728722702 442232889
-106469883 949765774
-742679897 -201256255
-591840399 -307313046
-804351469 945474581
-564851974 582711079
-375224521 134903548
29717880 127677594
-267989405 125758850
384060779 620440280
-888416420 194250850
148662749 972791119
457786174 806469640
-134246351 244110550
-639928645 469040383
-473600801 914124236
13655136 776354228
-789203098 -789111107
-404259704 807941684
-888887840 -147287314
30593030 672350906
900794277 953647440
369177629 734834645
-344745414 702369500
154291951 666939104
-816941149 191492990
-908164108 224296040
364726104 887529758
-620574205 -148652150
-365564569 102271347
-881868783 84494367
-806728006 -704134267
17117564 840290814
16315027 372604509
-907647902 -431279539
-829500031 -84350843
604898856 643293861
-596931031 103991243
-858645681 710507092
-690554187 675220200
65193800 899706358
-577587140 -135805171
-468019932 131702114
-803894347 407842674
-398687392 -265400753
-972705253 -273980490
-738223621 -645924213
-529286904 -170775047
7852676 391326806
-602527896 35093170
-763907981 -140823760
-974942639 -146637428
-75044100 901023169
-673884297 -356857438
-402330367 -70727365
-987777662 -248025211
-471801163 940203608
-926968438 -427170336
-897056579 162157538
256699699 304244070
-625514604 -66611587
96937831 326938959
-905540272 -753040294
489141066 954903043
340053550 649967164
-399781758 908573645
-508032460 467617057
-527147304 820546051
-235630762 133823203
298885612 777740259
-955442287 -662360291
-728340839 635702906
466130785 466632406
-477998695 541440549
-966062480 746980768
-797527443 -328599969
-470003960 -92842430
-821624716 -407830726
-792651581 941801074
-842702626 265553975
-324101765 704515243
284476420 334534427
251292877 873799812
-641898261 426071468
-544644815 542022205
-443567948 99316323
-162986373 -8861039
-877785583 708553594
-46221840 573127469
-406220724 421570951
497913381 536243634
-437216986 -413752140
-221279561 385026547
-394910543 576261458
-512107566 142348559
-22120091 861731197
-442552216 694481215
-455274093 756051772
-956556432 -385414313
773997917 962740953
-794330497 -359790899
651970123 833108629
-621302166 241423465
-547087523 477600156
-771180343 -237741466
-121169761 434479495
-949909076 357204873
-618794685 -196321661
-587852686 -552450271
-527275385 -337855144
-676506962 -44969325
-624762875 559088897
-192431611 394578433
710596410 998360090
-597078475 514940469
312834243 975030477
-425222285 -76715136
-879665934 -22472654
-393336392 197385120
474469426 706657584
-635317834 -522099857
-185256558 663515141
-949457549 -716460601
-630823192 443931011
-771250701 -758833696
-213075820 281096682
36565043 260498957
-623521698 448661091
-866702012 -843356874
-291556096 904448176
135350183 896687579
352272918 766813521
-716764800 201616297
-786290293 -244853670
-971022427 815503727
-223101407 394105203
-363759662 294605221
-378288555 -288734600
474920661 883732616
140902369 354529612
-685629089 -489825263
325349559 964756406
-593444145 -409075907
-273245454 610315913
-202493856 987051084
-563606871 -59120944
-369620179 755078953
188134300 639972712
-353604616 134426810
-891709328 458125675
-284021260 -144515190
349470210 868933877
-823392952 -376203416
-772927366 918487475
-916356971 -627920252
176106490 370140489
-697070039 575774247
319223214 328181331
872415908 886776463
-910268716 627391067
158553206 440879220
-707973017 -20782934
511606677 716753201
-117506484 688667429
-318362955 624554456
-901055514 846115665
566720478 791141266
-446854235 -111837330
-136219407 221324600
-547291738 423968201
-490110957 386143112
-720294874 165114465
-769431145 776270663
-493273550 -33934114
-390445741 383103527
86003104 449542149
140863946 260313832
789700350 897055195
336600366 380395252
-598851753 -387666436
-677104058 350760637
-180185934 41118326
-908749396 894087222
-375428945 34991281
-663178379 -245387515
371779019 478343442
-553144359 501669172
-485223682 -451967620
-152986269 863934816
-401349452 220702249
199978984 444856383
-307017223 433135048
-405339350 373719605
161013864 280376665
-580136001 153738727
-37283932 109312702
-761175059 -642998024
-402778276 584408092
-456744734 892625951
162626078 384384566
-885644402 -161030708
-261591740 844751488
-624246279 -65587427
-464223312 -261881155
558451557 810343330
-58432308 488746039
-687568864 -150829059
-766227273 775471460
234743314 879344561
-65666006 857010840
-966135955 832279658
-952913821 743746989
-717525572 -223683138
-593968012 179330103
-872084224 -70206890
-405845898 48340350
-123145878 394704587
270901698 614631546
-633595732 579941186
-675846187 -438076649
-465152906 -318906106
-849290156 423206343
-660777221 -458859480
-123472674 15390117
253980333 913856610
481240961 649673246
104574125 858001653
-661725430 -463703821
843732632 865106028
-612024634 -226519944
-638524966 919381921
534766775 786522757
-931867983 -39297533
-95328961 130462772
855596940 936387998
-571778779 -124981723
-665366631 -499563153
-173832849 -10549366
720670167 931985666
-870286802 621182796
-864014914 411464072
726448306 908534552
363896398 489195345
-119125122 238264044
168879752 689947136
-151303322 819235677
166983705 605740087
-776007189 117941213
-741512487 -667840255
-906490833 626891992
-848819290 -284255515
-499473304 575629192
-159387517 489750241
-860258769 -834557610
467190715 747876790
788636435 823629100
-14575501 857567917
-973809046 533393075
358607424 894911934
95258059 745581885
-351573594 449401443
246443878 952055546
-390675818 707635658
122315618 268415717
-982580966 656160652
-854211601 -28907169
437151929 614177480
-403167445 -36077043
-625638357 -328488352
-624422670 979614007
-366901039 60713762
-852617732 106379637
-914087907 -368053041
-197385494 84912444
431954306 853978458
-778887330 499809323
256619811 723779083
-962839624 -896617700
179372220 854859136
-433335730 789972850
-493597521 626596724
-67448160 278763343
-726538897 -434125106
73075647 969275841
-355288934 858101460
193541425 353872698
-745095861 378879505
-362904507 -300488264
-538139913 973292478
-785385476 -581518593
-972309721 876629290
-901266933 -482898833
-533426984 415142235
21632484 697471911
-832762849 -180593175
-650418762 931533977
-21825642 380672723
365131236 415127238
-146339532 -13550141
-768535424 -49627573
124923420 146885226
31045896 442557333
-417744384 893663767
-873244896 -124788811
625776994 721981999
-327929606 468603220
593258384 825584680
820800405 910363094
-405744313 -1874780
-125110226 959927151
-499125928 -169618154
213066674 275487984
-158476622 49788424
-791919060 -117595677
189340633 866015931
-4130903 995942304
-158714596 274301261
-95289453 216474183
-961643396 -186594788
-873060856 -203506427
-166940306 582659347
-396052154 -113672325
-611145341 474086358
-957334930 -599648866
-915874042 -62054076
-806109987 933128252
-196146851 309220471
-630183948 859965941
-767665137 -640486875
10042124 742641510
-427460456 987762490
509805033 779353256
135770836 756428659
-19655663 364965836
270200368 713155801
-134598407 983103773
-735468702 426857753
-805152534 -525694237
192049597 288574870
-758800389 100436821
-657505508 580902022
-578844901 -448015027
-627559012 -490212572
-481296923 -59518041
-468391163 999781629
275886574 490316586
577140387 923102041
290845556 779195623
-757889957 -364433623
118843883 474927596
-86757109 232842072
659405101 780939816
-991243640 391181203
875655943 910634327
26362532 985766591
-359841552 807072792
-950104850 673508810
-886507971 440550853
-91213455 128624824
-928292773 407390465
-203247096 959982510
-137032631 12008961
-552082749 692362413
257180864 415691853
-922585609 951177501
410030643 924031234
-642167382 -105668161
254914873 565959688
-454756854 872122884
-999543192 -717568462
-235303026 810954756
-741522206 -430018350
-622014149 302060712
424661754 926617286
367888986 782452487
-804556000 -573664013
-341266436 390731304
-828908300 -324463028
-320945896 829529289
507800793 903762428
-748155619 468556534
-414995207 837039154
-418938924 -175439476
258874850 336850269
-520530817 -383699212
529086486 804900417
-223656568 -68830379
203071074 732394914
-824231158 -476852968
-995144466 -624081219
-291134164 141172883
-908694891 -3940407
-733387924 144772649
-909046762 279523767
-835739100 744377264
-30721452 276980733
-349228868 709352241
-873733000 627271123
-136834099 504475626
85140946 757092169
-962108498 616307180
-894631519 -327385843
-737803875 465447957
-840539593 736156876
-802181606 -792130050
-838518767 150018678
-984729066 779574002
229673232 428491745
-87705158 693073956
568432554 636747925
-500636486 82540064
-961374942 877552186
-604065721 585930272
-88247951 50085467
-860033323 -771268236
-253701110 88761911
-961501065 -591974033
-650189182 -539683305
-266438932 781958418
271103418 792774521
53230833 568076492
272226006 866389543
-993835096 957099591
266146888 735314251
-990775792 624705797
141083772 760653138
-496761471 544400710
-258210035 -248485842
-810730936 951719281
-20045259 687253478
-749379472 -197637038
379752740 720059373
-934965735 -917359556
-233588218 60256930
-451721852 567968946
353587530 866124483
-475608197 29727939
-876678623 917447878
-986232705 937296711
-244161648 937186453
-881032735 854200531
347009543 827104292
-433549724 72738164
-257668948 336004379
-132747873 950571226
-111895742 435776865
189296341 692554122
-801126712 615024863
-393066213 423720337
-856939415 871358896
-399697380 584331227
-829142539 -413096004
-422290683 578187073
679722109 921849197
-357011147 359327628
-564832671 882477657
-611272824 455177573
-970590296 968750482
-911696774 -259786174
-642901629 305527822
736682964 999168843
439852692 499620568
-149016144 146672992
563861799 877327158
-948818461 -305929707
-307114283 979228562
-648087399 -437131393
-956556479 -531957368
280743201 564946012
-229847583 564282198
-136927569 -79008615
-656317094 -159193690
322600936 450701714
-722945107 -7400753
603280271 762827272
-83784016 702967755
-658312254 910054471
-818720709 46653645
-445617243 360593940
-470999994 629720521
-484345271 604478412
-390155903 910317207
57730072 891111499
-120305698 -86310478
661042666 836689772
-876077498 -672118812
378698205 764219935
96637115 154270047
291260900 827538453
-369611468 297847313
676731946 961843430
-970415348 161196782
-84483951 955086502
459120563 780491186
-867461638 -566287799
-812323841 -112072736
-854945746 36140100
-235203378 51798433
-452803046 330132375
-533700180 -86593639
-731037739 338907814
-242977875 820348138
-838557000 839645983
-990942950 528635338
-413676402 680031352
-853112851 73372540
-236690489 415358813
277403038 358744336
-732065952 846173496
-287472560 625104351
781942820 863340604
-297898315 791204894
336896237 957057746
213274768 995273725
842960691 877640941
-625265495 -148069616
-398808609 302200357
71511545 92079316
-410428173 -224283490
271220960 545678974
-937710980 -592377863
-521733746 490147125
118290789 391425753
-391524012 362663695
-717045223 -548615127
-661982428 101901917
-34520721 609648964
640434638 935714062
-400697742 -350179778
-601032110 928249605
-621424276 -263151109
44990520 431032804
-892452234 -114109313
-508109978 -125263765
408067021 930242360
193039149 802970858
74288331 881495294
-875741387 13594184
764142796 912097860
-552977559 -249255359
779713685 853557547
-350760481 -292054060
-997256343 110129427
-104369138 322133939
-316122697 47074891
-922582497 -642216155
-343329845 -272548374
-125832204 897408969
316643852 701355084
-493282530 443807192
-456598784 712618454
-408234569 984375182
-877661643 -422659443
-43652889 622879420
-226550619 402513503
-926825356 661105270
-712748526 606196418
-407663310 626142139
-915640093 889648068
381730701 875411167
-674723834 523697545
-277121697 296328487
213851926 636284505
-24301715 596640511
-468081520 237094515
-388598120 326869069
-967666694 -751458308
-108104644 1814401
-486822899 -4977696
561977570 592244441
-932363035 -265587720
-794240097 252024700
-19078236 269254201
-952872449 80566574
-332367080 871612741
-357768914 740044746
697422108 857244519
139111878 363064431
92245765 193318877
-875238596 830299192
-199576800 381607663
-748471809 -173892412
61933202 639830551
503527045 928881650
423279706 536613850
-665754550 -354887443
172324846 469907515
-431886154 772821648
-649340240 796195630
-878693368 -110496806
657304517 705908778
-516405981 494043948
41159860 514618154
-886109223 487129307
-855499708 527434404
-988646998 -95775261
488244284 655081328
271325597 739196268
591660593 680985011
-742820794 -453477461
-504014042 -242327459
426946504 656093690
225972476 829374513
-212531917 144361308
7195144 511846048
-966056384 -901923096
284097868 996700148
-144865731 71143753
167686072 214794049
551956603 963363162
-278309028 634200581
167611801 772612464
-444833241 -426756119
173642540 819378520
-781056392 -74090862
59117472 262099388
415201904 935038731
387769645 393824489
215280365 536130111
-757554809 -716705034
-314614974 859302193
-724364619 -168976922
-926383598 938264990
155545925 338937849
-485689993 722173296
-284225592 357658280
474388150 654022226
-741549327 859952747
-139737502 -24884289
-387793394 -316890775
-912560453 203019345
-563738854 442481973
-589592895 77807425
-583170182 -250609774
-703824280 -614334891
203861816 911768009
-770525607 56985039
-592197541 -225206633
481955965 990055361
-271601635 216954982
-906483604 752301163
-501555907 190114445
-947012799 474507420
-748282939 -195493922
-85155835 982214279
-727530564 465657665
-695547666 -590727838
-300548889 668248913
-579175024 -91266395
439095780 857294096
-122212026 129741438
-817587105 -549841731
-562059475 176080516
-346824043 941320630
-513707819 -199310861
-34640335 360958073
442739225 887268013
123485025 614661976
-49212894 917690108
833120 69227154
-240864329 -154335417
-714622041 897587439
740450695 927556328
-600623971 936324068
521947727 675876300
113050436 431504187
637235897 994271788
-575325713 791460077
-861978973 -258018251
-841566788 -237223009
-247105284 202437306
-98426981 210501443
87331802 167183154
167868588 636903602
-455933958 994582544
264392851 877524021
-110584015 261731249
-979654195 -978866665
-954709680 980945700
-306020034 160479347
283482963 743788052
371041524 458136117
-606643159 -561618304
-240390800 -46634776
264221970 450696269
-978992433 -324803102
-841070343 631390060
-954417379 448097567
-410408555 636260301
295686393 351973819
96692807 867918374
-483084406 959228152
554609424 802436678
-250914991 578228505
-326751828 883869925
245293649 945654566
-573815955 952849855
-623092566 297625268
-462553696 900931862
-765301064 -314165187
-923466718 -356370340
36319140 459998516
-990317156 42179306
-673878706 760248017
161195467 439926552
-455641591 176377247
-640262244 950657827
-134269861 -73751822
-755146739 652609413
-369577327 -4109589
55050977 151445597
-266634032 -82132430
-469074555 706751749
-449028129 781100895
-16353643 525162897
-853367003 -38018834
