10
-9700 -4069
2255 753
-15 -5278
-2476 3045
8334 -6407
-7965 1366
-8428 -6474
4111 -3266
-8087 8998
-8844 -2006
1000
1827 -2584
-21 -9433
8783 9839
-8884 1353
-450 5756
-4265 -3765
1914 -8946
2735 -7585
-8680 -8935
-9966 9943
-4713 9429
2727 -7242
5905 -5821
9708 -967
6888 -3288
-674 -5607
-4362 6872
6679 -4351
9018 -509
-6021 -781
-5840 -4355
-8254 -9569
9380 7738
-3570 3698
-4127 -4650
-1082 -6818
3737 -4382
-6813 -4063
2890 326
7673 -3411
-3878 1491
4808 3618
2170 -1900
-5720 -2950
-1487 4982
-6622 9323
4800 3935
-2046 -5081
-1595 -768
-4865 -1891
975 -3598
5834 2726
4108 -1995
-6585 -2807
-8356 2237
7640 1529
-2263 7807
-7646 3117
3695 2144
3867 2492
1139 5365
-4630 -1499
9004 -3621
-9526 -4301
-578 8381
8108 -4031
8852 5762
-8275 -5374
5841 -4680
-6324 -4927
-9177 -7903
-1859 7253
-291 5882
6833 -7064
-8876 -3040
9408 -6045
-6467 -4298
91 -1944
3148 8771
-6887 -2084
-3455 5641
5662 4086
-3845 -4770
-102 -9897
4137 9946
-4428 -3953
8444 6511
-9751 4853
-8018 3845
3180 -6919
5979 404
-7946 -874
3431 -5751
8794 5837
-6169 1251
-1380 490
-7029 -7643
855 -8937
4404 6457
7871 -7000
-3645 -8145
-6980 -7885
7430 531
8336 7173
118 -6075
-9117 6028
6725 7467
600 5827
5411 -1200
1903 -8764
3045 -4144
-1480 -7352
1845 7783
7999 4388
-9971 -6707
6256 -8534
2361 7381
743 -2191
-403 8899
7029 4750
7218 889
7235 8656
6533 -9425
-6914 -673
-9889 -1105
15 -5117
8055 7774
-4332 -8549
-2314 7656
-166 -673
-8363 -4438
5465 -3457
-471 -5149
-2497 -5947
7525 -982
-3990 5480
3673 -2295
-3824 -7978
-6583 9087
-2200 -4682
-7016 -536
1434 -4594
-2640 -464
-2135 -4417
-9194 -7225
3792 9580
7241 -6198
-9216 8776
6262 4943
-9024 -2628
-491 2518
3099 -5971
83 -9380
-4364 7179
4067 4415
-5540 -5385
-3407 -6623
8469 5742
3323 -3544
-1495 6516
-698 4187
7180 5753
-3018 -5289
1379 6756
7569 4910
1855 -7796
8619 6735
-9531 -7876
8035 5313
-9393 4917
2419 7660
-1299 -6770
-7624 978
-4346 6967
-563 9137
7214 9099
6093 1994
2540 -90
-2108 9706
-2784 5682
-655 -4577
5774 5422
9885 -4921
-34 7573
4497 8449
-2673 -4132
-7742 8648
8855 -1061
9737 1022
-790 -4014
-8119 9827
5852 -3294
-9002 -948
2115 -6756
-2077 3516
790 -9674
-6357 -4778
-895 -765
-861 -2958
-1202 6557
-819 7739
-3048 -5785
-3210 -8989
5505 -3926
-2990 -4366
-7879 172
1760 -4467
4995 -2617
-6275 2358
-2716 -2030
-2779 -3092
-3630 -2284
-5115 -7909
-9737 -4615
-8677 -1153
-7764 11
-1248 487
-6258 -3289
-6543 1088
75 3141
-7267 3757
-7547 -9824
-1109 -8567
-7579 -4694
3640 -3881
-7198 -6861
3430 111
1649 737
4205 -3793
-2741 -5777
7689 -7926
-7242 -2764
-6101 -8162
-2983 -8201
5124 552
-107 -3473
-5341 -2057
3308 -7291
-7577 256
8739 -4765
8930 -5431
4686 -4194
-1988 -7442
-9698 -7891
-2328 -9850
433 4618
-7862 -9080
-2761 2927
-4063 -3468
1764 -9808
-525 8922
5688 5482
-1652 -9372
-9462 830
-9942 -2026
3287 7943
-8214 -3506
1627 -2821
-1183 -8588
1258 -5069
489 -5275
5901 9032
-7102 9525
2835 5974
-7838 -405
7846 -3173
-7286 -3892
6439 4714
4345 766
7418 -4299
-1063 -8343
8613 2680
-9198 6437
-5260 -8241
4671 9676
-8032 -8563
8964 -78
8904 5492
4393 8499
5559 -8052
-5239 4111
-8379 5659
-389 5655
7018 -4982
4647 934
-5922 1486
-2951 6211
5580 -4678
-9969 -3081
-1918 -129
-3736 -8953
7577 -7095
-8057 4806
-6897 -5236
693 813
5358 7380
-397 288
9278 663
8988 7597
-9456 4616
1799 -9835
-478 -4385
-2967 3727
8710 7173
5159 4322
1822 3256
4694 6877
2044 -9103
9031 -1498
9989 2413
-6075 -8879
-8336 750
-6727 -4155
8333 -6531
8953 4544
6721 7456
307 1892
-5986 881
-9738 -5712
-2134 8557
-9793 -5910
-5844 -2717
-7913 -6832
1109 1627
2682 -1898
-556 -635
-6590 -4716
7184 -1501
6458 6462
5789 -3454
-4655 4225
2468 6019
4430 4717
-4865 71
-1119 -8184
-9884 -6229
-5835 -9672
5429 7779
1463 7534
-7307 2810
-2852 8516
-5430 -4515
6944 2918
6097 9376
7108 9304
7877 -5066
107 -1349
-8430 -6881
-9707 1920
-6574 842
-9212 -8037
-6998 8639
655 -324
2154 -4584
-853 4510
-727 -7469
1760 -5375
1759 9148
-3325 2274
-1733 -4472
-9437 9906
-5077 -6732
-6175 -6340
4914 -9082
-4247 -8875
416 1066
1731 9813
-8419 -533
1688 -5141
7501 -6920
-2508 -389
-4582 -4593
8226 -8993
-8204 461
-1775 4206
2154 -8877
3284 3980
-6157 5625
9144 -3788
8212 557
-9844 7666
3084 8590
3104 8429
-388 9621
-8983 -3599
-4395 -1042
3500 -1665
-8237 -3487
-7784 -223
664 -8463
9407 -4491
2715 5920
4229 6757
4973 -731
-3547 74
8029 -1820
1395 9477
-8050 4541
138 -8871
-6072 9563
8374 5428
-4511 -5014
2196 -9738
4023 5343
-1197 2659
-1663 4591
-6824 -7391
-4313 1215
-9287 -4658
3586 6526
-208 4885
4155 -7089
-3609 906
9333 7835
4602 9305
-7311 5657
-957 5470
3824 -8956
-7331 2674
-5630 2511
-6437 5663
8949 -347
-8736 -550
4554 2460
4850 3854
-4254 -1885
730 1835
3243 9260
2499 8725
-9884 217
-3871 8840
-6270 -6292
6206 -7593
-3288 9680
-4575 8312
7366 1443
-4401 -1490
8585 2734
-6651 -7175
-351 5521
9385 -9688
5467 -2558
8874 -4982
6793 6432
-3951 -3629
2829 -1010
-9178 -4990
9999 7355
-7129 -2079
-350 -6410
251 -9115
8427 -7937
8837 -5380
7117 6685
-2471 -977
5938 5013
7661 -991
-2145 8706
-8615 8192
-6604 8693
-5378 -7403
-751 910
3284 9193
9824 -909
6524 -2097
1716 -4379
655 -2680
5266 -577
1034 -7540
7535 2026
4919 3972
-105 -9618
-2003 1284
-6522 -4916
524 7209
-4102 4207
-8161 9249
6599 3704
8660 -1922
2069 5171
930 6430
8159 3028
-6003 4831
-6560 -589
4048 -4326
-1851 2382
1152 5516
9894 5213
8504 -1069
-6993 2510
-1092 -6677
5887 2191
-460 600
-6209 -581
6308 -2463
-3764 -7160
7462 7305
579 6563
7175 -8749
-9775 6170
3908 4001
-4264 4766
5209 563
3722 -1975
3483 -6619
-7128 9856
5180 4685
-4726 -3285
-3456 -5236
-9742 9575
9511 -6843
-3777 -584
8419 -5460
252 3915
5704 -3358
7006 8224
-2324 -1717
-9550 -6798
-8142 42
5062 -8446
1879 -9043
6742 9135
-6312 -4199
-3754 -2176
1261 -8852
1121 -6742
35 9656
3563 -5763
-9202 -5894
-1757 6644
-5232 -7490
2812 8444
8227 5965
-9211 9878
-2621 -9083
5469 1224
-2631 6068
-4381 9269
4042 4712
8404 -733
3927 -2582
3255 -7215
-2732 9016
-4369 -1109
1021 1896
-5295 4809
7570 -7389
6858 -2695
8921 -2741
4348 2178
3688 2609
-571 -7154
5367 -6306
6294 -8593
-213 -2429
-6842 -7169
-8877 -9566
-1637 7872
9095 1980
5568 3439
-9731 -9126
-6280 3576
2092 3268
7474 -4312
4618 -8249
3677 -5483
-4516 8794
8186 919
3874 -3209
5394 -609
-2481 -5472
4387 -1533
8554 -6517
-48 7624
-1782 -6108
-1523 339
-1345 588
7850 5272
9505 -1000
6302 -4853
6047 -8950
2034 -7116
690 2988
3454 -773
-171 -5431
-669 2061
-6416 -4574
4092 9622
-62 -6281
3994 8606
-3090 -4636
8919 1630
-6046 1692
7569 1691
-7718 -5835
2257 -2779
7983 -9912
-6329 -1202
7310 -4437
9312 7945
-2751 3567
-8670 5254
8256 9827
-7367 -163
8770 -2227
1610 -2270
8792 743
1116 -9812
-1277 -1376
-9144 -4303
3236 -3345
3070 -3996
2768 9543
-2836 -7447
9648 -7272
9312 -4888
9485 6994
-7756 9428
9592 -3638
-1852 -9383
1216 8421
-6573 8676
-5846 -3562
3121 5172
-9025 7839
-5154 6993
9130 -6866
-9278 7380
8269 -7479
6830 -2602
-7514 3203
5749 4041
4999 -4270
-4051 -8823
7990 9254
762 2065
-8875 -6547
7492 -9749
-9231 149
-90 9774
5422 -9566
5252 -8975
-2361 -9339
9415 9079
9686 2661
-3494 9853
-1829 -9375
8494 1271
-8741 2110
9891 7581
8331 -6969
1338 9658
4500 -3028
5254 775
-5696 6289
-6676 -4539
-9325 127
8088 8494
-5993 250
-3215 8457
6958 8195
7935 -1511
9441 922
-8317 -8430
-3318 -9801
3367 6609
8897 6342
-8573 2946
-2553 -5781
5691 -6565
-6142 -4382
9723 3382
-1540 4083
-7773 78
-4470 2827
7302 -9603
1721 7244
6852 -7461
7584 9465
9693 5992
205 -433
-2029 9537
8580 4713
3251 8983
-384 -4470
-4909 -4978
2552 -3450
-2931 4176
1669 9361
3464 3011
-8357 6635
9550 -8407
5855 -6435
-7751 9404
-5048 -993
1816 1848
3247 3271
6577 -2790
5415 -9378
1436 7848
-252 6574
-9655 -4549
3237 8221
-4320 2234
5555 -6191
2184 -5569
-5668 8682
-3728 -4043
-8215 9821
8179 -660
-2782 436
-5858 4286
4876 -3448
-5112 -4023
8460 -2688
-6776 -1969
4173 -7200
-9640 -4179
-165 1966
-3372 10
4154 -2333
-3830 -6637
-2032 1988
6666 5114
1936 9912
-8939 -3338
4708 1082
1959 -2205
-3224 -5230
102 8673
-1434 8487
-7294 -1586
8852 -3923
1993 -5713
4375 -4743
2796 4254
-1630 -3590
3679 2512
7142 -3217
3244 -1693
6873 7551
-6969 -998
3136 5012
7167 -5408
-8099 -5825
-5750 9852
-3175 -8974
-330 -6044
7058 -2818
-8214 6025
-7758 -5308
6187 4711
6660 -9498
-4303 -7469
-2225 1513
-5508 7754
973 9081
-643 9206
757 2983
-6545 3122
3316 -1588
4013 2406
-1213 -7004
8518 7458
3298 -7304
1698 -5249
8043 -4228
6883 1977
4707 2877
-6659 6096
-6577 -2453
-6564 -510
-7951 8653
7780 1775
9591 7725
7314 -342
9095 -9562
3431 8125
-2290 4780
1049 7876
-7779 2330
-9705 -4369
-2173 4351
-7002 9220
-3333 1081
-1352 -3876
-5440 6786
8901 -2279
29 -1344
-8542 2117
-8159 9
1285 -6732
-9068 6533
-8779 296
3031 2911
-3295 8561
-63 -442
-2908 -5445
6285 -3356
2476 3967
7158 8154
-3607 -8701
-126 -636
-6091 7408
8974 8902
-1022 773
2484 -8275
7021 -1716
8788 -7117
6778 4852
6562 2963
94 -3570
-3501 29
2356 -3910
2275 646
2817 4562
5478 5963
8103 -9591
5217 5862
-3089 7234
-7653 -4973
2036 -6318
-1564 -5488
-2868 4051
9762 6130
-2303 5526
3687 -7881
2494 -5940
-3749 -6345
7558 3334
7726 -9786
-6371 4305
881 -711
1654 -6748
8332 -1757
4087 -4629
-8018 -9692
-7218 -6186
4638 -4844
3713 5360
2093 3174
2270 -2725
1543 -8603
-5020 9706
1921 8168
-3619 -4014
6530 9223
3887 -2936
5504 -7863
2827 4073
7133 -5980
-8422 2506
1155 6119
1913 -8398
-6561 -1980
-1855 578
-1963 -6970
-8880 -7912
8057 3935
4936 7528
-20 -3539
-6438 1541
-8233 7484
-9434 -4700
5363 27
-7949 2287
-6594 -4450
-525 -3494
-1434 -4625
8860 6673
-7474 -1981
1190 -4396
-8541 -2275
5309 3492
-6081 -5433
-7203 -8799
-3202 -3678
-3072 -4332
-8290 7228
-8840 6132
-6029 -9602
-8058 -3681
5648 9003
7526 -4125
-5660 4867
-427 -8120
-6343 -4192
-3179 750
7969 1137
-6747 1462
7127 2808
154 -4028
-4732 8735
-5948 1729
2927 -9321
-7438 9791
-3334 -7793
-8350 8295
7513 4631
6904 -4247
1623 -7301
-3656 8935
1703 -8510
-3046 -3578
-3189 -239
491 -5726
-209 4291
4593 -9470
-1118 -610
-8561 -2530
-1557 -2132
-9635 -6548
-9102 7026
-6752 -9679
-3856 6575
-3136 -9136
-4575 8827
-9203 -5102
7834 6200
-1233 9623
-2534 529
-355 -6406
-4254 7598
-9818 6292
593 -1880
-8184 2088
204 9632
-5448 5891
4832 -3536
6171 -7901
9773 4290
4745 -4534
-6607 9459
6911 -6219
414 -4682
-994 -6999
748 -8608
-6968 178
-1931 -8786
-4374 -5368
-4825 6453
9354 1039
-4645 435
-3316 -7628
-3928 8075
-9612 -5180
8876 -1439
7462 -7919
9946 7570
9231 -6005
-3236 -3119
4593 -3068
-41 1179
4534 -3333
4823 -8170
-1663 -4067
9151 5544
-9540 -3112
-5383 6803
-8587 -9169
4352 -3430
7948 5017
6345 2460
2818 -4434
-8024 -490
-1326 1980
-1157 6364
-1434 -506
5224 -9067
8353 -7526
5906 6682
-741 -5727
329 -5619
3335 -1984
-6170 -1918
3398 -8504
1696 7088
1265 7790
2553 -3711
5630 -1467
-6833 -9399
-8553 2338
6634 -6406
606 -5255
-3983 245
-5151 9878
-1597 4306
3003 -3520
-3140 573
6040 -9025
-4731 -6813
-355 5096
-809 6146
2867 4531
6480 -4866
5269 3568
-9740 -6974
8798 -7593
2619 -9204
1286 3572
4478 7556
-5257 -1534
-997 44
-9027 -7499
2311 -4181
6903 -3291
7187 -2092
-8951 8466
-7807 -308
-3521 -8957
10000
7902 5916
3741 7202
-986 -5705
-2485 2130
-8755 1155
-8216 7407
6871 -7183
-636 -9345
5209 -3205
-1443 -6330
3866 5714
-7718 -1301
208 -202
-4972 -4432
-3674 8727
-5615 1891
-3072 -9273
1861 -5446
-3794 4780
-1343 2610
-2261 -9499
6977 5850
-6000 -698
-3641 -8609
-6078 6171
-3884 2233
-4465 -3438
1574 9111
4978 -7943
9250 -2387
-5483 -5294
-7240 -1711
-4415 7541
-2925 -541
9608 -7857
-1005 -3937
-4467 -7549
1143 9791
3675 -6229
6141 8322
6091 2449
-7115 -1464
4321 6318
3536 -4358
5709 4047
-3763 5928
9682 -1838
5003 7489
-963 221
8035 -1156
-2337 9577
-5681 -3862
-4592 4052
-5894 -8536
-5675 -1610
5467 -1595
-9456 1135
-665 6860
-4977 -6763
693 -568
-318 8580
4711 -3170
-8139 2516
-8942 -2
7873 -220
4439 889
-8702 -1498
4663 2504
-4375 -9913
9675 2143
4090 2356
3217 -1212
-9577 7112
5288 7998
-9536 -3287
4152 -3985
-8987 -2862
3668 -2079
-589 8352
-7044 9024
-5964 -7303
3268 8196
-9637 -5952
9119 3818
-7027 965
-9440 -1909
8237 -8752
-8915 -7479
-8398 -3366
6970 -5882
3360 6373
-7742 -7949
6320 -3361
-469 7954
-422 -8298
3306 -908
-9788 -9278
1100 -1667
-2958 -5967
-6553 -696
-4054 799
-3653 4014
2667 3567
-8037 -1965
-1975 -5818
-3541 6174
-1739 -3802
-2778 8509
4945 4188
-2578 -5426
7475 -2630
-726 -9019
5041 -8522
2127 -6571
-5185 -6968
-4841 9875
-1155 9311
6087 -4766
3438 2031
-9722 -1457
5545 -4205
2434 -4407
5334 -6859
-9512 -5420
-1098 -5747
825 2071
6821 -7071
-6554 9497
8687 -3500
-5022 -6468
1487 6656
3371 188
5173 2222
7002 1964
-8023 -4800
9946 -6800
2484 7047
1535 -768
-1910 -4360
-8616 -5033
-1440 8616
4585 9028
-3844 7854
-732 -3809
6771 6379
8383 4336
-5777 -7129
3201 -51
4881 -9177
8471 -671
3317 7327
921 2700
-4702 6376
5900 6173
-2179 -8877
-7100 6034
-3442 2512
6627 5707
6480 -4971
9502 -5317
-5993 -9783
-2102 -3254
-306 -5818
-6271 6845
-9459 8080
4307 -6087
9548 2856
3433 9866
6651 7830
-2924 -2785
-1827 659
6775 3720
1342 -6895
8213 -7139
-5646 -5620
6023 906
-4983 7908
-3658 5706
5421 5365
-2955 -4486
-5907 8579
-7323 -4792
-8450 8113
-5568 5916
-228 -1883
-4794 -2413
9482 -6885
-9701 5596
7083 -8355
-1227 1140
-5435 182
5650 -4174
-2814 -3582
4428 1191
3960 -8483
9947 -5165
-5975 -3497
5986 -8071
-3178 9099
2769 -774
-1726 -3381
6060 -929
-5094 3444
7335 -9690
-6393 5263
-6883 -2101
5729 -886
-1173 -8375
4823 8223
-8825 2878
-6778 -3343
9879 -8263
2379 -9309
-1435 1893
3382 5869
-6985 9294
-9094 5331
4681 -3241
-1199 -6334
866 -494
3966 9540
-9623 -735
1991 3870
-2172 -3016
3978 -4696
3253 -4141
-3902 -4080
-1086 -3865
-8181 -9982
2791 2159
-154 -63
-2050 -9456
-9272 7587
-2357 -6980
-7989 6596
-6464 -1687
3279 8494
2548 1762
8615 -5245
-1627 5091
-1638 3730
5258 366
-6105 -7234
-1482 -8865
-9378 -8260
-3431 2783
4559 6219
-5253 3933
5156 -7084
9021 -8163
-6732 9605
-9595 9348
-5827 -6375
-4545 -7365
3309 -2984
5523 -2086
-7325 4579
9060 -6030
8578 -4224
-3572 2814
-1394 -4384
8909 -2362
3598 -8005
-7403 -2285
7881 -3255
2680 4648
-1690 2535
-5853 1534
4336 2306
-8651 2209
-3729 -7160
-5678 2097
-1141 4870
9770 497
6785 -2617
-3521 -6984
-1871 -6393
-427 -3201
7676 4291
-2157 -36
-1822 -1790
9111 -2476
1094 -3390
-6352 4474
5781 3597
7821 -6041
-9264 -4598
-8146 2043
-1955 7591
-8263 -8685
-864 1736
-556 -5560
8895 2861
-9246 -7250
5446 8402
2119 -4888
6275 1012
-5100 3605
-2377 -5055
-7546 6649
-8844 -8219
9526 -2415
-3500 2472
-7953 -218
-6177 -5779
826 -1369
-5627 -1207
1213 3993
-9479 4761
6183 3277
1334 -7936
7281 -6840
7940 -1134
1800 -186
-4640 -6281
-8237 4701
-6271 -6365
3786 -267
8922 -3447
-6395 -8833
5200 8150
1309 -7664
1692 1531
7279 6011
8548 1053
278 1349
2204 -1234
-7211 -5522
5995 8146
-105 3367
7454 9905
-7549 7941
-431 -7583
4129 -5815
-4609 2932
5820 6719
6293 -7646
-1011 7769
-2094 -1138
-3942 -5820
-1870 -3897
-1679 2860
-6869 1226
9606 7034
-1865 1691
4728 -7154
-701 -1861
-7925 -1601
5365 -8386
-3863 3368
9734 7706
-1889 -5727
4825 7815
-8180 4960
1896 3002
-3510 8731
8543 -2433
1199 5825
1158 -9226
-4612 -2158
-914 4921
-4626 -9857
-5737 2167
-5035 6047
-9048 -4447
-3306 4990
-8469 8626
-1087 -3062
3545 -3596
5698 -5929
-4136 -5436
-8541 8855
-1199 2963
1386 5297
9692 9529
5270 -8545
3763 1663
-4543 -4271
-1096 -2434
8384 -263
-8125 -8138
-9112 9852
-4088 -6969
-4414 4642
-2282 1045
-382 -8906
-7874 2041
-3597 -9072
7006 945
7673 2544
-8993 8772
-4428 -6055
952 8940
-3998 9723
8424 -5387
697 4697
7396 -2103
9587 -4675
-3118 4367
-5292 2472
8815 -9202
-2093 6647
9489 -9241
6658 9760
3465 -2551
9843 3570
-5894 -9170
4313 -8591
-3927 -5173
-2373 -9461
2825 2218
-9909 4124
1022 1770
-9268 7684
-8076 9836
-1893 -4595
3263 1388
-6154 9367
3269 -6943
6829 4530
-3778 -7221
-962 9946
2214 -4116
-8320 5024
1360 -5298
3126 -3076
-2721 9266
2250 9255
8664 7816
-4345 -3425
634 -8627
-3994 -7182
2630 -300
-1099 -8011
-9756 -4159
-2627 -2523
-7878 -7886
3186 613
-7732 9542
-1117 -4184
9466 -7248
-9140 -8076
-4046 -1807
-2604 3363
-5549 8935
-9941 -8649
-130 -2961
-8025 -7395
-7629 -8113
-6951 -3098
-3495 2213
5386 -2165
7658 9869
124 1131
-5084 -7337
-3620 6541
1528 -2351
8130 -2149
2600 -2240
-492 -7236
-3365 -2194
-9037 -3163
9405 -2990
-2836 -2397
-6580 -7676
4788 -1849
-6157 -3995
-23 9600
7085 6117
-5916 -5666
-378 -4916
-1790 -6326
1004 8395
9487 -6361
7961 -243
1937 3091
6513 3031
9124 7235
2861 -1460
-7464 -2249
5777 8224
-5019 -7721
6821 -2520
3859 624
-9653 -4040
7888 -1880
-2542 -5046
-1998 -2995
8618 8593
-8121 -9915
1829 823
5434 3926
5878 -4684
8608 3125
5378 -9401
6531 -7496
9457 -9416
2318 -1655
8011 -4340
7286 -1283
5861 2993
4683 6833
-6701 7663
7495 -7361
-5638 1743
-2445 288
-8168 -8645
-8011 8463
-5532 -6145
-7584 -3092
-2154 3842
-1065 -7532
-9556 4527
-4761 -5989
844 -5936
5044 -9745
-4109 -5517
-3798 -9096
605 -1716
2361 4540
-13 -3101
4420 178
-8089 -1903
-5798 -8787
-9949 -237
-6824 -7022
-5229 5987
6502 8622
2454 -2061
425 2047
-7276 -725
2632 1504
-6215 -6055
4641 -1545
5895 -7266
5905 -2460
-5495 -5791
4315 1506
-9077 7197
3641 -3609
7260 -9996
-7282 -4182
-1870 -2956
-6278 -9843
473 -1750
-6158 1233
1608 5912
-2497 -9530
6512 5178
-8097 6442
7411 1143
-5208 528
-7699 -2151
5411 9325
-2480 2341
-4766 -6958
-3205 9470
1376 8141
690 6954
-8184 -9977
2062 -5172
-508 -2375
-613 -480
-4115 7238
-4899 7269
-3639 -2983
-5288 7038
-1126 -4211
3151 5175
-3972 -7533
-3541 -6365
-6287 560
2377 -6227
-5357 5960
7111 -3313
2383 4298
2562 -2865
2060 6298
4898 2968
5858 -489
-3033 -8856
-1532 1469
7460 2327
-8447 2528
-4235 9667
-430 -4459
-3425 -8276
-4245 7093
-8351 1204
2920 -5579
3364 8291
-8540 -9572
4330 3760
7119 -4396
1559 3324
1584 -7512
2714 952
-2779 -8094
9973 -9339
1580 1695
4263 2441
7055 -767
-241 -2232
-2379 4206
4654 3649
2823 -3539
3124 1148
5487 -9377
-3753 2259
6872 3567
-4878 3246
2587 -8697
8533 4586
4139 -8705
4066 7439
-9704 5826
1500 -1812
2102 236
-9614 6844
4341 -6405
1989 -9247
9932 5550
-9985 7657
5894 7046
8312 -1574
623 -6935
13 2033
3053 -7431
9247 4728
2784 2159
-710 6326
-9273 -4842
5183 -8066
5923 5185
-1244 -2672
9694 -6920
-5268 4017
8182 -2451
-5261 8377
-2952 -7459
9951 3070
-4315 -2960
6040 5773
2620 3153
-6384 6467
-359 -1552
2050 -2785
1329 9168
4811 -181
7070 -7195
5579 -7635
3854 -5519
2561 488
-5640 -9558
691 -9498
-9296 1861
1994 -8128
3026 -9390
8821 2712
401 -991
2833 -3412
247 -5141
-4444 8166
-1503 -4142
3739 9385
2700 -400
8602 5519
8905 7550
-1886 -8556
-9621 -5575
-9631 152
2906 -6137
-9915 3569
3341 -9315
6022 1756
6121 1981
1224 -5375
-7015 -6206
6777 6864
-6417 -2676
2514 5549
-9118 -4017
-5972 4301
1086 5329
-5663 -104
7246 9113
138 -4058
-8149 5261
222 7255
8327 -2170
-5486 -1313
1569 -7276
-5499 -3262
995 -1616
9737 7573
7113 -4386
7747 -3891
4372 7015
-7356 -1424
1397 -2079
-3850 -5890
-1587 1045
2440 -6011
-1801 -1172
-4809 -4493
-1696 -3056
-4911 4162
-4630 -3311
1304 -401
5282 -4184
2550 -2138
-3441 4670
3296 1728
9362 -2297
-2496 5494
7122 3887
-2530 -6458
-8766 -5698
-5029 2460
-7049 6731
3156 2904
5464 -6324
-7873 4436
8735 -9933
-1374 3370
5623 -8756
3052 7305
6989 266
7264 -2133
-1872 -4956
-8413 3265
-9911 -3322
3550 -7873
-1445 3042
1007 7439
-4900 4916
4166 -8455
6852 -3672
5 -2568
6712 -1599
-9888 -5116
6229 4919
2299 -2779
-6597 -5745
3723 9567
8323 3077
-8512 5805
8292 849
5542 -2690
-1237 5095
-5772 3002
8024 2126
5264 -1920
-7602 -3157
5168 6528
1804 262
-8431 6536
-3278 -8430
-2724 2493
290 -8224
5289 -7907
6096 -9307
-6290 4362
-6662 -7376
7631 3224
-1584 -9906
3990 1228
-2113 1063
1705 8214
4094 5392
-8020 -3757
-5203 -4490
-1946 -3937
-9143 1561
-3583 9585
-4768 139
-2804 -5766
-2519 -310
-1183 -4319
-209 -2447
4977 -6927
3279 7116
-1873 3307
1933 5034
7303 1094
-8964 -9230
3728 741
-7491 -3736
-3376 9414
-779 -4739
-6844 5651
-2667 -9077
-4676 3355
-7249 7254
8654 220
1821 -1169
-1446 1193
3351 -5771
3743 -9833
-1046 -8756
-894 -6153
-3499 -3823
9958 -425
2779 -2849
-4395 202
-3739 8842
1688 -1682
-6537 7226
-1196 9169
-241 3998
-1181 3614
4236 -1372
1431 -6282
-6862 5360
1597 4592
8726 -2315
-5198 -3523
-2183 8911
9999 -2420
-9908 -5593
-9871 3896
-2151 -641
340 4798
7973 32
-2704 -1421
6703 -9159
1192 6454
-3662 9832
8240 6854
-2482 2416
-8185 -941
-2888 9158
3291 7740
4201 680
1339 -4060
-5895 1001
-8463 -5142
207 8983
4204 -5067
-6710 -3457
-2817 6268
6878 4729
-8009 -656
2115 956
-3264 5400
-3635 -2502
-3456 -7604
-6183 2958
-5496 2320
-5300 -4987
-5871 6610
4494 6759
-3300 8540
5103 5346
-9831 8379
-2821 -6583
7444 3911
7349 -2348
-5192 -2664
6238 2369
-2851 -6007
-2891 5732
-8482 5431
-3351 -5901
3335 2489
1507 -5467
-3835 -6382
4558 3711
-9363 1423
-8219 -7947
1698 -6186
-6581 9196
3592 2675
-4612 -6172
-1848 8349
9061 -807
8699 -4496
8177 1985
5627 347
-6542 -9335
4849 6354
1744 6989
-252 1943
8947 8176
8464 -4161
-6267 7414
-646 -4752
-4913 5308
-6268 -2764
8242 -1831
-3522 8898
-9041 -7544
-6505 1965
5522 -5165
7953 -2330
-1400 9703
-9309 -1716
-6677 -4679
-3429 9888
9340 -4784
-6420 -2268
-1165 -2669
6816 8892
8552 -566
5836 -6752
1560 126
-9354 -2995
9429 7617
-5769 2122
-7242 -8191
1898 4924
9865 -5569
-6201 -2021
3184 -1541
-5528 8291
644 -2016
5567 -7256
-5752 -2434
6279 -5134
9084 4443
-6235 1275
44 5367
4147 -487
8801 -551
-4321 -6960
3372 -7114
-719 -5678
2681 1662
-6592 -6956
-8471 -1792
3290 411
-4119 7291
-4651 -3783
-1319 -8902
6773 -1003
-3163 -7131
6096 1318
-7628 182
7596 5394
8496 -8620
3182 -8179
6757 -8517
-9659 3976
2569 -3392
-8165 -6588
5292 -7380
-8049 1969
-8457 2696
1166 4405
-6477 4182
5608 8630
8351 -9479
-9912 5012
-6795 6448
-3496 -6431
6968 -474
7080 7564
2818 -6283
-7050 -4574
4790 4733
-1440 1622
-8717 -960
-4635 -5433
2807 7177
-5347 3153
-2409 -1767
1993 5416
9675 7890
155 5835
-9605 -2735
-3624 1662
3935 454
9720 7967
9247 -3572
6730 4417
7218 7577
-9628 -897
-7890 2200
8864 -6357
-7733 -6055
9814 8922
5986 -6760
7083 7070
3852 -3558
-5431 114
-2999 1482
6084 2134
-6578 -6185
496 -5084
-2467 -3100
-2173 8274
-7753 5416
-122 -6209
1764 3911
-7328 3272
6381 -333
-3414 9753
3635 -4509
-2868 6709
975 -6891
-8241 9158
4072 3977
266 -1069
2735 1697
-7308 9793
56 -3044
9356 3633
3054 -4342
-6530 956
-8429 -654
5858 -4421
-6311 -1537
7174 -7878
1273 6392
-5390 84
-2165 4069
-7583 -88
-8287 6375
3143 5018
2943 -4276
6980 7011
-5078 249
6725 2980
3716 -4389
-9317 -3764
-1369 6477
4738 6952
-2943 -1767
-3830 3771
8305 -907
-8512 -3124
4040 -972
6107 1302
2031 -4349
5769 6077
9544 -7257
4048 7616
374 -2099
8985 -8738
9290 -8108
3210 -807
-8119 385
-7162 8252
5490 -5221
-8912 7623
4300 -7993
-932 -1549
-2154 -9773
-3968 -8414
2948 1319
-1553 -3955
-7001 8953
769 3113
-3648 2208
-8480 -2377
1305 9368
7874 8448
9199 5910
5972 -8828
2796 8832
-3372 -7331
7467 8571
-5991 4611
1057 -8011
1216 5337
1847 9300
-1826 -9373
-6307 -3426
4092 -6640
4848 -2536
-6722 5156
66 9023
-6138 -1352
-1714 7964
3655 -5927
-1113 2278
6754 6129
-916 -5671
1097 -5264
-7930 6788
6400 1462
-6256 7930
1051 9757
-3214 -4207
1772 525
-3623 4227
8760 -1050
-4685 3685
-2266 6278
-6071 -4626
-6309 4155
-3221 4125
7967 3699
-5907 2233
5911 -882
5594 -8107
-3402 3740
-3858 501
-74 21
6859 855
-5757 -4277
2299 -8419
-1514 -2023
-617 752
-8078 1085
9924 6295
-7255 8
3311 -646
3708 2554
4592 -6755
-3723 3732
-8686 9020
56 6443
-1865 5298
5504 -2000
-3835 -2712
7920 2968
470 9714
5196 -3693
-7277 377
2551 -9668
2997 5208
-4771 -7762
7895 -7428
5317 -3333
-5607 5214
-315 1986
-4427 -4447
5489 -196
9168 -6927
-3870 -4096
1048 5418
9335 -9943
-7608 -9384
6286 380
4368 -5635
-1188 -2122
601 -1100
7673 -7561
-6284 -3814
-9397 7339
4930 -9895
4063 -6782
7455 8336
470 -4807
-2475 8966
-941 -5306
-1865 5257
-476 -6848
-5080 -8922
-5404 -5883
9067 1314
7482 4068
-1756 8070
-4290 8387
-6515 1179
-3307 8840
1526 -7111
-6433 8974
-453 -622
-1356 4191
-9477 8690
-666 -1845
-3253 -7005
1156 5611
3097 471
-586 1868
-5276 6474
-3762 4611
-1151 2244
-9285 -1375
6630 4315
-1985 -8307
-5138 1585
-6383 1961
-3982 3059
6941 -8235
-8865 -5353
-8360 3428
-5699 2474
-6346 4642
5640 4397
5253 -7358
1370 3489
1129 3904
-280 -3671
8106 6594
-3012 1439
8503 -7682
-8441 9960
4215 3505
4111 2478
-5430 5504
1058 8901
-6601 -1105
3004 5693
7232 -8590
-9205 3688
-3624 -212
9037 -9248
4317 3571
3713 -925
-7141 5023
-8671 -5278
-7157 -7044
-9263 -1928
-7701 -6517
-2852 -2008
-4945 20
-76 -7710
179 3237
-8937 5241
4227 3552
-1451 -8545
-6382 -3372
-12 150
-7844 9783
-1335 1377
-2172 7124
5310 559
4167 8430
1951 -6434
8190 4403
7608 -6131
1877 6964
7544 -2595
6406 952
2554 7080
-1272 -7359
-1755 -2074
-3820 -4334
3954 -2658
2955 -1253
-4922 -6246
4624 4415
-7992 -8207
-848 9683
7557 2854
-8219 9132
-2901 -1894
-1299 -5094
2132 5999
-7623 -3887
2049 -3793
4740 4895
-2177 1528
9073 -8383
6715 -7858
-2374 -4468
3838 -1969
-3813 4460
-3932 6734
-2968 353
-3994 5120
-2106 -4042
-297 8464
4780 -5199
-5704 1244
-7661 -8906
9590 8226
8440 1337
5784 5538
4080 -2106
-228 -8058
268 571
-7478 -6509
9653 3370
4622 7087
-8964 3914
-919 4908
2940 -5489
547 -7530
109 -1266
6509 -425
8253 6473
8588 9978
-9220 -752
-9057 3825
8447 7812
158 -9856
-7873 -5802
-2873 -9103
1010 9255
4425 -5136
2491 6379
-958 3356
-7712 -1741
4171 -5263
4032 -6822
-8748 7280
5014 -7201
-7169 3686
-2687 3382
-9360 -3924
-1381 -222
7336 8551
-7572 7495
9745 -7851
144 7516
166 390
-862 -1042
6008 -2875
-5754 -8585
-4531 1866
-8899 -4400
3135 -5388
-7882 -2503
1442 8791
2810 -4165
9890 6494
-3178 -54
1271 -8897
-7945 -3977
-4137 578
4697 -4775
4968 -349
-7600 754
-9868 -3135
6466 740
469 -2421
-8877 4112
-9114 -984
910 7373
-537 8683
-7918 6040
-5881 5911
4080 -418
-443 613
-9833 7276
-1489 2716
-5542 7678
-1170 5607
3704 715
9855 -855
-3673 -9988
3003 1637
-2502 5373
-8891 -8266
3065 1840
5776 -5082
968 -3065
-295 -8356
9646 6907
3524 -3443
1151 -2654
-8684 -1684
-5187 2546
341 8055
-6764 5023
122 -487
2144 9057
9540 7982
7024 5059
3985 -8190
-7452 -6186
-5026 7755
-617 6604
-8040 1664
6964 -4997
5946 -4398
4587 4557
-8313 -5635
-92 -270
-4391 -2768
5389 -6611
-1958 -3011
5146 7574
-4007 -2029
-163 -3681
8079 -9781
-8387 -1931
5220 -6040
3374 -1506
5091 4757
721 -6132
-3935 1832
8661 -1231
7854 -8548
5689 -6926
7917 -2436
4555 -634
-7983 9941
-6446 9153
-1576 6013
-1319 6223
147 -4618
5039 -6123
7934 -1345
9310 -2362
8387 3865
856 4955
1521 9989
-9235 -6682
1854 2717
2084 -6205
1542 300
1616 9871
-9111 -3939
3155 -2811
-1896 2494
4459 -1094
-2184 -6623
-3454 -2475
-2210 5276
-7458 2480
-5441 -6989
-7804 8616
-8383 8742
2155 564
2438 6335
-3096 -9419
-6614 -9347
7402 4978
5140 -9193
-3581 -5121
5051 -6043
-9203 8662
4715 -8090
9758 -9180
-5191 9848
1457 -1510
-1467 -8156
-2598 -150
130 5948
5913 1052
5532 1693
-8043 -5537
5864 2695
4573 -4574
-8895 7510
-8575 2932
5006 -9823
9548 -8668
5539 3657
-9836 -8549
1394 4777
-3851 6150
-1720 -2832
300 -6323
5422 8404
-9805 1552
-6892 -8454
7040 4407
79 -1529
3107 547
5537 3270
8620 5733
-1382 9831
5032 3846
-9814 -3278
-1173 4313
8260 2482
-3438 -2277
-2250 4821
2289 2359
260 -5890
-7688 9545
4331 -8615
-6821 -430
2072 8884
5826 9
-8521 -5000
358 -7515
3581 1343
-2072 2549
8455 56
8426 -2989
8366 1393
7802 -6935
-6716 -449
-1873 -9670
-1981 7881
9552 -5530
-6 6686
-2273 -5342
-2122 -5757
64 -3541
1064 5497
-8165 800
-7406 901
-9531 -292
4592 1028
-5502 -9348
-2173 1636
-8469 -7103
-9626 -736
-9459 3010
-177 -3566
3286 2199
-3216 3244
7891 -8626
5012 -581
-3011 -1870
1833 -7206
3003 5903
8977 -4339
7832 -3137
-3833 6978
-6588 7320
3198 -1777
-5248 -2374
7256 7576
-983 8300
762 -1024
-461 -4818
-9293 3083
-2915 9422
-3350 -7355
-514 -7479
-2553 7743
2937 9536
-916 9803
-4899 -8768
-1451 9964
-4834 -2896
-1684 -9681
4937 -8977
9561 963
-7863 9781
-2845 1252
2432 -3683
4947 454
2797 1890
4546 5928
-9405 3589
7877 -7847
-2558 -520
6670 1925
-1734 -4590
-6919 -1561
2733 -6164
3333 -4452
2691 2451
-5287 7809
-2186 7549
2833 4274
524 -3823
5771 6478
8486 6574
-459 -1267
-6517 -9107
-5450 -5025
8198 6151
3237 8449
-1176 -4157
-8448 -2829
-3066 8529
3052 668
5919 -7188
5141 -8543
-7070 9180
5385 -1049
7752 -9715
-557 466
-1418 6680
-2542 7877
7646 7285
2963 -3451
-5769 5166
-7329 -7584
8343 -1556
-8473 -4550
-5817 -2900
-5319 -4259
3080 5458
-783 1491
-287 1710
6660 326
-6352 -214
-7178 3638
-2224 -5410
-2778 -6557
3174 477
9451 5590
1920 9245
-2317 7076
-9577 4463
-6527 2734
9883 -1065
-7202 -313
-4377 9712
-2392 6889
9723 7606
-3893 -4715
-2961 -8488
3352 6815
-3685 4071
-4437 -3646
3709 7061
7265 -116
-6602 -5517
-6610 2818
-8206 -8378
-6601 1681
-1067 -2933
6643 7434
5026 -2882
7875 -104
7459 -5818
-6953 -9594
1399 3586
4614 -8354
882 -8802
1316 -4869
-2373 1149
-6752 320
1132 5793
4204 -6820
-9548 -3397
5000 3804
-8587 5573
6567 1643
-6522 -9723
9567 -9277
6411 8643
-736 -1987
-1341 1001
-6436 -1537
-8 5989
-3073 8972
3327 3154
-9846 6610
-2033 7440
9262 -9139
-7511 -9612
-3604 1585
-4310 2062
-5513 6349
-2294 -9479
-725 3897
-6782 3639
4436 -5567
3417 1441
7922 -4225
4182 2070
-4232 1984
3071 -7290
7154 350
-7241 3216
3999 1260
-2069 6971
5669 4443
2335 4986
3013 -5196
3834 -660
1036 1690
-6613 -4817
-3338 6345
-6296 -4769
7003 6379
8387 -6109
-647 -2870
-7760 4002
1926 -9448
1458 -1590
1028 -8556
-222 8015
-8499 3140
-7080 3517
4926 8247
1711 -5954
-5402 -1154
6143 -1135
-5494 -1925
6362 1800
8878 -696
5651 8636
-3514 -5925
-5695 -1621
3324 8850
-5594 -8410
1168 2190
-1387 -1700
9284 -9299
3930 2508
6721 -1372
-1313 9999
7394 1360
-6172 -9184
2523 -1245
-3957 9311
4837 596
9843 -8173
-896 -6407
-5374 -5599
-1578 5320
2605 -8970
5295 -6196
803 9325
-3967 3577
-7585 -3300
217 -4639
-6444 8246
8625 -8162
4184 -6895
80 5671
-51 214
-8639 -8133
-2948 5290
6669 -8426
-2661 7660
-9453 -1846
-5640 -8809
3140 7233
-3539 9422
4922 1395
-1325 -6019
-3248 5553
39 1180
-2132 9354
-4088 9802
-3988 -5987
478 5233
8187 1706
-7262 -304
-5111 -6321
7895 -4698
-8054 9990
9635 -2254
-2611 2617
-7790 -548
7374 -4457
-569 -2544
-1400 5628
2495 7722
-693 -2398
3720 8874
1831 -5271
5332 -2446
6244 -5973
-2460 93
8413 9289
5519 7438
-3054 2397
-2110 1309
-997 9732
-7453 -1754
7386 -5915
-9270 1089
2406 -6597
-4089 -4762
2813 5466
5980 -2947
2506 7159
577 -2845
-3642 9716
-8883 2693
4388 1500
-5543 -1626
-3451 3010
-5387 -8387
2528 4095
3339 9344
5154 9851
5763 7032
4271 -6671
3731 -5665
-6886 3072
434 666
-8190 -9182
759 -3599
8352 -3741
-9571 3703
-2017 1525
-9088 982
5311 -586
-8175 -6703
-8495 4945
-6204 -1323
-6073 4867
6720 8086
8317 -2786
3367 4749
-9800 2629
3457 2705
9371 7429
4708 1204
-8425 983
-4297 1918
-7858 -6888
1157 609
8826 8541
2624 9055
-5521 -7763
-4180 8193
8123 -8892
-622 473
2613 1809
812 -303
-8825 -9886
-9384 -6002
32 -5772
1004 -3509
9645 -9838
-6558 7900
4207 -1570
-933 -1395
4708 -2625
5945 2632
-470 -4296
-5731 -8914
-7450 6759
-3859 -2177
5067 -6724
-5661 -5650
-6230 1196
4215 3873
-7003 2699
9287 5626
-3392 1470
-1435 -6198
537 -6648
2231 6516
-395 334
1406 -2730
2227 8109
3782 -2480
-787 5934
8662 -7702
6481 9657
-6783 1107
-7509 -7851
8883 6973
-9358 -4457
7036 3248
-9237 6866
7680 -5607
-8615 -8975
1825 -5739
-948 -4904
-2575 3675
5759 4480
3460 -8470
7166 4259
8967 2885
7515 -115
7763 2322
5442 6194
-9767 -7609
1223 -8991
-7084 601
-5467 5243
-1173 8864
7898 -1242
-3633 -9584
-8210 740
-9202 -5660
7382 -542
1290 -1284
-3325 3049
-3382 -2218
-7199 -4814
-9204 -7179
4046 -8526
-4291 3424
-5668 6461
697 8794
-9505 5725
2733 6573
-4344 7708
9659 6665
895 -8674
1770 3475
-8085 7980
1537 -9653
-1186 1164
3524 -4505
-4351 8409
-6084 -2668
-2953 -5836
6850 3946
-741 -9439
8023 6182
820 4232
-356 7397
754 3421
4836 7806
-6746 -4753
-8729 -4960
-5859 -5796
6292 -3122
-2333 7919
7925 -480
-7905 -9595
2386 5933
6783 1729
-7562 8063
-6103 4301
-9486 9607
1435 -6923
2778 -6844
-5568 -1905
272 -4261
-5733 -8417
-9980 9025
3743 9102
-8355 -4159
-4981 -7897
1513 -6506
-610 1027
-4513 6451
6186 5974
7933 -8746
934 -233
-5114 -1711
7125 3363
1287 8664
-7490 -1331
-1584 7661
-2785 -3390
5870 -8491
4032 -438
9876 5477
2316 5012
4374 -8737
-7616 6701
-5642 4828
-1769 3331
-5975 3735
5850 7200
2836 3221
898 3971
-8040 -2314
7888 7174
3483 2144
-3466 4111
-9466 -51
3022 -3415
5517 -6532
2367 -641
7918 -3423
8153 -1572
-81 2317
6267 -7195
8678 -3587
3361 -6301
332 4167
712 -2060
8104 4510
-9345 -2258
5830 -6493
8269 -3465
-8179 977
-6468 8554
-232 6386
-1339 4096
-3194 -8281
-605 6282
-1741 8713
5900 6163
-4180 -1233
-5871 -3054
-5329 -3225
-1638 -2747
2305 -1493
-7859 3034
-7460 6256
6544 8972
-9182 -3985
-906 -5532
4022 -3742
6456 4499
2880 -3686
-4380 -843
-8241 7787
7870 8790
1903 -5249
795 -984
-5965 -9452
-7457 9105
4594 -8149
6548 -7521
-7398 2054
-6863 -3670
9289 -5699
9856 -7490
2561 9251
9941 1166
-7204 -4475
-9703 7634
-1116 4297
142 4218
-9763 -6023
-6565 -3600
-9612 7944
-7810 5856
-3688 7573
589 -9435
-3319 2594
-5370 2514
7465 5299
-2125 8357
9537 -7074
-1453 -7355
-7341 5385
4400 -3008
-1555 4724
-1030 7105
-7371 7144
8885 -3203
-3187 -7999
8719 4381
-7402 -2367
-5092 -7609
-8486 -2434
4252 -8163
-3443 -5755
-6155 2982
-8768 4347
4148 8778
-2387 4292
-4042 1097
88 -5717
-201 4352
2101 -2083
-2387 -4343
-9386 -9694
2031 -2471
2399 1534
-4500 2611
-3116 7527
-1303 1075
6555 8266
5410 9136
-9045 -691
-3088 -2329
-8085 -5843
-4325 2296
-9748 3589
6182 1591
-669 7780
-355 8163
-6498 8348
-624 -1135
-6281 -3301
2121 4638
4156 8902
-5241 8531
-342 -2610
2169 -475
2308 1587
8732 9447
7087 -1346
4694 39
686 -4402
2521 -7116
-5637 7487
6105 7605
3323 -1725
-7387 6181
-9204 -8395
-6831 -7511
3225 -9809
-5914 -852
-4503 3717
-9490 7747
-4932 -5770
1854 4866
3701 -5678
-415 -9040
447 -5256
-6071 -9964
-9362 9921
-4876 -8754
5648 4072
3383 1214
1766 -8003
-896 554
1424 1252
2314 7721
3316 -5578
-3693 -5768
5220 2168
9273 -3706
-3121 5878
6331 -3386
7049 -8766
-546 -6203
-2005 2567
-5673 -1218
3305 -5065
-2936 2635
7288 -7353
5593 7703
7121 -9385
9633 8107
4921 -975
-8910 -3214
1588 -1001
3321 -1168
9658 -6901
-8974 -1190
-3267 -3108
-4185 -3084
6859 -9290
8604 -3657
-1267 -6616
-4553 -6724
990 -9379
6616 7329
6605 -7862
-1360 -8558
-5079 3991
-1852 5175
1110 -4947
-1295 -3
-4711 -2686
530 -4743
2080 -9576
-2144 4809
-8657 3411
-3564 -3573
-9395 9927
4406 -9296
-8041 -2818
-9631 6737
-9719 3124
-2445 -6214
4157 8903
-3485 4392
3389 -6476
735 1469
3050 8774
-2430 3563
-150 1226
4309 -8975
3098 -3740
-8338 -4052
3575 6335
-7698 4038
1207 2468
-9734 -7016
6238 1828
3328 -4420
-8885 -4177
3554 9530
-9534 5196
6898 5009
-4057 7925
-3870 -6967
3220 -189
872 -2143
-457 -8811
9655 8113
2958 5154
2221 -9808
5789 1794
6720 6308
-3429 1412
-7727 -1877
-1872 -3143
4415 -7135
-647 7698
-7972 8256
-6206 3377
5304 -7486
-1253 -7288
5662 7638
-5165 1885
5856 5487
9000 -5568
-8865 6776
-1770 -9060
-3286 -5105
4217 6875
-8454 -2469
5547 -9341
7834 -5678
6101 3782
227 138
6734 886
7606 9413
-3882 -1759
-8755 -4504
7180 7221
-7434 8786
-5470 -9072
1150 7528
4033 1380
3495 9712
267 -3535
4599 -9905
9104 5628
-1918 7295
-5220 -5574
6513 -6612
-7131 4263
8619 3175
8302 -6577
9220 -1383
2364 8990
4486 1258
-955 -8665
1598 9817
-3963 4276
6295 4403
-971 5102
6640 -8318
-3751 -1180
-2030 -3830
385 -250
-2474 -410
-5633 -4807
-4921 5076
-5881 5753
-3149 1034
-5417 5852
-3371 -2667
8395 -8226
559 5794
9930 -1429
6858 169
-4146 -3647
-2741 418
-2527 -4008
228 705
7187 -498
-3394 4294
790 2495
-420 -2199
7109 9019
-1238 -583
-949 -8383
-1613 6984
8168 9405
-9202 -1526
-9255 -7532
-9518 3651
-1079 1439
-4390 -803
-3934 -2326
532 -55
-6926 8626
4921 -2732
-6844 -4830
-6192 -7904
4083 4565
5035 -1706
1869 4928
3509 1845
2127 689
258 -970
8168 -551
8396 4485
1148 -9542
-3715 -4921
-4924 2105
-2314 -801
3211 -3185
-1052 7298
-6792 -5236
7510 -6712
-1117 -6077
-9586 -9462
-6293 -209
5683 -4768
3982 -2876
-4755 3943
3554 -129
-7605 3302
-7192 -6215
3137 9049
-5933 -9370
-6991 -4169
-4818 -9814
-1880 -5646
-5859 4479
-2350 5418
-5659 6048
1521 -8139
53 -9536
-1499 738
-8145 -9478
-1840 -2918
3841 -7957
56 -4329
-4215 -5561
-5332 -8490
1496 6436
-5372 651
-8584 2707
8299 3321
-2528 7435
7171 5646
-1612 -8278
9443 3031
-1420 -6576
2042 -5721
-5736 -8203
2239 -980
-6453 2032
6818 -8910
-2088 -5353
8050 8533
-8067 2075
-3860 -9837
1225 -1027
-1821 -4078
1685 -1422
7444 9265
1639 -4396
9280 6594
-5824 7032
-79 9421
6321 -288
-7342 3411
3566 -7625
-3088 -4869
-9951 9256
4518 -1817
9504 5014
-7306 -1559
8129 -337
8869 -5632
-8203 9925
3 6701
-1516 1923
4372 2997
-3432 6671
5645 -7480
-3275 95
2490 -7622
5290 9932
-8797 6787
-4265 -6051
2461 4091
4157 8518
8496 7633
626 -5173
3084 -8720
6905 -6976
1302 6300
-2095 -9514
1325 -5614
-6713 -6019
-2224 1283
-1967 1314
-7380 7688
-5687 5814
-2450 4995
-9546 7642
-7761 3141
-8607 3181
9118 9259
-4603 7035
9903 8037
-2869 3309
-8587 -6412
1515 -7938
449 6925
6332 -8054
-5619 5420
-3790 -343
26 7206
-6775 2418
6087 -815
8749 -2296
6572 -761
-467 -7562
9014 6500
9288 6562
9209 6279
-9862 419
-4127 2213
-5829 -9654
4589 -2268
-8693 508
-1427 8326
-9731 9541
2918 -1679
9341 -1164
3620 -529
2675 -8880
3903 -7091
3263 6449
4450 -5239
4766 4595
-1844 4367
-3524 6718
-7242 1804
5204 8948
1036 3687
-7874 -7162
-2262 -361
9601 3287
3767 1456
5824 -6512
-7842 -8493
-8127 5091
-2911 757
-9763 -4459
-1486 -6891
-7100 6669
5936 -7064
9662 -5804
-9196 6916
-4064 -1444
-7982 -6708
923 6831
9854 9527
8602 -1618
-5085 1356
-9048 9874
-1635 -6717
-9848 600
-5031 3734
496 7102
-9793 8027
133 3105
8672 380
-6700 4473
-7437 3425
6116 5382
-6926 -7446
8262 6458
-7782 -8580
-2162 -4963
5600 -8711
-4909 -4173
-6500 -9547
-4675 3694
-7317 -3473
-6151 4063
-7352 7904
415 -839
2999 6656
8813 3449
7538 -7080
6321 -8576
-2065 839
-1816 -7515
5963 1395
-5627 741
8210 -8802
6452 1297
8850 -723
-2986 4720
-362 -2679
-9242 -3401
7020 1251
2459 6853
-8387 -1849
168 6023
7277 354
-9241 -6896
-2955 3067
5306 -4777
-5560 -6396
-2941 1266
7505 4518
-2631 9130
5126 -2954
2397 -3979
-7868 7151
2157 -6875
9521 7135
5382 -5975
-6920 5366
-7868 -2196
405 3157
-1768 7074
5612 8023
8574 -483
-8412 468
-8029 7026
-8159 -919
4918 -5140
-2360 6673
-4635 -2062
331 -990
6546 3424
848 -4312
562 -2576
-537 -1569
9156 -958
5937 -2430
-7614 -9506
3701 -3877
7551 3099
-3990 -1536
9869 -2670
-5624 9773
-7399 -3573
247 -6460
6518 -910
-7876 -8301
-1205 3969
-9188 -8187
1633 2564
3471 -1439
2678 -8977
0 8029
9053 1034
2157 -2549
-7850 -5389
-8120 -5456
1510 8357
1890 6289
-6102 -4053
387 -5153
-5940 -5718
-6141 2539
5425 4088
-1512 -4340
-9669 9331
7221 3187
-4054 8997
-5937 -9358
-8630 -3188
2617 8398
6762 914
-3119 8597
-808 -9148
-1500 1266
7774 8223
-5321 3414
-1198 -8933
5357 -9762
2052 8352
6370 -1103
-8119 -4736
-3820 2002
-7734 6530
5331 -2937
-5029 1676
-5323 -844
-5563 4891
-4172 7225
1701 -4886
8615 -5053
7783 -1917
9972 -8813
3144 -8187
1724 684
-1434 8218
-3489 9266
-9707 -6246
-5996 -4471
-145 -2230
-1741 994
-7279 5938
9428 -8271
-2108 4279
-9575 9663
8745 305
-4927 -1155
-4356 5729
-8278 6425
8368 -2939
-8065 -2001
424 2046
-2692 7927
-8087 -1631
-6535 -3705
-8006 3407
-9173 -2525
7732 4514
-3931 -6889
3973 4935
-9410 3721
7446 2923
-4975 9133
2759 9731
-399 8774
9071 3080
-5980 4962
8516 3850
-6733 7855
-3287 -6454
5107 -8930
9057 1081
6192 3183
7158 -8147
-4146 -6873
9850 -9934
379 7564
168 -5626
-993 3958
7057 -8639
9001 6178
-9642 525
-8943 -412
7846 -8927
8896 -1256
-7842 2857
2437 3774
-4053 4194
5150 4519
395 -9901
-1949 -9308
7163 -4747
-5765 -3461
4952 -9357
5531 -8560
9724 2661
-7914 9320
7156 -6531
-4360 7854
369 7179
2030 2733
7480 1167
463 2186
-8039 6874
7732 -3875
9826 5556
-3830 9999
-439 -8587
2159 -9435
3303 -7109
-3939 5819
2105 1424
9236 6974
-3011 9013
-1599 -9582
6152 7356
6014 6375
-107 -4848
2426 3821
3354 2437
995 -9490
-5746 2171
-6651 -8186
4142 -2567
6643 -4584
-6725 5934
-4040 -2937
-6371 -4870
2038 -8242
576 514
4375 -8527
7556 -8268
1934 7673
9128 -5296
-8068 -7117
-5617 1509
6402 -471
1041 -1830
-1505 6956
-2877 8889
6117 -3830
3618 7824
1263 -9605
-5172 -9507
-5152 2579
-8826 6730
-5769 -5792
6443 2472
4480 4213
5507 2752
5588 -2367
-4393 -1042
579 -9245
3717 -9581
3567 -490
2560 7965
5639 -6091
4319 3332
-5200 609
479 5513
5798 -6876
-5428 8517
1439 -104
9338 -6348
1815 -1669
-4759 -4023
-6044 -8348
-126 463
2687 -6445
-1797 4556
-9778 -780
4917 -1709
2403 -1217
6359 7953
5693 -1256
-7366 4305
9660 6156
3266 9953
-5305 9735
-9846 -8774
9864 -2896
367 9756
-8778 -3133
8479 -5915
9863 948
-6908 -5946
-6629 2189
-6636 -4477
-5531 8833
2647 -366
6904 -5801
-2205 -3567
8879 9355
-7908 5323
-3217 5961
14 6205
-118 -2742
5894 349
2873 917
7332 8068
-1685 -7081
9863 6682
7768 -209
-1184 7567
-4774 2428
929 -2458
4802 -4624
1687 2231
-5875 -3736
-9383 6182
4506 4168
1545 1385
-7589 -7098
-9867 9824
5713 -2385
-144 -4410
-1246 -8944
-1630 5682
9618 7647
2890 7017
5030 -9718
4433 6348
-7229 5371
6004 9081
-6716 6837
3727 4352
-6628 -108
-7028 2425
3042 -5367
-9022 -8348
4403 -1640
-1105 -5287
9800 -3356
2147 -9270
-1932 5350
9095 -5569
-8849 -4073
-7001 -3039
-2447 -771
-5264 9294
-9655 2447
-9920 -2370
2703 5216
-5279 -9749
2231 9677
-4408 1236
2047 2246
9721 1297
-2259 3222
-8363 6148
-6910 -3596
5205 3139
-5867 6327
-7661 -4224
4345 -8108
2679 3113
7904 -7415
7523 -2891
-5523 -921
5609 3558
-2823 -7492
-1600 2731
-5504 356
-8955 -3839
-7703 3500
3220 5388
7944 7858
516 9227
8739 5870
6706 -8318
9902 8287
-5705 -5582
-1376 6260
-5505 7855
-9848 -769
-5626 -4262
2752 7903
359 -3104
-4884 -8897
-1124 7235
282 9776
9311 4986
1496 9517
5750 3370
4311 9928
719 -2732
-4240 -127
345 -3295
-3639 -9987
4335 1461
7970 -1896
-5049 153
8333 -5951
-3508 6757
9041 6700
-9749 1347
7479 1837
-6608 9392
9328 -5217
5497 8043
-8806 -144
233 -9814
-2261 1424
-9863 4162
-7380 -7682
-2809 9903
7969 2047
6401 -1293
1152 7146
-507 517
-4741 7238
-6169 -6751
3249 -8445
-1353 -6114
-2595 6326
9945 8424
-1914 -3200
2797 3292
-7810 -3535
-6422 -9872
3078 -5093
8041 -1444
-6439 5650
2848 9064
-5206 4045
-6491 9342
5356 9438
-481 -4205
8128 -8846
3010 501
3626 -3635
-6785 6259
-7127 5526
9615 7373
7785 -6818
-1288 -4342
7494 -2496
-5225 3011
8000 854
6343 6513
2321 -2842
-8767 -2174
8900 -6212
-4972 -9941
-8778 472
-1989 -7926
-2991 1133
-8085 7432
2883 -393
-8309 -9508
-5875 1167
-2778 -7914
-1970 9184
-7773 1624
-4774 2556
7469 3706
5952 -810
-3091 4809
-5186 -1525
-5975 5602
1586 -5685
-3473 -6324
-9233 5127
-799 -6340
7825 -2553
3794 -1409
2050 -1756
-8087 7375
-5832 -6691
-8091 -5619
1727 2182
3277 -9652
3268 -268
-6028 87
4251 -878
5942 3905
-9492 -8781
9733 2988
2937 -794
-1625 -6442
-7454 -5902
-3136 -5646
4013 4674
-595 -7624
5380 2214
-3547 17
7959 -9979
-9137 -7645
-1294 -6212
-1106 9518
-9139 -1896
-6188 -2898
8002 3294
4715 3921
4130 -137
-6258 1242
-6204 -7780
4261 1740
1721 -9963
6244 3738
5217 8598
1550 2633
-8539 -377
-3037 9507
-7920 9154
-4082 8226
6886 4006
3195 2094
-7602 -3398
-6160 843
4958 -8462
-1381 8031
-9210 -5600
-1571 -7442
-5330 8806
8738 -2602
-713 6453
-4847 7101
3604 7517
-4171 -8178
7387 7472
1331 5094
7914 9394
1702 -5529
-4472 -9397
-464 -1035
-9068 -2441
-6537 8020
-7330 4009
3686 -5214
-7708 -4374
6042 5935
7396 -1318
8092 -1033
-4431 9934
8645 -8733
-8833 -4451
600 3279
81 -9152
4696 -9832
4918 -7451
-2565 -247
5686 306
1388 8319
669 6691
5972 2372
-9700 -9652
-6045 4405
-7381 -9419
-1539 789
8944 -4657
-5550 6026
8287 2390
-22 -4657
6624 -3706
5533 2516
-6133 6091
-5644 -5366
-2503 5357
6132 138
-85 9893
4546 8719
-1305 -4763
8954 9100
-5286 2456
5995 2142
-83 -528
-4179 -7740
1209 9103
8680 6814
1965 9008
4525 892
9199 4453
-9212 9589
3703 -3421
-5198 -5335
126 3855
-3041 -4585
-5346 -1383
6074 -1380
-4029 6784
2319 2557
5638 -5397
6285 -1581
-1542 6788
1779 4631
2582 -7578
2514 5583
7945 -5536
2502 5715
485 -7098
-1142 -6187
528 -617
6531 5549
1526 -1477
3549 -6526
-4693 -2806
8157 59
-9811 -5785
-4112 5360
3619 5484
82 -9043
-2800 7480
9732 6642
-6346 -5355
-668 -5008
-39 -1572
9341 -8398
7945 5347
5328 -1798
8492 4792
-5732 -1526
2729 -2473
-3143 7538
-5490 -1611
1442 1599
-7175 9535
-560 7480
7056 1914
4593 -4029
3798 6074
1000 -9700
2958 9768
-9641 2120
433 -2604
-8412 -2767
-5640 9811
7620 -3640
-8178 7514
-937 -3669
-2739 8424
9608 -3118
3558 3350
2697 -6781
2084 -153
3555 1916
8538 2043
-7747 1592
9400 -9765
-1330 8564
110 2662
7424 5573
9418 1249
2398 -5229
2990 2301
-8543 -8552
721 -4838
-4966 -8314
-197 -4113
-6125 7762
6274 -9653
881 1737
3696 3127
3487 -2179
-4495 -7763
-1687 -7326
-8961 5303
807 -6875
-4594 -1975
1795 -3463
-9951 -1948
1626 4900
-6308 -2376
7841 -1488
-9366 6284
790 -3173
6286 -9464
-285 9805
9140 47
7533 6167
8828 -3691
7601 880
9053 3274
-4395 -3084
6133 -1886
5877 5907
2391 -8319
-5405 5889
6514 6067
-586 -3803
646 5725
9438 7753
5111 9734
1532 5979
1336 -988
-9893 4140
-4061 -8561
-8444 -5696
-7185 6065
926 1785
-7015 -1558
4425 8901
-2748 183
2007 -4489
-1139 606
9136 -9349
-925 -917
-7030 -2051
6086 3418
5432 -2102
9346 -1164
7974 1545
5772 3099
-1487 9984
-8846 -9943
1459 -13
4427 3546
-9750 -4570
6285 -7837
1957 -2001
-4872 -1072
-2536 -8229
7625 8087
372 6897
101 1327
-473 -5022
1410 -8465
-4630 9097
2804 4182
5326 1682
3328 1337
-3197 9289
7245 -8734
3676 5616
-8429 -6154
-8868 -7154
4284 -6297
9180 7072
2711 -8049
64 5858
4241 -3950
98 -365
-8360 1872
-1739 -2307
9914 -7799
6866 -8975
893 -8972
3322 -1945
-3082 -1590
-6656 3263
-2549 -4202
5736 -1175
-4970 9375
-2336 672
-8400 -1076
7129 -6572
8379 -6758
-8187 -3419
-5339 -15
-8432 -9981
211 1205
-444 -3788
-7495 -8098
6188 -3575
-2975 9147
892 -9856
-9075 -6182
-7017 -1099
-7053 8815
-7880 2817
-9477 -763
-2672 9893
8436 -2333
-5256 -9077
832 -8812
-7889 2669
4090 -1748
-9579 7266
-5588 -4368
3963 -7446
-8485 -2261
8647 5521
-370 -8813
-6167 3328
2630 6154
4861 9987
7526 -222
-63 4094
728 4055
-2915 7197
-347 5832
-521 -3577
3339 7458
-228 -3885
9019 9236
-4443 8931
7114 -1708
5937 -7139
-7738 -2771
-5305 337
4067 7944
-7474 3088
-7108 7291
2300 -2717
-4204 -360
-1497 -2791
-672 7516
-1048 1173
-4441 -357
-5214 9476
6262 -6917
5039 710
-895 3058
3191 1607
-2041 1946
4211 -6016
-2296 -4712
-9443 -4222
-477 -8018
-7877 2077
-1055 1683
2946 8963
-3662 3235
-3954 -9952
663 4354
-3026 4955
-4216 -3965
7617 4223
7491 1646
-8317 7529
-8646 -9100
8090 8439
-4354 6505
3521 -5253
-1831 35
5023 1068
-7487 -9721
7526 7711
2415 -9315
3293 4650
-2393 424
-9448 -6252
-7011 8347
-302 1872
1612 654
7480 6522
5467 -9700
-5457 1160
2627 2621
7331 -8293
4138 5115
2459 -4930
-4969 -9554
-6446 -2270
-5475 -9734
6847 8629
5013 -2722
-2170 -2168
7272 1965
-5603 -5864
630 -2296
6829 5381
-792 2343
9812 -9938
3637 -8339
3255 -4776
-6688 1562
-137 -2189
5195 -8029
7083 8842
9185 144
4637 -8915
-8731 3850
5812 -7406
-1785 231
-2890 9489
2928 2600
-1513 3435
8489 -3244
6032 805
-9175 4241
5252 -3586
1506 -4089
-2480 -492
2557 9529
-6489 2746
1526 5816
-1926 8108
-2272 5142
-9953 6577
1003 5381
1189 -4110
-9160 4031
-8883 -1067
-2472 -4308
-2703 -8338
88 -9199
-9862 -7166
1307 -3774
-888 -8312
-644 -3030
7549 -8614
-8468 -2793
-4555 1701
4620 1068
-2376 -2488
-5392 -8102
-6697 -1687
6037 4458
6756 -2725
-3221 2420
-4300 6566
-5326 -9103
5667 -6319
-3966 1546
-1732 -1767
-3936 -2586
8881 2336
1407 -7764
5398 8162
1742 5007
-9782 -9442
-1659 9764
-2461 3943
-6307 -3724
6193 -8931
671 7976
-8617 6455
-8150 9616
4741 6608
-1818 -6771
5310 -3561
-1046 4535
5656 -6638
115 -8936
3621 8380
7425 -6130
1163 5977
-5637 -6036
-6482 -1468
1683 6976
-2720 -4944
6081 -846
-1368 5432
-4021 -3242
-784 1443
5630 7977
-1544 6714
-9460 6626
9221 -4716
-2161 -8128
-2838 3307
4876 -3782
9125 9308
-7332 7693
-3507 9065
-3060 5545
5176 -457
305 9945
1346 -6091
-295 8091
6538 3143
2890 -3920
-9664 4054
1901 8811
5581 -3326
-5084 4890
-8756 -1931
2782 -1745
-6471 -2838
-1474 8692
5030 5470
-8555 -529
7802 -1509
-4982 -9381
-8281 611
7747 9380
-6682 -8411
-614 5766
-6704 2625
9606 2254
-2049 5801
-8868 695
-9691 -1404
-4952 6662
166 5027
-3981 6241
3308 3588
6590 7698
2057 -5708
2507 6501
1310 8193
291 8678
-1274 5152
5126 -906
-3436 -9088
-1241 -167
8634 -1339
-6626 -2576
9924 -1355
1 -5056
-4028 7866
-7491 3860
8494 -5255
264 -7593
2425 -5073
-5701 8319
-3763 282
-9132 8812
-9527 6532
-5494 -4281
-3192 -4341
-1405 9113
-1590 -7409
1326 -6715
-9460 -4256
520 -8094
5653 5345
8494 1097
-9243 6695
3052 -9408
-1858 -1705
-8725 -7521
-558 6921
6885 418
3123 7460
-8658 9720
-8734 -8101
-8508 4421
-3775 -2107
3391 1928
1114 -9880
-6226 4239
-1171 -9422
-9798 3252
6597 7509
-5074 -3737
-2675 -1945
-6685 -2899
-9100 9410
1506 -9615
-1558 1630
8835 463
-3234 7090
-5212 -2644
9949 -933
-2549 1185
-3216 1643
6371 7813
-5361 9924
-3288 9241
9250 2228
8513 5390
5323 -2901
8172 -8047
3171 -9207
6079 -4479
-5042 -6790
-941 9558
5952 -8432
1561 9004
-3955 9681
8470 -3692
-2860 -1493
8592 -968
1429 -7936
4278 439
-333 3568
219 -3250
-2283 -1143
1682 2991
-2094 -1951
8640 -1953
-4396 -3082
4542 -6676
-174 9690
9764 9788
-8343 -1226
-6026 -7619
3681 1540
8862 -4864
7430 3873
110 -3581
-9524 6814
-2812 8752
8159 -6070
5931 1346
2797 712
-2193 -9008
-4740 5695
511 -7423
7440 -7939
-8553 3770
1124 -4483
9309 2884
-3256 2302
-9173 3796
5309 -2296
3115 1359
-2674 9238
-971 8808
-9999 9056
-8599 -5793
5930 -215
-6840 4112
2196 6311
-3993 -1269
3121 210
7575 -227
8098 -9595
3380 -5191
-9685 -9943
6065 -3705
4973 9252
-2987 3549
-5695 -4897
6665 5043
-1409 4054
5731 -2495
-9813 -9061
-1975 -5262
-5230 7800
2863 -6213
5541 -1962
-1905 -2363
1197 7012
-2985 1313
-5475 -7657
6920 -3362
14 -3757
-6998 -2894
9630 -9344
639 7229
-7641 1340
-2103 -8474
6874 930
-8614 -9471
4067 10
-430 5057
-3774 -1265
7144 -1081
-5693 -2223
6512 3264
8904 9661
-1257 4775
-4616 4445
-4539 4130
-6766 3309
4712 -5875
1411 -1867
2315 3204
-953 415
8653 3603
-1371 -4564
-2081 5923
-2738 -7858
1987 -9803
1331 3522
2651 6864
-9215 1575
1004 -936
-9617 -2662
-5919 -4369
1084 8969
4265 -9887
-773 -4018
6323 2181
1778 6655
7123 -7535
9067 -6339
8700 -8828
1451 -9122
-8172 9506
9204 -6695
-9833 -9490
-5580 5917
9231 -7102
-6994 3606
3275 2468
-396 -1741
8666 9593
-1876 -890
215 7913
9407 1085
6972 202
8577 8333
-3728 -7533
-9370 7410
7707 -5214
3086 -2533
-9101 854
-9821 -6061
-3832 -5343
683 -1106
-4383 -2209
5395 9613
-9242 3859
6788 3931
-5538 -22
3367 8547
-669 -6244
735 -3006
-3197 8615
-7622 9327
-488 -4197
5897 -4645
6143 -2079
-8147 -8946
9175 6176
-8814 -9233
7452 -3255
-996 240
9909 1516
-9797 -4307
4891 5433
7452 -2820
-6972 4499
5159 -6845
8107 9011
808 -6820
-5754 -4381
-9360 -5232
-9926 -8500
5657 -3992
4812 -6393
-6703 -5422
-3685 -9428
3486 5587
4835 6570
-6823 236
-2230 7709
6308 -3628
7507 -3423
4719 -9145
-9490 -5801
-7544 334
-6649 -6659
-4782 -5494
-388 6399
-3078 1305
1809 -364
9634 -5449
-7430 2846
-7802 1409
9566 3788
-3410 -3457
1080 3008
1289 -4231
-9559 -4825
5926 2518
-2740 5869
-1695 6425
-9242 -845
-2959 -9592
-7732 4400
4793 -7395
6420 -2999
9140 -4246
2653 -4242
-7006 -9255
6705 -1790
-6888 -4648
7690 -200
2142 -4496
-3485 -1155
3235 3297
1911 3488
7807 -3274
-9689 9102
-9596 -9547
-2598 7922
8920 -9041
-3471 -3912
-2727 -1632
8214 -480
-2065 1447
-2832 7080
-6977 298
5296 -3072
-5557 350
6634 5042
-2682 7555
-2228 6062
655 1535
-3384 -926
-5393 -8177
4468 -5500
2082 -3138
7306 -5985
3046 -1425
8509 -7225
151 5354
-7847 -6010
-937 196
6138 9656
2996 -9737
-329 -8793
-1401 422
-9010 8228
-5915 5902
-394 8995
1170 -990
-1440 6144
3775 406
9492 -5535
6527 -9302
5670 -7823
2573 4431
5617 2848
11 8574
-1272 1529
-1195 2617
5973 -2144
514 -5596
-544 -7598
-9968 6629
9858 -2308
-7679 6989
8329 6495
-5630 419
-5755 8422
-7520 -8570
-4584 -671
-6056 -4656
-5128 -2893
4868 7843
-5667 -8302
-6971 6897
5782 4733
6798 6025
-6221 8638
-1032 1908
1722 -9235
-1514 7273
7343 -9846
9307 5862
-7464 -1428
3836 9536
7719 -208
-2883 6830
-3198 4200
-6895 -676
1678 7892
-2313 -7023
-7719 -7119
1325 335
-2480 -9078
-5645 -8706
938 -2018
-589 -8246
-1857 26
-4018 -457
9557 -1422
-5663 -3259
-3254 -1022
4016 -4848
-4258 -7518
916 4553
1441 731
-3483 -8524
-1296 -537
-7963 -6378
7800 -5547
-4712 -8183
-8804 -6911
-1141 -6776
8460 -9440
-4963 -2360
-5523 7246
210 3018
-1109 -6091
-4796 7288
5707 6713
6868 -6287
-9659 -1905
2683 -6028
-5146 374
8064 -9961
-2496 -5390
296 -1334
-5739 -9004
-5905 2040
1041 3247
4623 8414
-5455 -8782
-6365 -8636
-3043 -5052
-2504 -6382
7301 7179
1899 -504
6187 -9631
-4164 3555
-4925 2065
-6290 1655
5306 1366
2146 -1951
5396 617
2755 -2286
-2724 -514
-6241 5295
-3365 3299
2958 -9830
-8207 4594
-7226 742
1080 -2841
9500 -4566
1850 -5714
2963 7277
-8193 -1110
-2938 -2218
-3258 -3839
-9261 3648
-5555 2928
7945 -2011
3355 2137
-8147 7015
-6706 9358
-1011 -8416
3831 7349
7401 8468
-3832 -1252
5109 -5302
3351 2436
8768 -8704
-2800 -6379
-4362 3232
4181 4952
-7024 -9191
944 8194
7439 -9997
7374 -3600
4316 -5161
-5592 5546
9094 -7674
-4954 -6554
-9840 5385
-2802 3861
4106 8026
6465 -742
-8177 7500
6918 1137
-8197 6565
5747 6561
-1194 -6681
8169 8910
-6369 4459
-807 -3427
1154 7338
-1840 -4382
-6689 593
-1607 9403
-5294 -8441
-354 -4603
-4050 5126
-181 -6656
-3126 -7877
8622 4991
-9210 -4637
-4807 2051
7637 3682
-469 -517
-1596 3413
-7103 -2860
-7758 -4592
1369 6690
4713 -2721
-4777 -9591
2578 -7020
-8395 -9553
3800 2039
-6910 5683
4909 9870
-45 2992
-1484 3560
4952 5088
9126 1048
6143 -9134
-6859 -4792
1224 -6177
-1576 -6762
-599 5907
5628 -8899
4397 -568
-5732 -5145
-1522 3994
-2727 -9508
-875 6511
-9312 8881
-9590 -2524
-7217 1669
5444 -3611
-8936 -2595
2436 -2054
-766 -3412
-9944 4926
4818 -6972
4547 -3139
-669 2194
-1684 4531
6283 -9144
3352 8325
-8880 3610
7842 9861
6861 -4995
4943 662
-5550 -831
340 -5382
9207 4495
-3456 738
-3682 -2459
-5817 6512
7800 -6441
-9211 9536
4064 -9251
-2938 -9908
-8460 5870
-1815 -570
-5587 -9979
721 -2523
2621 -2682
6122 1205
3919 8688
-7796 5222
-1132 -5904
426 -5383
6648 -5324
343 -407
1754 5799
2012 8058
8481 1706
8931 -3384
-4517 1073
6563 -8981
275 -8577
7501 9529
6531 3586
7787 -6318
7797 688
1459 8016
7136 -1849
-1458 6167
-7071 -3284
8661 -2186
-9486 -7733
3452 5752
-8521 -4052
-3344 3356
-9424 8915
-1356 1546
-55 7852
2634 5865
8648 6918
-2498 3118
-4841 1528
-7892 -4614
-2499 1376
3038 457
-3061 2387
9946 -6720
-1119 -9273
4136 7679
-5890 2814
4928 -9331
-4574 -8771
7443 2535
9997 9205
9650 -5710
5468 5210
9420 1256
8539 527
-9973 -5329
-1447 3259
9028 -161
2548 -1039
386 -7000
2963 3091
350 217
5842 -9821
-1989 -8408
-1468 6177
-5294 -6019
-2316 -8035
5702 9889
-1506 -5216
-4036 43
-8717 4617
-1312 6020
-6944 -9326
-1131 -7836
-974 5661
6632 7517
-3135 9690
-3293 -9956
-7458 4361
3390 -9743
2313 811
-8067 6188
-4047 2835
-4312 253
-8810 2026
-6986 4266
702 646
1323 -2826
8427 9231
-9087 -3996
4201 5086
1856 6198
3199 -9343
-2490 9403
-7661 6297
-528 -881
240 -2306
496 -7872
722 -3525
5414 -6219
-5600 7697
-3773 7308
9105 2079
5700 -4242
1846 -7420
-9955 8653
3350 5210
-4149 5518
-2336 4905
4321 -944
33 6142
-7236 9390
-7845 1867
2539 4708
7676 119
4703 -1487
7236 -6149
-5661 -799
5603 -5977
6272 574
-8247 7724
5898 7294
-5258 -4417
3977 -1122
-3026 -7694
4436 7816
-6847 1779
-4826 2840
-8424 -167
-6705 8845
8042 4856
1852 3104
-6681 -8623
7100 5695
-5184 5610
-7598 804
5515 -7566
-6529 -2378
-4846 -4888
8198 3153
-7525 -1516
-4554 4617
7103 -604
8074 9013
2408 -5612
6486 -4243
-8890 -383
2007 -5339
7231 -874
4226 3894
4329 -538
1435 1837
6109 3065
8623 6578
-2662 -1205
-3129 -7855
-3953 9477
-4010 2035
8389 -5222
1971 -5638
-6186 -3433
5154 -2643
5328 7194
-4731 -329
4821 2026
8457 8668
2428 2195
3924 9333
-6849 2046
4824 -3637
2589 -9099
-4735 1123
-8351 -3164
-2795 7160
-3291 7799
5922 7008
-5957 463
-1445 -6342
-685 -2490
4405 -2683
-4555 -6573
2834 9231
1366 -3945
3779 9542
-237 2838
8235 1047
-1456 4414
-8558 3024
8649 5372
-8988 -1598
6842 -52
-4853 9347
-1148 -5435
-4941 -8722
-1454 -1670
-4574 -9534
1447 -8818
-8385 -1478
6292 3870
-4949 2795
6664 6461
-7043 4175
-2704 -410
4468 -2173
-4454 1130
-9034 -157
-148 298
1075 -7485
1067 -836
-7504 1600
-1841 2578
-2441 -8354
7419 1839
3552 -2542
6687 3942
-9576 6017
-5334 -8420
2526 8063
-4102 -156
-5232 -5507
1504 -5022
1410 6423
3435 -7204
-9339 -6792
-2235 3975
-2555 8528
2358 -5551
1763 900
3039 7122
8931 5205
-8208 3005
-8388 8013
6825 -6294
-2805 7866
9132 -2711
-3187 8289
-8915 -1827
-3065 -5403
8721 2012
-2157 2591
8732 -1989
5736 -1277
-7376 3649
7895 -6990
5887 -3743
3921 -7588
-3925 2876
939 5453
-4067 3257
6985 9015
9775 -8022
-9593 1973
-9971 3151
-4235 -2408
2619 4700
9200 -5147
-630 -9071
2546 -1632
-9435 6077
684 -5036
7158 5864
-1671 -5340
-7059 -1476
-8395 127
3443 2921
2135 1008
5754 7064
-1361 -9167
-838 8494
-2696 -2702
3721 -4978
-501 -591
9295 8483
-5091 8446
5179 -1080
9507 -1788
-8854 -6668
601 8048
-3310 -3172
-5695 8822
-343 -5
-8110 662
4000 8692
3983 7739
1533 -5280
-5550 -1391
4879 -3632
4575 3043
7522 -105
7581 4285
-8813 -3438
2366 -1115
-1838 4796
-6380 -9961
3750 7311
4103 4616
-5457 -172
2454 4026
-7126 9555
389 3496
-6398 6222
-3877 6059
-8511 954
-3292 4608
-2110 -3038
5549 -9949
2176 -1735
-776 -1567
-6165 -624
4531 4558
4149 -579
1911 -1291
-4959 3216
-149 -6357
-7736 9447
-3463 -9784
9149 5256
83 1754
-3213 4350
-9781 -7191
2595 -4873
7461 9063
-469 8047
4386 -4894
8028 3893
-5869 289
-8667 2558
-3319 821
4796 4376
-4259 -1897
924 -4443
-9508 5327
-2951 3119
1910 5412
-626 -2564
-8078 8113
299 1719
-6843 8917
9209 -9240
2993 7108
7480 6581
2378 -6152
2031 7259
7323 2441
-6483 2319
-4224 -1004
9581 4388
784 -1176
-2983 4228
8389 8513
-1551 -2307
7111 1406
-9881 427
-1662 -6913
-3971 4869
3849 8456
-3883 5572
5034 8592
614 3712
-4574 4765
1443 1574
-5252 411
-6813 -4529
-5117 3269
-377 -2674
-7447 6861
391 -1379
6681 6593
1316 -4453
-3179 8508
-9412 2766
2834 -5881
5914 -2198
-2276 -4011
6129 8940
-1437 304
-7110 -9609
-1988 6731
-7416 -8675
-7425 4001
-2431 -5883
2754 -1920
-7952 -4532
-9725 -3062
802 8441
4992 9885
4781 7926
4462 -6760
-1964 3815
1176 4475
-2885 9591
6633 9325
-6273 2414
-5272 -8555
9714 -3692
6573 -1884
-7244 -3022
-1591 -6941
-2654 -9234
3194 -8978
-7804 -7904
7013 -8994
665 -467
7238 -8512
-1672 -8365
-3079 8747
-6531 1123
-1253 9027
8865 9043
8715 6663
4122 -8124
-8596 1416
-129 141
-2924 -7690
-8745 -6638
-6304 -6415
-443 -4480
762 -1539
8945 9723
1706 4969
-4538 6644
-8741 3410
-576 2926
3681 5844
-2672 8597
-6779 3436
-5341 -8573
-6926 6620
-5896 -5828
-9779 -475
7155 4813
2932 207
9329 -7530
-2897 6812
2651 2586
9619 6485
-9152 -2891
1860 9526
4150 -6400
-240 -2303
6692 1621
-6119 5525
-7621 -9956
-1502 5567
-9044 3813
-9963 -7058
138 -3739
-9492 7786
5810 -7611
-7279 8373
4541 9720
-6690 216
328 -3388
3655 4813
7611 -9246
1243 4873
7394 3220
-6198 9885
5649 -8406
7831 -3577
3128 -4722
2810 -646
-2080 2222
6778 8988
-555 5335
5387 -1762
-3583 9252
96 -6742
4203 -3377
1124 1834
7559 -4807
33 -9555
-1125 -9820
295 698
3820 2488
-4560 7199
-9765 -5267
361 1470
5680 9103
6815 -7380
-9622 -4491
6240 -1369
-9005 -6581
3965 8052
-6469 -4330
7932 -5302
3199 -8212
-7389 -4707
2279 2044
2740 3919
-9627 6544
2915 3451
-2260 7007
8297 -4466
-118 2609
-7719 -952
-2757 2015
-8543 4562
8960 -8963
-368 7798
-8252 3407
7142 3415
-5832 -8746
1088 -9722
-8159 1329
5647 -5467
7830 2347
174 -8819
-3803 -3826
-3160 -8713
6425 4669
-8385 7662
-2786 -3320
-8789 -8710
9717 -3542
1255 3527
-3910 -2768
-1809 -1856
3451 -1010
-4331 -3891
-4465 7027
-5883 -7052
8786 -4727
-8054 5565
-9045 -6994
9117 -2691
-7363 -2234
-7167 -5820
7392 -5219
3729 -3816
2865 4595
8658 8752
-1361 3567
3718 -1635
-6082 -1018
-5425 -8286
-829 -4982
8073 -5050
-9005 -9832
-9081 9442
-1465 8527
3990 2318
9449 2221
1955 -2640
-158 -9978
5398 5554
8530 -8550
6766 -1535
-4831 -4031
-8786 -8371
5370 -7007
8636 3594
-8441 -1380
-7447 -3583
-1422 4033
-8014 5458
5096 -5952
-328 9746
-6908 4874
9001 -2293
7327 -362
-4455 -1069
309 -7718
-3923 -4795
8792 1058
9107 3987
6982 9006
-7900 -2571
-6868 396
6948 1840
-8777 1348
9935 230
3796 112
2601 -3741
3943 3469
6602 9607
-7703 1072
-5326 7879
-4299 1995
7289 4834
-3566 -8471
-3571 -212
1147 -2671
7514 -4983
-8022 5778
-2659 -3501
-8413 -1725
5435 -8208
9153 -8850
4325 -2992
-8585 6897
-3280 6187
-8007 -4570
-4538 3919
-7585 -8118
9254 9270
-4104 -3538
-7249 1508
-4018 -4663
1662 1028
-6396 6082
-4166 7726
-2541 -4838
7320 -3992
7733 3190
9490 -2240
5858 9646
7982 3074
-7371 1443
1595 -7109
-1618 -2321
-6637 -8733
4126 4023
-3006 4074
4970 7928
-4350 3172
7828 4445
8209 8869
3808 2443
7936 569
-4575 -726
3438 -2736
5200 1642
770 2235
9854 -8471
7591 -2340
3854 4459
6490 -4938
-6529 -823
8920 4743
-7586 -3437
-4545 3195
-3782 9962
-5084 -4640
747 6036
7296 467
-8352 2822
8991 -5982
9746 -4198
-8784 -6671
-2480 2233
-338 5514
1302 5944
-1331 4197
8571 -1997
-9317 -2070
-7201 3992
-6838 5096
9625 2423
-5220 8776
-9445 6255
2016 9294
-5554 -1400
6001 -7276
1287 -7097
4230 7
-160 8354
9225 -6146
-764 7148
-754 -1109
-9840 -3775
5865 8480
-808 1284
-5193 8048
-6037 1851
9789 710
2349 5958
7930 -1528
3312 -2490
9237 -4114
4299 -6955
-5450 -8327
-6233 8205
8302 -8227
7920 3283
4559 63
-3521 1463
-802 -8148
7017 636
1506 1385
7990 -4963
4059 1547
-9600 4527
5549 5389
5257 7110
6353 -3396
4241 -8765
3387 2190
-9260 7008
-4644 -8765
9076 2861
5965 -6393
-1916 5396
-2680 -2325
1932 -6497
-6309 -2512
4615 -1725
-4912 -4610
-5256 -1970
-1899 380
-5926 7364
-2574 9992
3724 -8125
-73 -8251
1132 2386
5946 7890
-3364 8811
-6907 -9250
-1365 2269
-5268 -9102
-4172 -6469
5920 -8273
-5799 1326
2364 1101
-4401 -4075
3022 -7298
5945 -9023
-6348 -2699
5336 519
-7463 9706
-4655 -9107
-1061 3453
6130 1054
4297 7834
3803 9649
-7036 -2055
9888 4388
7489 8579
5231 -3412
-6884 -2993
4416 -3679
-1959 -2082
5790 2827
-5377 533
200 6299
-2941 981
-3935 -2383
-8029 -4594
2114 -6761
-7679 -6086
7116 -6678
9408 -6513
5264 4690
-2362 2124
-3524 -4229
-1505 1183
1656 5855
-2163 3604
2833 -661
1575 2629
-6047 8350
-1169 9124
9893 -9833
-3159 5289
-4940 -2071
9835 8485
8087 2731
4504 2420
-7981 3751
6300 -5153
-9552 -2259
-4404 -5688
-4072 3970
2950 1867
-6483 6443
1418 7052
2379 6406
-8936 -2037
-5884 3799
7891 6981
3636 1307
3347 7575
8144 -732
8881 -5824
2062 -6227
2352 -3345
-5014 987
-9218 1389
-3418 -186
4659 8045
6575 -3150
-6132 7057
9484 3533
-8790 -4895
-9333 5532
5428 -4437
7761 -6756
-3251 8379
-7641 1952
-8797 -6080
-3358 -2525
-3516 3302
5641 3599
-5744 -7471
1425 -1254
-2331 -1205
-999 2522
-8606 4435
-9322 8383
7846 1427
-9565 7197
-4419 -4958
-859 1141
-7672 -2995
5047 9310
-6859 6425
8358 7210
-4462 -6798
7606 4426
-608 2588
2107 -6210
-4346 -5268
2468 -2579
-8905 -884
8525 3901
-2395 435
-9652 -2380
-2707 -8917
2070 -4123
-902 6399
2962 -3507
7515 -2613
-7065 8608
-8918 -6443
4647 -4720
7553 3079
9828 2514
456 2487
4643 -387
-466 2482
4654 5257
6204 -6589
7351 7026
1785 -1865
2642 2355
-3320 6235
-9390 9346
-488 4789
2937 5636
-3175 -5406
578 -2471
4074 -8833
7231 -1571
7160 2019
5278 -4145
5994 -2069
8758 -9373
2814 443
478 5371
-2010 -1020
-1218 8989
-7406 -1416
-7016 -8191
-3606 -8168
-2916 -2822
-3301 5334
2833 -6334
-9065 -1348
3124 -5255
4831 975
5592 1
-2160 3158
-4921 -8764
3770 -8052
-9021 8707
4334 6911
7326 2129
-8629 -8987
-927 5058
4211 -9828
5936 3769
5119 5686
3068 4389
1455 -7956
3096 -5233
2959 6682
200 -5403
-4745 6286
-6553 3358
-1729 -6093
-3281 7398
2886 -5816
3783 2778
-4752 687
-2304 -3869
-7157 8106
-174 4639
-4091 3181
-4410 2228
8879 3977
8938 1712
3222 720
5621 3639
4010 -9176
5411 -2782
1930 7771
-8281 6648
-7794 -6838
-1880 9437
5870 3564
3856 8969
9266 5920
-678 -8244
5879 -6752
-2256 8975
9859 -8010
8497 -1031
4463 -3525
2855 -4777
2737 8437
7443 8861
2006 -2629
-4410 3481
5059 -7812
-432 5101
3886 -3873
-6222 -7063
3692 2044
4234 -8630
-3830 5115
-3966 8049
-5628 -7357
-4653 2258
3983 -6813
-2933 -2547
6606 -8862
-5523 -7469
4131 -6235
6491 5095
-6163 8189
-6124 6966
-9585 -2330
-3147 -4115
-3028 1718
4180 2909
-3519 680
4372 9694
-3900 -9434
-5930 2879
-7607 -5979
7578 5198
-2629 -3905
3780 -1319
4810 -8499
-414 -9417
8786 -4571
-1968 -9183
-9373 -5002
-7595 5040
5217 407
-834 -6921
9287 2449
1435 -1554
-4865 7539
-4795 9826
794 -8632
690 -2333
9668 5168
2117 -5732
9027 2942
119 -2570
6196 9757
-5756 3675
-9689 -5800
-3939 -6200
-7788 -8747
-2194 7112
-9866 2482
-5554 4996
631 -4239
-3261 -276
8633 -1154
2446 7213
-3838 1228
1872 -3254
-4232 7018
-5183 -3013
9447 -2315
-1997 4780
8415 9318
-4436 -3531
-8689 1387
-5429 -8379
790 7995
4337 1902
-5775 -6693
-3033 7362
-4271 1947
-2319 -1221
-5322 5889
-7350 -5791
-8875 -9373
-7736 -8851
5654 -8443
2739 2636
-1648 -8051
-8585 1644
5205 5915
2947 -6135
4477 -4024
5387 -649
846 7826
8759 -3864
5962 9677
7737 9575
8255 -1161
3685 -5163
6509 -9389
6115 397
-4910 8284
4208 8610
3571 -9815
-1705 5986
-3253 4058
-3022 -6680
4658 -9714
7325 6321
3506 2749
9914 41
-2704 -9092
385 4972
8895 1943
-9602 9352
-5010 4184
2101 9158
-9644 -5354
4292 7963
1113 -334
-8003 -78
-952 -4469
3347 1209
5227 132
-8974 6364
-8218 -4565
8002 7233
2514 -6124
762 487
-8300 9474
5761 386
3864 8659
-7188 1029
812 2296
-3384 69
4483 -9016
4153 377
9361 8712
-71 8011
-4540 9852
4839 9635
-9085 3586
-3741 260
-3586 9977
-4083 -4372
-7308 -8217
1488 8901
-4616 495
1899 2276
7919 636
-2651 2013
-6893 7519
-1384 5652
6252 -7117
7897 -7690
4750 -5317
-2265 4897
4072 -3391
5265 -1955
8998 9910
-7246 3477
6357 9226
-7407 -98
7983 6071
-8962 534
1368 9654
-6029 -2411
-1373 -8499
-8263 -5937
3735 -8770
7622 8623
-5881 -5968
5132 8531
-8946 8722
-7513 -1997
-6873 -250
-9484 -5233
-1280 9869
7580 -2575
9587 -1998
-7075 6239
4891 3666
7979 -667
-3960 -7836
7535 -8659
-6407 9719
-6073 -2590
9654 -6007
7621 -4797
-377 3325
7795 7712
-7853 2980
3862 -5786
-9912 -1449
7856 -3834
-5360 303
2563 -5442
599 -2548
-6365 1372
-5056 -678
-3812 -4062
-4986 1090
1698 7005
-8435 539
1513 8003
1383 -8802
-1587 -7268
5767 -5243
9189 6800
2276 2840
6246 9565
-3663 3832
-6494 2942
9033 1079
4386 -235
2601 -2872
816 1579
-683 -7179
-2405 -4566
625 9948
8799 -5610
6467 -1885
3974 7836
-4228 3702
2866 -5257
389 -4465
-9824 -419
7039 2149
-2787 1919
-4221 -6320
-5447 -1522
2214 -562
-341 -9940
1049 -9874
-5882 -9915
3400 -1821
294 -308
-6368 -2174
3248 2636
-5033 -5426
4527 -2463
-2027 9606
-2943 2037
6283 3212
776 6800
4331 6414
-1724 6486
1112 5520
679 -7722
4181 6525
4832 8009
-5381 -3081
2002 3881
-1785 2364
8510 -9846
-8032 9740
1366 4468
2765 -1395
3735 -4720
-6703 1450
3130 7526
9235 3670
8468 -8240
5895 981
8146 4789
671 623
-839 7578
8046 6009
-9388 -8608
-6429 4121
-9130 -6197
-9445 8115
9035 8888
94 -2726
-7295 -9322
-3335 -2613
-9431 4137
-7168 1729
2361 9968
-3932 1302
-6733 5430
1095 4
3596 2660
-4691 4557
665 5443
1940 -6708
-7590 183
5654 -4771
338 -1950
1172 -6019
-7223 2706
9660 5333
3383 2695
-1325 657
2824 -669
-2163 -3855
7539 -2874
2558 9955
6326 -5742
-1718 1951
-6372 -6271
2752 2243
652 969
7163 2155
-4025 -8793
-3814 474
-9056 -458
-756 -7240
-1154 -5700
1611 -3319
-8270 6274
5936 9920
9258 -5995
-2458 4816
-7889 8512
5642 4204
-3626 -2172
-3331 -6844
3834 -1700
-590 847
-5361 1480
-9574 9725
-3023 -1345
-8102 3452
6297 -7240
-7076 2651
1947 9973
-276 1271
-3396 -6514
3183 9407
1022 -7371
-6643 -8798
4422 7558
8383 -861
-8900 9588
9596 -1853
2408 1717
4127 3572
-1637 -6272
-2731 -4718
8281 -4119
1319 6322
-1986 3019
-6932 8495
-7255 389
2155 9658
-9872 -4741
7353 1284
9382 3413
5501 -3426
6439 -967
6213 -4035
-3862 2173
-2984 -6594
6033 -2410
6164 4486
7899 7819
7573 8159
3928 7286
5838 6162
-6719 -1704
-9182 -8419
2805 2243
-8169 144
-9083 4132
9262 -609
-2254 1924
-717 -4818
1968 2264
6233 -7398
-5082 2669
5621 8849
-6827 3861
-446 -5878
-9224 8061
-2632 5735
3285 -8812
-7587 5901
8053 2833
-7747 1486
6815 5541
-5056 -5401
-3843 6504
6036 228
-5780 8175
1279 -150
8644 -5617
-9375 1021
-5549 9781
-8502 500
-6580 -6624
-4985 -1719
-1843 -3495
7296 4201
2006 -5438
6683 -7290
5559 5002
1878 -2139
-281 -2634
2330 3437
-1510 -9933
1993 -4037
4194 -8618
2003 -8409
-7370 9350
-7325 -4263
-9873 2732
9966 7402
-2989 3552
-3297 -8877
3540 6052
-3042 -6355
1625 -8441
-9888 -7701
3514 5794
-5987 -134
-6806 4928
-7955 -6618
4848 -4833
1838 493
7843 9265
-2135 62
-8672 8919
4373 7401
-6143 2653
-8567 3290
1845 5332
-5813 -3074
-8785 -9727
-1353 -3835
659 -6854
-201 -6723
7660 -1613
-3506 9248
-3388 401
-5221 1515
2155 -3238
-3901 -1965
2835 -3246
3601 -9072
-7028 -644
-8347 9925
6613 -9344
2512 2926
3498 -7879
-1006 2697
6236 -8963
-2026 882
-9247 860
8653 1338
-4254 -2821
2456 -47
5025 1812
-352 1321
-8079 -9083
-6197 8421
2899 2617
-5554 2056
-6758 -7472
-6986 -7087
6261 9534
-3333 814
-6100 -1427
-7424 2907
-7185 106
-5525 974
4050 -2540
5950 -5756
1209 5236
4937 -9810
4535 -4826
5926 350
-3942 8606
2011 5757
6053 9120
-8544 -5313
5598 -9935
170 -3714
9515 4251
-2254 8861
8168 -3807
-5833 -6619
4093 -1999
-8042 1313
9670 -1796
2749 5417
-6926 5008
-6328 3079
-490 5173
-4760 5669
-927 2613
-6449 -3428
8132 -2906
-5334 2009
-480 5993
-8295 2832
-7347 -4651
-8279 -6224
1242 -8206
8453 -2497
4672 -8407
-7715 8572
5995 -1012
364 2199
-4853 -4904
-6380 6499
4454 4323
9746 -5213
3446 5717
-7792 2654
5751 -922
3849 -7725
1387 489
179 -5052
4283 -7521
-5261 -9367
5095 7780
-2526 -3427
1754 -5091
9446 -158
-2439 9748
3786 -2555
-3353 1167
-5923 8952
5682 4404
-4477 1637
1669 8816
-7511 5631
7212 -2377
-123 3687
5828 -8515
-5102 7276
1056 3573
285 4767
-7378 8713
-9664 8464
564 5043
-6374 -8555
3898 -882
-1160 6656
-5534 -8048
7342 8856
2522 -4560
2533 9834
3829 2575
9541 -5326
-7378 3274
-4455 6872
-8115 -5803
-7712 -5601
-8149 -1675
3677 3593
-6836 -77
1544 9287
541 -4266
-3920 8345
-230 8400
4432 3970
-6923 -240
2963 -1804
2701 5274
-4140 -7720
4014 -1163
2411 864
761 -2871
4112 -1157
4723 4340
-2415 3389
1429 374
-8983 -9686
5141 -9883
-4088 2941
5353 9120
-9828 -4606
4333 470
-5440 -5090
-4169 -2985
5171 -6126
-9107 -9587
9596 726
-3022 2398
3736 8219
-5991 8429
-9893 6306
9991 5912
-4328 6605
-2915 -3750
8335 -7547
-5778 -1315
-7150 8074
-1612 1502
9628 -9524
8563 -333
-3449 -6527
6829 9102
-3811 9960
7560 -3912
57 -7065
-5948 -7549
3984 -2302
-7175 9342
-3901 -9933
2308 -9253
5715 3869
6478 -9165
9959 316
6195 4489
7082 -7518
-7273 6972
-4900 3045
-9476 -543
-9803 3140
5193 9447
5376 -6660
-7337 -5164
7791 7798
-3984 5650
-1971 8475
-301 -914
-3672 -9395
-9499 -5616
3976 -7322
9966 -6868
-2249 1273
-2057 -4380
-254 5643
-7017 -8347
5252 -3375
-9287 -5024
7674 -5214
8919 -7947
-3646 -1588
-4152 -4036
-5804 921
-8928 5974
-286 9468
-5990 9245
9820 -8763
-2336 373
-2331 6548
5949 -5466
-1267 7610
-7206 -4441
2033 -4391
9714 -3831
-2487 -9311
-4548 2980
-9901 6011
-6911 9881
-2287 -1845
-9544 -129
3221 -3142
-3330 5177
-3781 7845
-1133 -2057
-1130 5600
6738 2790
-6016 5798
6635 -4356
-9072 -4282
-3724 1452
-2565 -2253
4711 -5235
-4733 3496
-1856 2605
6182 -619
-1336 6176
1407 2142
-1573 2825
-2448 9301
-6201 -4602
-667 9298
1067 1159
-9859 4645
3772 -4615
-8187 182
6815 220
-6119 1700
394 2716
-9255 462
-9590 -8811
-1995 2225
-7466 2652
-1188 9569
-6551 -9195
9506 1293
9784 -2711
-5128 -5125
-5901 -2790
2718 -9617
7898 4176
-814 2297
-9580 -8293
3620 3234
-8522 -7457
9123 -7421
8259 -9476
-8068 -9147
2235 -4057
-4162 -7774
-6529 5433
-6939 -1786
9056 493
4917 7680
-2870 -8540
8699 -1403
6910 -895
-135 6143
3932 883
5348 1756
-3351 -2912
5455 1055
2719 -2753
-3154 -8878
-3551 -9785
-9339 9015
1287 8830
-7327 7663
-4492 1370
-4525 -8902
-3704 -622
-9286 2044
3334 -7891
-8092 8122
-6091 39
-9359 5011
8895 5431
-5161 -9213
7385 -8380
-8554 8530
6708 -5497
-5721 7482
5153 -8893
-6041 -9029
-4 -6095
6397 -9509
-3831 -4553
8811 266
8206 -9136
-9869 3507
780 -3548
-5974 657
1618 2149
9945 6227
3009 -8966
-7098 -3120
-2535 -127
549 -9760
-9206 -2249
-3191 9538
5723 9890
-2522 1564
-8198 8242
-4207 9693
9826 1008
7166 6919
-4387 -4579
2559 8040
5576 241
-1929 -4742
-8380 6848
-2703 -7583
127 6561
7038 7556
3759 -2533
3242 9546
-7885 -2199
-2557 6881
3837 8953
-120 -3321
1752 1931
-6151 1048
-2954 6963
-9262 4642
4057 -9869
9725 9170
-3704 218
4961 -5932
760 -2908
-2746 3921
9186 -5928
4912 522
3073 -6566
-5088 -1910
-6182 4576
8664 9145
1211 1234
5487 6262
-3875 9372
-1129 -691
1104 3430
2046 -3916
-2084 6590
-4198 2907
4307 -1260
2382 2828
-2083 8403
8841 -4080
2146 5389
1506 -2748
-8699 7230
3542 3679
4992 9671
6563 9380
-6097 -3407
6502 -2603
-9529 -2928
3795 9531
7642 7576
2563 6155
-2635 -6960
9608 8575
7220 6646
6057 -2939
-9860 -9618
-4186 -4734
-2466 -23
3663 -5968
-735 -6511
-7485 -9545
8536 -2096
-7851 2707
-4653 1463
9243 -1863
-1030 -5359
-4688 -5559
-2673 -6439
-2046 1605
-4368 -7889
6054 -9177
-4893 5142
5991 -4356
-9253 6095
174 -4364
6144 -297
2173 -9072
7182 2246
6951 3200
-4178 6656
8645 7046
8283 -7708
-5492 8705
-6335 9760
-71 3546
-3135 6177
3544 -1085
6309 1989
3363 -5194
-3783 -8107
-9739 -5555
5757 -1180
6791 -9831
971 -6569
7316 -2492
7781 2052
-4400 -109
7682 -5834
9438 487
4920 -4105
-1456 2967
-9958 3830
-665 -7742
-2308 -2826
1284 826
857 7918
8323 -8977
9116 -8987
2348 7161
-7826 4253
3439 -6379
1215 1883
8191 -2541
-2384 5947
-3295 -9011
5563 7692
-3502 5658
7099 -3520
-7814 3716
-4402 3304
-2792 3805
-8742 3247
-8416 9928
-6165 6881
3262 616
87 -6397
4719 -9361
5716 923
-5748 -1972
-9218 4743
-9567 -424
2210 4462
511 -7277
-8010 73
-753 -7696
-4370 9940
-6021 -9166
9357 -7361
8993 -2840
-696 8958
-448 1066
-696 4229
8820 4217
3609 3331
9221 7753
9106 6881
-428 2544
3694 -4180
80 7001
-8175 1807
-4482 -6905
1199 -3261
3409 -2183
2539 -4820
-6288 -3386
-7456 -7869
6634 4336
-4160 -178
1191 -5191
5826 -5824
-1814 1425
-5638 5866
-4517 1620
-5006 2077
2578 -7156
-5814 2692
905 4968
-2891 -5468
535 7631
-7794 -4263
8001 -6278
-1283 7587
2612 -817
-7757 -1987
-7749 -265
2042 1292
4165 -7187
8688 238
3565 1001
-8577 -3699
1025 3307
-4124 5988
-8827 -6147
1878 -7312
-1387 8613
-3626 1486
-7225 5645
-5351 4532
-7247 -8151
8388 -9599
-1954 5904
-342 464
-3729 -9523
-4473 -6568
-9061 -3469
-6836 -5510
-7339 -5386
8795 9201
-3421 -5090
8963 -6837
-714 -5728
9671 5082
3468 -490
7148 6102
1402 -2443
-3957 -6152
2883 -764
446 1723
2546 1185
-8504 6301
566 2702
4952 -5296
9180 -5647
-471 -10000
2229 5418
-8396 -7859
-2442 2007
-4492 5496
-6338 -6354
-6161 8150
-8280 8282
8562 5469
-1274 2701
8021 300
-2253 -4407
-7648 6809
5532 -7416
3550 -4319
-6640 -3824
8269 4719
-8217 5223
-8597 -2958
7994 2855
6253 1291
7406 -1397
-9436 5398
4018 8358
-2091 8890
2902 658
1545 -1363
-4222 -6894
-8791 4326
-2791 -417
5599 -8606
1802 2990
-3824 -7912
-7726 -5215
642 -7618
8241 -9431
-2343 6260
-7350 2220
-702 5207
6813 -5942
3734 -3841
-8522 -1760
-9493 -9690
9958 -8123
-1508 4388
293 -3749
5274 -9159
-4838 -6154
-4652 5607
-7114 2865
-1300 -2725
-771 -2937
-5366 -7435
-2744 4011
-3753 3426
-4671 7728
-3422 5012
2220 -7400
8807 3273
-6202 5685
16 -8391
4276 -902
-7074 3045
-5958 5615
-9104 -3412
-6240 -4083
1327 5090
-8737 -9952
-3577 -9919
2831 -5179
5825 7442
-1548 -5429
8680 -8114
-5636 9654
3277 -4169
128 -7276
-8441 2354
230 -3963
-9621 -5361
-9179 6038
3621 -6858
1581 8817
-9190 -1030
-6147 -8111
-4281 3278
-4415 -1977
-8682 7647
3445 4186
6500 6721
2659 -4336
5550 -9118
-2272 -5395
7281 -640
9169 8479
1034 -3028
9460 5502
-8451 9412
-8604 -9553
6176 5851
-2776 3206
-717 4297
-731 8513
4140 2569
-7511 -3355
3183 -7986
-4524 -6808
-7555 7006
8070 -9638
-2825 -5563
-6722 2108
-6421 2994
4376 6189
7516 7812
-5251 -5368
6815 3463
331 -9026
5196 -9390
-6913 7205
-4580 -4344
6478 970
3917 -121
-1308 -6042
-3129 -4257
-1207 -9874
7191 2954
5537 -1599
7323 -4169
-3743 -7146
-9362 3007
-7514 -2293
-5156 -6913
-3666 -9630
8566 5745
-9739 -7125
2231 3817
777 6460
5174 -2167
-344 4566
-7425 -6748
1139 554
4513 -2222
-7824 -2625
2326 -1770
9382 4576
-3497 4190
9403 -2748
934 -3503
-562 5623
-7848 -8942
-6281 5032
6093 -7745
6600 -6261
-8112 5092
-9050 -1578
-7231 8208
4362 693
801 7636
-4431 7660
-4225 -9940
-5201 3752
-6256 -9694
6426 -3801
724 -6420
6086 -1542
324 1518
7160 -4116
-3389 9464
7988 -809
-5136 -6641
9483 5752
-5144 -4730
-7726 -7309
9846 -7245
9775 -6706
-7124 9683
-4717 5623
-4211 -5436
-7792 -6598
-7715 7661
5785 -7943
6296 9108
-4498 -949
-9007 -5265
1002 2027
-1351 -9812
-1897 -8931
2030 503
6951 9063
-3321 -3813
2981 1919
-436 4318
4709 9460
7820 -4853
-9073 699
-5049 -5504
2869 1743
3979 -982
3823 5233
6421 3658
3935 -7653
865 -1577
-3646 -1458
3347 -5065
7937 -2004
-48 9848
-1586 -8156
-3269 -1924
-6410 6093
-2681 4340
-3022 6927
5020 -922
4499 -218
3634 2197
-2962 -2102
4935 -9334
-1842 -8848
-9220 4375
-9197 -1232
-6505 -5073
3098 434
-2883 -7160
-5367 9957
5999 2243
-719 -1659
-7966 5274
5266 4094
3931 4269
-4815 -601
4916 5597
956 -3828
-7904 7730
6982 8696
6093 -7077
-9040 -3000
-9705 -2062
8922 -3087
-522 -9277
-2039 8912
-7526 -9564
3905 5533
3056 5274
3254 3849
3252 3964
4429 7573
4526 -6291
-3745 8190
-8253 854
-6085 -5295
-6599 1491
6949 -9640
1434 6758
-721 7783
4646 -8341
-7806 -7740
-1751 -7053
-3300 -5546
2504 -3695
-4007 -5531
-7920 7372
-2056 8887
-2541 4299
-4883 -4214
-9431 7210
-6643 3959
-170 9357
-5594 4700
1280 -4337
9739 -8521
-7414 1492
7991 -2823
8897 6176
-5327 2253
6681 1812
5892 3193
-865 -603
-8463 -3940
-9083 -6894
-6977 5268
5568 -794
5529 -6274
-9961 -4366
-6307 73
9444 3628
2626 -3711
-4410 1130
-1493 -5717
-355 8862
1999 -9115
3772 -1668
-170 -7129
-8061 -1057
-1830 -7030
-9673 8993
4911 -7862
6217 8830
-5830 -3280
4312 7361
-890 -85
-8513 -4286
4614 -1122
7580 -3843
7128 -2030
-715 -5152
-3104 -6136
9238 -2428
-9420 -7332
7137 8301
7087 3508
8917 -9719
5309 -3166
6973 -693
-1272 -908
1104 199
2605 7916
1099 -6625
-1382 -2654
-9715 -4457
4660 -3733
4181 3463
-6945 2370
79 9568
3647 -4521
9741 4497
2586 1120
8857 -139
2621 -8944
-6626 -6935
2199 -2052
-8667 -7067
-4554 -5811
-5472 -6111
-917 -4896
5651 275
3891 2866
-3943 -9839
2683 -436
-9534 712
5609 8706
1732 1862
-2593 6656
4805 5058
8651 -5097
-6045 5878
-2344 5273
1906 5323
-2951 8436
2703 -2372
-4012 -5983
-7510 8377
-1756 -9417
7699 349
7323 -2213
8288 2777
-9286 -1601
7243 8027
-8065 9827
7754 -6049
7296 1375
-1379 -5911
-8415 -1157
-3056 6912
-1842 -9631
2177 -9310
6839 -7671
-1781 1635
5116 2682
-801 -5808
-6687 -9514
7682 2225
-9048 3738
9871 -5118
8768 4364
-8871 5532
-9188 -569
3490 -2862
-4310 -4651
5463 4931
6001 1692
-9289 -364
7257 9639
-9003 7925
-67 -9136
-3761 1129
-1385 -2857
6755 -6409
257 -2880
7455 -4312
5466 8328
6380 -5122
1064 -8278
-4942 6441
8040 -540
2019 857
-5294 -7791
4978 6951
9210 826
2688 -1322
1511 -9627
8574 -2163
-4614 8589
-2913 6333
-6869 -7546
-4621 -5584
859 -1631
-8694 -2115
3670 7078
-1513 -7168
4099 5231
813 1109
-1236 -9684
7762 6670
4949 -9192
-918 -797
1810 -5596
-393 9861
8009 -788
-5039 -2583
5017 7269
-9408 -768
-3107 -2849
-6308 -5684
1896 -7093
7154 4667
9124 3512
-5092 6771
7929 6025
-8939 -7667
-8119 -1177
-7923 -677
-6963 -4730
-2597 -8163
-9694 -8319
-221 5913
1775 9516
-6886 1885
2691 3787
736 -6467
1909 -5825
-1723 4491
2789 -9379
5329 425
488 1595
-4641 -1089
-8744 -3636
4049 -3503
1598 7121
-3038 -6482
5902 -6012
7107 6959
-1194 -8946
797 -9004
5626 8333
4875 1463
-4652 2454
1101 -615
-9155 -9262
-6780 8441
5356 -7183
2681 -6310
1157 2993
-6343 7041
3950 530
-6903 -6630
-4852 -6807
6270 3157
733 4642
9905 9333
1070 -4575
4948 -6755
-9434 -6655
-3238 -4501
-3021 3575
2518 2789
-613 9943
4862 6987
5741 9153
9893 -875
8664 -9469
-8864 2473
5558 2160
-7060 7306
-3511 6124
-1675 6026
-2795 -622
3427 -9841
-1445 1880
-1246 -6477
-6749 3290
4957 6616
6263 -6244
940 4618
-4681 1250
4841 -2049
-9623 5457
-4164 -939
-3157 9030
-93 5786
3998 3945
8546 -7260
-1448 -9556
6763 15
1370 -4892
-4841 5819
6604 -5902
-1755 -1620
-184 -2811
4722 -3605
6177 8605
-5653 -5973
4744 -2625
-1515 -5172
-1456 -8702
4221 6597
4295 -7559
-4705 -4065
-4628 1358
2938 8361
-1737 6568
2352 -1787
-8933 -2293
-4903 3674
3476 -4360
4809 7115
-9195 -4909
3856 -9603
4083 356
-687 -1249
-6181 -8787
-2498 4248
-1963 -9781
7666 2833
8217 -9778
8658 -6679
6019 -2901
5932 5526
2495 -4810
2148 -8342
2596 1807
-456 -3440
-2606 -4622
1393 6089
-3879 -8934
-2647 4329
-2705 -4933
5531 3037
-3163 9208
8632 -8672
-8335 1221
-4015 -7930
8049 5334
-8946 4638
-1694 7750
-5724 -1962
891 8250
-5809 157
-3561 1583
1553 -8741
-7414 -1408
5976 -6994
-5470 -2873
7448 -4379
4878 -7578
-1 -9153
-1367 4919
7424 5106
7969 6523
7098 -2457
-837 -5285
-91 5791
-8386 -9467
-9117 -6874
-2707 -5621
-4842 7530
181 5177
4517 -6571
-9745 7849
3286 6730
-2481 4008
1566 6570
8584 -4850
5141 -5152
3972 8532
-3162 -8473
-3449 -1198
7121 -2125
2400 -2415
-7880 -2542
-5580 -904
9912 -2163
-8602 3029
886 7413
7756 -4551
-5309 -3418
7029 9771
2456 4084
-9465 9568
5333 5405
-1416 -862
-8210 -7605
3893 3444
-3355 3619
-8365 -9174
-2660 -9876
-1035 -2886
5574 -7941
6813 -9552
-9639 7898
-770 -1366
1010 1105
-9808 2925
-6282 9155
7651 -1013
4313 5342
6699 -5235
-4740 3540
-8485 -2171
-8343 -9089
-7515 6122
6993 6459
-5521 3521
-9999 9791
-9732 8225
9139 -5047
-7473 2480
-5812 -3250
8250 -6305
-8987 5623
9654 4705
-978 8870
-3968 946
-1721 7614
8151 -9726
-8226 2396
8335 9704
682 -8589
5347 -3267
3210 5155
6310 -8021
3126 6712
-3780 2877
5692 -7192
-8738 -6809
-8340 -9545
-9042 -6612
6889 -9292
6897 326
6461 5326
-3523 -514
-8554 1832
-7738 -9975
-394 4090
-7971 -3892
3166 -622
3011 -5306
934 3864
-9347 -6046
6741 7611
-9365 4892
3497 -6840
3668 -358
-5552 -9874
521 8175
-3422 7931
-8143 6236
-9525 -9250
-401 2381
2816 8470
-3068 713
7131 -9751
-2672 -7796
-9690 7778
3516 4028
8737 -5616
1649 7484
3584 -4135
6502 2721
8113 5707
-937 -6073
5243 -3879
-9457 -9653
-978 4453
-330 -6302
-8478 4579
-4419 -1258
-8218 -2430
9607 -3286
4232 2188
8278 -7273
6938 -3190
-9685 3468
4258 1908
-741 2685
2187 1003
3114 9544
-2693 -3623
6877 -7299
-6979 -3952
-5293 -557
1827 6894
-2633 4188
-8965 -4709
-9869 2727
-8389 5181
-909 -7654
-4563 -8913
-9854 -3791
-2595 -736
-9588 -6119
6546 3348
-2638 -9908
8934 9211
-3038 -2040
-6198 -533
6546 -7488
2475 -8382
-1273 -2101
-6286 6169
5958 -2676
-4693 60
4183 2394
-9904 1056
-9951 5942
-1443 -1321
1249 -4348
5419 -6839
4734 2342
8838 -1435
-9863 -9012
8107 -4937
5090 8621
9020 4614
-5795 -2145
8629 -2221
-475 1323
-1092 -1619
4286 -9681
-2414 -1447
-1884 9961
-285 9473
8562 2210
1460 -7400
-4299 -4112
-6400 8950
-4980 5664
3181 -9695
-3662 -1991
-1430 -8609
-1689 -4822
-8901 -8461
-7624 589
5036 -2141
-7054 -1643
-5208 2683
-236 -9825
9732 -7043
-7723 5329
105 -2422
6676 -4875
9748 -7308
6920 -9481
-9350 9539
-3878 441
-2931 4919
4955 6901
-765 -1782
-5573 9941
7069 -1684
-9226 2634
-2238 -2744
-5709 8209
-7947 3324
-6272 6727
-4138 -6501
6470 1545
-2910 3454
-9432 459
-551 8481
-3008 -8188
5193 220
-5174 183
-1225 2170
-2667 2855
2209 -7358
5776 -2184
-5437 1770
6093 1312
6612 -9188
780 -8365
5241 -1039
-9382 3867
-6873 -7182
3717 3170
-954 -3508
8186 -122
34 -8103
-3350 9867
-9644 -4595
3229 -2168
-1730 5201
3699 4896
-1151 1851
-334 -8081
8051 6874
536 7492
2621 -3594
8426 1210
6555 -5499
3198 4861
8506 7676
4107 -2981
6000 -9964
4819 -9541
-3383 -4179
-9940 -5279
9277 2555
3130 -8491
6950 -9233
2565 -7661
5319 -975
-8287 -9287
-3817 949
9892 6146
6643 4764
3348 1314
-2682 4745
1757 -5728
-4706 5697
-4456 -4708
-4277 2028
-4538 -4272
6463 3530
4613 3430
-3323 3759
-1664 -3941
724 3061
-6253 9864
-1656 3985
-2032 7640
-6204 -7321
8276 9875
-5350 4400
-7609 -7661
3363 -8423
-2191 -4291
2498 -3933
-7042 6830
1157 6257
8603 9765
-1453 -4697
2285 3030
-7945 -3788
-8697 -7194
5226 -3155
-9547 -6593
1013 339
-6118 764
-2488 -3890
-6161 3384
-6143 -7300
1537 2453
-4516 6213
3099 -601
-9667 -8810
-6757 4991
-1307 -7270
-7804 5517
-3798 2901
6403 4579
4637 735
-8824 8883
-3691 5959
-4469 -5767
3711 1427
-6550 -7428
4236 3794
-5533 8756
-1791 -5389
1465 4259
-1558 -1226
-7437 9334
4292 5755
-8191 -9322
-811 -6488
109 8103
449 4910
-9962 7439
-4029 6084
-4283 -7246
-5910 9404
-9111 -2050
4170 5875
9251 3843
-6007 -1369
-2377 4885
-289 -6897
8216 -8681
-8225 -1590
-305 -999
2363 4859
-4537 -8196
-4527 -2869
-5169 4448
1870 -3444
-7840 5724
3645 5691
-8107 -6394
-5355 1482
-4809 -9607
-8821 331
2116 9671
-4625 -16
-8871 -8744
5694 -6302
-7301 5898
-7143 4195
4922 506
-7959 2867
5284 -3359
-8577 -6656
6640 -3869
2056 8153
-2063 9723
2599 -2896
7783 5272
2711 -6987
-1183 5594
-7583 -2725
-7755 -6302
2894 -5350
-9919 -6832
-1954 -1565
-7398 -3381
7890 2360
6337 -9967
8734 -4690
-1722 -8967
5123 860
-9741 -7104
5498 -9452
-4241 -9039
4601 -3671
3019 -2504
-3175 -2945
7454 9177
-6791 -2513
-5942 1007
-5027 -9447
3447 -1081
-5604 -7773
1913 -1347
-9942 2220
3776 -9493
-6021 -3120
-584 -7608
4672 4255
247 -9613
2045 4788
-289 9712
-8535 1754
-9172 476
9483 -3786
4202 1243
4150 -8760
-391 -7393
-5250 1880
-4952 -2852
-585 2159
209 3938
-3879 -166
3872 8895
-8018 5253
1456 9475
6000 -1670
3115 4272
-9631 920
5727 -6742
5844 -7965
8565 140
6805 9474
-1143 130
-8260 9265
-2548 -6802
4562 1410
4032 8548
2671 8167
-9186 -3276
6633 -6382
3854 7953
2911 4380
8096 6637
5552 8781
985 -5547
8733 29
7693 -9604
7186 -7412
9268 -8864
3882 -2507
-2409 7937
-6371 4682
-5437 -4463
-7687 1779
8168 4352
9792 -4737
-8800 -567
3454 -54
-3174 -1037
569 2014
7318 7383
3242 5166
-3157 -5260
-9719 -269
-7506 -8702
-4055 538
2934 -6426
-1259 3011
7365 -6503
6144 -4718
89 -4593
-7578 2788
1127 -1167
6944 9288
-534 -9202
-3294 -3811
-9209 2037
6844 -5719
8309 -7862
-972 4299
4232 -2787
-9682 1251
6833 -5587
8099 -1047
-6112 557
7152 -6652
-9974 4950
3118 6239
-3383 -4857
108 4817
6884 3583
6998 -1824
8232 8654
5759 659
5428 4734
2179 1745
-5628 -8595
6676 -5747
-2799 468
-6621 5376
9695 4001
-7142 -9845
3320 1694
6903 -3477
1591 -8238
2408 -2300
1071 -8924
9670 -5127
3918 453
8692 6452
7795 -9943
-5926 -7834
9264 -9499
-8541 -5822
8751 7734
-1026 -5942
4463 259
3247 -9066
5135 6374
9445 7287
9182 2742
-3340 4597
6909 -8710
-438 -3477
808 -7375
-9608 2688
8808 -8264
-4853 -184
346 1829
-2950 8563
8687 4842
3978 -7117
-5611 1809
-3248 3155
-3778 -6130
-7046 -6302
-5514 4667
823 -9035
-5835 9372
8609 -1827
-3566 3879
-8477 4957
-813 562
-9730 -8187
-3317 4181
-9047 5917
4514 -571
3045 6060
6087 -2583
-2885 5640
-4868 -1551
1340 -5624
-5118 -2413
-5709 8366
-1531 9664
-4341 -5361
-6481 843
8176 1003
-9179 5451
5295 -2138
-9877 -67
5019 -7908
-7341 -9826
-4728 4781
-7717 -3619
-6657 4436
2546 -7635
-7061 884
-9083 -6037
-5675 652
7180 -7180
-9027 9255
-4161 -2783
8258 -2147
-8918 -6149
-2676 247
-8789 -4545
2950 -3578
9110 -8120
-9627 3029
-4741 -3650
5562 -4771
-6732 -9124
3684 -3130
-6763 -1601
9352 -2527
-2357 2520
-3988 6848
-6815 -8402
-1734 -7286
9123 1783
-7313 4186
-3069 430
9128 -2263
8491 7145
9701 -5587
-544 6122
-2587 -9292
-464 -5162
7847 -7757
-9225 -689
-6350 1544
-6183 -9465
-1005 5821
9619 -6013
-7207 -3155
-7205 2517
-4169 -5589
2663 -3279
-4066 400
-185 -6371
-5858 -9238
-1028 -2243
-21 -7798
-2271 -2684
-5405 4834
-427 9477
7742 7493
-3403 3410
-3269 -3734
8168 6878
-2739 1084
-7738 3292
6670 -5785
-4685 5779
5441 9777
5949 -9144
-1890 -8618
5663 8603
-3987 8700
537 9274
-3284 5525
4034 -734
8613 2827
-6008 -2256
7337 -3084
-6193 -1928
1623 3973
-2239 8384
-3695 -3747
-6571 -9476
-2594 233
7338 3783
9953 -4731
8710 5038
5988 -1445
-5504 187
-8406 845
-3090 6262
3313 646
-2909 71
6281 -7292
-7048 2709
-9568 7645
1698 4235
-6321 2619
8390 1771
-8889 -2003
-2452 -9927
-3596 -8952
1122 3477
-2515 -942
-8965 -5787
6729 837
5330 -9262
-9653 4764
4501 5109
-4381 -1960
-5707 7200
853 3378
849 7839
-4112 -2749
-2519 2130
-7983 7952
4639 522
-1699 5859
-4590 4087
5288 3848
-8174 -8954
9588 -5025
-945 -2628
-2662 9826
-6208 -5318
-9532 1698
1868 -3479
5484 -9291
-6405 -9357
5905 -135
2975 5186
6257 -1498
-4798 -511
7897 5933
8699 8000
3109 -524
-6578 9234
7164 9900
-8657 -5820
244 -9223
-3357 3113
9221 -2580
7856 9967
-722 -5605
-3024 -4970
-3861 -9644
6282 3112
-4668 -3086
-4786 -7393
-8628 7282
-1550 1300
-5836 8965
807 -3518
4968 2064
8609 -1274
-4061 2254
-9483 8261
1954 -7457
4977 4928
-2785 6611
-701 -9306
-9393 -9309
8210 2597
5685 -5809
9389 6114
-7919 -2313
-5388 989
9864 -5260
-492 419
-5138 -3847
-9595 -3946
5948 9729
8249 -2996
-3235 -3483
6486 8796
-8338 -1207
7236 -5730
841 9447
-9089 8186
1538 7677
4862 5604
3626 3966
1799 -7593
4014 -7761
4341 -1778
7364 6526
-2014 8414
2083 1697
87 7009
-4039 -9940
3838 -4534
-507 4863
6162 -8123
7080 -2175
-5514 -5461
7314 3746
6861 3076
3719 3358
1424 -724
-8937 5851
-2158 7920
-6542 6607
-5984 2571
1582 -6263
-483 9164
-8375 -9623
-3559 8968
-1921 -2610
-8246 -8782
3812 -8566
-6554 -6932
8573 -8729
-1011 8138
4841 -2762
-5766 -7895
-3079 -6948
-6647 -8150
2890 -2956
453 1713
-7665 -4443
-7813 2617
8431 6146
-7039 122
-4129 -4597
7975 5966
-9945 -7749
-350 8994
-7424 -7339
2730 8726
3854 6791
-1671 -8154
-9531 -100
-9800 -7262
6278 2452
-8543 -67
-1906 6038
-5380 9802
302 3402
7789 8980
-318 -7860
-6519 5122
-8248 3069
1333 -2850
-1174 -5235
-9314 -6871
5515 446
134 -7017
-2129 -7653
9303 -4228
-9579 9215
7989 9821
7965 -8603
-1534 9198
-7472 8789
4045 5218
1779 9829
-2211 -635
5298 -9612
7297 5551
6553 -1540
9286 -336
4085 -1774
8241 -3174
2858 -3394
3699 4625
-817 923
6443 -3502
-9338 -9914
-743 281
-6603 -9303
-4594 -4467
5606 -4825
-1804 7962
-4498 7236
9899 2608
8762 2016
-382 6532
-9981 -2992
-6339 -4320
1126 6042
-297 208
-8811 -8810
-3292 7445
9907 8658
-7321 6727
7654 -7154
6389 717
-4715 747
-4462 3736
-4597 -7074
-5689 4492
7234 -9780
834 -6123
9628 -2066
2664 3021
-4365 1584
3321 3903
-1705 3000
-339 5836
-1816 -8447
5754 -3297
4203 -3995
-2485 -4295
7434 -2078
5794 -64
3054 -3923
5012 -9918
1784 -2552
9243 1385
8851 6054
6931 7329
8496 -4658
-9827 -2935
6381 -1778
7355 -4994
-186 -6376
67 -4158
4375 2280
-6653 -2091
4713 1070
-8726 1133
7496 -7837
-7248 -2936
-5070 -6038
9241 5948
-721 -8598
7508 -1321
-4006 1844
-4448 1108
-9296 8134
6572 8282
6630 -9651
4108 6717
4655 5279
-3942 6762
7774 -9912
5994 1094
-5942 744
-7557 9802
-7436 5655
-6750 7657
-8619 -359
-692 2344
-9491 -2672
5837 4619
-3241 -7650
-3941 8275
-5938 -565
-2214 -7662
9711 -6756
2179 9607
7094 5924
-1405 6111
4653 -3473
-5709 4160
7833 -5171
8846 -2300
-9784 -2081
-6071 1889
7102 -7981
-8697 2951
3664 6033
8729 -7535
-1446 -541
9676 -6103
-5620 1985
-1541 3979
-8643 9351
-5363 6149
1177 -1424
-9145 8420
-2656 7624
-3842 7152
6709 -6435
8933 6655
-7884 -8936
5130 2218
5593 -8233
-7610 7754
4886 3134
-109 9817
-5773 -8665
-4577 -1078
4408 867
2574 5154
-3603 466
7279 2013
-3425 9094
9339 -8738
-5062 4539
6791 560
-3612 -3060
3580 1029
-1752 -5650
-6933 -3764
-6603 4979
7416 2330
-6899 -4805
-7923 -5792
7205 5106
5308 -8342
3572 -2572
-729 -5409
9211 8385
6878 8167
-163 3541
-8113 -3432
-4616 7154
8455 -7285
-8952 9941
405 -6932
-7723 6327
-3011 -5595
8662 -1661
605 9143
2592 862
2198 -9258
6266 4751
-8804 -6238
-3085 -3374
24 5274
8964 2118
1480 -9801
-4034 6015
1055 1189
-8953 2328
-4580 8970
9733 -7612
5165 9606
2747 8356
-4712 -2822
2288 -8965
-415 7350
190 -7154
287 4555
-4846 -4035
3783 3030
-8012 -5432
-895 -9661
7797 -2862
-6906 7310
6563 -1201
-4602 4646
6041 8916
-2228 9810
-9549 1853
6838 6421
748 -2028
4766 -4422
380 -6762
2523 8394
6997 -9489
-8702 -3141
-4190 -4934
7712 -4136
4033 -5170
-714 9658
-1594 -3850
-5282 4695
-550 -2650
7053 -9776
-5644 9289
-2089 8126
-4646 4055
-4844 9506
-2293 -1393
7281 -2642
9571 9398
7469 -5335
-3616 7781
-8966 -3032
1566 764
8041 -8277
6484 -7516
-593 -1800
-2553 3754
-7942 -2681
-4321 5109
-6191 4034
-7258 2847
-3652 -2337
3263 850
-2723 406
5271 -9779
-998 3169
792 398
-4713 -8543
7747 1668
-9628 -2713
-877 -8296
-7437 3541
1050 3702
-9707 -8001
7584 707
8180 5894
4058 -8529
-7580 -1642
6476 2191
7021 119
47 7704
8140 9576
-282 308
9248 4200
8839 -5843
7869 -4855
1620 -418
6743 -2604
5125 -3193
-1131 -4844
1917 7572
-5258 -3909
8265 -4867
7734 -4254
-1058 920
-9438 -7964
-2335 -5388
1880 1771
6067 7362
1390 3071
-8949 -5390
-5564 1920
-5045 -901
4578 3225
-6592 7089
-6996 -6161
289 7242
2156 4046
-9255 -9751
5236 9622
-8125 -8138
-928 -7642
-1091 -4937
-9860 -8960
-6576 -784
-9573 -7727
-4086 2288
-6054 -4314
1359 7658
3812 -8739
42 -4984
-3443 4520
-9256 1127
226 749
8229 -1075
7970 430
1936 9388
-2363 8898
6813 4729
-3634 8865
9804 -4952
169 4890
3484 -652
6964 6715
851 9763
5014 -904
2161 -122
-5527 1708
1397 -7710
-2821 -7325
-8856 -4512
-7361 -5325
8210 3163
-2444 3083
373 1872
7582 -9924
6179 370
1112 1298
6462 6911
4155 9846
-7846 -3362
9498 -2583
7834 7514
8168 -3585
-1822 -242
-605 9545
-9380 9923
8486 -3594
3088 7758
8216 1765
6576 -5398
9431 8235
-2782 -6747
-4332 -5554
3017 -229
-1926 6137
-6326 -5732
-2802 9604
1672 -5050
-2095 7715
-100 -4152
1497 -4333
-4334 5561
7108 -7061
3904 3184
-3668 -8576
1909 3072
-4356 -8719
7741 -1620
2877 4518
-5579 -2501
1567 3750
7302 4117
-239 4132
-3023 -4607
6664 -1895
-827 3887
3777 9600
-6193 4669
4877 -5360
9018 -6292
-224 5129
-2600 6606
-2897 5949
-3344 8559
-8368 -4201
2017 7153
809 9437
4166 -2084
5728 -639
853 9852
963 4643
4798 3038
9875 -1251
5874 2963
182 -3447
-7069 -1271
5857 6796
5724 2752
-2285 5064
3687 -8370
8972 -5262
-9151 4475
-9054 -6292
-35 8318
8460 -5849
-4191 8215
-3085 997
-9308 4695
7125 4537
9492 5297
2185 -9431
6650 570
-8945 -594
-1683 -6995
-8390 4498
7928 2961
4371 2461
9020 -2322
-6808 -6441
-1772 -2229
9313 -8956
8771 -5727
-9020 7537
-9362 -2192
3168 -1184
3525 3492
-1997 3282
-9697 -242
5992 8785
4599 -1237
5156 5281
-4679 8539
-6530 -8151
2102 -6861
-1412 -8601
-9310 -9500
-8757 -8976
-4928 -7715
-4467 -7126
-5352 4572
-26 -4748
-5718 -237
1250 -9706
6028 -8634
8511 3833
-1597 -2576
5560 8730
5803 -543
-9401 8203
-3645 4608
8723 894
-2488 -1914
779 3959
8519 -1805
-4016 5874
7011 -7765
-9213 9273
2693 5652
539 -5096
3950 6607
-8985 -9043
5298 -8374
-3549 6287
8739 6031
3712 -4772
1410 562
-6184 -5154
8993 -8992
-2083 -7533
-765 -6269
5123 -3914
-4358 -3980
6959 5832
9109 -5956
9726 5836
-8787 -1090
-6278 1491
-6400 372
4174 7220
-8106 7258
5078 -4852
1187 -1215
-1265 -2509
-8726 3640
-8807 -9727
7943 -387
-15 9117
4685 823
6510 6023
-837 3566
-8358 -2893
-9621 8857
-6304 -7312
-4485 9007
-7504 5410
-5982 1835
7799 -9479
-7394 -4712
2209 -9315
-7917 -7352
7717 -3581
-7815 2899
-9277 -6762
5048 -8294
-9131 -2299
2410 -2823
7779 5738
-6272 1762
-310 40
3985 -9254
2380 4825
-6796 -1414
5068 -2059
7102 4211
283 -9526
-1366 5772
490 -7562
8804 -5019
7366 -1994
-2106 -1656
3128 9259
-460 1558
-1048 -182
1453 -2127
-3111 4911
5278 9990
6808 -8529
-5128 2568
-7014 5017
2691 6598
2495 -5200
-668 -6183
8748 -6757
-2602 286
3991 9940
78 201
8788 -7498
1113 9349
4246 -703
3764 37
3791 8382
-7340 2958
-7240 -6244
1754 -9635
7550 1180
7840 8432
-8139 2538
-2548 6718
-2661 3098
7230 4202
-9111 -7613
-4277 -8196
328 6606
-4327 -9797
-8464 3238
1360 -2389
9720 6709
124 -819
3727 7830
9695 2168
6085 -1400
3167 244
-4651 4712
-2915 2938
-6581 -9689
-6173 -951
-5342 -4953
-2488 7613
2622 -6957
-1926 2835
5204 7943
-9585 374
-3805 -2320
-8206 -1558
377 76
-6699 8557
7219 6242
8063 7951
9517 2384
1112 -5481
-8674 4499
-1509 -5666
-8924 -2943
4083 1286
-8539 -6316
-560 5139
-8022 -7799
5565 6731
6896 3785
8317 -3103
-9696 2906
-6140 -3790
-2575 -9612
-5654 7515
-3899 -56
5140 5547
-6201 9255
-5113 5854
8581 -9699
8633 -4739
-9725 -8985
2213 -8008
-724 -7388
-3200 2157
7923 2753
8773 8803
-6403 2542
-6779 -1290
6112 -6046
8622 -7625
6827 -8530
2009 -6119
-6700 3546
6055 1526
-4278 4003
7876 517
9555 1034
3214 7645
2840 2953
-6692 -2771
-2373 181
-6429 5959
5485 -3532
4739 -2539
-4914 -4902
3340 1331
-9058 8756
-2879 6665
9728 -8993
2403 -3566
-136 -6541
6950 -1786
7635 -2879
-2981 -3835
2351 -3014
6651 -1341
6426 718
6780 -842
5191 3433
9935 6239
8606 -2595
8612 4617
-959 293
-3949 -9679
9132 6941
8674 7759
-6289 -2352
4432 -663
-1635 4018
-3839 -4597
7445 -4856
3439 -9894
-8790 -36
2095 5249
-7837 -9851
909 -7309
-2003 -722
-4152 -6840
-1448 5616
-5656 -6594
8325 -667
6055 -2551
-5116 -6209
1192 481
-9588 5341
-3160 2425
3868 6542
692 -777
6157 -4901
5535 663
7538 -8216
-1415 3668
-6886 4611
-3450 9270
6465 -8103
7099 7677
8632 -9147
-1290 -9694
7406 -2411
2895 -2736
77 -6356
-5703 -2081
8987 8306
-4945 -7918
9040 -4862
6034 944
2140 -6979
-6327 -6388
-4380 -4895
1567 -5976
-7604 7820
6065 9027
-793 8548
1472 -4296
-1152 -4653
8252 7080
8501 -1801
-6470 7442
-5048 7384
-7422 2510
4448 -3359
-6279 -2285
2039 6882
-4806 -201
9962 5937
-693 -6845
-2825 -6035
-1117 7964
-9827 -944
-8334 1114
-8313 -4834
39 -227
2800 -7035
7559 -3150
856 9565
8251 9714
7231 -2794
-7462 9784
-2256 -1640
9158 6928
9760 -6860
-1723 -7110
395 148
-977 774
-4303 -6773
2334 3733
4077 -7521
-8219 -9460
-7484 -5046
8798 4036
5742 -4572
8055 -7648
6314 -1313
1332 4982
6694 9788
3132 7254
-7264 6065
8347 112
-573 -1143
-7319 7861
7777 -4157
-8267 5369
-356 -7254
3359 -705
2165 -2041
2689 -8868
-3845 -370
-7894 -3695
685 7624
-3160 4862
958 -9895
-7905 8681
7041 9459
-9509 2323
-3207 4953
-8098 7633
6132 -492
-1095 -2910
-6749 9267
-5872 -7573
5373 -143
-90 9560
-135 2292
4100 -544
-1633 1307
192 -5668
3183 -5314
-8303 1521
-5567 -5496
9855 -534
-8734 -4958
5561 2702
-9860 6621
671 -268
2312 -1659
1563 -4354
-4508 -7031
6309 8460
-8695 -5612
-6018 -2739
6054 -3688
-2149 -9292
4562 5775
-7268 -6115
7665 6643
-4408 -3462
-4078 -3570
-3357 -98
7798 -2875
-378 1086
-6176 -1423
-221 -9403
-1572 -1699
9308 -2071
2683 4275
4158 -2630
-916 7404
4699 -3617
4627 1157
-2153 -3041
-6375 -6977
3051 8525
5045 -1407
9110 -3774
-1413 934
593 30
-1630 4407
-4378 7731
-3385 1765
6814 -9136
2477 6547
-8034 -6339
-3541 -3920
-2827 -7940
-9203 4346
-5136 -8835
-7972 -3273
6911 3740
-2285 -2874
-2201 -3239
4946 4098
5865 228
-7035 100
1642 -2995
-7258 9846
-8576 7623
1429 -8287
4637 -832
-2050 -4874
-8348 938
-7629 -2975
-7188 -3256
9565 -2696
5549 108
5089 -8804
-2745 -6720
8602 3662
-6589 -2963
-4960 -4318
5286 -3768
-1094 -5455
-8105 -3016
-3959 9201
-2875 -1896
6375 -5077
3282 8746
-6761 9729
8 -4062
-9719 -245
6959 695
9330 -8655
-8110 -4100
2043 -8721
-3771 -487
8191 -4494
-4125 7251
-1854 3521
3644 -5308
9525 -8950
408 7615
-4681 9300
9586 -777
5014 6737
2013 -8128
9509 2169
-6615 740
-5381 -5777
-9272 -2551
2030 1540
-7881 7443
-470 1746
-457 -8922
6218 9844
-4254 980
-8159 5433
-3939 22
3802 2609
-5120 -5404
-9682 8876
2817 -166
7672 -2647
3834 40
3849 9660
1701 2239
-235 435
-8320 2112
-4794 3751
2836 -6668
8517 -9191
8054 -6212
5458 6772
9468 5476
6700 7628
-9604 461
4926 -7691
3250 171
-2749 -2416
3710 5359
3390 -4237
-3912 -5406
8208 8649
-4833 -3507
-8680 -7240
-9847 -3770
-7566 9883
39 -3810
7290 283
4023 -7442
9884 -2330
-8078 8440
-9643 7527
-66 -572
5180 5153
1847 -6121
2885 6522
6499 7796
-5677 -305
-8118 -3593
-9006 4248
-6677 3545
-1855 105
-450 -5472
-2489 -1399
9911 -8000
3472 2681
-814 8500
-8663 1120
2762 6700
8982 -5160
6296 -7019
-9826 -2631
-3242 1188
-8239 5675
-6573 3035
-48 -2165
2158 8773
-1635 -4356
-2992 6260
4859 3324
-6379 6810
1024 -8076
1893 8851
-5667 -6675
3673 -1532
7300 -8745
1025 2604
8835 -6960
-2703 -9728
9420 -2666
-144 -1894
5628 -7847
6706 -5220
-6371 1047
-6019 7507
881 6895
-8765 -8250
-4416 9869
8045 262
8992 2009
-1094 4133
-2728 9631
6598 7767
3688 7620
-6746 -5426
-8565 1314
-7659 2466
-463 -1044
2809 9626
7271 917
-1461 3446
5853 2784
-2221 -8854
3477 -3889
157 -4074
-4134 -2903
2482 -3611
-9742 3497
2882 -7675
6008 5923
-8091 9662
421 -5991
6538 -3997
320 9993
8020 -7883
-2516 5213
-9068 5642
-808 358
-644 -8807
9124 -3724
-9973 7632
-4590 -90
2809 4919
295 -2544
3189 -7259
3074 -3641
6363 -71
-2151 -655
-8158 -1874
2495 -8388
-1377 -8292
-4109 6640
9110 9183
-6995 -9813
-8884 -2028
9232 -6877
4323 7373
1481 -9226
-7275 7468
3364 2215
-9709 8939
-8210 -7391
695 -5156
-4185 5230
9041 -5881
9717 572
-8370 -2074
-3625 4422
5348 -3273
-2438 -4945
4711 3168
2571 8661
-6359 -4117
-2532 3869
-2356 3650
-1600 -8101
718 -2798
2066 8569
9453 7901
3571 1627
9247 1229
4464 -8114
9332 -4848
6290 8327
2073 8218
-4916 -3266
3774 -2503
4491 9275
-8948 -4780
4658 6288
-7803 4278
9877 -2952
1086 -5466
-8445 -4733
-8459 -8886
-6183 7666
-9860 6879
8858 8331
-9385 791
-2534 -1026
9442 -8167
-7658 -5236
-3155 7263
1158 -169
-7371 4312
-8011 7040
4829 -4237
-8946 7476
928 5106
-7491 -6286
-9042 6592
9212 5313
-4742 -3096
-7163 -4603
-1192 -3369
3690 -2830
8602 -1238
2009 7939
-5811 1372
-2070 5853
-2973 -6118
7156 -5354
-8604 -1682
-1705 697
6620 3129
-8496 8632
-6206 7762
6406 -7312
5821 -6680
187 -8372
-3371 -1328
7017 5057
-4657 -2942
4464 2099
-524 -1110
8721 -6400
-4032 -5992
9569 7860
-2148 5722
-2875 7489
-7808 -2885
-1623 -6631
-2925 332
3390 -4305
-9371 -6983
4453 2602
769 -2763
5608 4014
6346 -9995
8217 472
7251 -9357
-8200 -5231
-849 -7461
-2353 5826
-1013 7441
-9772 -889
277 7528
3326 -3988
-6581 617
-3867 -2414
3450 -4814
5824 8788
-3096 2871
3912 5220
7441 -786
-6219 7284
-3900 458
4111 7058
-9373 630
6898 5743
9041 -7620
-6661 3038
625 8340
-6818 -2235
-9286 9779
5482 8229
-1648 3444
-1558 -7880
184 -3422
7905 4829
-4514 -269
3031 4946
4131 9824
3567 9213
9063 8413
2076 1378
9344 -1413
4007 -6903
-1938 -455
-499 -1620
771 -7860
-6116 -3428
-3298 1409
-8959 -6758
-5041 7870
-5036 -4470
-4798 5525
3084 -9523
-9595 2068
-9230 5669
3833 4310
2025 766
8350 8051
-7540 -8637
4554 4196
-216 6000
-2449 -3847
-5773 -322
-3396 3567
6614 1919
-9964 9273
9723 9124
8763 3497
4666 -4800
37 -1278
-4934 5069
941 -8424
5402 -8810
-5387 7290
9206 9258
-1414 -2595
-5932 -2811
-3466 -679
-6209 -5586
8962 -7498
1728 -6754
-2504 -721
-9914 3861
-116 7631
-8497 1265
-6688 2539
-4107 8238
9068 -7283
6996 8098
-9032 -4263
4723 6383
4069 6267
8233 4788
657 -6276
4442 -3471
-5330 -670
8141 -5816
6720 7837
7979 -5875
837 6918
9275 -7913
-658 3742
4732 -7055
4435 -8747
-4307 -5052
2563 -4880
-4903 -8994
-3215 -157
7704 6765
-5135 -3998
-4166 -5317
9484 8706
-5309 3383
3495 -9756
7316 3601
7877 1974
4057 8900
-852 -4462
-2652 7696
1641 -8570
-592 9936
-2580 9275
8120 2546
-7274 8684
6097 2106
-6280 3386
-3567 -9195
-9035 2041
5600 -4674
5468 -2692
-6415 -9333
-3348 9533
-6117 2762
9859 8564
-6281 1864
-3986 -4926
4133 -601
-7970 -9440
-7019 5534
-2188 -5612
375 -7006
7777 -104
5507 -3189
-3985 5575
-7823 -2453
1310 -3300
7755 1148
1372 3252
-5690 -8787
8987 -1960
-5493 -2947
5993 5767
6720 -5745
3870 1752
9033 476
-295 -7615
-8146 -6978
8291 -3428
2690 9201
5467 -2622
8849 8008
3944 -9098
-3333 -5481
-9701 772
1085 2496
-5391 -1557
5291 6311
5582 9951
-3491 24
-7346 -6553
2917 5964
-9130 -6944
5127 3414
-1672 8375
-4814 -2854
-9179 -8944
-3956 -6675
7391 8314
8463 -7974
-8778 9351
2788 9154
-2741 1515
-1024 9435
-3871 6200
-9945 9313
261 -4426
6973 9276
2229 -4785
7638 -5780
-1075 -7664
9160 -4952
9874 8070
2916 -4154
7086 353
4802 8784
3394 4146
4362 -3724
-1972 -7444
6292 5043
-2227 -3014
9201 -2266
1268 2862
5137 -7990
-5288 140
5234 7104
8754 6297
7658 -5487
9909 7014
8937 -2763
-9662 -7664
6194 8164
8430 2037
-2536 903
6457 2614
-3281 905
-3273 -76
2872 -2114
8769 -4608
4002 4828
-8525 1858
9084 -7375
-5696 -2485
-1345 4356
-5958 -4894
-2511 -5902
-5323 -7687
50 -1743
-5221 -366
7859 -1733
6338 2872
7688 -3697
5536 8446
-4031 9855
-8225 9141
9372 -2782
7542 -9692
-6553 -7722
2390 5722
401 -3149
6070 -4966
1366 -6718
5301 -6890
680 7788
84 -4338
919 -4410
6059 2815
8373 8295
-2900 -1784
6656 -242
-547 3166
-6420 -9856
-357 4138
6236 -3994
-80 -9532
8113 9218
-5764 -947
-7483 4303
-4916 4642
-5256 -1405
5814 -7054
9634 1588
-4686 5382
-1116 8287
6890 3288
2012 -8144
473 -5672
-7292 2416
-3769 -3301
-8881 4862
6348 6122
5871 6176
9417 -4999
-8905 7038
-543 -362
7948 5063
-8820 6585
5384 -3965
-437 1579
-1599 9106
-9286 7559
-6676 2612
4452 6801
-7611 -943
5792 -9854
-57 -6878
-6304 -8823
238 -2741
6099 -1641
458 -1541
2387 -4195
-3953 -2009
-7606 -8562
6622 -4427
706 1518
7592 -6752
-4225 3330
6521 8624
3840 8621
-5120 -6945
-7523 -954
8411 -4181
-4660 -6895
504 -2759
1084 -2129
-7477 5772
-3521 6665
-7208 -4731
-2945 -721
-4030 -9017
-7227 -8985
1857 -4547
-2846 -1561
3997 9674
-4211 -8602
-1652 3771
2869 8388
4021 9647
-2387 -6977
-1024 572
2088 -9783
5531 -6127
-322 7661
150 -87
-3294 -989
4819 -596
1121 3535
-5970 -9187
-2777 1179
-1723 6776
4330 -878
5308 -8706
7137 -525
2848 4366
-4133 -7967
6919 -8359
3659 -8097
9750 -2827
8922 3701
-1267 -5833
7793 -7839
3492 2832
8370 -3208
6570 1995
5849 5675
2311 -8418
-5726 -8669
-6410 -8547
-683 -223
9505 4670
-8273 -3367
-3771 -8980
1251 798
-252 2599
-4656 7109
-9047 9826
-3269 7911
9193 -2281
-1313 -8303
-6352 -9
-8798 8283
-3605 -8300
-5772 -602
3077 -5332
-9300 9504
2580 -9090
5185 7135
-7134 5949
2678 3156
4951 9624
-7500 7289
-2550 -4128
8239 7095
-5210 9888
5855 3745
1618 3696
-5196 -4015
-6119 7564
-6091 9898
-2924 -7131
564 3499
5983 -7215
-4051 -7548
-3089 -59
-8172 5634
8467 -1042
7268 -5687
8346 9050
-4484 -8037
-5223 -7215
-9809 35
-681 -5255
6490 -1849
6467 -8349
4726 -3649
3642 -1634
9664 4437
5457 -2454
997 8171
5064 -1694
1681 4618
-2518 1014
-5610 230
1763 -2055
-8164 -7798
-3152 8421
438 -9656
-8957 9402
2290 -5010
-9666 4533
8924 7909
5117 -2963
-6459 7265
-7257 -2267
7364 7616
5487 4400
6595 6265
6016 -1557
-6548 -2793
-9225 -7201
3952 -6073
-3844 7823
3959 -8196
-7697 7081
6829 7211
-9496 2799
-7784 7740
-640 1192
-2354 3236
1754 -5146
6118 -1255
-5683 9707
-5358 -2924
5606 776
-5482 -4773
5600 3526
5641 -2861
6333 -8271
-2671 -1442
5271 9014
-5893 4724
4603 -4243
-8996 5258
-3085 110
3044 4994
-5341 -5900
631 2953
3988 6150
4171 -79
-5662 9007
-7041 1635
-4370 7129
-8795 9988
3837 -2836
9276 -184
-1859 4276
776 -8632
4910 -7912
449 3994
-5269 5744
601 5998
-9621 2938
-4236 282
1695 -4221
-9367 9367
-5691 4720
7387 -2150
-2275 -3433
-9250 -9107
1437 -9657
-9744 -8040
4468 -2617
-9734 4353
9688 -3481
-5774 2220
-7949 7291
2745 3802
3630 3178
4363 831
-4113 -1071
9269 -3749
-7059 -770
1496 8075
-1005 -7910
8025 -6747
-5249 -7007
4135 -5827
6662 5321
9700 -8380
-3614 614
-3273 -6667
-1187 7442
-4510 -7062
-2801 1412
-8839 -1241
-1393 -116
8657 4907
-4440 -3756
-7269 1284
-4521 5625
4428 -390
2617 -6309
-1820 1159
3927 -650
-828 3324
6241 5357
-657 -2248
-9288 -8207
-3479 -8955
-1980 8616
-9892 4197
-1873 -7588
9506 3
8625 -4113
-3454 8137
-5029 -5799
-3089 -4150
-6351 2453
-9300 1159
-55 -4946
8760 -6292
1150 1519
8553 9152
-888 -2593
-2340 -8954
1661 -9179
773 -1427
5323 7250
8589 2500
-2834 4575
-2998 -2559
-8750 958
7702 -1810
-2155 -9144
7322 -9307
-4317 -6866
-7920 3591
-3760 -820
8264 6991
-2212 681
-9086 9551
-8434 -5485
6759 -2640
-9192 -9622
1809 1274
-9561 -2440
2154 -1848
-607 9252
5369 5484
6742 -68
-3304 8658
2332 7769
-517 3963
-1402 -1305
6857 -455
-7284 -9608
-3495 346
-9835 -8864
2452 -685
-6442 7685
-7186 -528
-1463 -7839
-3111 -4760
-6022 -9575
9624 -5019
9336 8240
5846 2816
8296 -4435
-1212 6987
-5018 -1077
-1593 282
9842 1351
-2540 9668
5563 1151
-9622 -1933
-1103 2986
-8348 -8662
459 3240
188 -8541
-4526 -8749
-1669 -4553
-5308 8901
-3937 4537
-5261 -4601
7275 -8700
6637 4136
-1073 -6343
-2287 -3686
-3346 -3401
7967 8047
-6968 493
-1913 4304
-6233 4816
4684 5699
-6294 6607
1502 -4469
-7892 6370
583 8262
-7556 6520
7952 -9544
-2522 -7353
-7156 5501
4311 -2702
3510 6916
-2661 2793
-7937 -2211
7863 4606
6493 -8101
-6752 -7489
5640 4469
2875 4384
-6991 -4743
8673 -5239
-294 9889
1745 -2520
-7025 -699
-5313 3567
-7816 2081
1923 6255
-5785 4890
9010 -2013
-4056 -4193
-861 -9608
-2246 -4937
-2353 6371
-7861 1940
-7683 -2272
-4115 -3278
2715 -984
4065 1985
-7201 3985
-623 -3527
1455 -1679
-2590 1497
-3946 -990
4619 7401
161 -1416
-4162 2851
-7653 6973
9526 2814
1983 3948
5714 -2499
6633 -6536
-6998 3366
-5017 1838
6870 8974
4358 -3419
-7103 -1142
376 8532
-8587 5439
-3644 7788
-3298 9018
7891 1665
-6351 -2854
5178 -2017
5907 -160
8232 -5684
-997 5113
-9883 8991
9828 7299
-4846 -6388
4574 4059
-6864 72
-4407 -8348
-934 3996
1186 5917
-9989 -641
-6261 -8567
-8240 -3684
342 6229
8930 4290
-9689 1897
7887 630
6521 2375
9446 -9135
1902 -1828
-8606 -8116
-1300 3474
-9921 -6990
-550 4797
-627 2097
-8960 -9873
-4479 8402
2466 6648
-9030 2186
-2487 -2080
-4442 -1487
-9913 9403
-8556 3489
-5494 -9055
-3523 -3383
8468 5410
-7279 8481
9887 5276
-7148 -2476
-5191 4813
6655 -2185
-2899 -4133
5681 6807
8479 -939
6504 -880
-3634 5817
-5508 5864
-6318 -4556
-827 -1109
-2395 -9262
6025 9379
8856 9602
-2234 -6293
-1364 9066
-4824 2145
5405 1594
4966 -7638
-1960 4655
9068 -9546
7668 -2033
-6247 -6991
7783 1332
-2734 2711
5873 -365
7895 -5866
-4242 -6228
4460 -3762
1734 -7280
2495 7968
-472 3077
-2405 -9977
6950 -357
160 7898
-7977 -1910
3010 -405
3928 -7252
7439 2179
238 -4352
9310 -4382
689 7382
8760 -4733
3127 -6423
3423 2416
-9340 -9940
-8572 1816
-8634 8507
7642 -1918
-8555 805
4427 -4587
898 6774
-313 1732
-7182 -9436
-9290 537
7463 -5097
512 -8940
-8911 -1928
3221 3471
7042 2533
785 1375
2870 -1344
-7112 -7383
5905 4711
6670 -114
-7928 6026
-8634 -8082
1495 5875
9698 3504
-1665 5390
101 4874
2428 -7987
7051 1274
-935 -4825
3862 -4598
-3494 6574
3065 8
5413 6844
3831 1681
7288 5583
-8053 8920
-1956 -1738
-9424 5673
3562 8109
-5862 675
-1911 4429
-6423 4242
3372 -4070
137 -2112
-8135 6351
9997 9321
5962 4061
-49 2109
-5004 4122
8136 -8469
-2647 1400
6342 -9323
-2366 -246
-1690 -3639
9933 -2870
5336 8276
8492 4615
-9709 9929
-2367 7961
-8464 -3090
-5539 3977
-4070 7249
-7056 9399
117 -8916
-5606 -3975
2522 5330
3485 741
9918 -8757
1204 -4660
9912 1601
-3356 -9833
211 -5850
-7498 9067
7574 -4967
-1715 9819
2401 5254
-3295 -1071
4192 -9885
507 -133
2443 -9105
8170 9547
4981 -6952
6914 -865
-9397 -6349
-1405 6201
8774 -1181
-2461 -8201
-8927 -4790
133 3878
2137 4919
-6446 5507
-8739 -5198
-1629 3066
-7806 1017
4063 5453
-8511 -7326
708 -4233
-3845 1092
5642 8045
8242 -3278
-3814 -5901
3925 -971
-2954 -3878
-8310 -9864
2193 -1403
-2153 -9430
7867 727
-1021 5695
8940 -4023
4773 -1376
868 451
4794 6899
9332 7090
1148 4208
9371 2505
-1519 -1159
-8966 -7790
-5225 -8425
7685 7607
680 1113
5100 -9944
46 1024
4570 -1619
3529 440
-1007 -8084
-2640 365
9611 6191
4749 -8256
-1394 -5759
-6977 -1882
7698 -7124
7495 6560
9908 -5387
6680 6576
-5087 3494
-6819 -2079
-8135 -9486
8272 1279
6768 -5412
-3103 4417
-2780 -3637
5390 -2424
-6802 9166
-5154 -7153
4201 -837
590 -5222
1578 1716
3822 121
-6156 4982
5999 7442
5137 -3835
6858 3989
-4482 -9270
-5125 -5585
157 6200
-5597 9992
8188 5458
-9092 -3919
-5990 5047
112 3383
-2878 24
-3062 -1875
-3630 -8869
9137 -7685
783 3538
-5494 8903
3877 -8494
-5769 4331
753 5691
6374 289
3653 -7948
-7350 -2336
-7444 7596
-9921 -1448
2971 -5780
-3176 7632
-5123 7121
8509 -1932
2350 1412
6079 8593
5812 -4795
-2453 -4992
4679 8915
4374 -733
-3505 -5163
2264 3269
4005 -7752
-8847 -5727
1192 3998
4 -6408
-1860 6823
4948 -6036
-3812 -9156
5292 -2622
-1421 9699
7269 -7636
5220 9817
1051 8550
7661 8436
-9246 -2474
-2442 8335
-5408 9778
-9017 7590
2172 -3519
-1574 8220
-1353 -1275
7330 9224
-4884 2509
-248 -3429
-28 -5223
-1292 744
-6182 5312
8923 -6748
-45 869
1110 8675
2379 -677
-7293 5129
-9580 6108
-8071 -6439
-9367 -3552
-3165 -2665
-4395 1075
9592 5329
4052 281
3678 -962
-9280 4507
3861 -8507
600 712
-5559 9214
-7988 -468
-3690 -4464
211 -9542
-8850 8113
291 -6388
-8290 2262
-2356 3296
-5829 7653
-131 2017
3277 -518
2756 -6246
-7018 -3738
757 9866
-9586 -4287
7235 7498
-8724 -3627
-7450 7375
-2845 -5157
-1884 -1257
1298 7807
8853 1808
-7976 -2833
-553 -5574
-7297 -3681
5136 2174
9827 -1062
121 -7918
4009 651
-9936 2714
-6695 3028
8290 -6351
4555 -6254
4879 -2381
-2941 6944
-3293 -5532
-9029 8127
-335 -9709
-9895 -1581
-5579 -8949
7831 -6033
5992 5671
6432 6962
1680 8056
-7420 -6421
-3410 5034
-2033 -809
-2201 -6878
-2927 -4232
5011 -225
-6887 2625
4420 -3676
-6523 -6589
-8530 3506
-8190 5664
-3401 -8594
6098 -3594
-3743 -372
-6432 -3998
5459 -7916
-8086 -2247
66 -208
-7518 -2170
5168 1171
-6527 738
-6653 -2974
-7608 -1330
8864 -6365
-7444 3983
5524 -3382
-6589 -8654
-8877 3032
4879 -4677
-6173 9221
-58 -8264
-6305 5602
-9700 6525
-3778 -1041
8938 5729
-4230 -8184
8167 1858
6920 2065
-8605 -4108
-9892 -8311
6925 -3635
-5637 3517
1664 8000
7708 -3263
4591 -3899
-4710 1796
-3991 265
-4806 -9812
-4920 2231
-2490 780
8951 1052
-3806 4476
9103 -6955
-4707 -7574
-9590 5061
971 5736
6576 -4346
2432 -9972
9067 868
8647 -8306
-9518 7614
5138 5265
-5832 6335
718 -6531
6734 -452
-5313 -1525
5388 -2194
1828 5569
-3179 3569
-7095 1059
-4641 -7926
4574 -7171
7430 -7696
-3595 -3359
9723 -7456
-9617 1904
9701 -8625
-7969 7282
2210 -329
-1301 -1365
6351 5830
-8472 4931
289 -3274
9999 7735
-5573 -7720
-4070 7422
-9644 -9898
-677 -6279
3657 8043
-4609 322
-1813 -6869
2581 8824
3699 -1641
2425 6266
6154 -2451
3119 -9806
-5089 -4628
-2397 8346
8921 -3365
9338 6042
7780 6027
-3128 893
4822 -6441
-2352 -6166
-8273 -2498
-420 9465
9224 -4876
2492 -6601
6273 -82
-2047 -4687
-9000 5705
7518 8519
-5399 -1234
-6811 -1014
-997 8828
-9063 -8656
8570 548
9074 5849
-3482 -644
2849 969
4316 -9315
4143 -3005
-265 6660
-1632 4102
-5682 -125
-1959 -603
7185 8181
3879 5141
9940 923
-4100 -8358
-4660 1423
4433 -2442
2962 9276
-1999 2851
-1737 -1786
-9951 5021
4716 8214
950 5724
5362 6103
4696 967
7577 119
-8591 6893
8743 -7211
3539 1682
9343 -2347
5805 9878
-9802 -7023
3771 -6505
755 -9333
5725 -5588
-3328 -1754
-4255 -6944
-5296 -8080
-3229 1823
1784 -6124
-7038 -5233
6426 8084
-7951 2597
4293 8554
-3452 -851
1404 -8227
2156 -2266
-4689 5072
4664 9508
-6969 8406
5566 7038
9860 8573
3089 -1966
-6406 -1654
4152 486
610 1919
-3431 4776
1928 3589
9895 580
-6044 -4433
9453 4247
149 -7136
9548 -2476
-361 2650
782 -2913
9362 -5278
7986 -8563
3125 -9852
8472 -9640
6745 -3706
-5033 8026
-3026 1178
5793 6980
6007 -9133
-3437 5231
6267 8994
8485 7286
-1529 7331
-262 6384
-8142 1461
-574 5188
9027 -7237
3783 -4424
4936 6865
1447 8521
8701 -4159
805 -9435
-3389 8779
-4987 8257
-482 6522
-1252 7867
5092 3284
-6242 -5549
6009 -8891
-7871 -3714
957 2985
-9104 -6429
-1795 -4063
-4404 5579
-6521 4498
-5392 -810
-41 -8433
-2670 -502
1351 290
3748 -3264
-5389 -7097
-574 -8506
1591 -377
5596 8648
4856 -9429
9068 8712
8625 -1995
3369 1010
8690 -1256
9952 -2505
2870 -940
2469 -7916
-3459 6974
-9614 674
5717 -7222
-6953 8816
8365 -5200
3308 1310
8855 -6762
949 8122
-2797 66
470 -1264
-7625 -2844
4511 -7172
3224 -4575
-1909 -5909
-6064 -2790
1065 -8119
-3959 4879
4002 -1708
-3585 -4335
2962 -1838
-5164 1671
5260 2720
2127 3862
-3459 -7831
-8252 8181
1735 -5965
-9625 5536
-4174 -5969
-754 1636
-5652 -4491
-3871 4033
9690 -802
9796 8559
7717 -2062
4077 6316
214 -7369
-2400 -5740
-5367 3270
2748 5679
-2185 3898
918 -7285
5157 7810
-3012 -3682
-4347 -1483
9592 6244
8692 7383
762 -6207
3148 -1257
-152 -6416
-4027 8426
-4716 8261
-6016 4997
9452 -3236
1799 -7138
-1160 9991
7450 -3163
2088 7963
557 3279
-5917 2235
-2442 -5636
-5151 -8281
-6746 -1112
4422 -2604
-2027 -1551
3809 4580
-6838 -4224
-7456 -579
-2203 -4839
-349 36
-6909 8383
-3976 1705
7399 -4574
-3220 -9378
-4511 -792
-7219 6772
-9248 -7625
7306 -6298
7198 4447
-4124 9144
-2793 6979
-9377 -6333
-1352 1124
2911 -6098
4851 2163
7752 1828
411 -9921
1959 -5320
-3617 -3920
-186 3008
-7503 5029
673 7373
9782 -9997
-8133 -1882
-9080 -8815
1765 -9270
-8494 5364
-9834 3144
-9563 8331
-255 -6583
-5146 -8769
-9482 -9269
-5790 9126
-5062 8675
4707 3566
-9291 1805
1840 -2608
5227 -8758
8440 9244
1025 4622
1471 -3347
-1118 -6150
-8616 -2355
5528 -6044
9124 -1856
-4038 1450
5321 4010
-3155 174
-3263 -6161
6148 -1159
6004 8487
-7001 1018
90 -9817
7940 -5951
-5749 -9064
78 8823
2574 2094
5565 -4855
-5106 183
-3610 891
-5861 -7530
-9422 -3523
7649 -9087
5264 2738
-8846 3105
6519 -3855
1001 -6242
-9397 8413
6512 -846
9986 9566
-4296 -8352
-9554 8254
-4271 9248
-7387 -8413
8563 5067
-6405 -9885
4490 9771
4378 -2867
-1581 1526
-4435 6314
4205 5883
4894 -2710
-4187 -7840
968 -8577
8743 -8728
4099 8408
9261 7370
295 3794
-4347 -7643
-6266 -6312
-5438 -8305
-9126 -7832
7528 452
-8241 70
-1205 616
3103 401
-4912 1865
1930 4916
-2341 1597
528 7419
6761 4647
-7641 -6425
-5543 2110
5201 -325
3368 -9122
-4956 -8302
-3260 -1806
3064 5116
2135 -2926
5841 8547
-7543 -1842
-1208 8217
-3260 5409
-9778 -1050
-8154 5304
4342 9574
-8301 8158
5135 -312
2024 9368
-4744 9362
-2057 9523
1056 -1562
-8741 4783
-8758 -1005
8141 2398
-8956 -9465
5276 4774
5353 -6531
2607 -9735
-8793 -4629
329 -2826
-7368 -8113
-2116 9619
3742 -9278
-9960 3669
-7234 -5709
-7139 -5764
4687 -1254
-6917 -1463
-4359 8130
6771 8534
5132 -4389
-5503 -393
8367 -1074
2664 3556
7031 7243
5308 -2343
950 -8840
5825 9431
1492 -7429
5172 2380
6490 7758
-397 899
-338 3508
3946 9103
-1741 5327
-6477 625
4846 4591
-3999 8714
-2105 5787
8301 -4776
6852 -7633
2998 4403
-4619 -8313
9530 4903
-2667 3010
-7067 1213
124 -520
-6818 5435
3730 6147
4981 -605
-1628 8470
4205 -4736
530 -4549
3043 -2950
-212 1650
3591 -454
-8867 3774
-8370 2366
-4920 -496
2507 8027
-2506 -7979
-4137 -4167
-3187 993
8735 6322
-2064 4203
-870 2841
-4856 6130
7951 -7836
-9436 -9443
-5009 -9585
-2263 -7807
-9955 3699
-6713 -2740
506 -2791
-6135 6533
9034 -8930
6375 -2402
-4359 5311
4585 -5107
-4281 2008
-5888 -6162
-3778 5873
4260 5107
-6863 -4271
9883 4774
-9830 -6737
206 7794
-7574 6942
-9539 6530
-5996 625
-885 -5803
-6673 -4344
-9435 8306
-1080 7645
-2329 1315
1638 -1703
-2745 -2758
-6487 4084
-5494 973
1107 3884
-7475 -1919
-1974 -3465
-6555 -7247
-3445 -5477
-9017 -1253
3414 -3766
-5081 -6467
1112 -6905
-9173 -3852
-2814 9158
3286 3905
6664 8770
-6450 -6691
-2603 -5049
318 -1692
-1088 -4307
6260 -5951
-6202 -9650
846 -4580
9497 2663
-7298 -9577
2219 3820
-2963 -6626
37 -1112
-6375 20
-2488 -2918
-2765 -440
3777 -2871
-139 4048
2442 3478
-6810 699
6185 -8744
-4410 -2963
-1470 -1935
-6190 -3289
-2324 -9573
9643 8116
1620 -1319
2890 -4003
6296 -7346
-7144 781
-726 9657
-1074 5728
2216 -2058
-2337 -78
8064 4829
-4954 6719
5735 3130
668 8607
3290 9369
908 5382
3263 3586
80 -222
-7513 -5374
-9186 -1640
2262 5343
-8308 -8798
6611 3152
-5044 4578
-3226 9680
-1063 -7469
7629 3595
-7702 -3999
359 852
-9174 -6408
5612 6226
-7086 -2855
-4915 -2753
-476 6187
-4108 1623
2704 7589
-6596 -1987
3748 330
-3360 871
-6428 2629
4972 -3338
6060 1252
6842 -4035
8885 764
-6183 3536
-7860 4785
171 5881
1289 5215
9341 -6681
-9963 5356
6401 4186
2556 8416
5335 -3199
-51 -1159
8514 -2135
2560 -9070
-4709 2893
-411 -9942
197 -1924
-4445 9002
1928 2643
-4521 2896
-6709 -8133
1114 -3388
-3950 6577
-2290 9533
-1479 7307
-1545 -2403
4995 -2490
-1444 -1839
9782 -2885
7833 -2475
-2663 -4724
-9470 6366
-2922 6354
6818 -3275
3854 -349
-7457 8994
1066 -1502
6391 5049
-7591 175
2688 -8403
1893 -9350
1410 -2856
416 -6441
-9330 -5587
-8601 -8933
7752 -3164
5068 -2698
-5907 -1154
-4011 -1199
-7001 9388
5671 3509
-3745 -9273
7542 5010
7130 707
-6068 7101
-5497 8909
-7845 -2752
-585 1665
-4817 -3257
-2525 -8438
449 -5428
7216 1742
-4904 -7378
-3736 -8957
-423 -2640
-2137 1061
-1340 -5465
-9980 611
9543 8399
-8349 8740
-8679 -989
7617 -4126
2843 -3570
-7795 -5678
-9771 8089
8924 5485
9782 -7645
-7763 6488
-624 -7544
-864 8192
9315 8841
-6987 2426
5498 2267
6319 -7934
3611 -4379
-2512 3714
4559 -3693
6791 6970
-1011 2832
-9677 9996
3244 6130
8363 493
-8515 -3039
-5292 4952
5809 2913
1414 -2333
5231 2628
-5542 -428
-1512 7019
5156 4305
1900 -3875
-8745 9821
6721 4526
-2206 -3254
-583 -9886
914 -4499
9876 -6283
-8074 -9639
-1196 -4438
-3025 1539
7997 -7731
-2504 -8872
-904 2595
9455 3368
5031 4372
7857 -3871
-1780 3735
-5788 8291
-5516 8673
3492 6145
-2574 8120
7086 9944
-9945 -261
-7796 -4730
7489 880
-8493 -9392
3404 -8125
-5518 6053
-7000 9203
-1875 9584
-2578 6700
2248 -8090
9764 3668
-225 4212
2951 -8730
5086 3109
-1182 7338
-9677 -8627
-6402 1703
4539 4335
9334 8353
696 -4277
-3488 7473
4682 -8074
-9232 -2044
-5936 3232
-1375 5285
-86 4769
-916 -772
-91 9539
725 -9503
-8773 -8078
8296 6148
177 2538
-7295 5237
6747 1516
-6519 1243
-5880 5246
8664 -426
-5616 1325
4656 3032
1950 675
-2392 -6652
9263 5090
-7412 -5995
3381 -1190
494 469
7501 -3894
-7280 4121
-6295 -4883
9043 1472
6102 5716
-691 -4064
2978 -9078
6365 8254
1196 -7609
2217 -3852
7384 8202
