10000
1263 8661
139 1554
-3897 6668
-1601 9782
-6993 833
-2139 -5276
2216 2950
9122 3396
8175 1300
-509 1058
2534 -190
6106 4237
8920 -8465
6952 -8952
-6837 -7627
2818 -8199
438 -7773
-5419 5024
-1872 8837
-8978 7161
2990 4372
-4649 -2984
-7730 -2908
-79 -13
4030 2540
-7524 -147
-7056 5247
-814 6643
776 -543
1810 -6003
8307 5021
-7804 3143
7174 8671
-8453 -3294
-4283 -1080
-537 1696
-9143 9446
-1280 5355
-6325 -8881
520 8965
-4623 1638
1283 -4781
9932 -8341
-8536 -3865
8274 1490
-486 -586
4255 -3881
6463 -4133
4289 9333
-4051 5941
9901 -8477
-885 7360
-4874 -2003
-9256 3730
6710 -9691
1594 -3413
-4924 1257
2697 2407
-2107 1712
-3829 8290
3643 -4313
-8806 -7104
-7782 2798
-6076 -2299
1190 5303
322 2389
4976 9743
-3765 195
-2449 -3009
-9021 9710
-6050 9055
9946 8024
-3078 -5197
902 6767
-9389 -5578
567 -6378
2421 86
2097 -7631
8248 -7605
2446 1270
1722 -5817
1242 -9341
-852 7207
5225 -2414
-592 8209
-342 -2206
-5020 4007
-5411 519
-2510 6196
-8275 5784
1916 7468
9163 -3592
-4893 -4792
492 4963
978 -7457
6655 -429
-2400 2762
8840 -4865
-4533 -8683
9443 -6004
5705 -5762
8100 4337
971 5021
-7094 -7007
571 -7481
-2883 9402
3011 9043
9764 2559
3488 -4485
-743 2553
704 1285
-6332 423
-9525 8465
2602 -8576
6628 -7840
5893 8800
4985 250
-4971 -8534
-8457 3147
-4142 9026
361 1002
-6857 6156
1464 -1935
9677 -5092
-1649 2242
9396 9961
-3327 8333
-6735 -5972
2016 3138
6743 -9621
-4319 347
-7718 -4348
-3260 2416
-8417 3325
-8660 -8336
6914 5751
1542 -3144
6915 3794
-9205 -1721
1064 2644
-963 -2961
-6288 -3624
-3660 -8661
7820 -7222
3541 -9121
-1635 8861
-3589 8498
-5757 3981
4974 7325
-9841 -4130
649 -6209
-2293 -2989
-8789 -6746
1094 -3984
-2026 -6441
-9622 -7101
-7907 4263
1431 -3912
9661 3379
4132 -9858
9650 388
-9905 -7958
-1604 -9212
7193 -2975
-6703 -3636
4587 -9097
8204 5725
7799 8294
6188 -2938
9980 -8436
-5421 3415
-9837 -7338
-9820 3461
-9627 7851
-2619 -2584
-660 4272
-3593 4169
-8644 421
-2583 -3964
8711 7627
6021 7829
-4187 -5494
53 -2096
-4339 5209
1513 6847
4468 3946
3349 651
2405 -2271
4505 -6741
-97 -7399
9049 -3907
-8086 5024
-7222 -4070
-2105 3669
-9309 8581
1347 -8853
6678 -7449
2650 7479
4640 -1524
-5446 93
-5213 -4287
4240 3400
4999 -5719
-2463 2932
-7646 -6013
-6723 8769
-9770 -3898
896 -2819
5701 7519
-3066 -3689
2894 -4320
1672 6588
5540 -3298
1828 4604
6098 -7091
8983 -3945
-9209 -2116
-4662 -3912
7822 5774
-9187 -9625
-6094 -6697
1815 492
8521 -6068
1892 8030
-909 -1005
-422 -9421
2246 5598
6899 9094
-8546 -3823
-5718 6026
-6724 -1310
-7905 6403
-9802 3806
7557 5150
9893 232
1995 -702
-3935 -2504
-1395 -4645
-2819 -7536
-5684 4028
3415 -6279
3114 -9429
5653 7077
-9032 -2506
-7508 7083
-1952 3608
-9434 2237
-3813 8337
-2151 -7205
-5201 -4205
-2776 -6842
-2173 6062
-4743 -5540
5452 -5970
-4412 -3603
1353 9237
-7457 1628
4647 -6183
4779 7762
-2109 9459
-894 4879
406 3376
-2245 -4229
-6584 -6161
-1586 3962
-87 -1926
7256 7688
6582 -7806
-73 -7994
-1866 -22
1944 -7235
-826 -3391
9632 -2096
25 -2465
-2538 -5890
2052 -4845
3633 -3725
-2061 1464
-1421 -5093
-306 9508
8574 8581
-8110 2552
-6697 -8055
4956 -5109
-8955 -428
8439 -4010
-6221 -7910
94 1752
-9376 -106
8668 -6465
1838 8337
-910 -5995
3508 -8979
5898 -3786
3832 -3179
-7921 -9216
7546 7872
3642 -7943
2268 -6467
872 -9007
-7756 5208
4704 5603
776 375
-9225 -9885
2604 8175
-7550 8781
-1419 7322
-376 3290
-9315 8438
2827 -488
-141 -9296
7185 8886
8136 -8043
-5367 392
2242 -5251
4757 -8951
-3268 7507
3484 -5341
-4437 -6387
8307 9522
7523 242
-5138 3482
4179 3254
-6260 6014
9883 9117
-8537 2771
2392 2908
-7301 -2090
-2058 -569
1008 -1913
-5123 -847
-6319 -3570
8275 921
-369 -7234
6468 -9405
-660 -5593
-7793 -383
479 -1636
6504 6311
-2347 8722
9701 7870
7257 1423
-7135 -394
-5869 195
-3141 -9641
8560 -1879
9101 -9051
2445 597
8146 -8080
-899 -6104
-4185 1652
-8425 1101
-5680 3075
-6759 8151
783 2254
7033 -6687
2893 -7955
9493 -2180
135 4218
-6406 -7016
5043 -5284
-5585 -2074
-9776 -9588
-9826 6222
4206 -6080
-8099 3467
2791 7316
7804 -9396
-6188 934
-3423 -9736
-5314 6939
6130 -8619
4596 9698
4103 8684
9236 -9253
-5293 -1603
-73 7083
-5630 5397
7364 -5978
988 898
-9541 6882
6238 7412
9698 -8709
-489 3092
-4741 3534
1457 -7943
8290 3892
7285 3192
7359 3864
1103 415
-738 -4814
-2339 -6961
-9864 -7241
9212 9563
3537 1179
-6833 8253
-8343 -9771
-9401 825
2982 -6667
-6683 -5310
-6558 4428
-7957 1064
-113 -8611
1948 -5613
3726 6986
-6539 8602
8054 8479
-4590 4480
2866 -2615
-9728 7062
4653 352
-4138 -5724
-1075 9875
-1963 2132
9741 -3445
-9810 -1888
5036 -8618
-121 -7994
-9996 2293
4449 962
-3446 5175
2136 6985
-9935 1992
-5449 8946
-8359 7992
-6618 -36
3261 4028
-6777 4795
7977 6924
272 -4253
-4267 975
-6852 4541
1605 9890
5614 -5710
-1357 5301
-8061 -3195
7242 4812
178 1003
-5388 -7560
743 -5999
5724 -251
783 2152
7905 -2569
9961 5888
-9536 -1422
752 -565
-7193 9688
5171 -7401
9131 -5174
-9479 -3351
-2331 2798
2030 2820
5199 1798
-8954 -5998
9038 -6888
1097 2921
-2365 -8394
8762 -7772
-2935 6124
5816 -7097
3367 4989
4960 3842
-4856 -8980
6344 -3457
6550 4107
1881 203
5132 5601
-8707 350
4888 2359
-9691 5672
8069 -1759
1606 -1563
9389 -1645
-2594 143
6852 6472
8074 1913
1592 -6402
-6420 -6906
-3134 -7225
-7256 9097
6755 -6818
9646 4854
5476 8934
139 -8549
-881 6277
961 1382
-5073 8977
2488 -8216
-7997 -7151
-8603 4498
1561 -5600
-8141 -5494
6949 1064
558 8014
3343 -3402
4112 -4115
7457 -1073
9038 4950
4861 230
3375 1642
5588 1022
7516 4147
2559 103
-7975 1676
-3079 9867
-5525 -6109
9685 -7022
-9095 -9780
1989 2794
-3672 8925
-7091 -739
-5150 8708
-8186 -2387
-5930 9752
165 -2426
2578 -2390
9945 5817
2851 -1902
-3166 -5498
-3586 484
8441 5802
-200 9866
-9259 3146
51 -8010
9081 -9523
-8330 -233
6564 -5092
-2441 -6849
-3143 -4356
-7334 5830
-2286 -1731
-9567 -1462
4482 9500
-7425 8016
9436 -1785
9657 8698
-4396 -9846
1534 3156
9417 -2529
-2042 3171
6354 -1842
-2401 -4241
-5849 4861
-1183 8769
557 3320
-6974 1203
2302 -3430
1188 1820
5488 -4394
-8669 9033
-2683 -9519
4477 7483
-7024 -3843
-1327 2085
7944 -1269
-2133 -5190
7575 444
-3878 -2483
-6445 -5123
-8125 670
-2807 -9605
-2033 742
-2909 -7207
2747 6947
9313 9372
-114 5302
-8905 -1732
-6452 8753
-3129 5301
-6951 2992
-6253 4226
6822 6587
1877 338
5356 -1868
-2127 2461
-2545 6273
-4238 4427
-1343 5705
5882 523
9436 814
7017 793
-2215 1294
-6863 7091
-2652 -9575
5393 8773
8058 -2264
7026 -2192
-2332 8593
5080 2024
-7472 2839
2572 -3211
1170 7429
-9493 -1209
-118 3660
-49 -1102
5721 9869
-427 -1826
-409 1105
4017 3293
756 4004
3524 3664
-7972 -8691
-8209 1313
525 1151
1952 -9864
4531 3524
1286 8560
-8549 -9244
8655 3868
-7440 -2075
8683 9673
-7762 1517
5834 -1828
7535 -8659
-1403 7242
-8766 -879
-8978 -4168
8953 -421
-8705 -9430
-3970 8652
5354 -1835
-7918 -9320
9971 5898
3076 -6631
4348 -2828
8350 -8015
9642 -3239
-8423 -9935
2914 -8225
5122 -990
4931 -2571
-9362 -3827
-1130 9222
2383 5013
-1410 5717
7120 -9374
1908 -7297
-5641 7351
3100 8035
-724 -3420
-5610 1433
-9043 -6896
-1747 4117
5769 -3661
-644 8500
7600 -9996
7486 -3615
881 2302
-6198 8907
-4841 2794
-6178 -9617
3120 8490
-9914 -382
-967 829
-1620 1919
6878 4353
-3237 6966
-6887 439
9461 -7989
5343 2074
4422 7353
9814 9389
521 -7700
-8870 -7554
4560 -1940
972 -7579
7405 -6728
7272 -6976
-9705 2620
420 343
5588 8099
-2419 -4589
-2539 3758
3796 4194
-1224 -5672
1984 -6303
-7513 -2311
9941 -7785
-8202 9828
2246 1236
-7787 -1861
7695 9905
-4885 9295
1652 -2408
-8680 -8580
-4887 5425
9147 4858
-3621 -5664
4772 -8022
-7079 1199
4641 -843
-7569 7559
-7660 -2499
-9113 -9925
-5657 -1399
6841 126
5815 -6252
-8201 -7959
-500 1729
-3745 -768
6346 -8906
4939 3123
-4543 1739
-970 -6112
7460 -9515
-2693 4300
-562 8268
-2252 -1938
3265 3248
617 2647
6775 -9748
-9209 2818
370 -1385
-1151 -2765
-1943 -9923
5871 7152
-1456 2063
-8322 -5174
1380 -8917
-8806 -4435
5467 6164
-3244 9437
4739 -3157
-9065 -9640
6306 -8206
9910 -4069
-5338 2967
3977 -4561
-745 -11
1473 8859
-6238 8318
4385 -2724
-4879 -8771
5772 -3365
3805 -7597
-5898 -9052
-1394 -7732
2258 256
-1741 -3579
6313 9032
5717 -1771
9042 -9015
9416 7437
5396 -5000
-276 -1769
-5456 -1170
-4249 1719
4557 4118
1140 4034
-4606 -3003
327 -4914
517 1159
3298 -8627
-2 -6534
-9999 -4220
-3058 2819
9902 2348
-6938 -2027
7059 1432
-2283 -8878
3816 -6691
-6735 -6358
-5394 -3644
-5 4170
5913 -3489
-2151 -1131
-3021 -455
8424 1677
5979 -6825
3287 6460
-9645 -9394
-4494 7334
8837 -2208
-5051 -508
-2674 -8170
2964 -6196
2049 4513
2677 -880
1182 7216
8335 -2991
-5457 -9858
-7427 5401
2710 9282
740 9240
-7217 7918
1586 -6728
5575 -7786
-3334 1360
4755 -2144
9459 -6109
5400 7709
-2266 -7840
8584 7781
4999 6204
5950 -5977
-2309 7540
6456 7074
-5530 785
6188 -2010
5535 -3109
1498 4998
-4317 7278
-8222 -6987
-7063 5975
-2825 9066
378 5599
3808 -1176
-943 -1581
-4738 4374
9327 -4962
-8785 -2716
7319 -2384
-6288 -7474
-826 66
-1227 -189
-7329 36
5102 431
4288 1607
-2320 -5987
-2841 -7065
-8139 -4656
-4191 -4955
3408 6721
-3859 -5839
8476 -4637
3744 5295
2895 5983
-4321 -6563
-4304 -3125
-8773 7667
-8536 1388
-9203 1524
8515 -3298
7047 -386
1355 -3565
-4817 -2825
-3718 -8134
-2171 -505
3965 9732
7358 -8788
4808 -8552
2534 7126
1905 2338
-2054 1311
2555 6361
3358 5554
6137 8964
-1669 8259
-518 8446
5714 -6752
-833 2603
-8387 -7139
3136 -1421
4106 -2780
9352 3677
6911 -9951
-8900 6898
-3725 -4920
-9141 -6129
-4155 -5757
6570 840
7119 -2168
7352 6207
-2853 8921
8438 2823
-6248 5396
-2455 -5776
-2582 1706
-8760 -1943
428 -9436
-4566 -5686
772 6002
3423 220
6366 -8288
-5936 -9549
-9292 4642
-1401 -6276
6919 5454
7794 -5712
5759 -3492
5630 104
-5548 7764
-257 -141
8689 -3326
-4992 -6817
-3296 8710
-6726 -1237
6729 5469
2818 4499
1379 -9846
8230 -7971
-7801 -9449
2652 -8448
4060 -5200
-1386 2646
7720 -7092
6617 5786
-2640 -9031
8862 2360
4359 -5910
3338 -9451
5060 5862
9027 -5212
-3896 6492
-4288 3769
-5763 -9551
6405 -3294
4250 5208
-6723 2568
-780 -9089
-8951 -306
2747 6997
-1050 7645
-2752 937
6906 9364
-1729 7826
-5817 5558
8938 6877
-5798 5165
6919 7278
-2043 7857
-9465 -6676
5738 2435
5565 -9586
-1385 379
-8738 -5933
-6145 -550
-80 -8773
-9561 -4085
3475 512
-3359 -6289
-1606 -8210
-692 8962
-7883 -1750
3968 -9135
-4404 3850
2221 5788
6455 4202
-5024 -5891
-9444 -9599
9023 137
-4033 -1341
-3407 -5366
6568 -3284
-7080 307
4641 241
-1157 -1559
2243 -7775
3646 8803
705 1998
-8341 3800
6866 -9223
-8281 4538
9360 6456
-9525 -4147
-6208 -7382
837 -134
228 -70
-7512 4850
-7893 1571
-4469 3913
-3923 2267
4984 -1743
-2449 -5759
8393 -3169
2485 2027
8468 9399
-3826 43
-9210 2798
-5982 7045
2626 8592
-271 8192
-2157 -6641
-5865 6553
-9204 -3499
-6549 348
7 -400
-9574 3197
-7405 573
-5 8809
4332 7015
2076 6853
-419 -2343
6703 -3506
-9066 -4624
945 -5525
5032 -4530
-5333 -4208
-8824 503
-668 4856
-3606 1376
-9114 -8981
2986 -459
7733 9769
-9093 -4819
-936 6441
-7761 7963
-1105 -4337
-4076 -5292
3415 -783
-5348 -5703
-5675 -16
6185 3165
-8397 -57
-7650 879
-9744 -7265
-7419 3292
9974 -9997
9681 8281
2528 -753
-6265 4758
-2135 -187
-8162 -8789
8349 3620
9489 9653
5347 8838
4160 -5388
-7215 9665
8823 -1128
1437 -9523
4297 -2346
-1071 1271
8672 -9110
6365 4480
5414 9935
-8166 -8288
2016 -1513
6338 4402
5744 -6969
7763 6408
-736 -4721
-2617 -8131
8855 3821
-1971 -6213
3998 -6596
7108 7651
-2036 -7288
3799 -8183
-5655 -1211
-2790 -5870
9818 -6387
9863 -5915
-642 4522
-6554 1291
6771 -3902
-5710 4469
-3701 -2272
-7792 -7764
5668 -7845
4290 -6717
7474 4376
-7773 -2911
7752 -1496
1651 2709
5184 -8055
-931 875
-3337 -8856
-5109 8476
-995 3809
2795 -9304
-3396 -702
8425 -912
6059 8776
2513 -1007
4516 -3113
-5025 1191
356 -4602
8480 -823
3638 2160
-569 8008
-2387 -124
-4840 8827
6081 8714
-4367 -3570
-9388 1647
-451 4018
-5763 8725
9654 -2010
4707 -7167
7612 1490
7495 3646
-3866 379
8193 468
-2024 4683
7177 -4985
9372 2001
4743 -6389
-4660 6202
-9743 -1036
-9527 8301
6972 -8583
-5618 2866
6498 2309
9433 1932
682 7688
5168 -496
-2672 4905
6953 2614
-4518 -8901
5185 2238
-3030 -3324
-6457 2518
-3228 2768
-4175 5781
-3547 8615
7637 96
-7972 -4231
-5743 -9770
-7953 5196
2576 2558
4615 8564
3194 -3616
8760 9091
8176 -4228
-4409 -7883
-3617 6053
4204 -8890
854 -7371
-8784 -7353
1393 -3251
-1828 9895
-8763 -5910
5385 6865
-6315 1806
6036 2579
6630 217
6073 3093
7706 -5280
-4020 -8679
707 -5710
8741 -2889
-6558 32
6107 618
8871 7165
9934 -2325
4919 -827
3076 -2379
8288 1277
-6813 -9686
497 5991
-7059 -508
-8313 284
-8807 -1563
1963 9492
3647 -4390
4271 -1030
3431 6877
-5491 4759
3974 -6255
9155 8525
4850 4760
9497 3353
621 7424
-9115 -6344
7320 -4946
4343 899
-2968 1758
1862 7284
-3981 -5416
7056 -734
6487 -4751
1708 -9347
-8769 -2348
2742 2139
3357 1508
-497 -8986
819 5194
-4524 3154
-6341 5005
-2708 -5118
2356 -6040
-8544 -641
6153 -5090
7203 7227
-6539 -976
-7089 9693
-2369 -4684
6467 -2676
-5123 9484
7819 -4241
-1167 3265
3939 9724
6753 3761
9469 4785
7066 7167
117 3924
6776 -1393
5505 -34
2088 243
8618 -6347
-5222 -7530
-5117 -1779
-7681 -8608
-1991 945
-1172 -5091
4831 9503
3978 -5315
2262 5885
-4483 -9589
6605 -1121
-9612 -4472
4308 -705
8986 4496
-6480 -7386
9339 -9389
-8630 7141
7676 4643
8106 -1253
-8731 -206
-9590 4248
583 5143
7727 3353
-4944 -9647
-960 9272
4616 -5753
8605 7223
-5690 1197
-1400 1131
3057 9500
6750 5369
4321 6677
-94 -7549
-4636 5281
-5588 -9219
-5803 9272
-2136 6027
-5149 -9061
5573 -5722
-1350 849
5428 -6603
-9233 -6483
5301 4949
1887 2092
-7695 293
-2909 -3871
7416 8694
-9292 6864
1879 8617
-9337 5655
-3969 9169
1095 -6853
4951 3517
-6485 6514
-5193 4598
-9058 -1304
6376 5434
66 131
6630 -8373
-6443 -4249
-74 -7473
-9071 8250
9905 -7908
-5864 7385
31 5747
-4256 -7214
-2640 2525
2813 -2302
-8622 6679
4543 -4142
164 -1185
-3026 4800
-675 9119
7433 8259
1709 -5233
-2488 -8158
-7501 1135
6029 7598
-6321 -8107
-1010 -6239
9939 -8567
-8022 9609
1754 -8707
8967 1116
8548 8960
-4937 -4540
-1680 -3635
3101 -4264
-5040 -2811
-9003 -665
-5389 -7571
-1049 3719
-618 -5813
3733 -4271
1166 -7810
-4473 -5358
-4213 -2115
9431 -1919
2414 -2113
4919 990
-1975 8928
7768 -8181
-1213 7765
754 2735
-1810 4566
-5847 -6203
3445 -1323
1776 6796
-1320 -8438
-3697 2363
8300 -9755
1916 5914
-9033 -1703
-2836 9529
-8064 -3427
-5448 8847
-1929 7868
7628 -2530
7328 -7577
-2346 -8282
6965 -3069
1443 9516
6908 6434
-9919 6700
172 -7276
605 8417
3929 8988
-1525 7901
-308 -1715
-538 -6914
-9636 -8594
-2872 -4299
5498 6034
-3120 -1152
-7662 -3400
-7881 4716
1683 8721
7139 -7795
5673 -5816
5343 1274
1271 -8786
-9072 -6434
-751 -1564
5286 7294
9348 -5610
-2454 -2126
6818 9504
4292 942
8828 8376
-9405 4419
3288 -5950
753 4980
-7702 -557
-4205 -2915
4393 8193
9738 1444
2384 2340
-7506 -807
-3308 4790
-6619 -9147
3026 -1040
-6169 -8913
1014 5379
-7258 -9186
-862 489
7566 -3092
-9663 2815
-5525 5022
-7480 1029
-3176 3669
-3802 4537
-6684 -7362
3618 -9591
6479 7140
-1327 -5123
4603 2673
5800 -2360
-448 -4520
-1067 -2602
-1565 1550
2220 1044
8780 2240
-2527 155
-858 -596
8626 -2119
9253 -6787
-5713 7514
-8962 -3526
3238 -4409
4926 -9754
5152 -3797
-2376 7401
-2530 -9642
5000 4128
-3020 -4840
-5030 -9111
-1978 -66
-7704 6981
4607 -8576
3681 -7754
4189 9548
-1110 5244
927 -6384
1526 9549
619 -6232
5020 4861
-648 -6405
756 -5342
7316 1716
8469 -6619
-6797 -4826
5527 1100
2336 5819
-5961 -946
-6540 8701
5803 5942
-845 -9746
-87 -5863
7484 1379
-4722 3207
3697 -3117
-2176 -4747
-8843 4167
2287 -9919
5929 7745
1837 7765
-9858 7658
128 -4445
-9829 9831
2351 6325
-7612 -3608
5360 2213
4136 5923
8930 3965
-7788 -1562
669 4142
-3196 -105
-5883 -2156
-8588 -5649
5032 5019
5059 -6291
2411 -5039
8433 -787
5583 5418
3138 8579
-6386 -6551
7983 2715
2322 -7219
8042 -5845
-6783 -3354
7545 9703
2767 -1458
6551 964
884 -9127
2158 -8330
6989 9163
5019 9357
6190 3423
-4168 -439
519 1448
7046 -232
-3523 -4292
8963 -1748
7389 -6622
1883 -4564
-4100 -9451
3637 4356
3284 4601
-5490 -3604
7210 568
-4070 8103
-2167 -3055
9636 1233
5746 6805
-1225 -8490
9871 3818
-4287 8034
6650 -2308
8164 -2102
5584 -5756
-4928 -7180
3446 3045
-2831 -5283
-5469 -9992
-4530 4835
8247 -2232
-7071 6269
-3622 2397
5187 -5735
-7493 -9324
9069 -5045
4869 -584
7231 6114
-8201 325
-260 6495
8233 -2991
792 -7468
-2493 927
6005 8090
-807 2810
-3833 -5185
4959 -1278
8842 2736
-5198 8123
2042 -6253
-1643 3365
7515 -4668
7893 -9633
3053 7009
-2955 -3439
-8715 -2739
-7637 9282
-1568 7464
1453 -1627
-1966 1887
1503 9988
742 9482
-2638 6721
5542 9196
7982 5758
-2428 4304
-948 -8936
7149 8580
1953 -701
4033 1746
2516 9
377 9766
6663 4325
8215 -7444
7872 5377
-3478 -7138
5954 -3116
5419 7597
-9906 -6404
-5568 9306
-5141 -7855
-377 4090
8078 -6300
5390 -4186
6437 -3496
4132 -50
1447 -9665
9647 2905
8006 -6144
1932 5636
-109 -4719
60 -6883
2682 8764
7209 -3109
4556 -5703
-6842 -2892
1612 2100
-1950 -7730
4521 -4272
-3546 -3845
-1144 8320
3232 -8782
-8020 654
340 9665
-9614 2723
603 7566
-6438 -6288
-5939 8151
-6315 -1179
2816 -1551
-4534 -3489
-3614 -4562
3891 2728
-7515 -9141
5855 -4907
-8002 -9918
8504 -8704
4281 4876
421 -3656
-7144 -6531
2377 8130
-2484 8930
-8957 -8139
-9156 -3241
-3 -3660
2252 -3410
304 -8311
2028 -953
-852 -3424
349 6670
-1856 7733
5233 -8989
-9530 -5787
-8898 -2937
-4437 -5081
3156 -1828
-6627 5930
7131 -4153
3120 -2560
776 -6186
9853 3093
-8298 7811
-8064 -6098
763 7913
7843 8448
-9405 -4301
-1424 4770
-2947 4745
-1968 2421
9869 -9040
630 637
-6325 -7176
-1759 -8173
8090 4975
-6170 -8777
3077 -6454
-7888 -2697
716 6076
-1907 -328
7804 -8371
4939 -563
8135 -4377
1391 -4053
-447 -1421
-2205 800
1515 2207
-2985 -459
-1827 2898
1316 -4878
2064 -5530
-2677 -8847
1463 6252
7057 -4446
-5778 9364
-8994 -6561
-4586 -1618
-8074 -8519
-8067 544
209 -7992
7439 -2686
6220 6300
5397 -8385
-397 -5227
-3853 -7930
7422 8488
9792 -6559
9190 6711
-8889 -7197
7753 9937
3291 -5209
8792 9169
7807 6886
7416 -8604
2898 -750
-7671 -4394
-7116 3922
5032 -3335
2713 -574
9138 -3134
1284 6149
7572 -9292
7309 5842
-3077 -4911
-4855 6394
4654 -4020
9723 9722
6102 -4599
-4578 3438
-1962 -1601
4384 8297
-2102 -7317
4766 -1870
1102 647
-223 -7869
-8252 -9186
-8120 5830
-1301 -880
6971 -4328
8239 3939
66 1594
733 -1286
-2756 -868
-443 5702
-2990 -6952
-1044 -746
-192 -6061
-325 -9005
5171 -2552
9350 -1708
3709 9476
-2472 8618
4130 5212
-9651 -3012
-5274 -3726
3583 6830
3495 5245
-8111 5285
3523 -2527
-132 9299
-5263 -6969
5793 8172
3167 9829
7962 -5462
2259 8921
9274 7228
67 -5055
7175 700
9458 8044
6766 -2420
-1349 6273
-3160 -3629
-5204 -4733
-6516 -1609
1798 9266
-8948 364
-1370 63
-5468 6951
5022 7377
8595 -4776
-7817 -757
3555 2740
5393 9021
464 9862
-1002 6425
-8784 -4355
-3421 -6865
-7052 4800
-4430 3695
-2307 734
-8963 1565
7443 -1224
-7303 6285
-3566 -2258
6072 -3108
-8454 -824
-6064 -9892
-1426 3074
6565 2631
-6554 -6132
217 -338
2670 9372
5181 2601
9266 -9576
-2925 3596
1073 9474
-9456 -5656
-1792 8005
-6578 -9765
204 9624
4179 -6406
-3678 9634
7346 1937
-2151 1049
1560 -5583
3662 2283
-4717 -4920
-8946 2933
-8312 -7953
2975 -9893
7141 4033
-6195 -5865
2681 1668
-4282 2480
5976 -2150
8013 1617
-3275 -509
-4827 1758
-5470 4754
1309 1485
5377 6340
9618 1173
-5758 2314
9507 6940
-9885 5152
-9575 -8566
1071 5295
1853 2691
-7703 959
-5013 8980
-2988 3380
-8713 -7651
2931 1105
1706 -1471
2781 2832
-7674 -5360
3354 -2439
-6675 1260
9243 -2453
8185 772
4019 -7219
-3116 6561
970 -813
-5417 -2096
-2582 9966
-9716 -1158
3635 2638
8869 -7743
6030 5616
-811 -1516
-6251 8405
3117 -4719
-2630 9989
-9603 -2963
6588 2025
-3692 7046
-1060 -7405
7624 -1920
-9811 -7183
-6452 2005
-1128 1912
5993 -4484
-3839 -5582
2764 -1265
-1974 -7607
-8094 -8384
2757 5956
-5201 4000
-7143 -4990
3648 -8830
766 4090
-4649 7393
4710 -4149
1848 -2507
1017 3344
-4864 6317
-7664 -5269
8656 8388
-3423 -746
5017 -8231
-3310 3126
-2311 -2181
-1574 8624
-5876 -2778
-4530 3118
9647 8945
-9211 -4012
3928 2964
-1342 -1675
8499 -8431
-451 4891
-805 9083
-1676 -1828
6677 4239
-6071 -3810
8521 7584
8747 -8467
3352 -3938
-3750 5700
-4401 -1477
-2429 -9562
-6721 -3198
2796 5004
-7163 7552
6311 -1853
8951 -7713
-1301 -905
8553 4419
6875 2745
-1897 6362
3767 -5920
-4573 2771
-6589 5872
-4516 3410
-9369 -9959
-9085 4884
5143 9704
2690 9275
-134 -3251
4535 -9904
4660 -5261
-4497 6804
7229 -2753
-3482 6259
1881 -3070
-6584 -6763
3527 -142
3794 -2722
-2408 -7228
8701 7619
9185 3573
-7410 3711
-9303 -2543
-299 8220
-4114 4912
-5900 -9493
1286 -7688
-1737 -5720
-3361 -1210
1130 -1378
-9164 -3932
-4605 8214
-5520 -6806
-4576 5219
-6817 -9293
-1616 4461
-2092 -5569
-2155 9383
8859 5931
331 -9621
9510 840
5943 -2144
-2514 964
-2441 9925
2446 -7947
-1809 -8467
-179 3275
2599 -8701
7216 -9588
-8345 8379
-3619 7121
-8753 1971
5496 4316
-2950 8360
2359 4723
-4118 4783
8399 -9147
-3972 5018
-7772 -7901
-1826 6807
641 -2007
-3731 -2247
-270 4076
4114 9358
-2376 8419
-3002 7608
-7790 5534
-7325 -4397
-9996 -5541
3552 -6283
-7714 1349
1290 4725
-6266 2522
5031 3899
-8343 -8063
-9251 9440
4717 3611
-1695 502
5588 -4576
-5158 1083
8918 7189
8142 6962
9840 -2181
-6860 -8621
-7412 -6085
-6540 -1642
9978 -5213
4203 7631
-2173 6105
3318 5064
-877 1375
-7726 -436
34 9953
-4199 7542
5909 4389
3121 -4271
-9348 -2381
4056 3769
383 9392
-4047 9082
7811 -2358
-304 -2639
-1121 -8330
5550 -3765
2471 -7649
3022 7803
8350 -6061
-9794 8249
2971 9196
6335 -2106
533 -347
314 -4170
-9301 5918
-7422 -3622
3828 1149
1708 -4254
-2060 -7005
2041 -2107
-1770 9301
6249 4239
8619 2618
9102 3580
-1950 -2039
-7477 -8122
-2533 531
-7424 -3086
4253 1635
-7832 6038
-5788 -1856
-8296 -2388
-8530 -4282
7592 -4623
-5092 4806
-7905 -8039
-7020 1035
2834 -4506
2933 3581
-513 -7569
-4133 -8810
670 -7968
-8543 -6568
7894 1500
-2918 -1783
-4503 814
8131 -5099
-3547 376
8237 2944
-3807 172
-2588 5953
41 -8786
-5269 -9312
1699 6836
7925 1714
5808 -3596
-7172 -8044
3695 6302
-183 3286
6594 -5656
1578 9556
-1925 -8128
2088 3319
7254 -4361
-4983 2378
6394 6022
3237 -9149
9794 -6453
-3786 -139
5008 -7883
5214 -4238
9266 -2548
8831 2310
6855 -308
-3559 -3209
-4732 5908
-8449 9866
913 9113
5318 6122
-2768 -4752
-1404 -8890
-903 -7329
6468 4041
4439 9701
3718 -8079
-2769 8254
-2218 4631
-1340 1401
2586 7237
-3970 544
4010 2286
288 -6964
-7644 4247
-987 5440
-6985 8247
3345 -9744
3422 -8568
-7125 -6626
7227 7118
-5758 5758
8269 3735
-7001 745
-7362 6615
1986 9619
2840 5355
-7622 -5502
-1368 3219
-2156 -6159
9161 -4114
1291 -2416
9177 9019
-6203 -2634
76 2691
3617 4916
9750 -5368
1037 -8579
-2961 5901
-8864 5417
5337 2041
-5524 7334
2614 -1832
-2538 -1314
-4626 -9147
-3975 -8332
3806 -5601
-3071 -4989
-364 -2256
-3294 -7955
-3935 9053
-7485 -8416
9846 -9966
785 2136
-7290 -659
7574 2555
-2029 -8301
-6580 -9126
-6958 -4984
1122 -7693
-4830 9045
-1110 6098
-1992 9789
-8686 6960
-3715 6864
5342 -6626
-7477 6700
5758 -9517
-4566 -1858
-3318 5411
-8376 -8083
-2532 -5390
4479 5768
8016 -5059
6389 163
6237 3114
-44 6609
7722 2188
7028 -2998
9961 3366
1690 7856
-489 -3930
154 -9738
-9363 -7389
-1929 -448
8717 -4874
2835 9608
7439 3483
-2800 -2827
2532 4347
7059 7936
-5996 -7546
-1235 -8933
1596 8093
5922 -640
-2087 -9795
3896 3550
6180 393
-6805 4099
9324 -453
-8681 -5413
-4217 -7830
-159 9647
5861 8517
-8173 11
-1000 597
-7593 4380
2429 5006
3440 9250
-8185 9265
3843 -4000
-5189 -5197
-2002 -3075
1948 6365
1638 4318
5824 -7450
6040 -9466
3736 879
-3761 2829
-4557 -1639
3022 6685
305 -1484
-1823 -4501
-7406 -1196
1209 9687
-9372 2542
-2873 -7783
6884 6203
8386 -8999
1627 1601
6638 4796
2892 5902
-7592 -9781
-537 5957
-8792 1933
-5870 -7729
-5451 7042
-859 -3076
-1965 -6417
-7516 -9774
1725 4706
4872 5280
3684 7972
-28 7821
-5576 -797
4889 2481
2883 -1741
-5992 -6041
-1195 -9882
8982 4263
-9067 -3016
-5525 -5955
830 8865
-7109 -3955
2220 -9415
-2127 6716
399 -633
-351 -349
3022 8960
-5284 -348
6381 -8016
8073 6558
-6880 5005
-9370 9468
4169 829
4765 -5527
7763 2230
6572 -7559
-4136 -6195
-2043 4963
-4688 -2533
6144 2836
7590 -6402
6704 9183
510 -6718
-3416 5585
8908 1602
9877 3107
-5226 -8861
-5093 -8708
6472 -6542
-5562 7863
8347 -7973
4069 -5327
-9516 -6210
-4830 8170
-8008 331
1651 -3828
-8185 -1039
5373 1619
-81 -759
-148 4202
980 6642
-7173 8981
-4910 -7031
9411 -171
-4862 364
-7503 -7689
8311 8016
-1078 -9621
7908 -435
8187 -9986
-5915 6039
-6533 717
-1372 -3526
104 -3185
-1885 8905
-3022 6887
594 6555
-8564 -3064
6658 3342
2733 3112
-5604 7567
4660 1194
8284 3797
-4578 5510
8152 1393
7545 6698
-418 -5171
-8638 -3065
2309 -7358
8733 -6346
3838 -2169
156 3420
7514 -7392
4237 4933
1551 -9744
9354 6944
-1083 8939
5027 -5769
538 -7638
4278 5192
5262 -8144
-1097 -3124
-5167 -4917
-3325 -72
-9817 4467
-1333 8388
-1321 2458
3164 -5627
1198 9448
-2402 -9890
1716 8058
8443 -3813
-7566 8338
9086 5306
-4992 6506
5687 -4441
-4544 -1968
-8946 8007
7398 -5879
3728 7138
-7690 5044
-1583 -3961
-2795 -9753
4367 5873
3624 3257
-8568 1646
6787 -5818
-287 7318
-426 9789
-4813 6315
-6 -733
-7957 7840
5588 -5491
8506 -46
-9281 -228
9696 6735
-301 1796
-4108 -284
5928 -7838
-4185 7786
1076 -6632
5366 1160
-6214 -7400
-5343 -3186
1190 7373
-3939 -169
-5337 -5585
7119 -4524
-9041 8252
2629 6222
1455 -3742
-6947 2438
8015 -9310
1591 8529
4224 4242
-320 2366
5994 2856
-3261 7778
-2178 -7516
3174 1604
355 -2049
945 178
-3928 4185
7418 -2346
8297 4225
8589 7376
-7805 8304
-6173 1881
9402 5918
-5414 -5827
-2817 -7104
-6705 4011
-7591 5850
-6350 5714
-5281 -6292
4734 -2890
-3953 4836
525 -1779
-2434 -2231
-3996 8943
9164 2839
-9410 -2026
783 6551
-2416 -4374
1871 -4947
5875 -8122
2195 -552
460 -4312
-9341 2522
-7064 -2551
3878 -2267
7057 -164
-832 -1406
-5602 -6246
-5122 -9974
-8998 8628
-443 -9310
-2729 3768
-5671 -8440
2098 -6844
9167 -3854
7585 1292
1279 4330
-5304 -1330
1297 -2490
8450 8397
-4114 -5764
7206 -6698
-9118 6628
-9236 -9585
2488 1070
4357 3654
7591 4547
4203 -6946
6009 -7860
-316 2125
-2760 -2541
-1141 4122
-9651 -804
4328 -3578
7126 4888
-8820 7393
7728 6185
10 6617
3618 -6088
234 -7743
2985 4691
9053 5788
-2449 9859
1293 11
-3208 -7256
2748 -3224
-2823 -7431
7793 -157
-227 1284
-8112 1677
-5277 -56
-4134 -2490
1454 7699
8161 -3084
-1524 -5845
2887 2740
-952 -1149
9844 2750
3040 7117
9585 -6240
9323 752
-6201 -1378
-9198 -3989
399 1331
9744 -7543
590 1186
5630 8034
4094 -9870
3732 -7469
-2850 -1219
-5303 8526
7129 3371
1207 8490
4071 -619
-3132 -2997
-5758 8610
7029 5844
-2935 7984
-353 2979
2426 7709
6777 6998
-7669 -880
2366 -556
4699 6726
-709 -2994
2685 158
996 3086
-203 4075
1355 512
8381 8671
5979 -2728
1125 -973
1366 -6191
870 525
-7351 1528
5705 693
7936 -5100
-7152 7933
-6924 9876
-4338 6978
-1215 -3814
1082 64
-9268 697
9677 5794
-9571 -3069
-9008 6015
2976 -4642
2000 -1475
2478 7358
-7195 -8503
-8763 4673
-4543 2922
8863 4297
280 -5755
1309 2895
5367 2662
2947 366
-533 9210
7213 -6073
-7285 -9216
-8368 -9226
313 -7770
1681 -5462
4807 -6798
6602 -3959
-576 9261
7854 5887
8373 -584
-6417 -5601
-2798 5278
-813 6207
-200 4809
9962 -4221
-5683 -7687
2045 7690
-6202 -2238
5848 2603
-756 -6368
-3445 4706
-9448 3174
7697 -7163
-9654 -9414
9691 -9780
-5826 7925
-3691 8244
630 -381
-3321 -1023
-4100 -251
-1205 -5366
-418 -2553
-8558 -1618
-241 -8929
8335 7247
-6542 -3815
6374 6753
-4117 -6310
3633 3805
-4187 -7376
4830 4645
8869 -7279
6671 5621
-1094 -8723
-9843 -667
-7715 -2629
9914 -2641
7660 -8781
-5423 8870
550 -5352
7745 -4884
-8077 9672
-6475 -2410
723 -9386
2843 -5569
1504 -5069
-1650 -3867
-8537 7724
-6079 -6146
-7474 9894
-6680 9266
78 -1748
-8584 -9687
4426 -1539
9113 -7664
2309 -5960
1391 -9371
7006 5501
-5779 -8649
9713 9407
5716 -2111
-8215 4023
4114 -1439
5103 8521
5404 -1405
5947 9376
1734 -1722
6377 7324
-3871 4010
-3572 2868
1610 8206
-4463 -165
6648 -5007
5320 3064
5450 -205
8444 -7896
9184 1446
1125 -7359
2096 4315
9752 1744
-8947 -7175
-7132 -6160
3755 5732
-9553 2086
6062 -9484
4129 -32
-8500 -8097
6458 -6105
-7616 3629
-1992 9563
6930 7293
-7853 -5912
-9999 -7058
5644 4152
6545 -1930
-4953 1828
-4420 -7143
6094 6863
94 3376
-7924 -3008
-11 -6642
6500 -566
-5519 -4725
-3625 6502
-9242 5094
950 1993
-4608 6727
4254 -141
3959 2439
-2326 5456
-4433 4811
-4165 -9471
-7119 -6718
4682 57
-7262 -9732
-490 3162
2117 -2755
-6930 -5706
5416 -8276
-1855 3986
2852 6171
-3091 8948
-4152 3408
7317 -8354
-368 -1688
7755 3550
-2199 -8422
7901 6175
6545 2187
-7000 -5566
1651 2270
9517 1174
-6836 -5850
-1193 -8616
-8048 -1340
-1047 -958
6421 8674
-3736 7468
-7145 -1784
457 7124
-4228 7884
-7458 -7506
4333 -4046
5437 2752
9367 -6504
4465 -5075
5047 2498
9952 -7371
-1628 4374
-8920 -6569
-9950 -4841
-3209 2021
9318 457
1473 -3404
-1084 37
-3887 -9618
-8993 9286
-3666 -7701
-84 -5332
-4770 2515
8683 6673
6463 -7759
4836 -3917
3280 1477
1321 -5938
5696 6203
9205 -4332
8673 4207
6358 -7022
6340 3808
-803 -5586
2033 1906
6392 233
-5180 -3420
-1693 6614
-9830 -9262
-8763 3955
1178 3311
7082 -9491
-1330 1761
3024 -4969
8236 6690
-9349 4830
-8176 -5783
-8962 -1345
1462 6810
-50 3067
9949 -8739
3796 413
8002 6713
9835 8865
4640 6787
-9441 1659
-959 -5105
5532 3173
-8476 -6860
6596 1709
-7448 733
6165 9926
-6771 -8877
6405 6861
9545 -8608
-4450 6458
1131 1910
8737 7830
-6272 1272
949 2799
5036 -8218
-229 8838
-2966 557
701 934
1656 -2848
9639 -4014
-2566 -3345
8104 -1934
2035 873
-9178 5451
-3232 -8534
-116 -3922
-1214 -3939
6672 -7513
-2788 -6827
-35 2913
6703 -2064
291 3898
-9956 3430
3293 6646
8141 -9348
-3798 -3969
6749 -985
-4502 3285
7708 -7188
-6086 -1353
-5137 -1819
-8958 -7473
2860 7721
5047 2235
-6801 -4323
-2031 -3323
-3373 2251
-5203 -5070
4865 181
-4298 -1390
6126 -9985
8287 -1684
-1205 1993
1157 5290
-9688 -7954
-5659 -5686
5966 -5299
6216 -4944
-8644 -5902
-8951 -5710
-5681 4488
-1110 4269
1407 -2149
-8511 -5616
1217 154
-4434 8074
7914 -6503
-3371 -5570
9415 -4550
-3987 5276
9987 -162
6460 -5668
2621 420
4061 8884
1664 -5719
-2770 -844
-2336 -2410
4091 -6208
644 -7014
-4825 3010
-5072 -1799
5429 -5397
-3320 3326
8241 -3939
864 325
1848 7425
843 -8745
-243 8823
5091 -1097
-2117 -1917
2797 -8778
8686 4736
3711 -6232
-6841 44
5265 6879
4134 9705
-615 -7185
-6216 3281
-9569 1238
3552 -118
4130 -4841
7402 -4541
6052 6971
-935 -6770
2853 1599
7989 9057
791 -6258
8710 750
-209 4492
8907 3648
1891 -3581
8147 3088
-6018 -9895
8078 -3873
6209 6704
6362 -5307
-1668 -3639
6342 -2715
4961 6106
-1079 4412
-8872 -1554
1777 8735
-3976 6784
511 -8323
3340 2396
-5918 677
290 9092
1394 6805
7538 -5350
-953 -9560
5350 7285
-6504 -3783
3231 7972
2803 -7030
-3396 2225
5597 327
7609 -3179
3917 959
-6238 -4375
-6654 -6807
8708 9590
-4742 2483
-1706 -3137
4814 -8563
2648 6763
9342 -2805
8428 4388
-8965 1459
-3518 -1389
3256 -8007
-575 6714
-8222 9111
-5389 5992
-1564 3256
-7961 54
6003 -6454
-9071 -8086
4379 -1819
-3438 -1732
-9045 8145
1022 -419
-6056 7412
7133 -4162
2818 -678
-9097 -2982
3630 -9292
632 -5675
8300 -9479
8049 7416
2840 8154
6438 -2781
2846 9813
742 8802
5047 -7879
3639 -2191
-5796 1329
7857 1818
2261 -6645
-4385 -887
-3030 -5837
1412 -4420
-1298 -8513
-8192 4272
6502 2260
-9283 -9887
-1451 -1692
-2955 -5575
3804 -1991
-9753 3255
-3446 -8472
-6032 -6329
4294 891
-648 -4146
-271 1483
-6939 -1123
2825 2411
3659 -8498
-4542 8336
-7454 -895
-3725 4234
6304 2425
394 4770
1988 1925
7500 -8024
4561 -8956
-4201 -4278
-2215 -547
-8976 3169
-6734 -3497
2123 -5762
1488 4030
-4069 -6234
-5345 -6277
-3389 7358
-8665 5943
-7650 -1838
1138 6759
5739 6088
-4607 -1736
-9352 4727
-2048 -989
-9176 -4757
-9213 -2480
-8954 -1844
2141 -1981
7498 9247
5219 6942
5845 -612
-3574 -6756
-3442 3299
4704 -1896
1692 1946
8035 -8133
-4358 -7529
494 6740
4607 -5153
-8939 5751
-1020 -8840
3862 -7269
-5172 -1771
453 7174
8716 -5113
9665 -6970
-1534 -1750
-7329 6223
4572 270
-1764 88
6353 9537
-8713 -6921
-8640 -4576
195 -2241
-2290 -1635
-6606 4856
-3062 1985
2718 -7846
4801 -6964
8796 -1222
-7746 1875
8672 2919
-1333 -842
-2318 8215
-9185 9632
5589 -3196
3453 709
-7213 -3018
9458 -2810
-1085 -7588
2442 -6664
-5506 -4238
-3302 -3218
7490 1688
6917 7317
6740 6970
5990 -1233
-4966 6002
7569 1669
-1279 8731
-2945 -340
9569 2024
-2045 4370
-6270 -2895
-6883 -6112
8915 -552
-2898 6550
-9769 5901
-4122 -2959
8546 8994
8083 7493
-4479 5663
-6165 -1424
-5941 -2886
3179 5058
-3188 955
7688 2186
1128 -8648
7288 1077
-3855 -6815
-3514 6440
-6860 -7073
9935 -5762
-5497 -230
-4366 -6557
3779 2488
9943 3281
6767 2346
1946 -6017
8395 9585
-2029 2024
947 -9714
3335 -1445
-8877 1731
-1600 -3266
-8685 -8884
-3488 -9648
8622 4667
9843 -3738
8961 3786
1598 -3217
436 -5784
-9113 -7757
-7139 6133
-9010 -2651
366 3684
-165 4256
5775 -1320
6846 -3917
-6228 8660
3661 3313
7857 -7387
2269 3992
-5345 -1759
5969 3906
-7332 -7609
4798 522
6042 -2287
4416 -4191
-9369 7958
4105 -5216
9766 8326
-8458 -7133
-1744 7989
-247 -3187
4466 7259
7718 -1584
-8499 -9749
4638 1318
1254 -6256
5448 481
9914 -7430
745 -3405
8228 9513
9851 -8160
5699 -3189
-8807 376
2443 2844
7706 -7144
-4894 -7964
-4872 6386
9399 3361
1266 -6908
-7206 -3719
-4426 -6863
9445 -2601
7528 4393
3910 9659
5580 8589
-8026 8243
-8212 -2469
-8591 -9550
7412 -1357
-9238 2637
3211 -1946
-3201 -990
1984 -6922
-2749 6484
1309 8275
5418 -4632
-1110 1630
-9368 -8167
-3204 7536
3856 2066
-6382 -1915
-413 1590
425 3250
2436 -2790
-6939 -9717
4865 -2224
5156 -9097
3817 9640
-157 1861
-3741 2094
2535 7539
5976 2187
-1714 -9384
7076 7494
4883 -4575
-8389 -3011
-3010 7325
4935 -1094
4663 4038
5729 -5128
-6922 1676
7050 826
-435 -2147
6711 -8031
-6734 1710
560 4422
-6748 -5702
1230 -5944
-5003 -8795
-1764 3175
-4094 3934
-4679 5124
1734 4567
2298 8461
1663 -9882
9931 1676
7925 7120
-8475 8595
3485 5691
5273 9695
-4527 -8391
2589 718
5610 844
396 2189
4850 9485
2475 -5036
3715 7437
6009 5602
3615 -3151
-1812 -2002
-1597 8270
1864 4509
5302 -7584
8788 -8088
-935 -4936
1938 4586
-8112 6120
2221 -5083
-6324 -1730
-7915 3132
-7318 -8243
-9239 -596
8966 -1179
-5835 3253
815 1752
-581 -8638
-6514 8543
-1167 5060
-5209 -8121
-5394 258
-6554 6664
5885 -5964
-9542 -3213
-3125 -9148
-2288 5094
6876 3880
2343 9870
3595 -5238
-7799 1173
2465 8299
1567 6637
9607 -3245
1462 -898
9229 -7801
-3248 5735
-2134 4841
8769 -607
4723 9367
-6004 -6872
7092 4537
-2750 -4704
-5245 -1419
-5518 -723
3671 -755
3007 -1010
3789 2321
4946 8888
-7382 4010
2878 -3365
5109 -2431
-5298 -7270
8020 8655
6712 9724
-1715 -7182
3554 327
9252 -7328
-9855 1306
526 3834
6027 -6150
-1831 4905
-5598 5678
-3200 -9239
-5117 8116
8838 5212
-3526 5741
5656 9826
-3012 232
-2939 -946
-5171 5863
-2625 4037
-9370 -9100
-3745 3600
-9648 9402
-9283 4775
-9633 -8578
2290 4076
-6110 -6997
9519 -9089
-7964 -5569
-1598 2989
7797 2874
-3789 -3240
1530 9564
-7663 2935
-3034 3351
-3667 5076
1182 3540
1433 5869
9440 3421
7274 -9626
8019 -9937
-3886 1250
6233 -3726
-1693 -6640
7502 -8489
-5134 -2780
6194 8452
8280 8235
2491 3619
1102 -7800
2616 256
6121 -7308
-4424 7171
3010 369
-8531 264
-8715 6522
-6941 1482
-2729 803
2775 -5381
-2603 -1666
-3161 2628
8922 9847
-4577 322
-9153 7792
5956 -2709
6709 8117
-3836 -589
792 -1933
2769 -2725
3960 -6358
5408 8351
-7351 3227
-3297 9696
629 -1151
1111 6092
5671 2556
-2042 -1240
-3102 -1696
-2692 -9953
-1366 -1260
-2721 981
2125 4059
-5894 4653
-3062 -9623
-7672 -1059
-8313 3454
-2558 -2913
9612 -9988
1353 5096
-2905 9781
5425 -6299
8247 8796
-4801 -4482
-6546 4176
-8524 -6049
9573 -2322
7330 5235
5737 177
3030 -3578
-601 -3800
-4445 2688
447 -3925
-398 6709
260 -9001
-3302 -5545
-9248 5493
9268 9142
-5492 -3513
-8344 -7839
9017 -1837
6091 4874
7907 -9780
-3426 4504
9981 9059
3299 -895
6501 -3063
-6673 -30
8690 7204
-2057 -1576
-5394 3155
-5387 9854
3740 -1786
4461 -5841
-6519 -2120
-317 8757
-4795 -4697
-9283 6666
-5674 6277
-7338 -3980
6499 835
8544 -1029
-5651 -961
-5745 3916
5517 -9203
8760 8676
-9297 -9522
9725 3757
-4134 -9214
-2896 3843
5407 -3508
-7547 2424
-7588 -7929
-4286 -8547
-3687 -2847
2820 -8622
-5962 -2613
5812 -9018
7513 5616
6936 6420
-8965 -1228
7208 -6350
8 9229
-2439 -1970
6692 -4296
4545 -2934
-4203 -5453
-5068 -7705
-4975 4115
-7222 9091
-2682 -6091
-2597 348
6521 6770
641 7395
636 -3173
-5168 8835
577 99
1609 -2245
7861 9966
-7830 8426
6064 2062
-176 8958
-6695 -8229
6965 3988
2355 -6460
-978 -2138
4289 6612
-4530 -1001
4254 -740
-3993 -2674
-3146 2000
-7866 -7222
-3932 -9220
3677 -2517
-736 -4865
8171 96
9354 4696
625 -4249
-9609 -5536
3237 7604
-6957 774
4027 763
2348 -1265
9226 -1703
-9904 4555
9132 -3737
-1732 -7171
9742 -2686
7704 1027
3623 2464
5736 -9280
4264 9509
2976 9873
-2439 7859
2344 3835
-1116 -8538
-1686 -6130
4867 -8580
-2815 1169
-7445 7933
2298 -5695
-7933 -1795
-7226 9887
2604 4903
6373 -6503
-6597 -9909
-1994 2255
-1727 -6976
-7710 2172
8905 4187
2145 -4784
-9929 7167
1269 3719
-9152 5803
-8233 9351
-1940 9517
-5750 8996
-63 -7234
2282 727
1320 -9845
-8073 7607
-8104 -7670
3168 -3932
9679 6315
2883 -9331
-9745 -8525
-7531 6309
-7305 8588
-7378 -1950
7466 -591
5578 6055
9332 360
392 9709
644 -1374
7370 9966
-6816 5266
4013 -2954
-147 9106
-3043 -6236
3012 -4699
-8007 1884
8456 -871
4038 -3531
5208 -7451
-9186 5354
-3577 -8863
-5341 381
6154 -5307
3706 7201
4301 9057
5232 260
-2295 -1916
1024 -2410
9522 1262
-1086 -8439
-5369 -2589
255 8138
-162 4540
5143 -5798
-1464 7453
-9235 8152
5582 -8012
-2483 5679
5084 6335
2590 -7851
8706 -4931
8118 6337
8359 407
-9533 1380
8304 -3827
-2555 -6442
-9474 -15
-4749 825
610 -308
-519 -263
-7102 -9189
-8560 -2606
-7804 1324
942 908
7700 3428
-98 -1305
8908 -3385
-4417 7086
-3872 7893
-6963 -7722
2331 -1476
5042 -629
5643 -675
7508 8728
-5079 6305
-9053 -997
7663 2949
7788 -7464
4716 -4054
9204 -7845
-332 -3273
-9909 -2784
-1134 -2522
-2658 -9427
9958 8948
5453 3892
96 -474
-7982 2531
8062 -2363
-4766 -575
-7558 -213
7870 3713
-6631 2609
-7665 5244
-5600 7985
-3620 -3306
-4390 -5502
3571 -9510
-3825 -3058
4543 2895
7881 5467
-237 2577
5212 -6071
-3800 1871
-3665 2902
7725 -7942
1374 -7441
3963 7585
-2715 -4603
-8713 -5674
-417 -8620
9606 -4438
-1337 -3431
-9277 -6523
-9483 2367
1042 9027
794 2359
-8851 -1404
3177 -6442
6470 -465
2176 1148
1779 9549
-8760 390
5067 -9159
9090 789
-9281 -8482
268 8735
-5247 -8746
-4117 -2509
1383 -5258
8896 2235
-8321 8130
-8868 3955
510 -692
1198 -1394
-7072 8158
7900 -7645
2240 -5598
8384 -7967
-9977 2545
5070 7690
-6079 2383
3055 -2135
8867 7283
-9232 4563
-1221 6623
1507 7518
6637 5950
-8405 7048
-263 7002
5872 -1798
-6963 7505
-8256 -4488
-7497 -6018
8156 3611
-5046 -5589
4572 -866
-538 -5348
8435 -149
3252 -2183
-3900 7859
6436 4863
3416 -7893
3386 -9884
3180 7980
4531 3813
8604 1814
9696 -2355
9172 5095
5846 2578
2066 1524
5494 7285
-154 8915
-6990 1758
9929 -7760
-8994 3251
7729 4988
1399 -4101
8122 -2617
-8682 -3797
-5083 1271
-274 -2454
-9341 -1710
-9513 5126
-2993 -7340
-3631 3456
3772 5425
2562 -6994
-9781 -9781
9324 -5529
2671 7558
-9650 600
272 -1569
6465 8664
-2292 -5569
-7123 -4770
-2232 -6484
-4865 1549
3509 -4556
9141 7163
-642 3781
-9862 -8634
8624 8902
6657 6153
-9539 -4535
-6569 -3963
5143 7466
3931 6771
-2314 -2559
364 -9261
-5955 -5924
-4480 4233
-8972 3993
-4318 3768
7079 5308
1405 -990
3116 -9922
-3968 4884
848 -1542
-6698 -4839
-5779 -1113
6812 8144
2893 -9433
-8048 -9
8784 5224
-9377 -2251
-1306 -5958
-5468 5058
-8977 -7167
-4622 2019
-6159 -7289
1455 -2744
1350 -509
-4937 -1575
-2422 5597
831 2803
6251 -6049
-4627 -2263
6215 178
8330 8971
5776 2753
-4658 -8154
-2990 -4085
2909 -1153
9659 -3249
5154 885
8713 -1247
6824 -792
-5768 2936
6290 8638
-9803 8231
-1705 8027
-3354 3186
5028 7162
7292 6676
-4314 8207
-6138 9146
-9806 600
-2661 1499
-8000 -8988
-5813 -9973
-6724 3778
-3526 -7464
-8971 -525
5671 -4378
2202 9249
-9781 7467
6000 -6477
-1926 -2333
-1892 5985
-9002 -512
-4033 -6669
-6195 8491
-1968 8974
736 3194
6607 -3955
9698 9870
-5591 -8682
4691 910
-6331 -1142
-3028 -9801
-7380 -6468
-5053 -2512
9826 955
1610 2497
-7904 1406
-1332 -4010
3575 -6239
-3857 -1989
1738 6595
-4623 -2760
3762 -376
-606 -6422
3220 -2416
2949 -4891
9164 2793
6225 -4196
2960 -4354
-4080 -8185
-1987 5632
268 -4018
1437 -1044
-6937 -3236
-1612 5260
4904 -6488
-4260 -5443
-9418 -5049
-9674 -6877
-2135 8326
1211 -3184
5356 -4991
1927 -4703
-5759 1686
3192 -948
8097 963
9819 8590
7754 -5643
-2477 -6168
-8380 -3718
9141 -1516
-3311 4088
-8034 8150
6035 -5784
1898 -8144
4820 -1396
4969 -1267
9864 -7198
333 1089
-4012 -1951
-7957 -6796
3979 3963
4633 -6317
8252 -9573
997 3476
8602 -6705
123 1678
-262 8653
-6261 5314
3619 954
-7958 -9993
6613 -1154
-529 -8922
9541 -4124
5013 7367
-3603 4606
-3031 -871
4821 8052
-5474 -1711
-9376 6826
-2941 -2275
-8955 -4491
-2183 7855
-4091 1733
2861 -153
-8999 -4180
6221 -5134
8441 9800
-5530 5455
-8295 -4997
1532 -1333
-275 -5773
-2113 5432
8929 2320
-9555 1578
6694 8495
4769 6253
-6086 -9098
3332 738
4241 -4516
-642 5170
1115 -7838
-9725 -5772
4157 -1340
3887 8380
-7250 3889
6683 9554
7921 3854
-9966 -768
8489 -2461
2781 -381
6705 923
-8558 9244
1613 5372
-7763 -8678
-1935 4605
-5880 9100
-5514 3057
765 4135
-8679 -2754
2668 -6099
-6621 7649
5067 -1175
5626 -2377
8763 5255
802 6697
-2654 2941
4897 -5082
9829 -2118
-1918 -4854
4928 -3563
7267 1526
3659 3504
-5503 -3795
-7143 -8407
-1872 4499
-6815 1078
1381 4370
5272 1550
3115 2184
2104 1584
-1076 7121
6105 5399
-125 3200
-8028 7916
4595 207
6853 1972
-9671 9722
5478 1987
801 2594
5215 6173
3235 3755
432 6802
-4032 -4142
5580 4857
-9965 9667
8719 3907
8135 4195
7177 4524
-3007 209
-6592 4729
1501 4309
-856 -2963
1225 1538
-1165 6801
-2126 -1820
-6566 625
-4190 -1606
6164 -6876
8574 5022
-1713 -5764
2560 -8055
1255 -3118
-6830 -7511
-1897 -1031
-4487 6426
-8000 8348
237 -6889
-1506 -3868
-1293 -3257
4526 -4898
6671 866
7676 5195
-81 -2178
-4574 4477
-5714 -8646
6464 -1566
2742 -2611
-317 6720
-5908 -7138
9842 -9849
-2964 -9129
-4472 8118
-2356 1778
-6138 9023
366 -1562
-1852 -2426
-3771 4685
7262 -901
-3441 -6908
2244 -2091
-720 5898
-4514 2896
-6435 -8550
9284 2458
-9964 -5040
3470 9704
-249 -9951
5845 -5229
-2363 -878
-1425 -1136
9750 72
-9197 -1903
9868 6344
-5501 -5601
-1403 -2006
304 -6715
-7928 -8563
-7995 4846
2583 1160
-2879 -8907
8532 -3829
364 -1521
9145 -2616
-9348 -9476
-1377 8324
-2830 1381
-8002 -5189
-382 4629
-5840 6069
-813 -6943
-2398 7446
-4567 -7753
-2143 -337
3488 -9624
6558 -8734
8929 4318
-2782 -8090
4654 -5748
5794 -7104
-1498 -6786
4024 9480
-880 -6823
8178 6841
8944 7373
1638 -8153
-8173 9621
-4164 -701
3209 -7127
3808 9531
7598 -5333
-9527 6081
2914 -5132
6677 7200
5550 8141
1237 6852
-6784 5656
6350 -6109
-8837 2349
-1680 -1768
5956 9087
8508 4557
8850 6945
8318 -3212
-1524 -6524
-4961 -6935
1155 -6948
-4349 -8235
-8765 7559
-116 5580
606 3471
10000 8439
-6514 -2571
-3777 5199
288 -4743
7270 -9891
-2288 8060
4937 -3484
-251 -3834
-5516 -2004
3979 2265
-613 -1385
8734 -88
-6720 -7949
-6827 -1433
5905 -3327
-7542 -7392
-688 -4989
1221 2165
5507 -501
859 2829
-8293 2581
9724 -8322
-8410 -7257
2756 -5944
-3267 -2862
9540 -6079
-6989 2612
7813 -7420
9063 -879
2937 4484
5204 716
9755 -979
-5000 -3080
8204 3445
1838 -1920
3775 9745
-3225 7819
2810 -5356
-8657 -925
-9476 5717
-9303 -6395
-4983 -840
8583 -397
-3416 7838
-4737 -354
1504 -7430
-3114 -4426
-3608 8809
-4279 -9321
-5253 -1999
-5380 -578
3007 -5253
8546 7959
-9163 -2103
-2754 -7841
-9761 300
5124 -1902
7071 -1123
2931 -6836
-4145 -3972
-6139 -5944
8301 -1416
1080 -3170
-997 9700
-4751 -1765
-993 3214
-3567 -2628
-9115 -1436
-6617 -9771
-4859 -3828
433 3721
7067 7994
2518 3791
-5092 -2918
9337 -3829
-7842 -5858
-4423 8581
-5868 7349
6503 7878
2799 5204
8753 -3895
1541 16
151 -2325
7002 2103
5661 9364
5772 -5966
-275 6682
-2842 -1486
-9423 5883
-6197 -498
-4360 -3357
-5966 -31
7400 4953
6821 -3346
3015 -1463
-3288 9536
4921 1214
8964 2824
-6019 5194
2991 7843
-5866 6664
-1281 -5542
-2722 -8982
3966 8779
-9531 5556
-6654 9400
9494 3718
-3189 8466
4131 -7723
-1631 724
-3972 2827
1226 3363
2302 3287
-839 6441
-2071 882
1328 9023
5370 4022
-9937 3224
6309 -1420
-4116 -272
-7625 5319
7093 6372
-2996 1336
-5447 -2668
4409 8902
3546 -1185
7668 1281
2604 -2435
-6070 -8423
6664 7008
3492 -5480
1872 4418
-3206 2458
4458 1974
-1823 4357
-1432 -6247
-6224 7579
-4633 -7563
2178 -4956
-1133 6662
4089 -6026
-3214 -5741
5887 -3382
-6681 8428
-3787 3851
9567 265
-4898 9731
-4347 9211
8217 584
-4358 6851
-7963 -8500
-5742 748
78 9806
-5914 6948
-4940 -4658
390 3287
-1154 -90
-9225 -3950
2636 -70
-3183 -577
-2833 2306
2115 5992
5617 -1206
-3924 -7884
-3455 -9762
-3776 2320
-2759 -1631
-6674 -6445
2200 -9205
-7091 9824
5567 -3914
3180 -7206
7481 3958
-2662 -7142
6072 8999
4400 5320
2996 5644
-5133 535
-3495 6386
-9716 -5415
-7772 6317
-9676 8549
8131 -9080
7809 1263
-9225 2546
-130 -2580
8418 9676
3574 2008
4177 5979
2378 6251
4382 -8153
-2073 -7900
-1300 5804
529 2805
-1708 7459
-3591 -1610
-8882 8051
7992 -6220
5468 -7667
-6580 7960
-3331 -1666
-8230 -3147
2242 -8258
-3221 -3473
-4879 3197
6 7941
-7987 1883
5597 1573
-6131 8510
6235 3087
-9992 -1593
-8398 1765
-9611 -180
-8490 1070
-8373 -9797
-1830 -8156
4754 735
-3093 -1147
7061 982
-2227 -7931
-700 358
-8272 6986
3743 -1614
9971 2125
2266 2251
-4490 6909
-497 -3804
-6724 -9540
-4425 2166
-4514 -234
-7659 2795
-9050 -8544
-7563 1573
4691 8715
-3100 9697
6529 -2799
-2565 3243
-2690 2343
-6283 2711
2605 913
6347 8770
156 1757
-6631 -5478
4913 5104
3539 517
2511 -1113
8431 3186
-1446 -1193
4584 -2146
-3281 679
5455 1364
1571 1389
-1148 5886
2147 -9893
9154 -8629
7811 -2796
306 -7703
4794 6471
-1565 -1514
-5035 833
1983 -7511
8530 2951
8848 6488
-6080 -6114
8298 -7897
-9837 -4564
-3627 2277
-6676 541
-8391 827
7506 -3489
-6581 3629
3922 -3249
-3308 7268
-3613 5859
-8953 -7427
-3534 -8324
8123 6936
7331 -2781
8457 -1222
3385 -4912
-5928 -5459
-6648 8282
-7079 -6206
-2332 5913
-21 8112
3539 5620
-5207 194
6398 1680
-1871 5734
-7470 9155
2381 5603
469 9916
-8385 -4952
5917 -8963
-6564 6947
-5535 -4374
8041 -2303
-3326 -9169
-3300 -4775
4688 1932
-5798 -1495
7621 -1460
-7950 4703
7015 -8795
1033 5660
-8326 3047
-8025 -1564
-5230 3293
-6357 6006
6690 -7691
7828 3423
8202 -5995
-8457 -6341
-2446 -7222
-2270 2530
9142 4382
3495 -577
1203 -4794
-4048 7375
2156 865
313 -7890
8034 -3827
8509 -2380
-4693 480
4372 845
-8382 -2781
8067 3616
1658 -1062
3928 4887
424 -4320
5306 -1949
-6258 4291
-4300 -4780
-1412 2607
5842 -707
8691 7738
-9117 -9071
1393 1127
210 7127
4945 8017
-2049 -4444
8714 -3033
-6504 2661
3208 -7626
-9376 4279
4882 8400
483 -2478
-9595 -8824
5370 -9727
3893 -3905
-8972 2595
-952 2809
-8289 4437
-2971 844
2424 4499
426 4607
-3644 2436
-1700 -9779
1956 8345
-7174 -2851
138 -5586
8909 -1387
1003 5478
9080 -5286
-7109 -2256
5496 3267
9078 -7079
-4913 -456
6315 -8850
1245 6049
-7959 2558
7948 -7685
3457 -6930
9440 -4653
-3214 -9827
-3860 9190
2159 -9355
5831 7250
-9088 7743
-5632 -7694
-9731 -4465
1273 8553
4638 -660
-9827 -7323
-3876 7289
8601 -1564
6835 7817
1696 -7915
-2630 1128
-7866 -8421
5503 4375
-8371 -1707
18 -9971
-1425 -3245
6761 6927
2931 -8047
579 1256
-3799 -4739
-8500 293
6879 8788
-3018 9705
8521 -5356
863 -3200
-172 1562
-2919 -2787
-2068 3018
5699 7421
6701 -6032
-745 -3211
-1078 -4044
-3854 2448
5251 9557
-6780 4236
-7000 4942
6454 4248
1121 9099
9796 5223
4913 7665
-6876 3138
-7763 -3899
-639 -3601
2923 -7611
2059 4409
6198 -9620
3896 -6565
-8800 5859
-9293 6190
-9438 -3698
-4382 2431
2451 -6414
7637 2830
-3455 -9296
-1542 -919
-1822 9694
7656 -4943
1730 -4049
-3250 -8361
-2548 -7439
9980 -591
4084 -9023
-8918 -7478
4523 -6512
2668 6291
112 8750
-7852 -1824
-2371 -693
-5351 8736
652 994
1643 -1523
-7531 -266
-4505 -6460
-2226 4057
-5174 -4516
-5212 -2367
6622 -9040
7942 213
-1169 6460
-3384 8856
1861 8168
7221 -4562
-8895 5761
-939 8885
561 -6740
-6844 4653
-9318 -5205
5373 5094
-1377 -7638
9941 -997
-4520 -9498
6073 7410
9121 4433
-3568 -8374
8313 -8577
-8930 4968
-2040 -71
-7791 -2403
8044 -5647
-3767 5536
-446 6502
-4363 -8332
1787 5706
2548 -3821
-2010 846
4057 4975
7346 432
-4876 6555
-1971 8845
4175 165
53 -7924
3942 1365
-1380 -9954
-2632 -2297
4717 -8122
-2330 5006
3429 -6929
-5024 -6889
5971 6498
8832 -6114
1016 -5973
-3316 2500
6168 -2521
-5566 6296
9580 6186
3051 3999
2912 -6443
286 2681
-838 -4351
5460 2678
-4824 -8764
3696 148
9803 1391
5884 -5250
-7671 1699
1388 4184
-5319 -6645
-4497 4011
-6872 -8357
-2733 3288
-8589 -6777
1311 -7489
8554 -2676
-2065 -9982
1198 8209
4874 5181
4663 -6396
7644 9122
-6377 -4352
-4736 433
-1496 4648
412 971
6911 -1648
-1452 -8474
2525 -4679
6165 5483
-8248 -9255
7638 -3724
-9910 612
-4657 -8390
-7322 9797
-9388 3476
5509 -4867
5246 -1640
9 9833
1690 -4338
9566 6007
6146 -4955
-3488 -1327
8879 3927
6263 1663
1412 -6157
-443 -2180
1413 1334
-7935 8154
644 5725
-1096 -193
-4994 -2764
9079 -4664
9220 2548
8564 6435
-8893 -8674
-989 2904
-7797 -7205
-1707 6144
-1286 -8566
5909 541
749 -7766
-9076 7135
5628 8473
-5340 -5590
3778 -9701
2959 -9114
7983 8376
5364 8422
-83 3829
-2910 2059
-9996 8015
-990 -7325
-4528 -2728
-7827 7822
236 -8614
7407 4517
2892 -8691
3191 6563
7784 5416
-2379 3194
-9961 3228
3139 -1096
4045 5806
3529 3213
-1342 7065
-7274 2868
8377 -8988
-3132 -8371
5598 2654
2502 -1594
-3368 3097
1683 -5635
-6204 -5648
5624 8270
-5190 -4927
-3313 8688
7690 2583
-6553 8340
-8825 -8604
7983 -1150
-1716 8732
5828 7611
-7595 -4983
2947 -4655
2580 3587
-8585 -1527
-1300 -3406
8813 6365
62 -7297
7678 -2186
8990 1784
4214 9678
-6176 -2729
7996 -6829
-7682 6632
2627 8572
-1453 9476
-1769 4834
-4341 -8523
-9920 -5605
5449 6667
9305 4119
-5393 5375
-2955 9867
3859 -5286
6615 -3666
-3803 1135
-8146 2333
8814 3944
-4839 7299
827 6781
8398 695
309 6171
8587 5166
-3302 -9078
3288 3095
-8827 -2715
1138 9439
8735 196
-7009 9866
8507 865
-9733 2733
146 6292
192 -5862
2434 -9270
-7584 4587
3248 -7398
-8214 4523
-2443 789
-8613 -2751
-884 9035
2687 -7852
4747 750
-7202 -2971
3174 -8272
-2960 -657
9098 1838
2729 -1483
-7145 -1930
9187 -1085
-1916 -3372
2638 9204
7292 3598
-7712 5491
-2895 6840
-233 -3391
-7449 5717
6393 -6695
-6090 -2547
-4127 -9072
8742 -9173
1226 840
8848 -7599
-1103 7294
-7829 -9608
2041 -9056
-7376 -5838
9774 -4256
5126 9356
7331 -4657
-8111 -7241
-3629 -1290
4582 9798
-9863 3811
-8444 8738
6363 -120
5291 -5348
-1808 -9107
8155 9003
9439 -6455
1367 -3053
2131 2609
-6321 -7154
4032 -2479
-8805 -7244
-9477 -4627
411 -8624
-2411 5357
-8201 4069
2880 8146
6077 8192
3548 1831
-1294 -3976
3817 2394
-5707 9420
-5542 1271
-6666 8593
-897 9818
867 -5747
6205 3763
6418 3472
-9525 -152
-1531 -1033
-2858 1866
-7087 -6011
-7721 3483
1810 3173
9266 -6045
7351 -7078
-8121 -2847
7906 6149
-7900 -6650
926 6868
-2639 -2816
4845 -8465
-6487 -5465
9786 -3095
-4445 9051
207 8813
5847 4217
1477 -1753
3791 -8163
-5302 -2765
3794 6555
1780 -5109
-5578 -8236
1627 -4690
-4848 7709
3262 1330
-2568 -1652
-4308 -5657
-8809 8099
1075 -5629
-5492 2312
-5260 -1663
-3506 8175
-3912 -6266
6976 -9615
-4537 -7086
-1543 -7231
-9531 4065
-9495 3844
-5280 -4922
2370 -8673
1691 -9453
-1865 -5384
-2088 8625
1075 -9217
-1611 4598
-3524 3120
-692 -5831
5654 774
1190 -4803
-9218 8807
8451 -6018
3629 1580
3648 -3352
-4316 9926
-516 9662
9965 7233
888 9375
5425 -66
-1033 7456
7897 4180
-7360 -312
6973 -8295
-925 3563
-3478 7264
9838 761
9834 7248
127 3386
7711 -8244
6706 -4348
9358 2571
-4297 3738
8248 7501
2375 -6642
8311 8646
8878 -7214
9938 9425
1127 3845
7539 -8592
3359 9090
-7249 -3309
-9858 -5752
4500 -7512
9923 -4311
-1050 -5023
8094 -3496
5620 4306
7033 -4020
-2443 6902
-6345 5143
9406 8820
5872 4472
8264 -6206
1006 7974
-6360 7332
-257 -5727
377 -1914
-401 9829
4512 -5767
-582 -8314
-9577 5098
1323 -1293
-3906 6016
5323 718
1805 9285
-4560 -2077
8273 3188
8826 5011
-3453 1967
753 -1295
-3182 -7529
595 -2869
-9719 -9398
-165 -3147
5494 -1856
1838 -3577
1570 8705
4643 -6987
3355 5601
-4543 -509
-7644 -1642
-9042 9584
-7223 967
9310 -4873
3661 7180
2369 6595
-9971 -9891
-199 -5419
9184 529
-8043 9289
2760 3145
6677 7736
4705 -2707
-8773 -7396
851 8496
7335 -4774
7029 -1625
-5447 -6344
4438 -7760
8541 8192
8271 2802
6862 3429
-3912 -9857
2544 8989
7289 -1595
1456 -8328
-1212 8268
8068 -7461
-431 -8972
8835 3973
8793 -5705
-8922 172
102 -1765
870 6672
3333 -7242
6084 9867
1716 -9811
5720 -3403
-9591 -6895
-9567 -7592
8149 -9149
-9914 -8293
-6489 6015
-3837 -7363
-9014 8161
9726 -4391
1749 -4688
8219 5228
-4707 -8683
9263 -9926
9897 503
9821 1009
-5376 8784
3905 -4984
-7480 3043
685 -3226
7886 7339
2083 5771
6311 -4175
6907 -8831
9820 7723
137 -1908
3511 -5107
-8020 -6563
452 1253
6864 -6332
6971 -9913
3579 -1078
2794 1311
4401 -8362
8852 9392
-3665 3207
-4078 -5853
-8487 -9460
-1595 975
-5472 4047
-5804 2796
9024 1771
-7765 -9460
-7274 819
3927 331
5425 540
-2935 6124
-3986 -6866
7921 -971
-268 438
-9159 5601
7375 -6806
-1638 -1828
9438 8707
-5817 -6070
8492 1616
-5310 -641
-294 -864
-7841 -139
8670 1564
-9181 2997
1919 -4928
7275 1096
-3906 8186
-1199 -2280
7024 5196
-6818 1386
3399 -3754
6180 -6279
9218 8216
3446 1949
-2561 3546
9881 1441
868 9647
3901 -9727
9036 8547
-1209 5851
9174 8349
-3722 9142
8323 -4570
6491 8863
-9678 1857
-2020 231
-7930 -4460
6584 -8444
-5892 -6078
7549 1950
-1149 9974
5037 -5781
3123 -6740
8609 -4977
2969 6619
6689 -9784
-5236 -3189
4509 6369
-5765 3577
2529 -4006
-8776 7157
-1628 7270
7348 7032
7275 1074
2805 9546
4514 7551
-6822 9056
-911 -5609
9324 -5599
-7926 7458
-8388 -5111
-1185 4626
4425 2068
8151 -5870
2183 7307
-504 -6011
1723 -1676
-6015 7570
-180 -8878
-4389 1205
-1674 9989
1922 -7387
157 -7203
-8540 -8060
6837 9016
1505 -3866
9590 3825
-5808 4518
-5086 -3795
-3598 2102
-1305 -6216
1957 -8442
-2118 -9728
750 -1778
-4096 6965
-2135 -9726
-9423 564
-5782 -1944
3053 3735
-3449 2671
-2864 -469
7021 -3900
1639 -7817
3408 4897
-1240 8946
7989 8698
-6121 6021
-7748 9804
-1795 2506
-4541 -9105
-2797 -7772
5036 2522
6245 -1696
309 -3367
9185 6693
-8181 -2732
2872 -4872
-3414 -9914
2660 -5258
6106 -8384
-174 1076
2432 -7084
2074 -5198
-4090 -8541
375 -5019
-1013 -7198
8565 -8028
564 -1150
-6580 -1634
1445 -3747
8970 2282
-6934 8904
-4532 3868
-9106 -9565
8358 -9968
-7661 -5343
3762 -1927
1722 -3512
351 8167
1272 -9440
-8206 -3974
-7965 2947
2536 -2038
-3786 -7597
-1267 9340
-2498 4813
1576 1589
-113 2317
2130 -1015
-9211 -8534
4259 -8553
7932 -5535
-1389 3219
-7323 -135
810 -5411
-2664 1820
-2925 -7749
853 -9476
-2626 2174
-4695 9048
-1714 1117
6362 -470
-3427 8159
9648 4351
-3152 -3695
3652 -7482
1710 -4725
-2671 2588
4230 4394
8837 -4819
-9941 -8805
-9059 -2455
358 2484
1029 -5554
-4814 9550
6141 9560
-920 -9950
3473 374
7532 6818
6766 5439
-8196 -344
-2543 1284
-7780 238
9612 7082
-7007 3023
-3608 -1681
7445 4460
-5475 -9218
-4862 -429
4393 -3023
-3434 -7349
-3841 2666
-7446 1411
-6689 5287
-6891 3296
6283 5710
-590 171
8043 8861
362 7358
-6964 7184
7310 -8799
-2171 5669
-4769 -7210
1221 -943
-915 598
6540 -822
6665 -7248
5937 -327
-8153 1097
9200 1138
-8769 9348
9345 -2943
6475 1339
-1281 -2088
-9323 -987
-2130 -7758
1956 -3771
-2941 1065
9689 -1882
6522 -467
-3629 -8076
9510 -5747
8697 -2303
413 6752
7207 6388
-3598 9746
-5226 1310
7584 3666
-6442 -1012
9191 6335
2703 -7426
-4261 4000
1984 9233
2880 8516
-4751 6837
3791 3581
8288 -8328
-4081 -2870
9749 -2354
7954 4102
7274 -5866
5990 -5381
4324 3489
4190 9723
4158 3862
8571 -2715
6529 2500
1888 4731
-113 9586
9674 3144
1675 1771
-2605 -6588
8327 -1696
-3963 -4844
3572 80
-379 -1240
3519 3558
-7278 3444
-275 -4231
5335 6779
1061 9615
9578 6884
-7279 2532
-2871 -577
-2990 8897
7739 -4080
-7713 -4998
-7438 3089
-3749 -4774
6497 -7071
-7628 1513
9106 7706
-582 -5469
6228 -9927
3588 2970
-3280 4678
-9626 5042
7275 -4642
5638 -8580
-6582 8146
614 -535
3535 -1559
-7246 -7661
7988 9043
2882 -5007
-3484 -3708
8303 2410
-3389 2881
451 187
832 3499
1110 6873
-3916 -7644
9796 -7023
9777 5588
-3868 -905
189 -4384
-6817 8324
-9824 -564
-5887 -3296
1062 -6240
-6548 -6712
-3460 6559
9804 8107
340 319
6198 3649
1604 1855
2011 1060
6291 1541
-2242 5042
9327 7208
-7327 1395
950 -6181
-5620 4958
-6957 -4404
-7188 -7445
4730 6747
7215 -5663
-2350 1799
-921 6025
3660 -8557
-999 3749
-5232 4222
-3859 -6461
-2734 1646
-4606 8903
-9790 567
9831 -2347
-1243 -8430
-2442 -4295
3338 -3803
-4843 -4403
-6294 3268
-9983 1905
4408 1620
6165 8876
152 524
914 7169
9654 -796
-9969 5281
9403 8705
9342 1872
7353 1854
-9361 155
385 -3154
2458 28
3146 -9097
8618 -1151
9138 -4796
-714 7666
-8430 -7960
-5539 5051
2246 -2222
-8675 7456
-1888 -3348
-8055 -8139
-9870 1802
7311 -448
174 9431
-6593 -6112
1135 -9092
-1246 -6160
1064 -5692
-6602 3207
-5503 -246
9903 8093
-6100 -844
-3457 -9727
-643 -634
-3019 3205
-2242 -9569
7964 2003
-2677 1351
-8337 3305
-7889 8673
4125 -3987
9034 -7404
-8705 8072
-6944 7679
-928 -9469
1282 3046
5070 6767
9859 -7765
345 -3417
-3292 6414
-3184 8887
4881 -4598
-6449 7332
-3099 7338
3753 640
2024 -1993
8257 -4535
4742 -367
7922 -9227
2966 -5572
1931 7616
6674 4070
8275 4966
-2697 -9871
-8145 -9869
-9666 -8150
-7310 7116
5633 -5861
6693 9080
-3154 495
-288 3820
9536 1510
9302 -6238
8741 1633
-3738 1124
2060 629
2522 5750
-1846 10
476 6910
1008 3192
-9076 -6461
6489 -7174
6764 -6941
-6487 2045
-2945 -4582
1655 -5072
2029 -4538
-3217 -5722
3470 2027
-4678 -5281
-5452 -2995
8823 -4511
4614 -9964
8447 1158
5625 -2053
2609 7766
6917 -2629
8177 -1647
5077 2139
3957 -40
1353 6725
-7990 -8405
4723 8493
2439 -5886
-7594 -7889
-976 5826
3169 -9831
-4580 3865
8483 -9679
-9298 5720
-2449 9270
4858 4905
8007 -9773
-3956 9939
-5035 -6040
6584 3329
-1656 -3783
7647 7423
8212 2359
4404 -6770
-2841 -1866
6612 79
-551 2263
1815 3183
-1313 2658
-1705 8673
8298 -3560
-3520 -5862
353 1765
4587 -2586
-2014 -1833
3588 8541
-8157 -3929
-6381 -270
329 3533
7697 -7348
7609 -3719
3510 -7983
-3768 -2820
7469 2517
8188 4227
-1981 6094
-4356 8843
7863 3549
3169 8896
-2611 9690
-8034 -6338
7495 -3703
-1710 2806
5307 7046
1986 -4526
-4227 775
4846 -6449
8089 4468
7410 -6242
-6583 -6161
-7151 -1804
7898 7412
3374 -7869
760 4372
4280 1517
6523 9892
3129 5583
6731 -7522
2026 538
5142 6693
-2886 7046
-4849 8480
-361 -4549
7503 -6833
-5241 -356
3721 -5893
-528 6694
506 8938
9662 3096
-3114 544
-5218 -7918
1439 6910
-8101 -5993
-5965 5053
-6382 8623
-143 6555
5687 -6459
-9220 3178
-1194 -3882
728 5981
-8219 -1174
2658 -8677
-8213 -6413
1171 6922
8092 7123
-4856 8120
1856 1020
-9550 -5667
-561 7098
-2594 -914
3932 -279
8387 669
7076 2014
-3191 -4568
9520 8561
1732 -3062
-9036 -6426
8872 -3123
7081 -9067
-7727 9354
-303 -3426
-9943 9611
-7101 -4524
-6275 -2864
-653 -9748
-3188 -520
-5196 -1368
6128 5843
3270 7217
1397 -6321
-1444 6563
9213 3117
7659 4891
-1916 -8283
4400 2584
4476 4641
-1535 20
9166 -4552
8905 9470
-7783 9762
7198 -5344
4798 4132
4326 7948
-5112 2797
-473 1380
-6641 -2181
-9864 4301
2905 9820
8885 8292
8835 5838
6542 -8423
-5699 -1281
7014 -3243
-3061 -9416
6628 -3831
3457 6328
284 1126
-3083 6186
2968 -9552
-6272 -5952
2410 2183
-2684 -1946
-9744 -1364
577 7995
9571 -2995
4850 -77
9565 7805
-4367 -5004
4136 -5628
-6900 103
4223 1468
5606 1783
-234 5103
-9213 949
3940 1785
3817 9593
6691 7619
-6510 7743
-8736 5432
9487 -485
-7496 763
6276 -1992
5390 741
-4269 -8412
-102 -7415
-4544 -9202
4670 6402
-2687 543
-4414 1179
-2727 -6920
-2758 -4349
-4245 8006
2307 5929
1651 -6876
4784 -7556
-778 -931
6402 -2959
-2019 248
2985 3905
-9176 2416
-9664 5660
-9172 905
3718 -5197
-4779 -3847
-9446 -8008
5091 6348
6656 -4023
-866 -5568
-4084 -3714
360 -9787
-6130 -3693
-5437 5108
7683 2198
-6990 5478
-3601 -6994
-2662 -1647
-5994 3597
-4403 -880
-5442 154
-9675 6037
6614 -222
9768 6898
-5718 -407
-6274 6436
5983 -6198
6054 6138
5355 9352
-8287 3434
-1543 -1239
-7771 1356
9458 2029
-8940 7926
-8392 7001
709 8316
3447 2917
-7524 -8299
5650 5586
2267 -5841
3710 1317
155 6542
-5488 -5590
7293 9222
-9654 -1574
932 -745
-5821 8103
-3643 -2212
9337 6374
-1940 4384
4396 -9150
8833 6222
-7767 8300
-6964 2752
1388 -9334
6071 7318
-3119 -5901
8543 -9482
-3062 -8297
8394 3117
-933 8816
-601 9957
5474 -4046
-1919 -3122
3835 2214
2390 -3444
-9853 1909
82 -8671
6529 -1027
8546 8085
-7847 -6201
3617 -3173
3206 7531
-7628 -8929
-6862 -9625
-48 4933
9585 806
6546 4849
-9565 -8161
7164 8486
-770 -9942
-9307 7817
-2896 -3239
8670 9780
4037 9953
9621 -8809
-4480 9931
4797 1691
-3611 -3449
555 -9473
5271 -7388
-193 6471
-6484 631
-6099 9493
9032 6875
9910 4127
-610 1357
3517 6935
9114 -4101
735 -4041
-2619 6992
5847 -6115
5152 6478
-9244 5271
-2605 2868
1225 237
3106 3521
-6863 -423
7333 4416
3116 9012
-8831 180
4696 -7854
5435 3309
3142 -7801
264 8597
6840 -9452
6373 -4787
1383 -9635
-1426 3887
1885 1935
9647 -2709
8311 8089
579 -9761
3176 -6027
-9108 3029
-235 6094
1132 -8901
7012 -6470
-4492 8275
4616 -9793
-9906 3032
-8428 8992
-1191 -3530
-4918 -8119
-8325 -3900
9216 4620
5773 4644
-1837 4205
3702 -849
1576 2052
-6218 -7774
8895 7778
-3761 6437
9987 -4042
-2089 -2318
5090 732
2263 -1802
7244 -8207
-342 -4943
-9521 -7336
4048 9812
9206 6377
-4193 32
-5865 -5528
-8257 -5246
-9001 4852
1137 -6352
6328 -6915
-3392 -6805
830 7495
4430 1584
-8780 7021
-2655 -4487
-3485 7427
4456 5522
8113 3465
-3390 5082
-3724 4226
3780 7268
8956 -8832
-2756 7102
-248 -7994
4707 4380
2847 -106
-6806 5456
-4409 9588
-1390 -478
-8267 1257
-6561 3034
6363 -3359
-483 3489
3839 1309
-7898 1878
8209 -8231
-6104 -8664
8553 -5148
-2809 -3135
2338 -5980
3373 -8507
2036 5482
9964 6321
7060 7147
-5715 -3295
6312 -1382
-3411 -5465
3599 5625
-7608 -3508
6786 5056
7916 5978
-7365 -8285
-933 -3008
9154 7517
-64 -2913
-9784 -1089
-5287 5627
7155 3612
-6586 3085
9820 938
9225 6722
-8461 -2433
-1095 -2927
2388 -9954
7379 -313
2310 -9653
200 -682
3403 -9714
2250 -7762
-9272 7486
-9700 6276
4763 2791
3242 -958
8345 -1826
-3800 7574
-7518 -5413
-3067 3192
8606 5348
8683 2546
-5489 -6140
-3537 3906
9803 -7080
5967 -2300
8863 -590
-7991 6733
375 -6367
9869 6785
-7600 -1122
9981 -5281
741 8771
-6239 -8554
2126 -5786
8764 -339
857 7407
-5946 3633
-1049 9065
-1504 8406
-1418 4258
-4589 -2949
-1187 8946
-8176 -9027
5182 7769
-2560 -4435
6637 1141
1122 -7066
5262 -3352
5201 5866
7612 -1927
6188 959
9259 7742
2812 6907
2604 -2401
2334 8642
-8997 -5774
8982 -5608
-9884 2016
-8001 -4502
-9700 -3824
1102 8789
851 4290
-418 4331
-7783 1411
8837 7194
-3023 8152
-2382 -2748
6179 -2007
2352 2706
-2096 -2472
4718 -1985
1219 9677
3424 4927
-676 -3499
-2159 3772
-7726 3816
-3515 921
4104 3775
5534 2968
-4877 9776
6719 -1763
8122 4091
-8523 5523
9419 -1344
-2205 2161
7815 5808
-8889 9903
7018 -1674
-2098 4661
-2190 7482
-4633 -7218
4545 -8072
-3950 6558
2219 3657
8260 2677
-8803 9307
-7036 5985
-1459 -414
2059 -7494
5471 5322
-2632 -9310
5523 4521
-8548 -1566
-6845 -6348
-5304 -5648
1536 -6484
8547 2489
-9379 5000
-5790 109
4671 -6172
-5377 -3035
-7283 -501
-9569 -8624
2842 7508
5535 6611
1874 3677
-7482 2112
-695 -4692
-1741 8392
-4100 -2193
7186 4204
-5235 -8462
6536 1541
-4022 -5987
4082 7006
-5499 -683
4624 -7640
-687 -3829
450 5702
-4899 -3510
124 -598
5609 -258
-4683 -9843
8151 6097
-8484 4140
-3269 4760
-9275 8227
1548 -8982
5820 -4591
-3698 -987
4729 5008
1893 -8697
973 -6604
650 8988
1211 -5467
9077 -3824
-5919 8929
-6475 -713
-5737 -8882
-1259 -3094
7649 -7691
3539 -1730
-6572 -7713
2913 2183
1368 -9979
7104 1842
-3866 -2066
-7589 3304
-5503 4800
8367 4264
9094 9473
-156 8721
6331 5078
-1945 9600
3103 -4648
-2707 -1608
1481 -9198
6837 2743
-9228 -3273
-3284 -7190
6448 -321
8821 3440
3654 7421
2733 5031
-9160 5224
4138 3874
7398 -2929
4576 -4281
-1753 9142
-9796 -9405
-6972 1088
1417 7641
800 248
5930 2262
7789 -1404
8336 -7372
-85 -5869
-1420 -947
9515 -7796
-4689 -2781
-5078 3637
8431 -95
-9465 -2667
4288 -9472
4543 1768
-2128 -5168
-1271 5326
-8890 -2228
-2603 3005
3435 -5260
242 9141
9706 2461
7835 244
8727 6200
4362 -8171
5680 -7359
2896 -5345
-2006 -6076
-2493 -4138
4932 5626
7776 4551
-7065 9185
4202 4209
7701 278
-4212 -5337
7493 9961
-2504 4740
-492 2192
7926 8505
1965 8065
1915 3367
390 273
3709 2647
7115 -5023
-2750 7150
7809 2887
9533 -1563
-1111 -5470
5948 -4607
-6947 3173
9715 -8999
-7211 -938
3831 1615
-4723 7408
-9990 -9749
5213 -3104
-4317 9944
-6048 -1089
-9835 -7778
6691 4159
5073 -5710
2261 -8156
9751 8477
1763 1684
7593 2791
457 1253
-6483 5947
73 -4772
4609 872
-4271 3904
-1020 7184
6598 135
-7137 3854
-7049 -5713
-3535 -9582
-3319 -2248
8219 -2929
2527 -6742
-9198 -3647
9876 -8416
-9470 -8681
4636 4129
5 -928
1098 -6332
-81 -8887
-4249 9299
427 -8024
-1111 9688
-6939 9187
6199 1810
-3887 -2827
3048 1916
-1462 -6746
8291 -1415
6999 5221
-764 -9078
-6610 -2352
5784 2285
7513 268
7095 6109
-850 -689
-3143 -1269
2400 -1454
-2851 -8477
-7988 -6899
7976 -5015
7602 -7382
5190 -8002
2738 1967
8462 -35
-5512 -1347
-3784 2992
-6186 -3371
4718 8145
-3632 2165
-4352 -9282
4298 -6717
-1326 7946
-4704 2885
303 -5068
5201 -6011
-5635 -8230
-8017 -7028
9747 334
-2329 1421
8841 8673
9266 -5492
7560 5216
-1512 6774
-2297 -3136
-6519 -3036
-2382 -2099
-3569 -1420
-714 -5732
4129 -4842
-7421 9793
4582 2504
-3297 3409
4158 8745
748 6156
-206 -9179
-6022 -5696
8860 -8647
-3447 3502
-8144 -9747
-9131 9467
-9430 -2921
-7190 -7925
-3893 961
-6498 -6793
2932 2917
-52 4030
3965 -3147
-8240 5241
9438 -8504
9290 7538
4706 4956
4954 2548
-6768 6008
3448 -8674
6477 -7591
9414 -8111
2401 4310
5440 -9409
834 -481
4408 -4978
1570 -4024
9982 -2487
-5876 6310
3332 -2900
4330 -4423
6788 -2642
-3964 5650
-1167 -815
1130 2473
2974 -3096
4081 6914
7264 -1581
1300 -794
9140 7870
378 4175
-1145 1534
8292 -6635
-8750 -1874
7836 5915
-9634 -4219
-2994 -8485
-4510 -1664
-980 -9083
8278 -7835
1686 1560
-5226 -4397
1749 -5774
-8304 -8631
6236 5437
5420 4037
4315 6463
6696 -6864
6566 -5215
4816 3206
5680 -5617
2137 7526
3205 -7262
-168 9317
-3991 7572
3275 2254
830 -6703
-2093 -498
-7428 7878
-5358 -6658
-4266 -8101
865 -3080
-6379 -6812
5701 4573
-3186 7687
2985 -2031
-8301 683
1664 1976
-5477 1555
-6885 5581
-1937 3073
-7802 -5279
-6394 -4456
3705 9609
-2197 -315
-8524 8160
-234 -2483
8475 -9447
4085 773
5265 1208
-6598 6176
5882 4399
-4459 -4916
-8574 -2706
6813 2759
9235 -3151
9811 -4408
-3718 5748
-7317 -1493
-9371 -7514
-7245 -1389
769 -2270
-7755 -4348
-9557 -4249
905 -2733
-3501 -4378
-2635 1152
9039 4215
955 -4083
5715 -1396
-4768 -4941
6723 -9414
7277 3309
3236 3102
8961 1021
1594 5777
-6209 -6013
-3034 -7835
5396 -3641
7932 6411
3602 -8038
6027 1064
-8162 8851
7440 -7098
-7749 2249
283 2674
9484 2688
-7679 649
-2547 940
-4042 -7031
-8483 3448
1617 1945
-2593 3252
-3592 3157
-4507 -2630
-9827 -3150
-6242 6650
7004 -9133
-1938 -9011
1222 6572
1230 -1267
-4567 4656
1414 -2391
6772 6081
2368 1479
-7726 4154
6618 -8753
-7143 9085
712 8953
4001 -7844
-4941 -3157
1333 -1028
-1480 8287
-2715 -4766
7666 6573
-1291 9371
7160 -5034
9558 2052
7686 6360
6448 4254
-154 84
-6255 -794
-2970 -7596
-7479 -4326
-3653 -6043
-2675 1858
-1061 -4099
-3367 -1000
-4748 3390
5986 8395
3364 -2523
-3245 -7433
-7731 -448
-3540 -4387
7401 5375
4102 2527
-8506 6796
-2180 -7708
1254 -392
-8614 -5135
889 -8052
-4406 7647
8087 -638
6067 -437
6131 -7931
-2856 -1700
-9543 6072
-6124 -9633
6856 7462
1844 3964
-6080 2925
9038 -9264
4271 670
-1776 -430
-7518 -3328
1705 6600
-4299 4011
2825 -7140
5927 526
3027 -1815
8635 -5239
-9491 4916
1185 -3525
7626 7521
-3482 -9657
5847 -2335
-5823 -7293
-1030 -49
-6522 -1817
5312 8167
-5817 1884
-3623 6384
8671 -8741
466 -1229
-365 9501
-3771 8418
1243 4868
-2163 8682
9051 2189
-5573 -5632
-5374 2414
1865 -5349
-4387 2590
2753 7441
-8060 5885
-2801 -3639
-2771 844
9067 9367
1220 1064
-6987 -4002
6526 -7963
-296 -8216
-9602 7602
5672 -7840
7757 3052
-5643 -4044
3603 -7525
6885 -9731
-7102 3988
-1721 3715
-6825 -4915
-9929 7722
-3387 4943
3823 -4725
-574 9751
3025 9166
5743 1949
-7081 8703
7859 2723
178 3437
6587 6119
-900 754
4739 -1706
-9610 9659
7003 9415
-167 8177
-8757 -1875
9894 -5692
-5711 -6113
-2762 -1751
4474 -7267
-5349 920
-682 7190
6852 -6875
1460 8888
-7198 7248
-5108 5299
5386 -3029
7175 7236
-915 -2338
4438 7619
4702 -6693
112 -6
-6597 2821
-9879 -1525
8908 3332
531 -1858
5034 -63
-8004 210
4182 3322
3701 -6615
8866 1186
7479 7848
-6708 -9284
-7901 1547
9965 -7453
135 9610
8122 8359
6913 3608
-5681 -8406
3591 -3799
1717 5756
-9783 -9987
8358 -5226
-6174 4457
8921 3809
4657 2210
5762 -3664
-3744 -5688
-2760 4796
-5828 3651
2796 6949
7925 1315
-747 767
-9543 8198
7532 9385
1171 4417
2060 1907
-161 7358
6039 875
-4552 -9122
5011 4564
1396 -5580
8825 7790
7600 2721
7205 8284
6553 -9653
2804 -7291
-6238 5308
6402 5323
5405 -636
-483 -4550
-5092 -4201
-4237 9442
377 -3047
9602 3727
5266 9564
8541 7526
-3546 2999
6713 -9200
4402 3045
-2545 -5547
-8625 711
-4911 -4710
1344 -8357
-3244 6274
-6346 3542
-9861 -792
7530 -8821
-1253 107
2697 -3118
-9312 -348
259 9564
6420 3130
-354 745
-1067 3088
-2671 9699
-3396 2470
-2446 6724
-3622 4670
-7551 8398
3060 -7800
-2020 3301
-1257 1713
-9914 -8173
4732 639
6089 -9758
4588 2874
5716 3651
-3533 -714
-7787 6552
9381 -538
-2769 -1024
3064 -790
-3904 -870
-8754 -9328
3114 4335
7673 8704
9338 -677
7756 -4045
6263 -7188
-6001 8169
8470 9554
-3880 3159
7682 -3615
-3214 -1536
-297 -1770
5342 7116
5643 1652
8335 3621
-2233 3888
-7603 6127
4732 -8008
-9624 -1640
-5212 5511
-4892 8998
2734 8851
4687 3768
5917 -5884
-8455 5207
-9824 5731
-9665 -3244
2115 -9422
6751 -1311
-9375 -8628
-7436 1639
1330 1432
9928 -8770
2474 6798
-7720 -6937
889 739
-7431 5449
8738 -1234
3222 -3906
-6523 -4680
-8987 -8333
7479 -4850
8556 8459
2861 1822
64 -7013
776 7447
-5173 9557
4915 1929
-7106 -9319
-1090 4242
-9273 -3963
-471 -1293
-9142 2818
1199 -5741
9778 -6710
-6583 6113
550 1384
5478 3296
5924 -8800
-6602 -8985
-3505 -4199
5648 -7680
1943 8298
-2492 -7833
7071 -6211
-5711 -5918
197 -9850
8810 4633
-7280 2586
-7701 -4917
6824 6388
7390 5379
9568 -9857
8726 7846
4300 343
3605 -1450
-8591 9500
-1290 592
-1826 8847
-1705 -3912
7494 -9546
-5605 -4865
-483 -8241
3477 1630
5071 -175
4830 3867
192 -4638
8191 1932
-3969 -8325
-595 3556
-6136 -4210
-6592 8637
4664 -9755
-5073 604
-1470 -1608
9882 3669
-7858 -6408
-8227 -8127
-4205 8001
6829 -8062
3895 -7001
6824 1498
8396 -6728
8773 -3067
-403 -464
1310 -1304
-2880 166
2436 6247
7829 -4720
5934 2216
3028 9915
-3993 7639
1677 6090
8142 2400
-4525 -603
5022 8305
-168 -8700
4726 8235
-1003 7782
-1076 9622
-2817 6913
7614 10
2835 780
-9530 -40
4844 -5904
8154 1229
9304 8395
-1464 939
1885 -1929
-9152 -3902
9960 -827
-4816 -2919
1506 -1015
-9442 5851
7257 6241
8880 3707
-7932 -9254
-6326 -9743
-8515 -4208
-7286 -9598
-5499 575
-1464 -9692
2847 -1856
7564 -6391
1069 502
-9067 -9595
-5423 3726
402 -2113
-758 8613
206 4692
2374 -567
3598 139
-9005 8427
-8284 -7609
4384 -1897
-8304 -3067
-2826 5789
-4533 -9872
6015 4290
-208 8082
-244 1062
3961 -108
-2511 -879
-3235 -8217
-8368 -8039
-7322 -3652
6562 -2386
221 3964
6164 2966
6145 7689
-8907 270
2491 4665
9305 -9920
1063 9681
-7261 -1678
7549 -3347
-8592 4375
7834 9862
5903 2766
3561 8739
1176 -1774
-2502 -276
3796 7127
1724 -2048
9771 -2647
4197 2486
-3011 -3866
-8816 3965
-8954 4315
1788 9738
-5996 -8156
7559 6295
760 4040
-3645 -9097
-6120 -2875
1503 1703
9080 -6812
-770 -6197
-3775 5267
1805 1544
-8181 9130
-9479 -5150
5263 7341
2748 -917
843 -686
-8458 7388
861 -2951
-2481 -5818
7282 5562
4622 -148
-2002 6935
-2916 7233
-7018 -9637
3121 -6040
-1325 -6928
-7517 -5786
-266 -4541
8604 3174
-3994 2854
-6190 105
-5407 1105
616 -6955
-9124 433
-9215 -9373
5000 840
-269 8465
483 -9972
8331 -3037
5062 3707
8402 -4076
6097 8815
-7928 3507
-4951 -4885
902 8962
9076 2817
5054 -9289
745 -6952
-5891 -2315
4724 5186
-5374 -3591
-9988 -6485
8032 2589
-3843 -9776
3862 1826
-1650 4865
6771 -2034
-8678 9588
-9886 7205
2411 -2883
-5438 -609
-3028 9311
-8597 9614
6010 -7766
6708 -5186
-6915 -5960
108 -8292
-298 1025
1569 7453
-2801 -2761
3156 -3950
1251 3642
-2532 4829
9487 4795
3318 501
6360 6908
1108 -6275
-3856 -4955
8468 -5247
2465 -990
-3316 -4290
-4599 -4649
3156 9379
728 -7941
6811 19
2295 -2510
3795 -1454
-1677 -4094
9242 -7384
7816 -4338
-2507 -8234
5337 -6591
-4688 -6884
-6025 6213
7548 -8257
-1531 -4500
2899 -3403
-8506 -1542
283 8638
267 -8182
9300 3811
9747 402
8745 6047
4539 -567
-5154 7746
3731 -3350
-8578 -9862
-3797 -7874
8791 -6888
-6102 5081
-9345 5028
-7216 977
2973 9642
-147 -5596
-531 4008
1497 -6510
-4832 -4412
9411 2773
-2066 2972
-9237 484
7375 7658
98 4587
5739 -4612
-9792 -6650
3082 9295
2336 5702
5053 -3413
8370 -1169
-8592 5824
-7105 245
-1290 106
-1067 3278
139 -1477
7322 4136
7598 2532
931 -6567
-9939 -8780
7529 -2691
-9980 1314
-253 3260
2362 5204
-4555 4778
5532 3435
-1323 -206
-9479 -9989
1697 -5866
-5951 4728
-6905 -9193
5546 -7463
-5295 -1558
-3047 7673
7026 5364
9578 2667
7055 -7992
-8599 -2652
-3439 -8939
2896 2256
-9693 6647
-2331 1694
-4319 1191
7630 -7046
-965 -5197
-2493 -7974
9471 2515
288 3512
6191 -6804
3409 -9481
4776 -4479
-8454 5189
-4330 9391
1478 220
8622 4456
5448 -5026
8140 -9860
8564 9120
-908 9823
4679 9404
-9975 2127
-5366 -1311
-1225 1656
-4787 7294
1851 -6986
7399 -6007
-8263 -6721
-4919 9016
4788 -2531
-110 9864
69 7675
-6438 6693
607 -3067
-1229 -3780
7803 399
-9734 -508
-2681 -6282
-3473 -585
-4470 -5350
4737 5811
6890 -6958
-3492 586
6871 -290
6962 6439
-9493 -2961
-9368 -5292
-993 2886
-6889 -1184
-2460 -5645
-1266 -2539
-3804 1664
6779 5155
105 -234
-4476 -1185
-1198 -2031
-9994 -8105
-3670 -2080
5404 9658
9977 5364
1664 -5815
3143 805
-9619 -9226
2749 9370
3983 9957
6437 3597
5064 3189
-8327 -443
-8864 5855
2171 -2608
1123 1183
1649 -4642
-4541 4404
1171 -2849
2415 3512
6147 -1563
-5706 6302
1501 3322
-9727 -3180
1658 3183
5861 3934
-932 -1704
-2893 -3189
-5784 9165
-134 -4788
-5947 -513
-1394 -8722
-5504 9698
5256 -2002
3166 -2648
477 -2751
-46 1754
-2954 3727
5733 -955
3812 3371
-7726 491
317 -1142
7587 5473
-9598 -507
-8841 3731
-9608 8415
-8455 4436
6406 7119
1825 -9578
-4436 -7979
2382 2315
8518 -8988
-962 2212
1828 1784
-1865 1869
7202 -8895
-5861 2826
-5216 2187
9626 5508
-937 9310
-7123 -4395
5273 -8931
1572 7746
6842 5301
-8699 -4094
639 9794
3135 930
-1229 -1567
6241 -5491
-5805 9028
-8843 -973
-9566 453
-146 3589
1788 -7413
9168 -9671
-4671 -2763
-1390 453
5882 4971
8482 7977
5824 -7221
2376 3902
-4618 5743
661 1540
6828 6392
1194 5686
-4077 3591
-5981 3897
-8509 -6284
3632 9300
6200 -3133
8211 -4059
6663 3214
-4512 7552
3463 3122
-8032 158
2113 -1416
4186 2573
2801 -3059
8108 -1777
-3132 -9836
4470 5462
-2517 -5401
-692 -6219
1771 4826
-9774 -6356
-6348 -3380
9879 2197
-2719 2980
4650 3477
-341 5948
5986 -2954
864 -1698
-9808 1431
-4662 -7450
2384 720
3768 4477
-7774 -459
-7005 9043
4668 9193
-3587 7759
-1178 -5748
-1235 -6732
4688 -7326
-2059 5412
9886 -2829
1670 6016
8185 -3015
-2683 -9240
-7829 3574
5468 774
7572 -938
8990 -9076
-2147 -5242
-2307 5425
2764 -6108
3373 -4252
6579 -1703
-7191 5280
1539 6101
1166 8692
-873 -3474
5352 3928
6684 9655
118 -7338
-5041 -7564
-6484 4437
-7687 4191
-600 -7934
-5891 -2008
3189 4226
-304 -3110
6645 3114
-4455 2980
-4547 -6200
4600 8353
-9534 7079
-43 3514
5283 6171
3795 -9042
-2192 346
-3838 6692
-8466 -4382
-4953 -2786
-4309 -9826
3371 -7009
4793 -9429
9762 802
-1698 7808
4958 7127
-7793 8945
6342 -1790
-3543 -9294
8079 33
-3592 781
4860 -8395
-1871 1035
3208 3616
-3718 -1575
7091 2588
1395 6328
-7325 -5373
7749 9462
1164 -8668
-6408 7026
-1781 6919
-4236 5087
-8110 9349
7922 -9731
208 -7038
4112 -8934
-9872 311
9058 -3199
4877 -3620
-601 -4233
1561 -7849
7606 6567
-2459 -2090
5631 6241
-5854 8985
-3311 5289
3316 -2684
-1244 -5085
-4325 -4307
9718 8173
6883 4090
-9201 -1188
2782 -5808
9159 836
187 -4435
-5060 9461
-367 -8087
601 3469
-6748 -5190
-1512 -3243
5148 5913
-6440 -5217
-4025 4779
8066 -4629
-9318 -5106
-6589 -8743
7075 7511
-7564 -3377
7268 5770
8416 8019
-6680 5597
6934 8986
1535 -2853
-6233 -9717
-6136 1409
-3305 2054
5018 -4828
7630 -3054
7180 1195
5645 3161
3941 6733
3716 -927
516 -429
7358 2393
-8898 2375
-8811 -4587
5937 8554
6086 -1561
4375 2354
4097 5178
-8247 -4671
2671 1440
4790 9546
9198 5141
-2802 6545
-7413 -6357
3374 -6448
4612 -3432
-4286 1936
-8387 900
141 561
-2520 4077
-4934 1382
-9791 4529
1462 -9110
7521 -2259
7685 -6240
-9792 -8930
-6681 -1335
-6571 5614
-4443 876
-414 -8488
-4915 2159
7332 -9317
6114 9340
1867 -7730
-7966 -8598
-156 -5242
427 -8264
-6632 7520
1446 -5420
1824 -9322
-3779 4042
-765 -422
9380 -982
6304 7313
1847 8852
5142 -254
6430 -3519
-7369 -5404
-2765 3649
-1572 9662
5853 -9781
6513 -760
-7512 -1534
-3218 -4715
5587 6282
3663 8626
5349 -7392
7013 -2574
8230 6634
5274 6447
8699 961
3521 9999
1219 -4322
-9234 -8125
-54 5913
-1151 7225
-5808 7336
7097 -6565
1753 -1963
5065 9662
-9686 7132
-3647 -6904
-7198 4143
5925 -9023
4512 -9411
9021 -1173
-745 2258
-4133 3850
2097 -6966
8276 5323
5477 -4037
-854 -1358
3914 7129
2601 5202
7294 695
1722 -4011
-7094 6423
-4223 -8573
2790 -7353
3945 -1922
6134 2217
6337 -1327
7989 -2558
5119 -3345
7963 -2355
-3302 2344
1924 3127
2821 -5220
7353 4448
5584 -1352
6401 9883
-2544 -2643
5629 -2392
1478 7234
-5464 -4428
-6612 -9343
-3985 5375
8953 -410
1682 -1707
6660 5798
-1415 -8423
-1317 5154
-633 6682
3386 -9348
8607 -9782
-2142 7803
3001 1282
1626 6779
5981 2163
-7684 -3981
-2837 -5376
-3802 9
-2402 -6376
7224 -9110
-1169 3514
-3298 1117
-2244 -5022
-5760 1840
-5411 -6728
661 -3467
3232 9331
6424 -3231
3097 8174
7998 -4652
-2619 -8289
-3744 7574
5697 4383
-1594 2207
426 5248
-8973 7623
5480 -5545
-7247 -6392
-4529 -6551
4001 -1446
7657 -5644
-7517 410
355 1993
8625 -8477
5140 -6967
-359 -3397
4058 -156
9063 -2962
-26 -52
-708 25
7206 3822
9789 -2366
5073 189
-8268 -8285
6619 5815
183 731
-2348 2437
6650 9933
-9624 -4303
5616 -5962
-9098 2056
-2010 1019
83 -3773
-9624 -2177
-7059 -5669
7214 -2605
4524 -1506
8070 3603
-1055 2349
6462 -1198
8192 4202
8979 4057
-3816 -2332
8897 984
3725 -7101
4028 -6709
3630 -7211
-8331 -6520
-2656 -4782
2881 -7965
-5644 5505
2957 -7296
6639 -2263
7590 -3864
8770 9606
9373 -4856
-3385 9230
-4510 -7905
-8168 1454
-5526 7187
7274 -4878
-7944 -7516
7163 -6494
-5771 3316
-6688 2137
-114 -487
-6231 5435
7681 -5941
2750 6055
-5504 2661
-5080 -7236
8810 4968
4583 -5808
3127 4993
5902 8535
53 5923
194 2288
449 -2271
9567 -1065
-2976 9527
-6532 -4977
1665 3806
-6825 -4320
-9360 -3167
3827 -8094
192 -9181
3714 778
-503 -7648
5052 4107
5282 6798
3876 -357
-1429 5395
7595 3985
-6319 7285
7009 -3419
-2696 1927
-4943 -6801
-9325 -8128
-7298 2510
-203 -9471
-2179 -3338
-9835 -7615
1741 -2783
-8547 7853
-1834 2485
5056 -7581
1285 -4793
-8801 -6480
-3470 9158
-6631 9740
-3414 3411
-8473 -1428
-8312 8989
8686 4135
8814 4334
1682 9402
-2495 -9117
-8674 -692
7592 -5283
-4988 -9993
8930 -5004
6615 1196
5538 -6765
2063 1825
834 -4520
3187 -1548
-6248 -6107
347 7967
-1189 -8648
-3349 -4365
3766 -6103
-1715 6234
1967 4592
-2113 9431
6717 -2403
7685 7224
2923 2816
-5116 -6052
5778 -1703
-3878 -391
-3756 -8714
-2378 9959
-6767 7030
-4800 6992
-8719 2981
7968 1853
642 -3204
-2062 -1545
-4217 5506
-1764 -9301
7532 -4281
-419 897
3938 6219
-2104 990
8529 -5222
4815 1641
9146 -1963
-9827 -9590
-4723 -2795
-1895 -4840
-1279 -2296
-1331 6030
-8208 619
7321 -6262
7643 -3310
9770 2315
192 6702
28 -7007
4896 -6630
-6990 9647
3940 -2874
4406 5162
5731 219
-9095 -1415
-7208 -4552
-155 2023
-1490 5632
-8252 157
1466 4475
722 -2413
-559 -3502
-1690 -4895
-1224 3729
2446 7213
6047 -4261
5690 498
9384 6981
6556 -1800
-5147 3822
-653 -2453
-9816 5277
-6919 -7369
-418 4091
-3241 -5622
8254 6799
8055 -6979
2728 2359
4521 -8903
1453 6221
897 3781
1013 9378
-7046 1833
-8718 1357
-6409 -3210
-7710 7526
-6335 -7375
976 4215
-2965 -2055
452 2447
2153 9549
946 -8398
5241 9683
-1553 1007
-9223 -9106
-2669 200
-3576 -9806
2625 2096
-7141 555
6036 3173
-6158 -2952
3184 -6581
7665 1113
-6498 7839
-9635 -7547
851 803
1389 2259
8715 -6013
9352 9713
7717 4900
-7055 9277
-5378 3293
-7308 -8678
-4391 -7007
-3227 -505
9436 -6654
1465 5039
803 2289
-7769 -4760
-5608 5392
6109 -2041
1232 4567
8940 7601
7701 7222
-3499 643
2316 861
-9253 -7280
3810 7197
-4739 -6327
6920 -775
7583 9978
-413 4100
4146 9163
-697 -870
-3144 -5156
-8018 1666
-9497 3250
8466 -8327
-2639 -9031
-199 -1624
4679 -5560
-648 1952
-5507 -3751
-6286 9132
-8139 -3433
-7687 -8961
9542 -2596
349 -2429
257 -207
9664 -3338
4532 -4724
8624 4994
-6600 -1126
-8672 1142
-8018 4976
-6838 3265
7528 4741
2639 9332
1303 1015
-4254 -3611
-2923 -2202
-9655 4483
5745 -1125
8052 -7876
3866 6885
646 6771
-2293 -304
-7336 3481
-2700 -3934
-6740 -6118
6839 -5213
7147 6435
-706 -8370
9844 1848
-8628 -6048
-382 -2618
-8853 3589
-9584 -7751
2728 -9573
-7747 9464
2635 -1431
6639 -7309
6494 3357
4755 9788
5378 7959
8823 -6207
5378 3027
8323 -4881
-9151 -268
2627 488
1595 8674
-1017 6784
-5818 -2095
7187 2278
-4404 -710
-5434 -7051
9996 -6440
3696 -2079
368 8692
4268 -4467
-9833 -6711
-2177 -7456
5493 -7921
-6325 -9259
-2898 -8469
-7615 -36
6401 -4680
-7425 4354
-4192 9402
2238 -5514
-5279 -9837
2897 -261
-5856 718
-1441 7114
5038 371
149 4120
-7199 -5933
3368 -9847
9821 -8992
8544 -3066
2449 8004
8005 -2509
-8529 -8298
7333 8241
-8496 -8282
4175 -4188
-4016 -1594
8431 -3289
-4567 -3736
-5994 -5682
263 6496
-3309 -8725
4116 6522
8838 7807
7473 9447
2652 -7882
-6520 7140
8599 -874
3218 -2493
8182 -1717
-7086 8394
9379 -1579
5770 -531
-2544 5587
-7816 8533
-9157 6224
-4202 5130
2097 -66
-5094 -1133
-1855 7862
7111 -9399
2681 -6897
-8755 -8155
-6308 -9422
3497 -1846
-817 6695
2438 -5531
2047 9462
-249 -1809
-2819 2294
6590 -6693
7407 -5420
5871 5578
-844 2323
-2319 4033
-2129 3690
5292 8643
6247 9668
-9999 -2372
-8024 -9535
-9286 8469
-1017 -8900
6465 7432
-5991 -6110
6274 -3782
6726 6776
7907 -227
4899 -882
-9837 -2940
-6301 8220
1021 7084
2229 8334
-761 884
-2787 -9609
4881 32
-8454 -5595
-6012 -2321
-7833 -1371
9380 -9993
-7144 -8527
-3950 -2494
-1258 1632
-4609 109
-6994 5539
3521 -6427
6281 431
-634 1013
-2097 636
-1390 359
-7432 -8909
-9272 -3776
-7016 4471
4309 -4673
5027 -3702
5550 -3276
131 -6307
-9715 8488
2196 4899
4486 -8236
9346 486
-1124 1694
-3710 -2724
-5866 6240
6279 -1896
1746 -8642
9556 -4910
7427 -5413
-9999 1981
-5037 9112
-794 222
-9556 -1963
-3696 -4462
8642 525
-6566 -2665
-5166 8698
-5014 -5203
-5237 1782
-5474 1544
-5679 -9719
5577 -930
-629 -9126
-3550 5097
-8278 -6331
8878 5406
-8182 -8211
739 -834
479 1807
-6605 -2718
5725 8473
-5726 -3438
9041 1246
411 9622
-524 -6103
-6413 1738
3612 603
-1042 7970
7056 -5048
2102 984
8683 5731
-7113 1973
8413 5621
-421 451
8364 8909
3695 -3273
9094 2712
-8677 -9033
-7226 9254
795 -331
7101 1154
4542 2473
2713 5134
-6738 9020
1070 -1144
-9425 4522
1264 5396
6085 -1289
-9606 4401
-3481 1492
6455 8407
-3336 5960
-6232 7783
3653 4855
-9103 1519
-5575 -146
-3315 -2596
-1969 8934
-370 9648
-9810 5607
-5687 -5261
-6664 -9514
-7486 9825
5380 7856
-6418 -3595
-6352 541
-5488 9368
-8044 7079
-1172 2502
-139 -9323
-9097 6679
-1628 9027
9723 -2346
-5166 750
-6717 7873
901 -3981
-7441 1953
7742 9118
-5763 1564
6899 -1697
-4223 4943
3738 2327
6006 -7775
8905 -1098
-1868 7665
-8249 -6004
-2810 547
-9062 1991
-4263 -8599
5652 944
-8796 8754
-1826 -1778
2196 3698
2931 3638
-2297 -9839
-8283 7444
-9643 -2436
-7320 5448
-9100 -1677
-1636 -4027
-4698 7970
-5181 4404
-6122 7743
-8222 3518
-2718 7100
-5799 -8622
-7064 -9617
-5244 -1699
-9771 7135
1837 5928
-7006 -466
-1479 255
8038 510
3039 -4087
-853 -5754
-3348 6844
-7629 5556
7090 -9919
3949 6433
5686 4626
7085 -5681
6457 -8916
3462 9974
-831 -3472
-3295 4811
-3856 -4098
9000 -6888
2928 6322
2024 -2266
-3809 -9687
7189 323
7835 8799
9706 8773
-1493 -1761
800 -9238
2354 -4990
8519 3425
-1904 -1537
6088 -1189
-695 2145
-3625 4048
9170 3830
-4661 -8995
-6145 1808
-2769 3783
4865 -1967
-6435 -4595
-2704 -2288
5510 5983
332 7863
3906 9939
7108 -2053
8544 -8510
-8269 -7630
8626 -6141
-1349 8404
2247 -9322
-5411 -9678
8556 -573
-8852 4557
-5913 -6228
-397 -4672
-6543 888
5091 4311
-564 -2538
2752 -9434
1472 5682
9801 2120
1091 835
8137 -7522
3370 8135
6216 -5227
5303 6414
6889 2695
-7714 -1975
3462 9545
-6036 3214
-2196 -9814
-228 -2223
-4892 -1086
-1623 6889
-6211 1248
8544 -6747
-7166 9637
924 168
-8447 5396
-2079 3008
4777 -5057
-9870 -5977
142 9533
-3006 -7035
-2805 9390
3239 5603
-2744 6245
-5719 -7497
3345 4371
6787 -5193
2258 6572
-2521 8044
-7526 5678
-5762 9111
3082 1807
8320 -3684
-2393 -3821
-185 144
7889 7650
-5033 3850
-1224 1390
-6546 -6633
-9899 6638
-7405 -61
-7815 -2236
-8910 698
7410 -2124
-1083 -2251
8347 8239
-8721 -1602
-8524 -4565
1550 -9933
6124 5113
6242 -1312
528 -1828
7707 -354
-6952 -3684
6066 7532
-8632 2084
9524 -9344
2430 -9614
-5271 -5521
7806 -190
3180 7556
134 -2097
-5084 -9044
-5397 8973
-2108 3694
-7053 6536
-9979 9114
944 -938
7255 5266
-9568 -2886
-3785 -4665
990 5690
-5609 6149
907 -1672
4270 1104
400 -8629
8290 8746
-4117 6200
3379 -9461
-4290 4797
4189 368
-1113 161
-6331 8442
1630 -5298
5348 110
6381 -2813
6504 -7565
-8660 6435
8966 2581
-3279 3201
-3496 -8166
2881 6314
8907 5038
-3020 6821
8841 2419
-3927 4132
-6429 -6511
5533 -2215
-373 8785
-7891 8025
-9756 -5864
7668 -7345
-2438 9171
-1232 -7658
3156 8466
9250 -2795
-4823 -5491
-396 -3890
1854 -9384
12 5231
-8885 6278
7602 9236
-6385 -8730
-6680 1039
2208 1962
9648 8929
4385 7399
9788 -4108
-1632 5097
-4514 8387
9850 -6671
-885 9651
7496 -2686
-6258 8972
-9624 -7926
-8428 8102
-1547 -4104
-50 -6198
-5243 2567
8932 -5936
7145 5508
5893 -9458
6251 1964
-7884 9542
499 6379
-1314 6168
-6497 7167
-8369 6286
-5079 -1700
-7788 9990
-804 -8972
-7615 2418
-4215 -1984
3993 -2049
-8240 8515
5366 -4474
-5371 -4147
4725 8048
-8063 -7222
6963 -3036
4193 7605
6341 4866
577 1556
3252 -845
2351 -7824
8624 -180
-1185 9882
-8153 -5076
4588 -5121
-1787 -1552
-1760 5490
-1834 -2634
451 8718
6633 76
-9597 -6261
7230 4429
-6523 9402
-8416 774
3066 1387
-3734 -4559
8828 6686
3910 -8007
4042 5366
7972 -8480
134 9512
-9613 9653
7930 -3510
7411 3988
5811 -9079
1405 869
4988 -3969
7669 -2922
2793 4727
-7130 5711
-9489 3924
-4423 -4507
1125 4704
-8813 6702
1466 7185
-5140 -7073
510 -3803
-6288 6756
98 4655
8579 -616
-5138 -743
3768 -1028
8220 7552
-5236 -7502
-847 -5497
6846 3078
-8614 9893
3485 -700
-669 -1028
9856 -3658
2533 -3881
6715 9137
-911 -2659
-14 -3044
-2306 1262
8417 -141
-2367 -21
3570 -9089
-2850 -7580
-9076 9188
5363 5224
-8924 2872
5364 1705
1778 8077
439 -1007
-193 7117
-1013 -3314
9966 -7476
3361 9003
-2101 9021
2856 -8863
-2569 7790
-1905 -7856
-1337 2497
1448 -9834
5152 2014
5715 2916
6050 -4372
-39 75
-5200 3499
-7203 6757
-4378 982
8844 5041
4048 3195
5927 -5640
-7450 -7567
7885 -9919
-9318 9302
7974 -7782
3490 5354
663 -9065
-8225 -2544
1352 -3249
2420 1745
9231 -7925
-7603 9537
4183 7667
-3565 -8949
-5144 -2414
-5048 -566
-2450 1134
4646 -3375
-5646 -7738
2459 5090
-9520 -7284
-8892 -3081
6758 -6169
6117 362
7886 9930
7835 -2120
-3653 -6728
-2142 9256
9148 3708
4299 7832
1256 4238
-9960 7619
9035 342
-3482 4889
-1627 3738
2294 -2127
-6677 -9470
-6261 -8009
2510 -7714
-5090 463
7327 -3595
-663 1342
7390 8588
6450 5818
-5819 2069
-96 2129
-6581 9533
895 -9337
2800 -1765
2868 -3872
9285 -10000
7763 -7625
1169 -2441
-6659 -1614
-1466 -5447
2439 -8062
-5139 3051
93 -9486
-2430 -9322
8743 -6872
2469 229
5676 -2776
-4959 4629
-1648 -2690
-247 574
-7768 -4773
5434 900
615 688
1684 3655
-4133 -7221
5302 -8856
9518 9931
-569 -4569
9476 -9604
-1516 -2758
-9542 86
2823 8230
9336 -9375
-552 6184
-973 -4028
-5082 -2034
-3905 5500
-2016 6007
-5392 2475
-7004 1505
9687 6505
-3447 -6199
-9231 5767
4057 -4297
-8085 -5597
-3738 7505
4967 3951
-3172 -8056
8861 4798
5494 -5899
-8531 5418
4608 3348
8325 9235
2376 -5373
-4562 2565
2574 -7043
7132 189
7461 3523
-2811 -3493
9649 9888
4991 8063
2743 5073
7958 1490
-8117 -7423
6845 -9329
-4952 -504
5072 5502
-5360 4960
1034 -1110
8470 8597
-425 9331
7633 5519
5922 -9067
-1201 1711
4124 2998
-3008 7450
7768 4916
-3731 850
9144 -6126
-4096 -937
-4240 6293
-8497 2451
1758 8117
9112 4888
4442 7345
-59 -4245
-7279 -4067
-5817 5982
6608 3368
5952 -8669
9213 6920
9197 -814
-2705 4192
-3475 -297
-4668 -4782
-7980 -184
-7205 7131
-9686 -4183
8601 8506
97 -7024
-9114 -5046
-6842 2745
-4821 6866
9505 8223
-3783 1380
7544 -6826
-123 -8992
3235 -4335
4637 7162
-9399 9613
-2979 6363
-5278 -4209
6232 -8932
902 -4150
-231 -6471
2525 6028
3426 9827
-7880 -3030
8665 4293
-5367 -3728
2638 -7981
-9385 8830
4076 9812
1247 7313
2648 4870
1279 9097
-8936 3123
308 4143
3785 -7551
-8459 1406
-1774 5179
-8459 8449
-5552 1661
7001 3356
-1699 -7842
-6242 -6908
1065 -3210
3148 1055
9669 7373
613 -3563
3334 674
-9161 3976
-6331 -2382
-5099 7193
9506 -1430
136 9094
-201 -9449
-8391 9318
-1815 8358
2265 -7861
8377 8921
7406 -1616
-6898 277
-9982 -2857
9771 5548
-7925 466
-1967 3690
6025 -3643
7709 7530
2005 6020
-7819 -8634
3915 -3872
4057 4916
8149 -9843
5822 9013
-6329 -5046
-6443 1277
6359 -4012
-10 6112
-7700 -1874
2785 -3894
-6208 8532
1181 -880
-4373 -4248
-434 3886
751 773
-9020 -3301
5211 7602
9159 -4238
-5235 4548
7226 7167
-8421 -1328
-9729 -8207
-9330 6144
5808 6183
-7868 4262
-2368 8023
-3053 -86
-7573 7628
6382 9412
-2602 -9333
9090 -6503
1805 2718
1612 -6441
-9829 1463
1463 8862
-711 4089
-6438 6200
-7108 6710
1229 2410
3541 -6884
4051 -7090
-3835 5917
9624 -6510
-8359 1512
-5858 2552
9379 -5309
1604 7316
-2076 3918
3760 -4429
-8942 -421
-4120 -2587
1437 -408
2091 -7871
8939 -5271
6270 -9287
4102 -6675
-3581 -2188
1522 3234
9713 9163
672 934
-9202 9618
3028 3464
3422 -5309
1004 -3788
-6306 9091
-9402 2612
-53 2838
-8881 -2217
-6664 -4626
3512 -9792
-2834 -2109
6238 -2537
-135 92
-694 -9381
3650 -3988
-9884 -7272
-8763 -4938
2073 -4630
-2622 -5605
8023 -659
-5660 2168
-2964 7557
-7719 5239
4526 -5127
4467 -760
-1728 -6137
-7287 -5883
2791 -4786
-6213 -2992
9597 -2739
7485 8206
9507 7752
232 -183
8556 -7013
-7520 -4558
5925 -3524
1308 -5873
4880 7980
487 -6677
-6564 -5083
-7770 4146
-6548 8160
2222 2335
-5 3422
-9989 -4711
8345 -7978
5998 -3117
-8553 -4984
6385 -4268
9919 -1900
-2224 1737
4623 -1831
-2195 -3289
7106 -5505
5806 -1124
-3375 -6503
-822 -5620
6565 -3737
4305 -9721
-8820 -3304
4385 7779
-1840 -9620
9391 -178
679 2614
7491 9607
1609 7387
8597 1133
-4451 2541
-8459 4937
996 -1751
-2683 -8562
-8329 -5315
-6994 9795
-6392 3835
2729 7989
8446 5315
-1573 -91
-6106 2929
-7771 -3141
-3162 3698
688 -4733
-3561 -2162
3301 -5111
8845 -5515
-8416 -370
4100 7822
1017 7741
1878 6186
-1689 9054
-6723 -903
1088 1594
600 -1366
-5405 -4990
-7932 -8490
-1960 -1689
2059 -6358
-9085 -2684
-2596 7907
-2047 456
-4466 8500
4735 -5637
7607 -1571
-9880 2596
6325 -1627
-8703 -9691
-6875 -1294
-8656 -6598
-9548 -4702
-3426 -3102
-6616 6879
-6365 -4776
-958 -9195
-2152 -8918
1438 -8462
-468 -6890
-5694 -3243
-5341 -6755
-6468 -9896
-661 2485
-6914 -836
9876 9989
6125 5329
-2206 5906
-8450 -2140
9423 1867
-1660 -8431
8836 7755
5182 5614
-2632 -7384
-9082 9219
-9228 7324
-189 4502
8541 -1181
-3103 -6229
1842 6418
9898 -6655
-9115 9062
504 198
2855 -969
-140 -1875
3129 1592
8030 9571
-8422 5024
-3000 -249
-2942 -2662
6835 6432
-7191 5729
-7326 4031
-3358 -1524
-938 -4316
6055 2068
-430 6476
-3427 3427
1931 -69
9162 3136
-4876 1576
-4545 473
-7146 -4133
-9835 -8190
966 7274
-9014 612
-3080 -312
-7102 -2840
2779 -9197
8687 -3044
-9505 -3851
8854 -2153
5076 6110
5653 -1937
1727 -6915
-7385 1283
4158 3841
5452 3637
-7512 -3570
-3018 7010
2969 -9952
-8088 -2208
-2162 -2713
-8125 7611
-7984 -1248
2088 6467
2055 8451
3660 -9293
-7686 -9652
3088 -7653
5588 7248
-1633 -8626
2073 -9201
-9532 5796
1152 -9200
8630 1861
-7372 7401
-625 -6457
7667 5881
-6321 -5828
-7309 -8096
-7833 -4315
-6391 8847
65 9098
-7772 5613
2550 4247
532 3057
7018 354
1508 -4668
8741 5531
7642 1159
3335 -9863
-5984 -4219
-5440 -4129
181 5088
-3617 9417
2948 2302
9003 -901
-942 -7535
1517 9098
-9174 -4600
6666 -5165
3278 5393
-9617 -5313
1886 237
-4456 -3270
-5240 -9560
-2942 -4308
-6794 -6838
8201 4678
-616 7173
4788 -1900
8878 7932
9733 8949
8321 -7471
6925 -50
-6240 -9140
-2150 -8426
8348 -1954
-872 9818
-3695 -4151
-4595 -5600
9771 -1762
3456 5749
-5345 -804
2321 -5929
-2154 -4511
3495 8138
-4774 -5619
2473 -8619
-530 8198
3873 8308
1011 4633
-3800 3752
1505 4967
-3442 5892
-2071 2342
4507 -6207
638 -9867
-343 5047
-5298 -5538
5326 -8289
-4331 5003
-7949 8852
9057 4973
7652 6040
546 -7466
-8638 9868
9059 -3444
1001 7639
-5091 3884
-5893 7290
-4828 -3571
-2893 722
-35 -7533
8604 4096
5372 261
-3277 -6151
7877 -1700
7492 -2252
2283 3137
760 -8954
-5900 2582
5423 5390
-9828 -2855
5153 -1233
-3536 3181
-693 9738
-5948 3128
4928 -6464
-5522 -5568
4412 4669
-3925 -2974
-4349 -6716
-9927 -4338
-3412 -942
-6900 1566
-5344 -5593
9216 -6092
600 5409
-3151 8738
3048 3122
1384 -3199
9122 -3345
-3021 5001
-4211 2721
5142 6826
7218 1951
-352 -465
6324 3905
666 6154
8160 -3414
9189 -3584
3945 -6850
8674 -5532
-9460 8575
-5567 -4203
-4015 -6847
-1080 -3061
-9429 6439
-9521 5951
-1509 -7763
2202 8798
3812 -1207
-5838 -656
-4303 8141
84 -2990
-6658 8486
-1058 -1620
4584 1808
-8293 -8874
-9441 9454
4070 -6462
4976 8832
3733 -5464
-9423 -193
5648 -18
6078 1624
991 9307
7960 3049
-9616 -1156
-9561 8427
-1783 2318
3772 714
1321 -6760
-261 3437
-4812 3238
6123 -8396
-9191 -1976
9677 7531
-1472 -5469
5155 -2251
8283 1605
-2443 -4041
-9339 6852
1744 -8296
1776 9057
7868 1319
-4539 -3198
9041 -2357
3488 -3636
9338 270
2129 -8904
-8815 -9066
2258 4093
3654 8304
-5914 5411
-8382 -1538
-5560 -7433
6611 7029
-607 5697
-4018 3027
8765 -5546
-4152 8662
6488 1936
-3143 -9036
-9718 4900
4950 -8119
8329 -6005
5651 8848
-6834 8574
-6697 -4670
-8781 -9776
-9232 -5020
643 -1728
-3858 -7350
5176 -5983
5239 -9274
-5165 -8018
-5515 5920
-2813 3187
-5478 193
-2342 2447
7049 -3689
-7459 669
6367 4440
-1378 2980
-9828 7104
4859 5940
257 -3880
3767 -6206
2836 1174
9659 -8141
6778 6789
8708 9141
1829 9645
8768 -9261
541 7101
8706 9202
9137 -6709
-8446 -9072
-1995 8996
1716 6690
-8417 -5376
151 787
-5625 917
-6000 -8514
8173 5035
5211 8502
3596 7590
-4736 1734
172 1751
6133 -136
9723 9928
9932 2800
912 -3082
6204 -483
-8974 5360
7194 -2918
7534 2367
840 420
2772 5440
-7514 7958
3176 -1592
-7129 -6642
-349 -7019
6105 -5160
8100 3977
-9565 -3214
-2769 -2006
9403 3076
7352 804
6270 -6821
9040 3751
-2499 1465
-2511 2653
-8431 -8675
6619 -9544
-493 -1467
3997 5130
-3637 1941
9585 -4059
1503 -5622
9272 5146
2747 2300
-6111 8489
6093 1891
3154 4169
4392 9866
-8431 -893
5924 4264
367 -8231
-7618 320
9830 6748
3694 7752
6062 6504
-8621 2293
-885 6009
-3678 -5661
4617 -3532
-8862 -2508
179 4556
3850 -5709
-2764 -7315
6491 -424
1808 -8111
7852 -9681
3303 -9744
-9452 3791
9604 -8072
-6463 1428
2721 -2896
7130 -7349
-9288 2387
-1375 1980
-7411 7609
-4037 -5070
-490 268
-7051 5679
2980 7064
3228 9033
7013 8294
-9678 -2199
-8495 -1974
-150 4516
4354 -7034
5276 -5895
-919 -7976
9327 -9666
7397 4935
-6172 -4760
-1086 2776
6496 -2789
-694 -1824
1644 5071
3022 -9004
-5506 -6620
-2480 4231
5911 4960
5223 -2689
-5638 -9005
2199 -2843
5799 -9968
5385 -9717
-455 -4100
-1664 -9127
789 -4783
-4742 -8221
8034 7519
-7065 -1717
5021 -1065
9027 -5241
-3753 -4553
-3468 8597
-3001 -3461
8687 4435
2290 -7014
4827 2930
-8561 -5878
6488 -2153
-2487 -8153
-4838 6503
-7599 -839
-1084 7788
6334 -4796
2387 -842
-8941 9602
4567 843
-7174 3854
-5759 5664
-7376 1833
7954 -2323
-6726 3522
-2380 3929
2723 -6111
-8963 -2523
-7503 798
-475 3972
-5027 9329
24 -7233
-202 324
4504 7369
-745 7239
4968 6274
-3714 -5573
1770 8764
6629 -3720
-5645 6700
-2284 9892
-7569 4303
4666 -2904
1302 2117
8173 -2643
-2184 581
-106 -5927
7108 9123
-8522 -1911
-651 6552
6482 -7787
-2641 7135
-5047 6540
-1788 -9787
-7500 9225
9159 -1015
4125 -6083
-2315 -2763
-4530 7731
5352 -2831
-2746 9943
9739 8943
-1853 8618
-9652 -7972
3984 -2555
5970 -4093
-3140 6967
8742 4298
-434 -9087
4571 7406
2845 -7749
-7074 9672
-8178 4073
-547 -1475
2053 -856
8567 5448
351 -5234
90 -6671
-299 -6203
-6680 -2210
-4209 6262
6633 -3099
3396 961
-5375 6086
-8690 -8399
-9628 7685
3254 -9844
8283 -6260
2039 -8013
-711 -5614
781 -4723
-7505 -4071
-9554 -3915
2533 -1396
-7910 -3177
-2066 -2986
1868 7162
-9443 -1022
-1349 -9572
1613 8772
6855 4238
5741 1165
-6971 5662
3026 4152
9147 4588
-6326 5350
-242 7369
276 -690
-7035 -5706
7395 -7454
-2728 -9439
6526 9305
6976 3818
7067 -31
-6994 -627
-8936 4903
3741 4006
9571 5281
1604 -6954
4446 870
861 2949
5153 5023
-1425 2211
-5585 4423
-9453 -29
-4004 2003
4961 -1601
8835 7214
8314 -4728
-4503 4706
6548 9441
7031 -1050
1801 1073
-8736 -992
-2313 -4996
9066 -6965
-1712 -4054
3236 7296
2839 -7290
6250 -7047
-5687 3344
-6717 8019
-3421 1696
7401 1775
-8227 -6798
-4296 4163
-342 3184
9970 -3261
7917 -473
8286 9528
-3651 3672
-1967 -104
1421 2222
6344 550
5336 2554
6651 9995
-3111 -9426
3714 -1252
4105 1172
3996 -152
-1867 -4186
-365 -7611
-4013 7995
-3765 5834
6178 8164
-6352 -5659
-4326 -7421
4987 532
-9201 -321
9687 5958
8632 -4012
6393 -9622
359 1595
-9916 -9298
9212 -869
1731 -414
2134 863
-4380 6444
-6740 -4552
6654 3444
2726 -5843
7534 9254
6984 -2956
9259 4448
7484 3358
-4395 5399
-6651 9943
-9294 -8756
-4030 1925
-7473 -5406
-922 -5821
8322 2601
-7986 -7827
917 105
7631 -5694
-2124 -2510
-3736 -910
-8009 6645
4427 3977
2653 3387
-3853 -3846
4452 4307
-7367 -7949
5033 -1872
-3804 6626
4883 1259
5998 -2217
7668 299
-7489 7022
-4106 -5925
1980 1704
8247 -2333
-7182 -1672
1751 -1687
-4922 -9497
4587 -7677
3929 6088
-2898 -1831
1423 -8398
-6141 -1856
-188 3281
-9010 -819
-6385 817
7192 -9021
-321 -3153
-117 8630
-3292 -9673
3261 -4689
-1148 3647
-2526 -7402
8624 -148
-8279 -1647
-2 1077
-343 5749
-7231 -5863
8368 -4945
-6201 -9849
6654 -1624
-502 -6762
8097 6345
-3025 7404
-7820 -3961
-1093 -3159
8323 4840
-4346 -5776
-9370 -3689
-3376 5915
7915 -7004
5479 821
1575 5402
1048 855
3937 5938
4381 2165
9352 2250
-3292 6971
-8710 2716
3619 -3129
-9842 195
-3072 6834
5796 926
3873 -3783
-166 -5478
4279 -2819
-9778 9753
-2597 4711
7229 2514
3965 249
1841 5422
-5691 -3440
-404 -5422
4978 4382
-3504 1323
-9041 364
8513 -4478
1627 4725
-6922 1150
685 -7332
1984 3020
7235 8217
8303 -3457
-6977 7881
2575 -5207
-9516 -6334
1209 1417
3712 -332
-9527 -5774
-3641 -5060
525 2964
1601 2600
6413 -170
-2413 -4784
3082 -5333
2698 5539
-9053 -4437
4765 -7018
-6884 8366
-6188 5400
4872 9814
-8393 3285
9090 8738
-4037 9194
916 -4988
-2562 -9646
6880 -2250
-5622 341
8414 5581
-2099 7396
-2339 8469
-2815 -9770
1197 -8923
-5892 2896
9443 -6594
3730 5105
113 5944
-2808 6504
5636 8282
-7326 -8858
-2529 -1553
-4156 3165
-7387 -4277
7030 -7999
-7380 1384
-9903 -7069
-1631 8470
2070 -525
-4814 -4493
-2835 6832
-2165 399
7213 -1388
88 -4929
6326 4183
-819 8542
-7093 6755
414 -8847
-8867 -745
-333 1785
9889 453
-6454 -8883
2783 -3638
8473 -3415
-2942 -2868
5167 2122
1740 4061
-3761 -1678
5119 5432
-308 3441
4409 -2027
-1557 9683
5567 6940
-6714 3405
-4829 -9343
-2139 2678
-1416 8648
-6790 -2678
-3714 9423
-5986 4892
3966 1580
-3280 -2269
9976 756
-3327 9062
935 2530
-5640 7439
1166 30
-7461 -5662
3753 2927
-2738 -2119
7778 -5570
2325 3596
7750 -6465
-3099 1418
-9732 -66
870 -8735
1963 9306
7927 5813
936 9052
-830 -8857
-5382 -4540
4908 -8862
8508 -1588
5304 5326
365 -2566
4115 2063
6772 -8476
-5000 4430
-6915 -8537
-3870 -4513
-9893 -4244
5871 1701
5337 -5294
7624 -8341
4909 -5944
6310 -5152
8294 4501
6555 8127
-2877 -8474
-2485 -4703
1918 9337
-4932 -6638
1559 885
-7858 -3190
6492 -7979
1442 -8088
5854 8045
-1421 3231
-1329 1796
-5670 4171
6925 -4956
4368 -1853
5357 -2248
8779 -5230
-9990 -5976
8759 -5589
5657 -3723
5381 -9570
-1804 8071
-3295 6925
1760 398
9214 7141
7689 8014
-9433 5223
-5781 453
-8237 2740
-1154 7392
142 -1298
-7254 -2697
-3897 8199
7740 6991
9225 8485
-281 -1865
-4346 5995
4268 137
7524 -7480
9097 -6142
-2193 -5363
596 -9374
1112 8169
619 -454
9353 2274
-7116 -1347
2901 -9004
5226 3455
4822 -8792
5414 -8386
-4841 8494
3594 -6826
1317 6038
7158 -2801
-8451 778
5983 -3937
5952 1416
7285 -9017
4168 7536
-6973 -777
-3392 6768
-9819 1407
6599 9668
-1306 -3713
-3861 -3718
5165 5698
-7205 5231
9194 470
-4886 -2468
-1006 -3470
4957 2276
-7075 104
-2209 -7236
8243 6588
3530 -9485
9672 8716
4980 2427
-5151 9427
-1102 948
-2041 3431
8663 -7829
-2031 -678
-2562 6232
-3700 -1144
-8180 4156
-8917 2856
-9918 -3658
-2588 4663
6202 3157
2831 -1800
1954 -1024
-8248 2497
-2991 -5827
-1462 -8937
-4001 2398
9576 5111
-9498 -395
4336 -4060
-5754 7746
6530 2834
-9 2689
-4781 6359
6248 -7922
-2358 3443
399 -2165
3464 -6940
1022 2815
8108 5825
44 -9399
-855 8048
1043 6284
-3636 993
3665 5227
7989 -8824
8201 2567
-6040 5249
8570 3821
-4921 8625
5110 -3943
-3692 8086
-4564 -4483
-1198 7136
2800 6122
2215 4464
5940 8699
7181 -1597
7777 9765
-2679 1853
-3409 -5423
7240 4703
-590 -3068
3549 -7774
8322 5360
5341 -7894
541 -4257
-552 -9934
9090 4061
-9411 6511
3589 -3763
3438 4914
9909 -4836
-1177 6784
-7609 -4228
9751 -7434
388 -7364
-2644 9828
-3027 4501
-1910 4562
1063 3393
-4066 -728
9297 5553
-1865 2415
-3752 -1574
1570 6256
-7440 9483
3844 285
8861 -7438
-1353 5811
4151 7637
-4752 -8865
-4866 3750
-8381 -9927
267 -7447
-3043 -2676
8430 4966
269 5858
1506 5308
-4868 1505
-5813 -959
-194 5472
-8026 -6926
8284 8969
-9438 3380
-6469 -632
-483 -7517
-2996 -515
-9446 -6063
-4258 6040
-2340 -3050
7627 9545
301 6069
-1986 -2865
-6062 7932
8340 6804
4912 1455
-5172 4573
-1429 3549
-3667 -7099
-129 -9530
-3124 -866
1090 7020
3103 -212
6973 7760
8045 -4487
7981 8547
5183 -7497
-7864 -965
9582 -5903
-7660 3570
544 -9527
1416 777
8948 -9284
-4337 8691
5964 -5477
-3999 6982
5870 -3028
7148 -5521
7778 -4607
-8700 4795
253 4680
9428 789
266 3430
-8762 -4236
-3538 9102
-3365 -8139
9767 538
1168 8678
-4447 -9483
1655 954
-2055 -2127
3029 -9537
4846 731
-5582 2457
-9817 6364
-1359 -5888
5868 6522
9223 -9272
2025 -4131
-4378 7561
7752 -7872
5712 4447
-8138 -6283
-3175 -8034
-1198 931
-3147 2782
9072 -4466
9156 4128
-1304 -3683
3891 -2856
-8488 -1855
-9672 -8211
-8623 -9539
-2619 -6481
6773 8184
-3781 -7230
-3957 793
4071 2152
8469 5039
-3733 3198
-5386 7151
-6028 9607
-6289 5009
-1345 9887
-7025 -7905
-9097 -2007
6884 -4577
1310 -3624
-6441 -892
1719 -9813
-5780 -6287
-2840 -4642
2518 6412
3118 -9757
-4042 3289
4651 -2313
-37 -4463
3479 87
-3190 -2857
7198 1435
-563 -2182
-1058 -92
2899 2042
2986 -454
-1961 3607
-4817 1418
-6677 -5246
-832 -1938
2973 -805
-6882 -7924
5927 378
3096 475
-5604 -7979
8499 -7232
-6999 -1541
6611 9787
5817 5742
-491 4219
-1762 8842
4688 7977
-2179 3002
9138 3366
3756 7810
-2009 -4765
6282 9255
8292 -6488
8272 7371
3893 6472
686 -9015
1692 4429
9518 -3228
-8133 1027
2255 3708
-9139 -2449
4068 2315
-5236 7618
-2939 9277
-8564 -6282
-3875 -99
-1374 4531
-2013 1052
7787 -8037
6645 5321
3517 -7912
75 8192
-1572 -3932
8828 6330
-4811 8957
8385 -9375
1933 -7354
-7160 9090
8084 -7609
-7435 -6720
5414 7236
5408 -3508
517 5563
-2020 -6821
-8520 -6388
1156 -3351
-7547 5159
4232 2545
-9614 -6967
1006 -4960
-6099 3819
1783 -4458
-2723 6161
48 -3306
5262 -4920
2505 -1501
-1700 -7014
879 -7998
2511 1556
-5945 9578
883 2091
3219 -154
6744 830
-5558 -3179
9970 -9636
-4102 -6886
-9480 -2732
-5532 8948
-4240 -3462
-4631 3414
-5865 5427
3429 -1851
-9656 -4162
-7112 -7834
4588 -648
-1668 2265
-7532 3234
2378 2747
2102 2443
-9580 -9459
3296 -6609
6658 8898
1452 1734
-1282 -6268
-5446 1216
-2666 -3565
9703 2027
-9882 -3688
4482 -5178
9251 9462
7624 -9923
7946 -1924
8338 -31
4410 -2864
8519 -9496
-2382 8218
-7512 -8840
-9592 -4807
9868 -7245
1745 3012
3835 4261
8858 -4647
-3139 -7326
-7872 -8583
-1791 1464
1940 -6619
4229 5476
-1802 -881
4901 -7244
3241 -5027
269 -513
541 6097
6803 5766
1322 -7380
-9561 7821
481 2329
-4111 1851
8210 -65
-9887 -8871
-2845 -6307
-1202 -918
389 -2736
-2763 -5645
9519 585
-9644 -2473
-2367 -775
6655 2699
1309 -7266
3980 -4977
-8568 -7867
-5635 6105
-310 -3242
4097 -7593
-99 9459
-4960 6471
-7580 6280
-220 1706
4260 -6090
-7331 -5392
-6224 7342
6367 -7531
9054 8030
-2618 -8737
603 -1200
4418 -723
-5883 -5905
-1065 -2351
-4229 -7493
151 3855
1273 9653
-8532 8690
8132 -6880
-1450 8525
9317 761
-6560 -2283
-9340 -9960
-2869 -3062
-1457 7372
7025 -822
3480 2833
-5867 7605
-6712 9088
6550 8407
282 2600
3455 -6197
-6606 -1580
-7577 5987
1577 -4972
-8899 7028
8736 1562
1345 -9790
6711 -600
-1446 -259
-7341 -6425
9365 -2611
1470 1813
-9214 2072
-6823 4037
-1125 -530
-8579 3396
1129 201
8574 -9808
6868 -3359
-8488 7678
2698 9322
-4974 8167
-2201 4216
6812 8179
4602 -1182
-7784 16
-437 8716
-9123 -7213
-261 4878
3903 -5361
-996 5250
8482 9973
8758 -1117
3063 -5574
-3932 -4999
7418 2616
-8951 -3870
1754 -9324
4564 4651
-1254 39
-7987 7938
5546 -8550
4907 -4757
-3668 -4022
6720 -6272
7993 3703
-4491 -5180
3332 809
-1352 -4282
3767 -5443
-5393 -2518
-4708 2262
5933 -8491
868 4978
9284 -2097
-1928 3416
-4303 9481
-352 -2985
7031 -352
3468 7798
9191 -2756
9608 8144
-2472 4341
9095 -4852
3815 7534
6303 -7972
6980 5155
8770 4120
6650 -1619
8312 -6382
-9061 -8915
-1233 -8945
-1327 4998
-8424 1298
8981 2445
2933 -7645
4862 -7136
-8449 494
8889 -6836
2453 -7411
920 334
-5764 -1951
-479 5555
-1508 1483
-7354 8820
-4880 -4645
7435 6426
2578 5655
3772 -2612
-3384 5562
3464 5810
5457 8870
8161 4816
2461 -6139
-7592 8497
4978 -4928
1370 -2855
5790 -4421
-1980 8549
-4422 -2268
402 1807
-742 2545
-4942 -6297
-2003 -3231
-5152 -8627
936 -4673
9903 -1445
-4201 1559
517 -9609
-6096 -4783
8212 -506
-2689 4438
7607 -5893
4352 2254
8604 -2273
-225 8805
9577 -1167
3643 -189
-6310 5345
6185 9776
-577 7140
-4505 3822
1945 -7117
-7069 7603
-7313 -1873
9825 -6722
7499 -3506
-3355 -6008
3512 -5064
-3587 8764
-9594 -1473
1256 -7936
9255 -5618
-6196 404
744 465
-8726 2065
-6772 900
9887 2705
6307 3176
-2515 2637
5295 5414
-1601 -4212
882 -7388
1708 8099
5388 4834
-4268 9925
-489 1897
6045 4686
9412 -4706
9998 -6145
2672 -1406
4311 2567
-3769 842
-6079 -9516
-3065 -4332
-1603 -3485
8513 -1406
4018 -3034
-5925 1369
-5989 9695
-9744 -39
305 -7582
-7420 -4756
-803 -4696
-2099 3355
3532 6259
-5335 -2305
6891 -9541
4245 -1689
-2066 4255
9277 1995
4665 -1035
-934 2864
-1230 4305
7278 -7923
-6918 9586
-7626 -4722
5406 6006
8290 2218
7698 2259
-2310 8939
468 8282
-5314 1757
-7935 5845
-8452 7339
7093 -9006
1438 -9499
9492 6179
-346 -8481
5377 8605
5160 7181
7971 -1947
-5391 -4920
-72 9872
-2753 -3577
6822 6577
588 -255
-210 4865
2939 6242
7454 8111
-4144 -884
-960 169
-7504 6688
-6660 4961
507 1605
5934 1059
9301 372
9284 -3543
3720 -1892
-4585 7528
-5278 340
5165 -7943
-9582 13
-5474 3594
9523 -7608
3461 5853
643 1551
-4321 6579
-8620 1807
7597 2156
-3001 -8519
7543 -9825
-1181 3827
-3057 -7238
-1152 -2186
-2979 -493
-655 -9645
-6634 -796
351 1252
8657 2067
8269 8471
-8771 2447
-7146 407
8235 -2045
6282 -1291
3635 -4055
-4912 4154
-6232 -7380
854 4474
229 -2910
-9368 -3090
1753 -2972
7693 -2174
7625 2454
-6046 -8294
-4804 -1533
-5402 8318
-95 -6244
-4511 940
992 1797
-3958 2218
235 -5163
-3856 9347
2648 1067
-7093 1366
9450 -24
2410 835
1095 2946
-6365 2079
-4722 398
3724 7067
6137 5584
-4113 6100
5852 -3581
-9303 4656
1806 1389
4747 -108
-3075 -8300
-7141 6125
2324 4537
-67 -2473
-8308 430
-5763 9708
-7533 6877
4152 -2579
6317 5796
-7564 8577
-4237 -6091
9244 1430
6818 -7006
-7280 7083
-1667 -9374
9596 1056
-4584 3758
603 -9672
-4411 9530
5167 -8599
-8819 -3298
-3793 -7195
-6931 -5755
-5429 -6819
-7922 -4679
9137 6602
3322 8359
1131 -7294
5624 -8255
4808 3616
9681 -648
-5672 -7062
-7301 -430
-5577 2914
2443 4036
9569 -3995
-5259 -6649
3401 347
-898 -2678
735 7261
-9498 1361
3541 -7253
299 -8508
-9616 1216
-685 -2940
-6117 -5200
7553 -5586
-3717 -7870
1157 3581
-9779 4111
2309 1894
2774 -7216
8191 -3576
-5139 -515
2136 -109
-6692 -7969
4723 408
-3702 67
-7499 -5619
-373 3957
-3372 -4118
-9792 2327
8991 -757
-9777 -8830
-5905 4696
-3578 545
-4497 -7502
7791 -3381
1929 112
6105 3300
2138 9772
7651 -4688
1597 1264
783 9384
-2261 706
5750 -1366
7242 -8323
318 -5548
9717 -2113
-7982 -1699
6518 9451
-6989 -5823
7394 -5427
-3817 8899
-7465 7859
-7339 -4244
2639 7361
6848 4266
782 3053
2107 -8315
8361 -6667
3349 -5057
-5503 -4663
6613 6612
3106 7110
-5703 -1613
-8245 -3514
3461 5139
5122 -8815
4954 -4244
1949 9220
9429 -1898
-7404 5466
5848 62
3781 -7155
8947 1791
6635 -7127
-6619 -3431
-5493 -6018
-5383 6337
-5290 4546
-8305 -7539
-5892 -8564
9424 4087
-6397 -484
-7496 -3427
8366 -1950
3295 8567
4310 2596
-495 5860
-9957 7024
-5355 -210
3277 -2878
3127 1659
-6131 -7029
-93 2940
9687 -4390
-2012 -6090
987 -4487
7721 7323
2807 677
-5900 -3593
4779 2668
3041 -3246
-228 8129
1047 -6585
1553 601
1481 -4674
-6525 -1380
-8103 -4178
3590 -8264
-533 -7930
1922 7654
-1272 -3014
-6578 -3982
3132 9449
-7517 9798
-8214 -7129
8518 -6553
-5410 6352
-6839 -942
8755 5185
3333 1305
5820 -5515
-4405 -6388
-9235 7638
-9110 2502
-6445 6598
-7665 8593
-8790 -4983
9325 3025
3707 -4861
-9799 6120
5600 8910
321 4409
460 -4797
3446 4511
471 378
4773 -7814
6526 9064
-3328 9546
-6082 -6102
7906 3881
8110 -2473
708 1663
2457 940
8886 756
