10000
3327 -7784
6580 -7784
7032 -7784
-6716 -7784
-7210 -7784
4936 -7784
-8577 -7784
6660 -7784
-9516 -7784
3067 -7784
238 -7784
-6138 -7784
-4388 -7784
631 -7784
-6310 -7784
2119 -7784
60 -7784
5598 -7784
9972 -7784
-5726 -7784
2815 -7784
-8102 -7784
4864 -7784
9899 -7784
5875 -7784
769 -7784
-3585 -7784
2280 -7784
-3491 -7784
-4980 -7784
-8152 -7784
-4812 -7784
-8934 -7784
9552 -7784
6028 -7784
-8784 -7784
5566 -7784
-8787 -7784
-7461 -7784
9127 -7784
-5213 -7784
-3928 -7784
5494 -7784
-6986 -7784
-1049 -7784
-207 -7784
-4478 -7784
6288 -7784
-4519 -7784
9950 -7784
9204 -7784
2032 -7784
-8683 -7784
-8404 -7784
-3638 -7784
-3555 -7784
934 -7784
-6332 -7784
-186 -7784
7196 -7784
-9828 -7784
-6529 -7784
4165 -7784
5935 -7784
-5082 -7784
9210 -7784
-3029 -7784
9766 -7784
-2387 -7784
-8567 -7784
-7558 -7784
-6848 -7784
3263 -7784
-7032 -7784
-7387 -7784
8985 -7784
-693 -7784
1598 -7784
2251 -7784
-3672 -7784
4122 -7784
-6600 -7784
9286 -7784
6942 -7784
9031 -7784
7468 -7784
7765 -7784
7130 -7784
2159 -7784
3515 -7784
-2167 -7784
-2100 -7784
-444 -7784
-1699 -7784
901 -7784
-3768 -7784
-5476 -7784
2728 -7784
-6898 -7784
-3582 -7784
9464 -7784
-7169 -7784
4994 -7784
-4227 -7784
488 -7784
3279 -7784
1034 -7784
-618 -7784
-7711 -7784
-1453 -7784
-5436 -7784
6459 -7784
8158 -7784
-1069 -7784
3026 -7784
6025 -7784
-3701 -7784
-2371 -7784
-1299 -7784
-3663 -7784
3874 -7784
-4691 -7784
-805 -7784
7931 -7784
-3818 -7784
4998 -7784
-6930 -7784
5791 -7784
-30 -7784
-1944 -7784
9930 -7784
7675 -7784
7419 -7784
7443 -7784
1620 -7784
5636 -7784
-2547 -7784
-5637 -7784
4575 -7784
6693 -7784
4027 -7784
-3698 -7784
-3107 -7784
4784 -7784
-1917 -7784
1572 -7784
9902 -7784
-8020 -7784
4076 -7784
1325 -7784
1691 -7784
-1150 -7784
-6652 -7784
-7454 -7784
-1198 -7784
-9894 -7784
-1604 -7784
8028 -7784
3930 -7784
8484 -7784
-7011 -7784
9372 -7784
2671 -7784
-5162 -7784
-1116 -7784
3313 -7784
5201 -7784
7951 -7784
-9483 -7784
-1627 -7784
483 -7784
1682 -7784
-3866 -7784
3689 -7784
-5065 -7784
5775 -7784
4148 -7784
-5856 -7784
7662 -7784
-4498 -7784
3554 -7784
-2217 -7784
-8457 -7784
-7010 -7784
-9139 -7784
4412 -7784
-9849 -7784
9478 -7784
6832 -7784
6149 -7784
6450 -7784
-848 -7784
2385 -7784
8696 -7784
2240 -7784
1160 -7784
-9750 -7784
7296 -7784
-1424 -7784
3329 -7784
6178 -7784
9179 -7784
-7702 -7784
8251 -7784
-1181 -7784
-2898 -7784
3231 -7784
-1140 -7784
2365 -7784
-5008 -7784
-4309 -7784
-9439 -7784
-625 -7784
6263 -7784
-838 -7784
694 -7784
4605 -7784
2092 -7784
-4647 -7784
111 -7784
-7714 -7784
2104 -7784
-3796 -7784
9087 -7784
-3223 -7784
1759 -7784
-2514 -7784
7038 -7784
-3801 -7784
-4463 -7784
-2373 -7784
1350 -7784
-7063 -7784
7518 -7784
239 -7784
-6694 -7784
-331 -7784
4849 -7784
593 -7784
4555 -7784
-5366 -7784
-6903 -7784
-9204 -7784
4805 -7784
1267 -7784
4823 -7784
4502 -7784
8028 -7784
1197 -7784
7447 -7784
5780 -7784
-6511 -7784
113 -7784
8670 -7784
3525 -7784
7170 -7784
966 -7784
883 -7784
-8966 -7784
6962 -7784
-6607 -7784
1230 -7784
6004 -7784
-3431 -7784
-4540 -7784
-7198 -7784
-9796 -7784
-3790 -7784
-336 -7784
5274 -7784
-9581 -7784
-2352 -7784
-8250 -7784
-9744 -7784
6606 -7784
-3312 -7784
1521 -7784
7962 -7784
655 -7784
-2831 -7784
-7730 -7784
-9906 -7784
-8251 -7784
-5917 -7784
5855 -7784
1479 -7784
3341 -7784
-9902 -7784
3253 -7784
7248 -7784
-9465 -7784
-861 -7784
-7308 -7784
-7857 -7784
679 -7784
4121 -7784
-1453 -7784
-2432 -7784
-4988 -7784
4996 -7784
-2348 -7784
-1771 -7784
3013 -7784
207 -7784
725 -7784
-2606 -7784
-6272 -7784
-9096 -7784
-2638 -7784
-7519 -7784
-5402 -7784
6736 -7784
8483 -7784
-8538 -7784
4242 -7784
-2138 -7784
2640 -7784
7472 -7784
6107 -7784
6033 -7784
-4989 -7784
-7662 -7784
6642 -7784
7488 -7784
-9730 -7784
-4895 -7784
5108 -7784
-8926 -7784
3308 -7784
5263 -7784
-4175 -7784
-2972 -7784
-2425 -7784
4319 -7784
-5809 -7784
-4203 -7784
-8521 -7784
6383 -7784
9776 -7784
5051 -7784
5655 -7784
9850 -7784
144 -7784
-191 -7784
5066 -7784
-5751 -7784
3961 -7784
1973 -7784
5095 -7784
-2357 -7784
1877 -7784
9508 -7784
-1544 -7784
-5309 -7784
-7408 -7784
4999 -7784
4923 -7784
-6170 -7784
7326 -7784
1395 -7784
9916 -7784
-311 -7784
5821 -7784
5953 -7784
3969 -7784
-4567 -7784
3400 -7784
6345 -7784
8603 -7784
-3546 -7784
1897 -7784
-9203 -7784
4615 -7784
-9238 -7784
7129 -7784
3787 -7784
-4481 -7784
5367 -7784
-7444 -7784
-1572 -7784
-1197 -7784
-3148 -7784
-784 -7784
5092 -7784
8691 -7784
9684 -7784
6905 -7784
4233 -7784
-9190 -7784
202 -7784
3209 -7784
-2243 -7784
-4781 -7784
-6974 -7784
-276 -7784
6976 -7784
-4766 -7784
6265 -7784
-503 -7784
6735 -7784
-9125 -7784
-6710 -7784
-2946 -7784
9752 -7784
-9132 -7784
-2985 -7784
-6790 -7784
158 -7784
-1641 -7784
-8537 -7784
58 -7784
-577 -7784
-3287 -7784
7300 -7784
3153 -7784
4245 -7784
-4580 -7784
-9512 -7784
-9032 -7784
-592 -7784
-4340 -7784
3620 -7784
2725 -7784
-3264 -7784
9486 -7784
4456 -7784
-7779 -7784
-2011 -7784
-7904 -7784
-7815 -7784
1987 -7784
6972 -7784
-2996 -7784
7091 -7784
-2754 -7784
-3666 -7784
7382 -7784
4652 -7784
715 -7784
3238 -7784
-8107 -7784
-4315 -7784
-5999 -7784
-9703 -7784
1606 -7784
-518 -7784
3005 -7784
7398 -7784
7182 -7784
8330 -7784
-4582 -7784
-2698 -7784
734 -7784
6979 -7784
9444 -7784
9621 -7784
4320 -7784
777 -7784
1227 -7784
9792 -7784
7776 -7784
-7672 -7784
-5390 -7784
9 -7784
5084 -7784
-2972 -7784
-7429 -7784
-2815 -7784
-1160 -7784
-6736 -7784
-1313 -7784
-674 -7784
3861 -7784
5655 -7784
-8845 -7784
-9243 -7784
-7696 -7784
-925 -7784
-9783 -7784
-9426 -7784
6900 -7784
7982 -7784
-7935 -7784
-5184 -7784
491 -7784
-7044 -7784
9143 -7784
8915 -7784
-5719 -7784
8706 -7784
1615 -7784
9869 -7784
-3330 -7784
-9874 -7784
7627 -7784
3640 -7784
2752 -7784
-6370 -7784
1986 -7784
-4511 -7784
6780 -7784
5529 -7784
9803 -7784
3254 -7784
-7857 -7784
-8391 -7784
-1658 -7784
5482 -7784
2239 -7784
3639 -7784
-9814 -7784
-6791 -7784
-9213 -7784
784 -7784
-181 -7784
-2748 -7784
-8226 -7784
-5004 -7784
8173 -7784
348 -7784
-7368 -7784
-6032 -7784
-5501 -7784
-1633 -7784
-2719 -7784
7504 -7784
3476 -7784
-592 -7784
8965 -7784
-3156 -7784
-414 -7784
6649 -7784
-5427 -7784
-4031 -7784
-9631 -7784
-1704 -7784
3834 -7784
-1931 -7784
-5668 -7784
4442 -7784
-9291 -7784
2143 -7784
2631 -7784
4969 -7784
172 -7784
8005 -7784
1668 -7784
-2506 -7784
1997 -7784
-9982 -7784
2795 -7784
-1342 -7784
-9595 -7784
5549 -7784
6644 -7784
-4563 -7784
7014 -7784
-2714 -7784
3213 -7784
3952 -7784
4953 -7784
-1475 -7784
-9622 -7784
-9532 -7784
-5000 -7784
23 -7784
144 -7784
1093 -7784
9544 -7784
8513 -7784
2852 -7784
-816 -7784
-8238 -7784
-3643 -7784
-5655 -7784
6421 -7784
-3298 -7784
-7259 -7784
-6680 -7784
-9238 -7784
7590 -7784
4569 -7784
-5363 -7784
9859 -7784
-5274 -7784
4981 -7784
-6553 -7784
1432 -7784
4458 -7784
9388 -7784
-9990 -7784
5135 -7784
-2235 -7784
-4289 -7784
-8130 -7784
-9558 -7784
-846 -7784
-4513 -7784
7004 -7784
7537 -7784
-8941 -7784
2123 -7784
6988 -7784
-206 -7784
-7131 -7784
6294 -7784
-6950 -7784
5750 -7784
6308 -7784
-6859 -7784
-3598 -7784
4002 -7784
-6430 -7784
-9779 -7784
7254 -7784
-6471 -7784
-9310 -7784
-2989 -7784
-2980 -7784
-9772 -7784
-2152 -7784
-4167 -7784
-7074 -7784
3019 -7784
4620 -7784
2394 -7784
-4018 -7784
-3438 -7784
7856 -7784
5943 -7784
8149 -7784
9105 -7784
-1253 -7784
3740 -7784
-6787 -7784
9187 -7784
-8097 -7784
-2604 -7784
8621 -7784
-1504 -7784
-6865 -7784
9555 -7784
6011 -7784
-9174 -7784
-834 -7784
5292 -7784
905 -7784
6394 -7784
-7886 -7784
713 -7784
2316 -7784
-3998 -7784
1460 -7784
65 -7784
-5584 -7784
8107 -7784
9257 -7784
7642 -7784
-6251 -7784
-1756 -7784
6657 -7784
8329 -7784
8442 -7784
-3195 -7784
-3188 -7784
-5460 -7784
4834 -7784
413 -7784
6960 -7784
-3446 -7784
-7070 -7784
1641 -7784
-5451 -7784
-2000 -7784
9845 -7784
-7668 -7784
2914 -7784
-4368 -7784
-1173 -7784
-1589 -7784
-2712 -7784
-9290 -7784
-3201 -7784
3783 -7784
-8008 -7784
-9865 -7784
-9097 -7784
3886 -7784
3384 -7784
-7137 -7784
-5461 -7784
1926 -7784
7788 -7784
6453 -7784
-4551 -7784
4754 -7784
-2233 -7784
-2906 -7784
1710 -7784
-5230 -7784
-1447 -7784
3177 -7784
-8423 -7784
-722 -7784
-1353 -7784
562 -7784
-5349 -7784
-1313 -7784
-5198 -7784
2188 -7784
-5700 -7784
-4970 -7784
1847 -7784
-2844 -7784
-4392 -7784
-3791 -7784
-2290 -7784
-5167 -7784
9383 -7784
-8925 -7784
8157 -7784
-1274 -7784
4769 -7784
1347 -7784
2070 -7784
839 -7784
1870 -7784
8963 -7784
-7272 -7784
-9323 -7784
1973 -7784
262 -7784
1903 -7784
3508 -7784
5196 -7784
1873 -7784
3074 -7784
832 -7784
526 -7784
6224 -7784
6081 -7784
6145 -7784
-7690 -7784
5757 -7784
6278 -7784
-4826 -7784
9573 -7784
-1178 -7784
-5107 -7784
9581 -7784
2905 -7784
1160 -7784
5905 -7784
-7441 -7784
-9416 -7784
-2403 -7784
-5190 -7784
1014 -7784
7447 -7784
-2705 -7784
-5505 -7784
-9082 -7784
-7688 -7784
211 -7784
-7020 -7784
-6162 -7784
8483 -7784
3125 -7784
5734 -7784
4941 -7784
-8499 -7784
-6843 -7784
-5372 -7784
4380 -7784
9816 -7784
-7395 -7784
8728 -7784
9119 -7784
-418 -7784
7331 -7784
6429 -7784
-7331 -7784
6057 -7784
-2428 -7784
-6468 -7784
5157 -7784
-9625 -7784
-5143 -7784
2723 -7784
5504 -7784
2970 -7784
7366 -7784
-539 -7784
-8638 -7784
-6036 -7784
-5097 -7784
-68 -7784
6191 -7784
6706 -7784
-424 -7784
-1416 -7784
5842 -7784
-1477 -7784
2579 -7784
-7206 -7784
-7663 -7784
634 -7784
815 -7784
-1798 -7784
-7674 -7784
-3557 -7784
-4892 -7784
1202 -7784
-6086 -7784
2994 -7784
2772 -7784
4257 -7784
5565 -7784
3394 -7784
5023 -7784
9413 -7784
1959 -7784
-2614 -7784
-9268 -7784
4699 -7784
-1161 -7784
-7084 -7784
-6049 -7784
-1860 -7784
5826 -7784
489 -7784
-9050 -7784
-9190 -7784
-3330 -7784
663 -7784
8293 -7784
-8097 -7784
8885 -7784
1786 -7784
-6280 -7784
-3345 -7784
2313 -7784
-4595 -7784
2525 -7784
-219 -7784
-2225 -7784
9955 -7784
-6835 -7784
1661 -7784
4491 -7784
9186 -7784
-3052 -7784
4603 -7784
6494 -7784
-4718 -7784
-5567 -7784
2972 -7784
-6346 -7784
-4472 -7784
-1217 -7784
9445 -7784
5007 -7784
3396 -7784
-6924 -7784
7450 -7784
-754 -7784
-9898 -7784
-4534 -7784
-3977 -7784
-2899 -7784
6888 -7784
3089 -7784
-9587 -7784
-6962 -7784
776 -7784
-958 -7784
-9967 -7784
-5905 -7784
747 -7784
-141 -7784
-9494 -7784
1510 -7784
-7167 -7784
1770 -7784
-9717 -7784
-4935 -7784
-8323 -7784
-2907 -7784
5843 -7784
5071 -7784
6909 -7784
-4690 -7784
1130 -7784
-4679 -7784
82 -7784
-9417 -7784
3825 -7784
6287 -7784
3057 -7784
-510 -7784
4793 -7784
6193 -7784
-7123 -7784
-7745 -7784
7884 -7784
-9145 -7784
1511 -7784
-5051 -7784
-3781 -7784
-8165 -7784
7184 -7784
8558 -7784
-2189 -7784
8571 -7784
-6806 -7784
-2528 -7784
-9909 -7784
4481 -7784
7569 -7784
-4454 -7784
-7445 -7784
-3036 -7784
4662 -7784
8171 -7784
2514 -7784
2208 -7784
-2198 -7784
-8544 -7784
7520 -7784
7543 -7784
2948 -7784
-3149 -7784
8671 -7784
6921 -7784
-8278 -7784
8027 -7784
-8924 -7784
6843 -7784
-3269 -7784
-1431 -7784
-9421 -7784
-809 -7784
1321 -7784
-380 -7784
4016 -7784
-5431 -7784
8052 -7784
1885 -7784
8963 -7784
569 -7784
3257 -7784
-5182 -7784
1713 -7784
5509 -7784
-2742 -7784
-7184 -7784
-6026 -7784
9132 -7784
-3387 -7784
-6675 -7784
-949 -7784
-2559 -7784
-2870 -7784
7816 -7784
-640 -7784
8851 -7784
6526 -7784
-6610 -7784
1055 -7784
-2873 -7784
811 -7784
-1842 -7784
4284 -7784
1402 -7784
9540 -7784
-6959 -7784
-9087 -7784
6012 -7784
-369 -7784
-2841 -7784
-1739 -7784
-3423 -7784
6004 -7784
-9365 -7784
-922 -7784
2741 -7784
8217 -7784
-5703 -7784
-1034 -7784
7943 -7784
1287 -7784
-2355 -7784
-3457 -7784
9753 -7784
1828 -7784
209 -7784
4797 -7784
-9449 -7784
6948 -7784
5234 -7784
-3875 -7784
-2556 -7784
-2585 -7784
-6408 -7784
1277 -7784
-1575 -7784
5393 -7784
3010 -7784
-3463 -7784
-4715 -7784
7389 -7784
8882 -7784
-1536 -7784
-1370 -7784
652 -7784
-2203 -7784
6549 -7784
-5364 -7784
-4111 -7784
-9092 -7784
5020 -7784
-7136 -7784
-6539 -7784
-7748 -7784
2150 -7784
-481 -7784
-105 -7784
5712 -7784
-8982 -7784
-3255 -7784
-3852 -7784
-5828 -7784
6050 -7784
-8184 -7784
4104 -7784
2779 -7784
-555 -7784
6524 -7784
-5711 -7784
8045 -7784
9414 -7784
2078 -7784
-5101 -7784
3101 -7784
8138 -7784
3439 -7784
-7172 -7784
699 -7784
-3083 -7784
9509 -7784
8736 -7784
3509 -7784
2466 -7784
-8335 -7784
-9696 -7784
9681 -7784
6027 -7784
-4159 -7784
-1021 -7784
-2005 -7784
6202 -7784
-7522 -7784
-311 -7784
9194 -7784
-5118 -7784
2684 -7784
-6214 -7784
-3215 -7784
-6191 -7784
-6177 -7784
6671 -7784
-803 -7784
914 -7784
-2524 -7784
-6634 -7784
-2449 -7784
-3514 -7784
5469 -7784
4138 -7784
8913 -7784
-2726 -7784
8259 -7784
-2422 -7784
8743 -7784
1176 -7784
7336 -7784
1781 -7784
-104 -7784
4130 -7784
9290 -7784
-5359 -7784
-667 -7784
-2455 -7784
-1996 -7784
7143 -7784
-3693 -7784
-9387 -7784
9544 -7784
-1648 -7784
8224 -7784
1147 -7784
-8466 -7784
-2810 -7784
-7543 -7784
-8872 -7784
-7736 -7784
9058 -7784
1161 -7784
-6116 -7784
-166 -7784
1917 -7784
-630 -7784
-7522 -7784
6161 -7784
9922 -7784
-8959 -7784
9012 -7784
-3023 -7784
-6651 -7784
-7265 -7784
-8903 -7784
4177 -7784
-6202 -7784
6579 -7784
-8538 -7784
-5101 -7784
7890 -7784
-3822 -7784
4132 -7784
5012 -7784
-280 -7784
4456 -7784
-4902 -7784
-9235 -7784
-5548 -7784
4221 -7784
-6796 -7784
4568 -7784
1588 -7784
7890 -7784
6942 -7784
5794 -7784
6857 -7784
-4683 -7784
2511 -7784
753 -7784
176 -7784
5098 -7784
4419 -7784
391 -7784
3247 -7784
3752 -7784
-7637 -7784
3834 -7784
850 -7784
-6313 -7784
-2985 -7784
1461 -7784
9337 -7784
8657 -7784
3576 -7784
9495 -7784
-8070 -7784
5606 -7784
-7746 -7784
-4365 -7784
-5079 -7784
7525 -7784
9071 -7784
9343 -7784
-8532 -7784
6308 -7784
1180 -7784
-2683 -7784
-2437 -7784
4137 -7784
3234 -7784
-1928 -7784
5099 -7784
3556 -7784
5795 -7784
-6699 -7784
-7587 -7784
-8696 -7784
-4657 -7784
-1664 -7784
8051 -7784
1085 -7784
-7087 -7784
-5350 -7784
5660 -7784
22 -7784
-4990 -7784
6388 -7784
-8706 -7784
2598 -7784
-1513 -7784
9758 -7784
-264 -7784
-2451 -7784
-1356 -7784
-8589 -7784
-418 -7784
4120 -7784
-5425 -7784
-1105 -7784
-9663 -7784
-8534 -7784
5156 -7784
-9487 -7784
-1692 -7784
-9198 -7784
-8436 -7784
8732 -7784
-2594 -7784
1197 -7784
-684 -7784
-7291 -7784
-2410 -7784
-9189 -7784
-8555 -7784
-7586 -7784
-467 -7784
1980 -7784
-8942 -7784
-2374 -7784
163 -7784
-6077 -7784
-8764 -7784
-8907 -7784
7125 -7784
9297 -7784
-2143 -7784
-108 -7784
-1732 -7784
-9266 -7784
-3739 -7784
5665 -7784
6303 -7784
-9006 -7784
3770 -7784
-267 -7784
-4630 -7784
-305 -7784
-3085 -7784
7937 -7784
-7297 -7784
-5555 -7784
6414 -7784
5618 -7784
-4537 -7784
-9818 -7784
3589 -7784
6230 -7784
-5639 -7784
-3532 -7784
3099 -7784
-4642 -7784
6605 -7784
-9867 -7784
-1184 -7784
2857 -7784
5080 -7784
-3370 -7784
-3367 -7784
8769 -7784
-3492 -7784
-152 -7784
-7779 -7784
-4357 -7784
-8127 -7784
7790 -7784
8434 -7784
-8261 -7784
8220 -7784
-5689 -7784
-5755 -7784
2993 -7784
-4336 -7784
6825 -7784
-7985 -7784
3083 -7784
-5996 -7784
1071 -7784
-4534 -7784
-1466 -7784
2614 -7784
-335 -7784
4959 -7784
-597 -7784
6738 -7784
3386 -7784
1728 -7784
-997 -7784
7158 -7784
8344 -7784
-3984 -7784
-6529 -7784
2469 -7784
8212 -7784
-4776 -7784
2475 -7784
945 -7784
-9238 -7784
7372 -7784
7099 -7784
465 -7784
-3288 -7784
1849 -7784
8078 -7784
9058 -7784
6557 -7784
4761 -7784
5367 -7784
6207 -7784
-1470 -7784
9929 -7784
6347 -7784
-7463 -7784
-1179 -7784
-2433 -7784
6282 -7784
-1755 -7784
-1453 -7784
-456 -7784
2648 -7784
1601 -7784
3518 -7784
9558 -7784
3167 -7784
-2267 -7784
4144 -7784
-4131 -7784
-347 -7784
9771 -7784
7777 -7784
7386 -7784
2886 -7784
-9631 -7784
-5178 -7784
-9248 -7784
3933 -7784
-130 -7784
-9294 -7784
9990 -7784
-5554 -7784
-7063 -7784
4482 -7784
-5545 -7784
2554 -7784
-8477 -7784
-5246 -7784
-91 -7784
-9041 -7784
8223 -7784
-8279 -7784
-4510 -7784
8746 -7784
-4797 -7784
-6255 -7784
-9183 -7784
-5973 -7784
-4261 -7784
5176 -7784
-6233 -7784
-8246 -7784
-6226 -7784
8327 -7784
9026 -7784
-4648 -7784
-7236 -7784
6985 -7784
1206 -7784
-7803 -7784
-7754 -7784
-8077 -7784
-2117 -7784
2900 -7784
-4142 -7784
8094 -7784
-7926 -7784
-7311 -7784
769 -7784
-7822 -7784
-7017 -7784
-912 -7784
686 -7784
-6079 -7784
5472 -7784
-1041 -7784
-2902 -7784
-5146 -7784
-4672 -7784
-5468 -7784
-9304 -7784
-7402 -7784
-2774 -7784
3843 -7784
-408 -7784
-9571 -7784
9996 -7784
-2633 -7784
7087 -7784
4081 -7784
-2180 -7784
-9459 -7784
3403 -7784
-2634 -7784
4463 -7784
-6983 -7784
-4986 -7784
9621 -7784
-709 -7784
-6658 -7784
-6067 -7784
203 -7784
-1744 -7784
228 -7784
-8305 -7784
3235 -7784
-5784 -7784
9837 -7784
5338 -7784
4323 -7784
-9498 -7784
2890 -7784
-1850 -7784
8231 -7784
-4287 -7784
6607 -7784
-4424 -7784
-1325 -7784
-1020 -7784
7069 -7784
-2206 -7784
3059 -7784
-5539 -7784
6496 -7784
-468 -7784
3221 -7784
-67 -7784
4625 -7784
-4668 -7784
-1399 -7784
-2835 -7784
-8829 -7784
-1383 -7784
-6026 -7784
-9862 -7784
-763 -7784
-7747 -7784
5131 -7784
4214 -7784
-4153 -7784
7307 -7784
-4145 -7784
-9458 -7784
-8230 -7784
-5336 -7784
-1219 -7784
-2841 -7784
7264 -7784
2948 -7784
7332 -7784
8327 -7784
1160 -7784
6252 -7784
-3426 -7784
-5663 -7784
5515 -7784
2208 -7784
2885 -7784
5466 -7784
-9346 -7784
-147 -7784
719 -7784
-8189 -7784
-1714 -7784
-7168 -7784
-7773 -7784
2286 -7784
-9406 -7784
1797 -7784
-1210 -7784
5510 -7784
8025 -7784
3519 -7784
-6417 -7784
-9627 -7784
6487 -7784
-6736 -7784
7261 -7784
-3530 -7784
-5817 -7784
-5904 -7784
1226 -7784
761 -7784
8050 -7784
-5979 -7784
-9783 -7784
-8281 -7784
6151 -7784
-555 -7784
6812 -7784
5695 -7784
-3036 -7784
-7776 -7784
185 -7784
-5957 -7784
-6305 -7784
-7793 -7784
-3019 -7784
-4888 -7784
1957 -7784
-3396 -7784
-9841 -7784
-2810 -7784
428 -7784
5218 -7784
9352 -7784
8073 -7784
2015 -7784
-8872 -7784
-8659 -7784
4430 -7784
-7783 -7784
-9153 -7784
-5208 -7784
-363 -7784
-8777 -7784
-4258 -7784
-8869 -7784
8160 -7784
-1095 -7784
5468 -7784
1497 -7784
2272 -7784
-6538 -7784
-4853 -7784
3363 -7784
-3545 -7784
-2707 -7784
-6573 -7784
3074 -7784
9771 -7784
-2530 -7784
-7774 -7784
-1691 -7784
7079 -7784
-1531 -7784
6917 -7784
3702 -7784
235 -7784
-2287 -7784
-1286 -7784
2728 -7784
-2028 -7784
1159 -7784
8797 -7784
3737 -7784
3158 -7784
-1215 -7784
-2448 -7784
-1530 -7784
932 -7784
4969 -7784
7610 -7784
-2768 -7784
1495 -7784
-8360 -7784
4884 -7784
3745 -7784
148 -7784
7766 -7784
-5875 -7784
5611 -7784
-8086 -7784
1222 -7784
7982 -7784
-4306 -7784
-7983 -7784
-207 -7784
6860 -7784
7896 -7784
-7137 -7784
7847 -7784
-7668 -7784
-2194 -7784
2776 -7784
3769 -7784
-2385 -7784
-4572 -7784
-9629 -7784
3224 -7784
3592 -7784
837 -7784
-3999 -7784
3260 -7784
-7994 -7784
937 -7784
-4992 -7784
226 -7784
-6083 -7784
6669 -7784
6026 -7784
-4015 -7784
4606 -7784
-7343 -7784
-510 -7784
3975 -7784
509 -7784
2228 -7784
-5250 -7784
-2355 -7784
-3228 -7784
1509 -7784
3699 -7784
-3011 -7784
-58 -7784
2064 -7784
1730 -7784
9569 -7784
-7988 -7784
-1453 -7784
-4098 -7784
1939 -7784
8675 -7784
-4147 -7784
-1766 -7784
5430 -7784
-9174 -7784
-4655 -7784
7532 -7784
-6664 -7784
7891 -7784
-4797 -7784
-450 -7784
2680 -7784
3179 -7784
-744 -7784
1707 -7784
601 -7784
-5013 -7784
-9933 -7784
-6500 -7784
-4530 -7784
3979 -7784
7493 -7784
6898 -7784
-2240 -7784
-7385 -7784
5507 -7784
9008 -7784
-8425 -7784
549 -7784
5154 -7784
-665 -7784
-7049 -7784
3334 -7784
2998 -7784
-2979 -7784
6899 -7784
-2345 -7784
3656 -7784
-5640 -7784
3937 -7784
-6229 -7784
5323 -7784
-3337 -7784
3544 -7784
-3690 -7784
3906 -7784
-5432 -7784
-6606 -7784
3413 -7784
-8490 -7784
-6618 -7784
-5856 -7784
7509 -7784
-1183 -7784
-3647 -7784
-2819 -7784
-4229 -7784
6325 -7784
3533 -7784
7187 -7784
8235 -7784
7037 -7784
-4877 -7784
-8776 -7784
6401 -7784
-6821 -7784
-5707 -7784
9966 -7784
-9802 -7784
-3847 -7784
1017 -7784
3746 -7784
3981 -7784
9247 -7784
2924 -7784
6091 -7784
9830 -7784
738 -7784
-1341 -7784
-5600 -7784
1440 -7784
-5062 -7784
4136 -7784
-1662 -7784
9649 -7784
2733 -7784
-4807 -7784
504 -7784
9942 -7784
-3280 -7784
-1620 -7784
-1893 -7784
6347 -7784
-5892 -7784
373 -7784
5874 -7784
-8790 -7784
-6832 -7784
3768 -7784
-8721 -7784
6489 -7784
2064 -7784
-8071 -7784
2150 -7784
-2586 -7784
5833 -7784
9185 -7784
-7814 -7784
5972 -7784
8544 -7784
-3801 -7784
3254 -7784
4465 -7784
5445 -7784
-334 -7784
2664 -7784
2483 -7784
-6008 -7784
744 -7784
933 -7784
-6275 -7784
6424 -7784
-2080 -7784
-8493 -7784
-2188 -7784
-5627 -7784
3643 -7784
-1524 -7784
5456 -7784
-7301 -7784
6122 -7784
8502 -7784
2786 -7784
-2513 -7784
5188 -7784
-5879 -7784
7530 -7784
3441 -7784
-1671 -7784
7489 -7784
-3624 -7784
-2865 -7784
-8824 -7784
411 -7784
1891 -7784
-277 -7784
-7078 -7784
6719 -7784
6779 -7784
-4979 -7784
-7128 -7784
734 -7784
-9881 -7784
-7401 -7784
4397 -7784
-8011 -7784
-8187 -7784
-7498 -7784
9717 -7784
-6834 -7784
1475 -7784
-5255 -7784
-6430 -7784
-9256 -7784
-2740 -7784
-3987 -7784
-5428 -7784
-8184 -7784
1221 -7784
3646 -7784
-3017 -7784
-2882 -7784
9608 -7784
804 -7784
-5814 -7784
6254 -7784
-3587 -7784
9650 -7784
2392 -7784
-2471 -7784
-6975 -7784
-1055 -7784
8651 -7784
2080 -7784
-4379 -7784
-9726 -7784
2012 -7784
7625 -7784
9254 -7784
-9515 -7784
3833 -7784
-2506 -7784
-3500 -7784
4387 -7784
4004 -7784
-6536 -7784
5315 -7784
4642 -7784
5649 -7784
-7345 -7784
530 -7784
-2807 -7784
9138 -7784
-4466 -7784
1618 -7784
8652 -7784
-5074 -7784
-8674 -7784
3142 -7784
3721 -7784
-8623 -7784
5842 -7784
4888 -7784
-7606 -7784
-4307 -7784
9832 -7784
-6203 -7784
9820 -7784
3008 -7784
-8379 -7784
-3255 -7784
-44 -7784
-3227 -7784
9651 -7784
-4336 -7784
-5529 -7784
6045 -7784
-601 -7784
4501 -7784
8860 -7784
-8218 -7784
-8810 -7784
286 -7784
9471 -7784
5784 -7784
8190 -7784
-5520 -7784
8442 -7784
690 -7784
-7792 -7784
7456 -7784
2936 -7784
8939 -7784
7571 -7784
5483 -7784
7136 -7784
-8712 -7784
2131 -7784
6585 -7784
1919 -7784
4960 -7784
3211 -7784
-5948 -7784
4519 -7784
-5987 -7784
-3606 -7784
-3346 -7784
-6267 -7784
-3684 -7784
-9122 -7784
8631 -7784
-4867 -7784
-1790 -7784
-2993 -7784
-6077 -7784
198 -7784
-6954 -7784
-1150 -7784
6353 -7784
-187 -7784
3688 -7784
-7498 -7784
-9814 -7784
-1274 -7784
-5490 -7784
3736 -7784
-3575 -7784
-215 -7784
-4678 -7784
6676 -7784
5538 -7784
920 -7784
2265 -7784
9271 -7784
-7930 -7784
-7772 -7784
8392 -7784
-5982 -7784
-6794 -7784
-8919 -7784
186 -7784
-2764 -7784
4176 -7784
-4427 -7784
2996 -7784
2304 -7784
-776 -7784
6307 -7784
-6252 -7784
4051 -7784
-1203 -7784
-8861 -7784
-2824 -7784
9170 -7784
-8709 -7784
8910 -7784
-6264 -7784
689 -7784
-6237 -7784
2274 -7784
-7003 -7784
-5780 -7784
-17 -7784
-2838 -7784
6726 -7784
9297 -7784
-8342 -7784
-7235 -7784
4129 -7784
-7014 -7784
-1341 -7784
-2976 -7784
-1236 -7784
-9760 -7784
-1627 -7784
710 -7784
-7353 -7784
-398 -7784
6766 -7784
-5936 -7784
8090 -7784
6901 -7784
-5485 -7784
-5563 -7784
9734 -7784
-2207 -7784
4729 -7784
5713 -7784
2679 -7784
6625 -7784
3113 -7784
-4646 -7784
-7721 -7784
-5953 -7784
1875 -7784
-8834 -7784
8110 -7784
-3523 -7784
4309 -7784
3460 -7784
-4182 -7784
9893 -7784
-5382 -7784
2314 -7784
-3211 -7784
391 -7784
-1232 -7784
-6929 -7784
3871 -7784
8297 -7784
3484 -7784
8972 -7784
298 -7784
3220 -7784
-5208 -7784
-2806 -7784
3569 -7784
-1080 -7784
1279 -7784
2997 -7784
-9268 -7784
9798 -7784
3537 -7784
251 -7784
7234 -7784
3960 -7784
-6786 -7784
5725 -7784
-2851 -7784
-8625 -7784
-9584 -7784
1134 -7784
8146 -7784
4394 -7784
-5194 -7784
-1471 -7784
-3938 -7784
9334 -7784
-5488 -7784
-7719 -7784
-8891 -7784
-1751 -7784
4706 -7784
-6345 -7784
-3775 -7784
1165 -7784
-7995 -7784
8006 -7784
-7281 -7784
-9080 -7784
8699 -7784
-3275 -7784
8031 -7784
3522 -7784
7351 -7784
-1019 -7784
-8181 -7784
9331 -7784
6620 -7784
-5384 -7784
1767 -7784
7282 -7784
-9545 -7784
2860 -7784
6864 -7784
6618 -7784
4040 -7784
-152 -7784
1461 -7784
8862 -7784
4091 -7784
-3645 -7784
136 -7784
-1543 -7784
-332 -7784
5343 -7784
5242 -7784
422 -7784
6931 -7784
7027 -7784
3765 -7784
-9806 -7784
2976 -7784
1244 -7784
-1572 -7784
2358 -7784
-8052 -7784
-6391 -7784
2354 -7784
-2683 -7784
-6498 -7784
1509 -7784
9281 -7784
-4334 -7784
8836 -7784
-1471 -7784
-461 -7784
-2 -7784
-881 -7784
7720 -7784
-2201 -7784
6434 -7784
8550 -7784
-2796 -7784
-5409 -7784
6518 -7784
-3624 -7784
7186 -7784
-6605 -7784
5852 -7784
-2902 -7784
-2174 -7784
5658 -7784
-1929 -7784
-8067 -7784
-1719 -7784
65 -7784
-3069 -7784
-1403 -7784
5799 -7784
6402 -7784
-8265 -7784
161 -7784
2892 -7784
-99 -7784
8869 -7784
9203 -7784
9830 -7784
-2744 -7784
549 -7784
3579 -7784
-4520 -7784
-1194 -7784
8746 -7784
-3361 -7784
-3095 -7784
-9197 -7784
2505 -7784
-4460 -7784
6687 -7784
9494 -7784
6585 -7784
-5503 -7784
104 -7784
9024 -7784
-1224 -7784
8978 -7784
-8550 -7784
-7429 -7784
-1837 -7784
-4586 -7784
-8621 -7784
-9356 -7784
-2286 -7784
-9464 -7784
9599 -7784
3696 -7784
367 -7784
-7483 -7784
-8844 -7784
-6290 -7784
-5573 -7784
5796 -7784
-5847 -7784
554 -7784
4348 -7784
-5720 -7784
-6666 -7784
-3284 -7784
-8973 -7784
-3151 -7784
-4531 -7784
7122 -7784
8238 -7784
-9869 -7784
3793 -7784
-7839 -7784
5916 -7784
-4546 -7784
-7902 -7784
7707 -7784
-9926 -7784
4049 -7784
4418 -7784
-5766 -7784
4821 -7784
424 -7784
-1123 -7784
5902 -7784
6297 -7784
-9272 -7784
9119 -7784
2968 -7784
-2075 -7784
-6319 -7784
3950 -7784
-3869 -7784
-1621 -7784
8500 -7784
-5720 -7784
7081 -7784
-2646 -7784
-9432 -7784
6611 -7784
-9979 -7784
-8108 -7784
-8842 -7784
-3990 -7784
4600 -7784
3602 -7784
-1437 -7784
-4593 -7784
-8997 -7784
3787 -7784
5622 -7784
-5064 -7784
-6293 -7784
2748 -7784
-5006 -7784
5446 -7784
-3720 -7784
3415 -7784
204 -7784
-1818 -7784
-1124 -7784
-1518 -7784
7109 -7784
6036 -7784
5261 -7784
492 -7784
91 -7784
-5655 -7784
-1899 -7784
-2730 -7784
9660 -7784
1944 -7784
-9054 -7784
-214 -7784
-9123 -7784
-9142 -7784
79 -7784
-1033 -7784
-801 -7784
2784 -7784
-2031 -7784
-3765 -7784
-6905 -7784
-1818 -7784
8384 -7784
-8117 -7784
2432 -7784
2829 -7784
-6438 -7784
9961 -7784
9465 -7784
2647 -7784
-1638 -7784
-4759 -7784
7069 -7784
-1402 -7784
7005 -7784
7111 -7784
3730 -7784
8465 -7784
1301 -7784
8109 -7784
-5358 -7784
-706 -7784
-1795 -7784
8418 -7784
-733 -7784
3347 -7784
-9875 -7784
-806 -7784
-1308 -7784
-4865 -7784
-2872 -7784
-6032 -7784
-5763 -7784
-6623 -7784
-4141 -7784
7505 -7784
8519 -7784
4832 -7784
-9835 -7784
8479 -7784
1074 -7784
-232 -7784
5614 -7784
-5181 -7784
-5390 -7784
-2243 -7784
-5947 -7784
-3129 -7784
3390 -7784
9028 -7784
6846 -7784
-3274 -7784
3157 -7784
4142 -7784
6387 -7784
-2718 -7784
387 -7784
3508 -7784
474 -7784
-1337 -7784
-1290 -7784
7702 -7784
-5346 -7784
1353 -7784
-6321 -7784
-8605 -7784
8204 -7784
-1015 -7784
4079 -7784
9840 -7784
4918 -7784
5668 -7784
4023 -7784
-6403 -7784
-9558 -7784
8510 -7784
9743 -7784
1201 -7784
-6707 -7784
9103 -7784
1394 -7784
-2662 -7784
-8457 -7784
-1936 -7784
-2263 -7784
-9069 -7784
-3964 -7784
5428 -7784
8084 -7784
-8276 -7784
-6029 -7784
-5664 -7784
8173 -7784
-3471 -7784
-383 -7784
-3580 -7784
6868 -7784
3744 -7784
5278 -7784
6930 -7784
2451 -7784
2429 -7784
9777 -7784
-593 -7784
591 -7784
944 -7784
1756 -7784
2563 -7784
-132 -7784
619 -7784
-7189 -7784
4109 -7784
-3385 -7784
8542 -7784
8789 -7784
9423 -7784
3170 -7784
2481 -7784
7389 -7784
1773 -7784
-9657 -7784
6154 -7784
-8379 -7784
-349 -7784
5390 -7784
1238 -7784
7005 -7784
288 -7784
-6101 -7784
-8098 -7784
7525 -7784
3067 -7784
-1768 -7784
-4247 -7784
-4640 -7784
-4316 -7784
-175 -7784
-5036 -7784
-6156 -7784
-9952 -7784
6539 -7784
7738 -7784
3495 -7784
-7984 -7784
-3696 -7784
4975 -7784
-9501 -7784
7924 -7784
5333 -7784
-3273 -7784
-7496 -7784
5960 -7784
-2302 -7784
8839 -7784
-10 -7784
-1750 -7784
-4988 -7784
-4916 -7784
-4346 -7784
8527 -7784
8984 -7784
4239 -7784
-609 -7784
2723 -7784
4597 -7784
-9540 -7784
-6606 -7784
4793 -7784
-7222 -7784
-5383 -7784
-4991 -7784
-5035 -7784
-3144 -7784
-3451 -7784
4911 -7784
6957 -7784
-7091 -7784
-8765 -7784
-5856 -7784
-4105 -7784
-9664 -7784
-9228 -7784
-8457 -7784
4089 -7784
-6784 -7784
-7590 -7784
-6975 -7784
-1263 -7784
9392 -7784
-8348 -7784
-421 -7784
2001 -7784
-1599 -7784
8729 -7784
-4503 -7784
8662 -7784
-5099 -7784
-1119 -7784
-8630 -7784
1156 -7784
-2282 -7784
-4001 -7784
5495 -7784
-4500 -7784
-2281 -7784
-8472 -7784
-5220 -7784
2436 -7784
9531 -7784
-9364 -7784
-7683 -7784
3850 -7784
-7559 -7784
7613 -7784
1985 -7784
9224 -7784
6430 -7784
1525 -7784
-2107 -7784
8319 -7784
-1904 -7784
4828 -7784
-7062 -7784
1876 -7784
7040 -7784
4996 -7784
-5236 -7784
6071 -7784
7360 -7784
8426 -7784
5338 -7784
9789 -7784
-4192 -7784
2465 -7784
-606 -7784
-9602 -7784
-3818 -7784
1900 -7784
-7724 -7784
457 -7784
1892 -7784
9039 -7784
4152 -7784
6765 -7784
-7058 -7784
-7528 -7784
2322 -7784
8357 -7784
5538 -7784
-9630 -7784
561 -7784
8328 -7784
-7172 -7784
-4692 -7784
-2801 -7784
5480 -7784
3636 -7784
-1740 -7784
-9885 -7784
-3713 -7784
2017 -7784
-2816 -7784
9794 -7784
-4600 -7784
2285 -7784
-7417 -7784
8548 -7784
-153 -7784
1699 -7784
-5155 -7784
2747 -7784
-3897 -7784
1746 -7784
4167 -7784
5457 -7784
-8322 -7784
561 -7784
4872 -7784
-1191 -7784
2426 -7784
8523 -7784
-103 -7784
4747 -7784
-8729 -7784
6963 -7784
5136 -7784
-2853 -7784
2186 -7784
-9735 -7784
-2428 -7784
7356 -7784
-3163 -7784
-269 -7784
6785 -7784
-1324 -7784
6929 -7784
2246 -7784
-5747 -7784
4297 -7784
-5138 -7784
-5911 -7784
5140 -7784
-3788 -7784
3905 -7784
9499 -7784
4972 -7784
5239 -7784
-9463 -7784
2316 -7784
9697 -7784
8958 -7784
-853 -7784
6371 -7784
-9884 -7784
8836 -7784
-2219 -7784
5855 -7784
5217 -7784
2796 -7784
311 -7784
-6686 -7784
-1976 -7784
3539 -7784
8272 -7784
-3577 -7784
-9687 -7784
4963 -7784
-9673 -7784
-7831 -7784
8470 -7784
2261 -7784
-3680 -7784
1694 -7784
2684 -7784
4375 -7784
-303 -7784
-1239 -7784
-2729 -7784
-7406 -7784
-592 -7784
-1903 -7784
3681 -7784
-4899 -7784
-729 -7784
7798 -7784
-3194 -7784
-3472 -7784
-8503 -7784
9957 -7784
-9964 -7784
-3108 -7784
9223 -7784
-4953 -7784
-442 -7784
-8194 -7784
2901 -7784
6119 -7784
6277 -7784
-756 -7784
-9387 -7784
7231 -7784
7009 -7784
-5067 -7784
5773 -7784
7006 -7784
9811 -7784
1132 -7784
-6871 -7784
340 -7784
1302 -7784
389 -7784
2539 -7784
81 -7784
-8390 -7784
-7905 -7784
-9202 -7784
-2543 -7784
-3186 -7784
5794 -7784
-5179 -7784
-8924 -7784
-7144 -7784
-4597 -7784
-4255 -7784
-3825 -7784
7493 -7784
5916 -7784
1701 -7784
6700 -7784
1386 -7784
1196 -7784
547 -7784
-6922 -7784
-9600 -7784
-191 -7784
-5949 -7784
-2792 -7784
2309 -7784
-2136 -7784
7968 -7784
-8180 -7784
7478 -7784
-8721 -7784
-8734 -7784
7118 -7784
4772 -7784
-6928 -7784
-2982 -7784
9469 -7784
-9932 -7784
-3956 -7784
-4850 -7784
3957 -7784
-3294 -7784
-9359 -7784
-6189 -7784
-5279 -7784
8884 -7784
-6370 -7784
-6349 -7784
3249 -7784
-3091 -7784
7865 -7784
-1563 -7784
-9835 -7784
2944 -7784
-309 -7784
-1239 -7784
-3892 -7784
-577 -7784
3560 -7784
-9509 -7784
2514 -7784
8713 -7784
956 -7784
-8643 -7784
3444 -7784
1278 -7784
5427 -7784
-5344 -7784
-4890 -7784
-2042 -7784
-3824 -7784
5660 -7784
1987 -7784
-1694 -7784
1700 -7784
-7044 -7784
3228 -7784
-9487 -7784
-908 -7784
2515 -7784
9182 -7784
-6432 -7784
1224 -7784
-7385 -7784
-2901 -7784
718 -7784
8211 -7784
-5926 -7784
-8128 -7784
-8640 -7784
-3612 -7784
-497 -7784
-5296 -7784
3659 -7784
2194 -7784
4393 -7784
7290 -7784
2239 -7784
-1258 -7784
3460 -7784
3831 -7784
-8169 -7784
7555 -7784
9563 -7784
-1497 -7784
4774 -7784
-1724 -7784
8571 -7784
5517 -7784
2330 -7784
-197 -7784
1884 -7784
-8366 -7784
2710 -7784
-9015 -7784
-8746 -7784
452 -7784
-9184 -7784
6659 -7784
9045 -7784
5692 -7784
-9632 -7784
5946 -7784
-749 -7784
6592 -7784
-1959 -7784
-22 -7784
8535 -7784
-3651 -7784
3298 -7784
-9937 -7784
-7001 -7784
8755 -7784
3235 -7784
8111 -7784
-5330 -7784
2572 -7784
-5182 -7784
-1683 -7784
-6457 -7784
-5517 -7784
977 -7784
572 -7784
-9049 -7784
3248 -7784
-3532 -7784
864 -7784
7938 -7784
-7852 -7784
249 -7784
-7629 -7784
-4636 -7784
3180 -7784
7704 -7784
3173 -7784
-17 -7784
-70 -7784
3125 -7784
9402 -7784
6111 -7784
9626 -7784
-2192 -7784
-8394 -7784
7773 -7784
7099 -7784
9205 -7784
-4566 -7784
-8789 -7784
-7947 -7784
3587 -7784
1647 -7784
176 -7784
-5093 -7784
-8317 -7784
6919 -7784
9380 -7784
-3724 -7784
8791 -7784
-8022 -7784
-4136 -7784
612 -7784
-4673 -7784
2244 -7784
1392 -7784
-3408 -7784
6772 -7784
-5563 -7784
6922 -7784
4187 -7784
-7965 -7784
-3109 -7784
8518 -7784
-5485 -7784
2691 -7784
5389 -7784
6422 -7784
-6682 -7784
9288 -7784
-1091 -7784
-7029 -7784
1428 -7784
-3365 -7784
9337 -7784
4902 -7784
-7553 -7784
8938 -7784
-7195 -7784
-1963 -7784
-9468 -7784
-5580 -7784
1105 -7784
2672 -7784
3038 -7784
-7549 -7784
8210 -7784
-1979 -7784
9807 -7784
-4025 -7784
-7609 -7784
-1994 -7784
-6598 -7784
2179 -7784
-9443 -7784
7296 -7784
-9618 -7784
-3052 -7784
-6741 -7784
6058 -7784
-3513 -7784
9183 -7784
7085 -7784
1046 -7784
-7275 -7784
-8407 -7784
-8590 -7784
515 -7784
7112 -7784
-1383 -7784
-8823 -7784
-2842 -7784
-2928 -7784
9469 -7784
-7972 -7784
-8751 -7784
-3398 -7784
3229 -7784
-4817 -7784
9008 -7784
-9433 -7784
-961 -7784
8346 -7784
9348 -7784
3353 -7784
-9219 -7784
-9082 -7784
212 -7784
9688 -7784
-6936 -7784
9793 -7784
-7510 -7784
2022 -7784
5625 -7784
-6526 -7784
544 -7784
-8380 -7784
-4106 -7784
3597 -7784
-5401 -7784
4394 -7784
3700 -7784
2270 -7784
6526 -7784
3013 -7784
-1687 -7784
4371 -7784
4218 -7784
3420 -7784
-8229 -7784
8568 -7784
-8406 -7784
4738 -7784
9275 -7784
-1991 -7784
-4806 -7784
-2040 -7784
9198 -7784
9445 -7784
5400 -7784
6164 -7784
-6962 -7784
4407 -7784
7992 -7784
-7053 -7784
-8203 -7784
9327 -7784
1195 -7784
2134 -7784
9565 -7784
3145 -7784
-9647 -7784
3889 -7784
-5950 -7784
7645 -7784
-727 -7784
-6860 -7784
669 -7784
3152 -7784
-9262 -7784
9361 -7784
-5498 -7784
7510 -7784
5628 -7784
-5419 -7784
-2819 -7784
-3944 -7784
4123 -7784
9777 -7784
-7591 -7784
4223 -7784
-9960 -7784
9991 -7784
3551 -7784
9192 -7784
1350 -7784
-2701 -7784
-7077 -7784
-6621 -7784
7268 -7784
-3646 -7784
-9264 -7784
-367 -7784
5750 -7784
-2136 -7784
-4726 -7784
2424 -7784
8704 -7784
9667 -7784
-7176 -7784
-2236 -7784
-1762 -7784
9224 -7784
8577 -7784
-3870 -7784
-6234 -7784
-4325 -7784
3251 -7784
7112 -7784
2643 -7784
27 -7784
5907 -7784
5578 -7784
-3927 -7784
7064 -7784
-6943 -7784
4498 -7784
-1020 -7784
4664 -7784
2573 -7784
2696 -7784
8420 -7784
2231 -7784
9413 -7784
-7199 -7784
-7875 -7784
-793 -7784
-6506 -7784
-6786 -7784
-3429 -7784
-6611 -7784
2035 -7784
-7431 -7784
4355 -7784
-4719 -7784
4784 -7784
-7742 -7784
-512 -7784
7500 -7784
-4731 -7784
72 -7784
-6307 -7784
3478 -7784
-5043 -7784
5379 -7784
898 -7784
-5748 -7784
5990 -7784
2628 -7784
3869 -7784
-8819 -7784
-9546 -7784
-9842 -7784
4530 -7784
2220 -7784
-4833 -7784
-7126 -7784
-3730 -7784
447 -7784
3147 -7784
-6234 -7784
6160 -7784
-8925 -7784
-6522 -7784
8740 -7784
3150 -7784
-3059 -7784
8360 -7784
2858 -7784
-1215 -7784
-7898 -7784
8352 -7784
2353 -7784
1629 -7784
2618 -7784
872 -7784
-7111 -7784
1712 -7784
1062 -7784
-6291 -7784
-9628 -7784
3531 -7784
-6905 -7784
-9121 -7784
509 -7784
-2247 -7784
3332 -7784
2095 -7784
6671 -7784
1531 -7784
-5904 -7784
7029 -7784
238 -7784
-957 -7784
8430 -7784
3512 -7784
8276 -7784
-9140 -7784
4902 -7784
-4770 -7784
4327 -7784
-7901 -7784
9717 -7784
-2287 -7784
-5901 -7784
2931 -7784
1322 -7784
7606 -7784
3945 -7784
6415 -7784
4794 -7784
-4936 -7784
-2658 -7784
8672 -7784
-4879 -7784
1520 -7784
3180 -7784
9657 -7784
9024 -7784
6863 -7784
-3633 -7784
9733 -7784
-4250 -7784
5610 -7784
-7955 -7784
2884 -7784
3385 -7784
591 -7784
-2865 -7784
-3176 -7784
9624 -7784
-5789 -7784
-4845 -7784
3820 -7784
-9671 -7784
7781 -7784
6884 -7784
-9050 -7784
-4483 -7784
7865 -7784
6444 -7784
-3370 -7784
6539 -7784
3072 -7784
-7175 -7784
-5086 -7784
-3113 -7784
-5370 -7784
9845 -7784
-6669 -7784
1668 -7784
1575 -7784
5991 -7784
9863 -7784
-3581 -7784
-9612 -7784
8722 -7784
-7078 -7784
-8343 -7784
-395 -7784
7152 -7784
3641 -7784
-1564 -7784
6588 -7784
7039 -7784
-4147 -7784
-8681 -7784
-7453 -7784
6248 -7784
8028 -7784
2595 -7784
-6129 -7784
2384 -7784
-2003 -7784
7216 -7784
9544 -7784
-4552 -7784
-3183 -7784
5918 -7784
1119 -7784
4210 -7784
-3493 -7784
-7272 -7784
1726 -7784
1636 -7784
8846 -7784
5134 -7784
-9677 -7784
6878 -7784
-7560 -7784
3139 -7784
8700 -7784
6531 -7784
-2953 -7784
-7279 -7784
-8521 -7784
-8259 -7784
3848 -7784
4739 -7784
-6765 -7784
7593 -7784
-8219 -7784
861 -7784
9882 -7784
1612 -7784
5120 -7784
-1542 -7784
-7666 -7784
1458 -7784
2643 -7784
3686 -7784
-1851 -7784
7472 -7784
-7700 -7784
-1808 -7784
1446 -7784
5529 -7784
-462 -7784
2075 -7784
-4465 -7784
-4357 -7784
4292 -7784
9542 -7784
-4583 -7784
-6690 -7784
9752 -7784
4010 -7784
9219 -7784
-7702 -7784
6818 -7784
4589 -7784
-5748 -7784
1757 -7784
8909 -7784
-3201 -7784
-4083 -7784
7493 -7784
1108 -7784
8086 -7784
-2645 -7784
-1102 -7784
5060 -7784
-9290 -7784
4574 -7784
-7600 -7784
-476 -7784
-6768 -7784
5267 -7784
5165 -7784
-1107 -7784
4233 -7784
265 -7784
-6724 -7784
9039 -7784
-4240 -7784
6299 -7784
8410 -7784
413 -7784
2513 -7784
2560 -7784
-8508 -7784
-7914 -7784
-2147 -7784
-6307 -7784
-1497 -7784
5242 -7784
1906 -7784
8776 -7784
-4056 -7784
1526 -7784
1987 -7784
-1432 -7784
-5253 -7784
-4385 -7784
4806 -7784
5544 -7784
-9059 -7784
6824 -7784
840 -7784
-4698 -7784
9818 -7784
-9507 -7784
-8116 -7784
8349 -7784
5250 -7784
8008 -7784
-3261 -7784
9190 -7784
-928 -7784
8469 -7784
6293 -7784
-4453 -7784
7534 -7784
3240 -7784
-867 -7784
-4500 -7784
4568 -7784
-261 -7784
8185 -7784
-2454 -7784
1678 -7784
5613 -7784
-2841 -7784
7034 -7784
-4921 -7784
3741 -7784
-6676 -7784
8079 -7784
-8175 -7784
4105 -7784
2388 -7784
-2388 -7784
-5077 -7784
-7468 -7784
3190 -7784
-3843 -7784
9897 -7784
1671 -7784
-7178 -7784
8494 -7784
-8872 -7784
2441 -7784
-834 -7784
9491 -7784
6591 -7784
448 -7784
-8815 -7784
-2255 -7784
-2945 -7784
1607 -7784
-895 -7784
1066 -7784
-4443 -7784
-1154 -7784
-4260 -7784
-5202 -7784
-2948 -7784
6972 -7784
-6609 -7784
-6363 -7784
-8853 -7784
-7445 -7784
7483 -7784
4950 -7784
-9695 -7784
-7635 -7784
8903 -7784
7563 -7784
-2057 -7784
-2674 -7784
-9104 -7784
-4208 -7784
9913 -7784
-2784 -7784
-1932 -7784
-9853 -7784
405 -7784
4306 -7784
4929 -7784
6938 -7784
1511 -7784
7932 -7784
-2031 -7784
7782 -7784
-686 -7784
-5526 -7784
7066 -7784
-3291 -7784
-2987 -7784
-8895 -7784
-2427 -7784
1812 -7784
3321 -7784
-1957 -7784
7349 -7784
7984 -7784
-7906 -7784
9684 -7784
2787 -7784
-2093 -7784
460 -7784
-8379 -7784
-6187 -7784
4595 -7784
-5785 -7784
-2277 -7784
7295 -7784
-3096 -7784
-1471 -7784
-2619 -7784
-1516 -7784
7466 -7784
7660 -7784
-5101 -7784
-1671 -7784
2343 -7784
1471 -7784
9234 -7784
-17 -7784
-6020 -7784
-8199 -7784
5041 -7784
-3856 -7784
-9803 -7784
-5047 -7784
853 -7784
7682 -7784
-8999 -7784
-3240 -7784
7341 -7784
-7046 -7784
9372 -7784
-703 -7784
9358 -7784
3521 -7784
734 -7784
3254 -7784
3041 -7784
6050 -7784
1166 -7784
-2444 -7784
6795 -7784
6143 -7784
-5293 -7784
-6039 -7784
-753 -7784
5038 -7784
9812 -7784
8962 -7784
8035 -7784
3098 -7784
-3574 -7784
-6063 -7784
5131 -7784
-9874 -7784
-1935 -7784
247 -7784
-4095 -7784
744 -7784
-3403 -7784
-621 -7784
-5985 -7784
3530 -7784
9733 -7784
-427 -7784
4261 -7784
9424 -7784
-2136 -7784
-8264 -7784
-6682 -7784
837 -7784
1110 -7784
2469 -7784
9335 -7784
2856 -7784
-9916 -7784
-238 -7784
-8190 -7784
-5501 -7784
4523 -7784
1888 -7784
-2943 -7784
9682 -7784
6034 -7784
3638 -7784
-536 -7784
6622 -7784
-3022 -7784
8363 -7784
9390 -7784
-9322 -7784
6695 -7784
2996 -7784
-2134 -7784
-8112 -7784
-4900 -7784
4769 -7784
-447 -7784
5094 -7784
423 -7784
-1861 -7784
8295 -7784
1348 -7784
9996 -7784
6634 -7784
-7107 -7784
-9724 -7784
391 -7784
-5913 -7784
1725 -7784
1994 -7784
-4005 -7784
-1673 -7784
6529 -7784
9762 -7784
-6396 -7784
-3137 -7784
3659 -7784
-2459 -7784
-4128 -7784
8207 -7784
-3626 -7784
9307 -7784
6364 -7784
-2719 -7784
-268 -7784
4483 -7784
4623 -7784
2553 -7784
-2807 -7784
3882 -7784
2278 -7784
6776 -7784
3339 -7784
-8144 -7784
-6510 -7784
-7120 -7784
-5331 -7784
2875 -7784
2070 -7784
-463 -7784
-2244 -7784
1371 -7784
5019 -7784
-4919 -7784
7288 -7784
3801 -7784
-1299 -7784
-2134 -7784
9156 -7784
-4039 -7784
-8015 -7784
656 -7784
2183 -7784
3194 -7784
-2852 -7784
1772 -7784
6378 -7784
-2549 -7784
-7617 -7784
-495 -7784
-2506 -7784
-8607 -7784
3376 -7784
3885 -7784
9864 -7784
-3487 -7784
4587 -7784
-1097 -7784
9061 -7784
-4021 -7784
162 -7784
3597 -7784
9288 -7784
-4211 -7784
-4178 -7784
1026 -7784
-7562 -7784
2174 -7784
-9127 -7784
3147 -7784
2350 -7784
-6373 -7784
-8300 -7784
-4913 -7784
1444 -7784
1848 -7784
3286 -7784
-3166 -7784
-5586 -7784
-5876 -7784
-1825 -7784
3390 -7784
1992 -7784
6946 -7784
-4237 -7784
9401 -7784
-4729 -7784
-5677 -7784
-3981 -7784
3693 -7784
5603 -7784
2454 -7784
-9477 -7784
9025 -7784
-6328 -7784
-1620 -7784
8212 -7784
-672 -7784
-1219 -7784
9214 -7784
-6907 -7784
5890 -7784
7335 -7784
4933 -7784
-4155 -7784
-2739 -7784
1179 -7784
9158 -7784
-7714 -7784
-6576 -7784
8816 -7784
5355 -7784
-8947 -7784
-8563 -7784
9478 -7784
-2499 -7784
-5889 -7784
-9867 -7784
9492 -7784
-5361 -7784
85 -7784
-2389 -7784
6080 -7784
-2894 -7784
-1306 -7784
-6791 -7784
8926 -7784
-2233 -7784
-8660 -7784
4228 -7784
1107 -7784
2608 -7784
-7976 -7784
5521 -7784
7461 -7784
-3720 -7784
2323 -7784
7818 -7784
-9158 -7784
5917 -7784
-4733 -7784
6828 -7784
1874 -7784
-4358 -7784
9725 -7784
9259 -7784
7740 -7784
2433 -7784
4249 -7784
-8158 -7784
8821 -7784
-1964 -7784
-6905 -7784
-6734 -7784
-3316 -7784
-1999 -7784
2042 -7784
-3775 -7784
-8308 -7784
2878 -7784
7492 -7784
-4664 -7784
-7955 -7784
-2055 -7784
8783 -7784
-2730 -7784
1821 -7784
4742 -7784
8480 -7784
-7183 -7784
5288 -7784
8604 -7784
-3536 -7784
7952 -7784
-3673 -7784
9103 -7784
-4195 -7784
-1617 -7784
-5503 -7784
8081 -7784
9530 -7784
-5344 -7784
1368 -7784
-3682 -7784
3570 -7784
-1956 -7784
-1216 -7784
8584 -7784
6723 -7784
7653 -7784
2419 -7784
-2899 -7784
-7338 -7784
1411 -7784
-9850 -7784
-2632 -7784
5731 -7784
3530 -7784
2102 -7784
769 -7784
3662 -7784
-6617 -7784
6958 -7784
895 -7784
-1619 -7784
9428 -7784
2361 -7784
-6696 -7784
4222 -7784
-4172 -7784
-4174 -7784
-9756 -7784
-6624 -7784
-3223 -7784
-1316 -7784
-6406 -7784
-1245 -7784
3338 -7784
-9248 -7784
-9578 -7784
-5109 -7784
3932 -7784
-5492 -7784
-7864 -7784
-6160 -7784
-4450 -7784
7937 -7784
-3979 -7784
1577 -7784
-4803 -7784
2881 -7784
-7655 -7784
-4678 -7784
-1980 -7784
9820 -7784
-7991 -7784
2363 -7784
4530 -7784
3347 -7784
2131 -7784
-2146 -7784
-3951 -7784
6830 -7784
-8715 -7784
2054 -7784
7452 -7784
-8554 -7784
3546 -7784
-8608 -7784
4642 -7784
-9262 -7784
5434 -7784
-9346 -7784
9303 -7784
9094 -7784
1789 -7784
-6255 -7784
-4095 -7784
428 -7784
3376 -7784
7311 -7784
-3556 -7784
-4545 -7784
-2137 -7784
4559 -7784
-6382 -7784
3012 -7784
2286 -7784
615 -7784
6386 -7784
9158 -7784
-7658 -7784
-6402 -7784
4758 -7784
5614 -7784
4265 -7784
2607 -7784
-897 -7784
-803 -7784
7428 -7784
-4258 -7784
-8523 -7784
-6148 -7784
7487 -7784
3680 -7784
-4031 -7784
292 -7784
-6152 -7784
3391 -7784
-3658 -7784
-2882 -7784
2220 -7784
6652 -7784
9251 -7784
-1145 -7784
1690 -7784
-63 -7784
6465 -7784
-6018 -7784
-3292 -7784
-2719 -7784
5218 -7784
-5964 -7784
9728 -7784
4361 -7784
-4847 -7784
6023 -7784
-1617 -7784
4738 -7784
-7525 -7784
-5811 -7784
6727 -7784
6061 -7784
742 -7784
7885 -7784
-3376 -7784
-6741 -7784
4772 -7784
5504 -7784
-4937 -7784
-4932 -7784
1807 -7784
-1694 -7784
-5061 -7784
6190 -7784
-7459 -7784
-4017 -7784
-9165 -7784
-3076 -7784
2788 -7784
5064 -7784
2425 -7784
-6727 -7784
-7233 -7784
-2629 -7784
-114 -7784
-5861 -7784
3290 -7784
2694 -7784
4568 -7784
-8801 -7784
8680 -7784
876 -7784
-9070 -7784
2654 -7784
1413 -7784
-6128 -7784
7713 -7784
-9908 -7784
-3663 -7784
-8316 -7784
3114 -7784
9909 -7784
158 -7784
-3957 -7784
5694 -7784
3934 -7784
-2619 -7784
9843 -7784
-4772 -7784
-8929 -7784
497 -7784
-7181 -7784
75 -7784
-9548 -7784
-3248 -7784
6125 -7784
6902 -7784
6171 -7784
4780 -7784
-1217 -7784
8863 -7784
2513 -7784
3209 -7784
3918 -7784
480 -7784
-5470 -7784
-1953 -7784
-5220 -7784
6544 -7784
-2308 -7784
-2167 -7784
-7803 -7784
-1218 -7784
-9290 -7784
-1 -7784
9724 -7784
-7861 -7784
-1360 -7784
239 -7784
-4008 -7784
-7701 -7784
-1335 -7784
-3519 -7784
8967 -7784
7371 -7784
-1976 -7784
6562 -7784
60 -7784
-1448 -7784
7712 -7784
7558 -7784
872 -7784
4307 -7784
8199 -7784
7081 -7784
-1932 -7784
-9161 -7784
-2775 -7784
-9637 -7784
-3846 -7784
7061 -7784
-8807 -7784
6607 -7784
8336 -7784
-9776 -7784
4764 -7784
3746 -7784
-1996 -7784
-1904 -7784
-4298 -7784
9519 -7784
5506 -7784
-2653 -7784
-4507 -7784
-9419 -7784
7527 -7784
1916 -7784
-793 -7784
-8701 -7784
6466 -7784
-9363 -7784
-1943 -7784
-4345 -7784
4895 -7784
77 -7784
-3856 -7784
9289 -7784
-3135 -7784
8466 -7784
1303 -7784
3196 -7784
-5620 -7784
2718 -7784
9649 -7784
9753 -7784
-3968 -7784
9184 -7784
8850 -7784
9772 -7784
-2326 -7784
1707 -7784
525 -7784
-6319 -7784
-1941 -7784
-3649 -7784
9365 -7784
-8994 -7784
6202 -7784
-3855 -7784
5783 -7784
-9738 -7784
6387 -7784
-1759 -7784
-2793 -7784
-7859 -7784
-6431 -7784
-1822 -7784
7307 -7784
6675 -7784
-9259 -7784
5241 -7784
-429 -7784
9460 -7784
9873 -7784
-4852 -7784
1636 -7784
-9904 -7784
-6322 -7784
5359 -7784
-5280 -7784
3653 -7784
7420 -7784
-443 -7784
5971 -7784
6771 -7784
-6342 -7784
5120 -7784
648 -7784
1547 -7784
9532 -7784
9635 -7784
-2244 -7784
-1723 -7784
-5961 -7784
2932 -7784
9892 -7784
-9422 -7784
7306 -7784
9096 -7784
-5716 -7784
-9728 -7784
-7221 -7784
-721 -7784
6772 -7784
-4515 -7784
-6093 -7784
7121 -7784
9547 -7784
8170 -7784
6097 -7784
-9995 -7784
-2197 -7784
-4838 -7784
-5637 -7784
-1894 -7784
-9159 -7784
-9458 -7784
2558 -7784
-1772 -7784
5851 -7784
6967 -7784
-5473 -7784
-2031 -7784
-4642 -7784
726 -7784
6940 -7784
8160 -7784
-349 -7784
-2479 -7784
371 -7784
-6336 -7784
-3012 -7784
5255 -7784
-7033 -7784
-338 -7784
-1715 -7784
-3883 -7784
-1057 -7784
-2333 -7784
-1972 -7784
-8624 -7784
8051 -7784
9077 -7784
-2667 -7784
-9708 -7784
-7873 -7784
-8088 -7784
7844 -7784
8720 -7784
5381 -7784
-1648 -7784
-8536 -7784
-2896 -7784
7017 -7784
7323 -7784
-3366 -7784
7706 -7784
-3920 -7784
-4163 -7784
-3727 -7784
-3268 -7784
4955 -7784
8145 -7784
5888 -7784
-8641 -7784
-2060 -7784
-1060 -7784
2425 -7784
-4829 -7784
113 -7784
3493 -7784
1804 -7784
91 -7784
5011 -7784
9255 -7784
-633 -7784
-8664 -7784
-2922 -7784
5393 -7784
3775 -7784
-2941 -7784
-1338 -7784
2013 -7784
2897 -7784
-9260 -7784
-3803 -7784
2099 -7784
-6577 -7784
3963 -7784
-4403 -7784
-8578 -7784
-8397 -7784
-5491 -7784
-7899 -7784
5298 -7784
5872 -7784
8524 -7784
5897 -7784
6111 -7784
-4030 -7784
-5361 -7784
5140 -7784
2057 -7784
-4607 -7784
-838 -7784
-4022 -7784
7213 -7784
-4345 -7784
4983 -7784
-3182 -7784
1275 -7784
9102 -7784
9785 -7784
7499 -7784
4248 -7784
9106 -7784
8637 -7784
-3911 -7784
1790 -7784
66 -7784
6489 -7784
6563 -7784
-6358 -7784
-6571 -7784
-8799 -7784
-768 -7784
-3164 -7784
6190 -7784
-696 -7784
3185 -7784
-8152 -7784
8113 -7784
-3566 -7784
-6685 -7784
-9763 -7784
2436 -7784
6261 -7784
2865 -7784
2230 -7784
-1713 -7784
7360 -7784
4665 -7784
-4233 -7784
-50 -7784
6363 -7784
-3433 -7784
6254 -7784
-9027 -7784
-9659 -7784
975 -7784
-8057 -7784
2666 -7784
-7078 -7784
1531 -7784
3637 -7784
-2493 -7784
2583 -7784
9821 -7784
-6277 -7784
3571 -7784
-7829 -7784
2083 -7784
2089 -7784
8006 -7784
7797 -7784
2957 -7784
-3437 -7784
6102 -7784
1923 -7784
1973 -7784
-5828 -7784
-6412 -7784
-4807 -7784
7229 -7784
-4122 -7784
-7778 -7784
-8940 -7784
-7291 -7784
1481 -7784
-2597 -7784
7118 -7784
-460 -7784
1659 -7784
-9480 -7784
-1604 -7784
-5965 -7784
-9957 -7784
-5675 -7784
-312 -7784
-4613 -7784
4650 -7784
4332 -7784
-3038 -7784
4359 -7784
7048 -7784
5453 -7784
1566 -7784
2449 -7784
-5277 -7784
847 -7784
-6810 -7784
2611 -7784
-4890 -7784
3260 -7784
3169 -7784
-5502 -7784
3077 -7784
-1454 -7784
1445 -7784
7143 -7784
-696 -7784
-3646 -7784
-8701 -7784
7928 -7784
1702 -7784
3548 -7784
2140 -7784
4955 -7784
2045 -7784
-3017 -7784
-3291 -7784
-8195 -7784
-9647 -7784
-2316 -7784
-9945 -7784
5185 -7784
4429 -7784
-7034 -7784
-1083 -7784
8449 -7784
4559 -7784
4605 -7784
-9185 -7784
1407 -7784
-7290 -7784
-3089 -7784
-4033 -7784
-9121 -7784
740 -7784
8350 -7784
9369 -7784
-6743 -7784
4438 -7784
3348 -7784
5585 -7784
-4063 -7784
-7163 -7784
-5919 -7784
3459 -7784
-9508 -7784
-6592 -7784
393 -7784
-8736 -7784
-2443 -7784
715 -7784
-8157 -7784
-2649 -7784
-3747 -7784
-3303 -7784
6425 -7784
-2605 -7784
-9469 -7784
8101 -7784
-8379 -7784
4721 -7784
-8717 -7784
-1102 -7784
138 -7784
9232 -7784
2605 -7784
-6265 -7784
-6680 -7784
-4553 -7784
-6140 -7784
3206 -7784
942 -7784
-1781 -7784
1464 -7784
8674 -7784
5150 -7784
-4483 -7784
5728 -7784
9790 -7784
-4141 -7784
-3880 -7784
-7686 -7784
-7191 -7784
-8789 -7784
8363 -7784
3141 -7784
4842 -7784
-2390 -7784
9592 -7784
1930 -7784
5100 -7784
4444 -7784
-7490 -7784
2321 -7784
-1163 -7784
7853 -7784
-5994 -7784
-8068 -7784
-9570 -7784
3275 -7784
-3741 -7784
-6190 -7784
4269 -7784
1530 -7784
6165 -7784
1425 -7784
-1916 -7784
-480 -7784
6022 -7784
-8159 -7784
3150 -7784
5806 -7784
5766 -7784
-1008 -7784
5939 -7784
-4400 -7784
-6248 -7784
-8178 -7784
-7960 -7784
-2456 -7784
612 -7784
3633 -7784
-7904 -7784
4164 -7784
243 -7784
3985 -7784
8863 -7784
-1311 -7784
-2660 -7784
-1859 -7784
-2892 -7784
3099 -7784
-4994 -7784
-6791 -7784
-5550 -7784
-7937 -7784
7165 -7784
4537 -7784
9116 -7784
9589 -7784
8181 -7784
3833 -7784
2074 -7784
-5058 -7784
-1804 -7784
-7727 -7784
1438 -7784
-7080 -7784
6010 -7784
2179 -7784
-1207 -7784
251 -7784
-5007 -7784
9622 -7784
1032 -7784
-6619 -7784
1694 -7784
-388 -7784
-6454 -7784
5338 -7784
-567 -7784
-6737 -7784
-8939 -7784
-3314 -7784
-6477 -7784
5089 -7784
1803 -7784
1537 -7784
9131 -7784
7709 -7784
6362 -7784
-4862 -7784
3333 -7784
3286 -7784
2647 -7784
-1133 -7784
-7343 -7784
-8458 -7784
-711 -7784
-4911 -7784
-8250 -7784
-3646 -7784
-5743 -7784
479 -7784
-3004 -7784
-6270 -7784
-7852 -7784
7884 -7784
-278 -7784
6353 -7784
2507 -7784
-6740 -7784
8574 -7784
-1541 -7784
5300 -7784
-8756 -7784
-7631 -7784
-1373 -7784
-1744 -7784
-3277 -7784
2633 -7784
9387 -7784
-4833 -7784
-1306 -7784
-6632 -7784
8559 -7784
-7600 -7784
8201 -7784
2169 -7784
3717 -7784
-7036 -7784
4345 -7784
3877 -7784
1457 -7784
-8509 -7784
-7210 -7784
9966 -7784
-1448 -7784
8401 -7784
-605 -7784
-7756 -7784
-2895 -7784
186 -7784
-6708 -7784
-3532 -7784
221 -7784
-6590 -7784
-462 -7784
-952 -7784
3094 -7784
5761 -7784
-2807 -7784
7948 -7784
8497 -7784
1866 -7784
4418 -7784
-7973 -7784
-4963 -7784
-7532 -7784
-4494 -7784
3451 -7784
-2673 -7784
7155 -7784
5603 -7784
3370 -7784
6713 -7784
5728 -7784
-7467 -7784
-7713 -7784
-2235 -7784
-3851 -7784
-9600 -7784
-2648 -7784
3402 -7784
-5948 -7784
-4459 -7784
6789 -7784
-2207 -7784
4223 -7784
1820 -7784
6810 -7784
-9062 -7784
-126 -7784
2072 -7784
-2217 -7784
-2732 -7784
-5303 -7784
-3151 -7784
2399 -7784
-9650 -7784
-6717 -7784
-9286 -7784
6144 -7784
3903 -7784
-2281 -7784
-5369 -7784
1164 -7784
-2447 -7784
7603 -7784
2941 -7784
-9301 -7784
7387 -7784
-355 -7784
7874 -7784
9916 -7784
7829 -7784
-37 -7784
-6551 -7784
5299 -7784
90 -7784
3591 -7784
586 -7784
-4815 -7784
1107 -7784
2150 -7784
-6125 -7784
9874 -7784
7236 -7784
-6566 -7784
549 -7784
-6971 -7784
-5911 -7784
-4762 -7784
7506 -7784
3911 -7784
4918 -7784
-5987 -7784
-8822 -7784
9504 -7784
-8017 -7784
-3717 -7784
-9730 -7784
7723 -7784
-2188 -7784
7614 -7784
-2817 -7784
6359 -7784
-9580 -7784
-77 -7784
419 -7784
-4724 -7784
-8222 -7784
6030 -7784
-5489 -7784
4048 -7784
-3001 -7784
9312 -7784
7227 -7784
188 -7784
3698 -7784
-6366 -7784
-5066 -7784
5911 -7784
-4412 -7784
-3589 -7784
-4962 -7784
-8300 -7784
-3035 -7784
-9319 -7784
-3254 -7784
4787 -7784
5414 -7784
870 -7784
1536 -7784
-8686 -7784
-5930 -7784
321 -7784
-3538 -7784
-4788 -7784
6035 -7784
4866 -7784
5239 -7784
-8466 -7784
-2195 -7784
689 -7784
-8360 -7784
104 -7784
2523 -7784
-6452 -7784
96 -7784
5805 -7784
8806 -7784
-9158 -7784
7935 -7784
3687 -7784
-8141 -7784
7079 -7784
5779 -7784
4829 -7784
-5868 -7784
-925 -7784
5010 -7784
1994 -7784
-4556 -7784
2007 -7784
-8457 -7784
-2001 -7784
9068 -7784
4962 -7784
1806 -7784
-6153 -7784
2857 -7784
-3724 -7784
-9546 -7784
-5433 -7784
-2148 -7784
818 -7784
4155 -7784
2166 -7784
-5056 -7784
3346 -7784
2006 -7784
-5661 -7784
-7595 -7784
1175 -7784
-6931 -7784
19 -7784
6442 -7784
7177 -7784
8640 -7784
6776 -7784
-9235 -7784
-7316 -7784
5552 -7784
-3534 -7784
2201 -7784
1742 -7784
-2446 -7784
-6733 -7784
4133 -7784
3333 -7784
3091 -7784
-1354 -7784
-6476 -7784
6579 -7784
1113 -7784
-72 -7784
-9930 -7784
-1693 -7784
-4626 -7784
7702 -7784
-5396 -7784
4439 -7784
-588 -7784
8503 -7784
8421 -7784
6477 -7784
-1736 -7784
5836 -7784
731 -7784
-8423 -7784
-9263 -7784
-5140 -7784
-487 -7784
-8204 -7784
-9312 -7784
5286 -7784
-4314 -7784
560 -7784
9 -7784
865 -7784
-824 -7784
28 -7784
3756 -7784
1153 -7784
-2214 -7784
6429 -7784
-8196 -7784
-5437 -7784
-9118 -7784
-7658 -7784
-2837 -7784
9027 -7784
691 -7784
8113 -7784
-1543 -7784
6846 -7784
190 -7784
-9641 -7784
-5125 -7784
-3770 -7784
2961 -7784
-4474 -7784
-6479 -7784
-6134 -7784
-1243 -7784
-5600 -7784
-7165 -7784
-6737 -7784
-9779 -7784
-6805 -7784
-8934 -7784
8080 -7784
-3820 -7784
-8474 -7784
-8357 -7784
-4597 -7784
-5091 -7784
1964 -7784
-9616 -7784
-5038 -7784
1723 -7784
-818 -7784
7962 -7784
135 -7784
-3452 -7784
3402 -7784
-1047 -7784
4774 -7784
8461 -7784
-1355 -7784
-2161 -7784
-1199 -7784
-8905 -7784
1319 -7784
-9200 -7784
5304 -7784
-188 -7784
1484 -7784
3865 -7784
4975 -7784
5403 -7784
-2264 -7784
-608 -7784
4420 -7784
9150 -7784
7730 -7784
-3170 -7784
9144 -7784
-8081 -7784
1039 -7784
-8523 -7784
-3059 -7784
-2826 -7784
-4626 -7784
5459 -7784
-5284 -7784
-4693 -7784
-7528 -7784
838 -7784
-2813 -7784
-7360 -7784
7019 -7784
8053 -7784
-9574 -7784
2545 -7784
2143 -7784
-4761 -7784
-1173 -7784
-9212 -7784
7216 -7784
1107 -7784
-9565 -7784
7354 -7784
-8871 -7784
-849 -7784
1714 -7784
-3235 -7784
-5550 -7784
-798 -7784
-8079 -7784
-1130 -7784
7710 -7784
-7658 -7784
-7783 -7784
-2155 -7784
-4605 -7784
2237 -7784
-9939 -7784
-9336 -7784
-214 -7784
-7312 -7784
-7535 -7784
9806 -7784
7887 -7784
-427 -7784
-7614 -7784
-9384 -7784
-1248 -7784
1065 -7784
3241 -7784
-7010 -7784
-4348 -7784
-9220 -7784
8485 -7784
-5031 -7784
-4429 -7784
-4648 -7784
-8862 -7784
4086 -7784
6716 -7784
-2775 -7784
-8543 -7784
5487 -7784
6696 -7784
-9552 -7784
-4396 -7784
-1156 -7784
-6262 -7784
-1824 -7784
-9019 -7784
3446 -7784
-353 -7784
-127 -7784
1862 -7784
8436 -7784
-3113 -7784
2677 -7784
-7931 -7784
-8633 -7784
9227 -7784
-40 -7784
5334 -7784
-3063 -7784
6814 -7784
5489 -7784
-1017 -7784
-9164 -7784
3987 -7784
-9533 -7784
-8649 -7784
7340 -7784
5326 -7784
-1188 -7784
-6389 -7784
7939 -7784
-6500 -7784
342 -7784
-3820 -7784
-8113 -7784
398 -7784
-1967 -7784
-7579 -7784
8896 -7784
-3291 -7784
-2159 -7784
-49 -7784
7960 -7784
-2618 -7784
-753 -7784
-6625 -7784
-1520 -7784
-9066 -7784
6476 -7784
9726 -7784
-4318 -7784
3920 -7784
6607 -7784
8534 -7784
-2727 -7784
-9680 -7784
-991 -7784
9231 -7784
6840 -7784
9631 -7784
6546 -7784
-4144 -7784
-5854 -7784
-1053 -7784
7742 -7784
1926 -7784
6153 -7784
7050 -7784
-9454 -7784
-820 -7784
-4348 -7784
2532 -7784
5292 -7784
-3028 -7784
3218 -7784
3865 -7784
9234 -7784
-4463 -7784
8505 -7784
5794 -7784
-7726 -7784
-5586 -7784
6526 -7784
3349 -7784
-2310 -7784
2201 -7784
2109 -7784
-1642 -7784
7165 -7784
-1814 -7784
9462 -7784
1526 -7784
8501 -7784
-1592 -7784
-1144 -7784
-8880 -7784
-5875 -7784
9528 -7784
5340 -7784
1350 -7784
1399 -7784
8209 -7784
3264 -7784
-5342 -7784
-8121 -7784
-7559 -7784
-9791 -7784
-8472 -7784
3291 -7784
8079 -7784
9769 -7784
-3521 -7784
5013 -7784
-8731 -7784
-8048 -7784
-580 -7784
-5013 -7784
-4407 -7784
5914 -7784
-2175 -7784
-7676 -7784
4973 -7784
-2198 -7784
-620 -7784
-1516 -7784
2406 -7784
6437 -7784
-6365 -7784
-797 -7784
-1834 -7784
-9873 -7784
-7158 -7784
9942 -7784
-3050 -7784
9991 -7784
752 -7784
-6603 -7784
-5980 -7784
147 -7784
-6499 -7784
-3647 -7784
-9232 -7784
-6917 -7784
8494 -7784
6323 -7784
-5190 -7784
-2415 -7784
-7249 -7784
5767 -7784
6530 -7784
-6148 -7784
-3061 -7784
4431 -7784
-7646 -7784
1589 -7784
927 -7784
-1517 -7784
4752 -7784
1966 -7784
-8531 -7784
-951 -7784
4384 -7784
-644 -7784
2681 -7784
2006 -7784
-1937 -7784
-8849 -7784
-3986 -7784
609 -7784
4939 -7784
6039 -7784
1353 -7784
-1879 -7784
-9440 -7784
9931 -7784
-9267 -7784
2756 -7784
6567 -7784
-416 -7784
8848 -7784
6411 -7784
-7588 -7784
1349 -7784
1836 -7784
-7352 -7784
1917 -7784
1688 -7784
7498 -7784
857 -7784
8709 -7784
-7048 -7784
-4867 -7784
-8445 -7784
-1285 -7784
3514 -7784
-7758 -7784
880 -7784
-6224 -7784
331 -7784
4776 -7784
-2032 -7784
850 -7784
2579 -7784
2525 -7784
2604 -7784
9632 -7784
3569 -7784
5791 -7784
9116 -7784
4632 -7784
-75 -7784
-7044 -7784
-6024 -7784
2968 -7784
-135 -7784
9159 -7784
1038 -7784
-7834 -7784
-1533 -7784
-2069 -7784
-9176 -7784
2267 -7784
5308 -7784
5312 -7784
3598 -7784
-2291 -7784
4052 -7784
-7394 -7784
4765 -7784
7729 -7784
-1105 -7784
9904 -7784
9663 -7784
6538 -7784
-6594 -7784
-9572 -7784
5230 -7784
-9877 -7784
7021 -7784
-5849 -7784
6257 -7784
5499 -7784
5177 -7784
98 -7784
1976 -7784
-7503 -7784
1653 -7784
-2702 -7784
-7434 -7784
8682 -7784
-7549 -7784
-5900 -7784
4802 -7784
-1637 -7784
7607 -7784
-3152 -7784
5989 -7784
7 -7784
-5074 -7784
2628 -7784
3140 -7784
-6143 -7784
-7525 -7784
-1006 -7784
-7935 -7784
4279 -7784
-8612 -7784
5867 -7784
-1041 -7784
-8275 -7784
1270 -7784
-7225 -7784
7434 -7784
-6633 -7784
-8105 -7784
-2704 -7784
-8869 -7784
8100 -7784
8089 -7784
667 -7784
8465 -7784
-6425 -7784
1220 -7784
-6825 -7784
-4582 -7784
9279 -7784
1870 -7784
-7678 -7784
2094 -7784
2827 -7784
5365 -7784
2960 -7784
-4154 -7784
-3607 -7784
-9882 -7784
-418 -7784
9833 -7784
7021 -7784
-3692 -7784
9384 -7784
-5785 -7784
-8091 -7784
3674 -7784
2315 -7784
849 -7784
8885 -7784
-6147 -7784
26 -7784
1810 -7784
-5412 -7784
3556 -7784
6179 -7784
-5817 -7784
-9038 -7784
3578 -7784
9736 -7784
-9934 -7784
5233 -7784
-4400 -7784
-8454 -7784
4128 -7784
-928 -7784
-3661 -7784
-5880 -7784
-3255 -7784
-2245 -7784
9157 -7784
-6725 -7784
8728 -7784
-7933 -7784
9508 -7784
-6479 -7784
6084 -7784
-3084 -7784
5188 -7784
7322 -7784
1253 -7784
7490 -7784
-2047 -7784
-8944 -7784
-3895 -7784
7354 -7784
8706 -7784
5150 -7784
1645 -7784
589 -7784
7042 -7784
-8424 -7784
572 -7784
-9350 -7784
8954 -7784
-6853 -7784
-4722 -7784
2864 -7784
-6916 -7784
2657 -7784
4282 -7784
172 -7784
-9532 -7784
-3735 -7784
5584 -7784
-7972 -7784
2587 -7784
9835 -7784
4594 -7784
-6469 -7784
6641 -7784
5292 -7784
7121 -7784
6301 -7784
6180 -7784
4411 -7784
-3316 -7784
-8872 -7784
6792 -7784
-12 -7784
-7931 -7784
-5977 -7784
2945 -7784
-7566 -7784
-259 -7784
5072 -7784
-1532 -7784
-3614 -7784
2589 -7784
-1910 -7784
6247 -7784
-4215 -7784
-5789 -7784
-2319 -7784
5471 -7784
-1680 -7784
-9207 -7784
-2409 -7784
8330 -7784
2390 -7784
-5866 -7784
-3814 -7784
-1145 -7784
-6215 -7784
-6286 -7784
9308 -7784
4790 -7784
-2031 -7784
-2978 -7784
2222 -7784
-7609 -7784
-5265 -7784
-1611 -7784
5697 -7784
4861 -7784
2480 -7784
7813 -7784
7211 -7784
-8576 -7784
-3435 -7784
-1690 -7784
9540 -7784
-4268 -7784
8213 -7784
5233 -7784
-9163 -7784
8712 -7784
-1843 -7784
5092 -7784
-5559 -7784
-8874 -7784
-7757 -7784
644 -7784
-8143 -7784
9851 -7784
7339 -7784
-4300 -7784
-6003 -7784
-2780 -7784
-2694 -7784
2738 -7784
461 -7784
1592 -7784
8943 -7784
7733 -7784
9659 -7784
8180 -7784
6475 -7784
6010 -7784
-9852 -7784
5841 -7784
-1493 -7784
-8668 -7784
-2619 -7784
3633 -7784
5032 -7784
4402 -7784
3363 -7784
166 -7784
7789 -7784
2550 -7784
-1602 -7784
-8202 -7784
1770 -7784
1669 -7784
8026 -7784
-3312 -7784
7948 -7784
199 -7784
-2775 -7784
-6304 -7784
-3582 -7784
-7855 -7784
-9854 -7784
-5578 -7784
-8070 -7784
-778 -7784
900 -7784
-4218 -7784
-6170 -7784
-314 -7784
-2600 -7784
-4213 -7784
-8164 -7784
3072 -7784
4138 -7784
-6440 -7784
-1991 -7784
-32 -7784
9725 -7784
8864 -7784
7873 -7784
236 -7784
-2417 -7784
-6530 -7784
-9056 -7784
1936 -7784
-4342 -7784
2583 -7784
-4315 -7784
-1856 -7784
8114 -7784
-3517 -7784
966 -7784
7432 -7784
3695 -7784
6365 -7784
128 -7784
-6852 -7784
-7744 -7784
-3320 -7784
3231 -7784
-6530 -7784
-9115 -7784
1899 -7784
-1768 -7784
8051 -7784
9809 -7784
4285 -7784
-9341 -7784
-3014 -7784
5339 -7784
-7404 -7784
-6040 -7784
4090 -7784
3580 -7784
-66 -7784
-5097 -7784
-8426 -7784
4539 -7784
4971 -7784
-1079 -7784
-5188 -7784
-9172 -7784
2264 -7784
-4377 -7784
-6266 -7784
-8832 -7784
3572 -7784
6484 -7784
9990 -7784
-7134 -7784
5503 -7784
-2064 -7784
7608 -7784
-1718 -7784
-2605 -7784
-105 -7784
-1892 -7784
4616 -7784
9469 -7784
9580 -7784
-3633 -7784
-7323 -7784
-8824 -7784
7399 -7784
-7278 -7784
7087 -7784
1994 -7784
5045 -7784
-8363 -7784
1927 -7784
2280 -7784
-8899 -7784
4043 -7784
-4091 -7784
458 -7784
3647 -7784
1992 -7784
5530 -7784
720 -7784
-8682 -7784
5403 -7784
-3872 -7784
31 -7784
670 -7784
2070 -7784
-7689 -7784
-9721 -7784
5200 -7784
9563 -7784
-7015 -7784
-7655 -7784
-7777 -7784
4762 -7784
-3910 -7784
-7782 -7784
1959 -7784
3761 -7784
3300 -7784
-6803 -7784
6352 -7784
-8072 -7784
7696 -7784
8292 -7784
5204 -7784
5724 -7784
8636 -7784
-4426 -7784
-1539 -7784
-52 -7784
-4577 -7784
-1677 -7784
-333 -7784
6526 -7784
9409 -7784
-612 -7784
-3535 -7784
-7163 -7784
-9404 -7784
-5969 -7784
1055 -7784
-3878 -7784
-855 -7784
-351 -7784
1920 -7784
-4379 -7784
4471 -7784
-3157 -7784
278 -7784
-1103 -7784
-8270 -7784
7895 -7784
-5898 -7784
-7275 -7784
5135 -7784
-7296 -7784
8807 -7784
8878 -7784
-8541 -7784
588 -7784
3131 -7784
-4441 -7784
-7446 -7784
-2016 -7784
-6590 -7784
-6351 -7784
-2962 -7784
-3211 -7784
715 -7784
-6093 -7784
-2921 -7784
-1001 -7784
-9640 -7784
-4680 -7784
7117 -7784
1033 -7784
-6881 -7784
-5094 -7784
-7760 -7784
-5702 -7784
5733 -7784
5426 -7784
-8642 -7784
3272 -7784
3535 -7784
-8902 -7784
2091 -7784
3058 -7784
-7391 -7784
-6672 -7784
-1949 -7784
4152 -7784
4365 -7784
-1681 -7784
3790 -7784
-9733 -7784
6266 -7784
3312 -7784
-2745 -7784
8406 -7784
2541 -7784
4058 -7784
5455 -7784
-3300 -7784
8760 -7784
-7864 -7784
-734 -7784
7924 -7784
-5586 -7784
4875 -7784
-7390 -7784
5019 -7784
7825 -7784
4556 -7784
3093 -7784
-7199 -7784
2530 -7784
9194 -7784
-7139 -7784
-1916 -7784
4258 -7784
7728 -7784
7286 -7784
-6576 -7784
-4942 -7784
9664 -7784
-5123 -7784
-4958 -7784
3653 -7784
-1599 -7784
1091 -7784
-4161 -7784
8464 -7784
-4756 -7784
-5560 -7784
-360 -7784
6021 -7784
4486 -7784
1669 -7784
1134 -7784
-8976 -7784
8347 -7784
-3675 -7784
6644 -7784
2994 -7784
-2083 -7784
-9307 -7784
-1753 -7784
5080 -7784
531 -7784
3371 -7784
-8705 -7784
3172 -7784
5015 -7784
8699 -7784
1643 -7784
-7169 -7784
-7041 -7784
-6397 -7784
-5909 -7784
3424 -7784
-8777 -7784
-6651 -7784
-761 -7784
4868 -7784
-5333 -7784
327 -7784
6791 -7784
653 -7784
-3725 -7784
-4112 -7784
-6201 -7784
-5060 -7784
6052 -7784
-6833 -7784
-5280 -7784
-3156 -7784
-5022 -7784
-5988 -7784
-8192 -7784
3490 -7784
-442 -7784
4182 -7784
-7048 -7784
-1912 -7784
3584 -7784
-8214 -7784
1020 -7784
4350 -7784
-315 -7784
-702 -7784
2926 -7784
-7225 -7784
4409 -7784
-5273 -7784
-8837 -7784
1096 -7784
-2259 -7784
8431 -7784
7365 -7784
-6864 -7784
5299 -7784
-4637 -7784
-5363 -7784
-2013 -7784
5881 -7784
-3994 -7784
2574 -7784
2829 -7784
-6563 -7784
4328 -7784
-6566 -7784
3560 -7784
-5812 -7784
-5683 -7784
-9795 -7784
-6239 -7784
-1435 -7784
-6130 -7784
-1534 -7784
-6120 -7784
-1902 -7784
-6594 -7784
-7576 -7784
-9801 -7784
5058 -7784
-5772 -7784
6930 -7784
-2189 -7784
6450 -7784
-1885 -7784
5231 -7784
-8843 -7784
5520 -7784
-5326 -7784
5343 -7784
4794 -7784
9617 -7784
-6119 -7784
4227 -7784
9165 -7784
-7410 -7784
7103 -7784
1213 -7784
-8843 -7784
-6869 -7784
-8433 -7784
6025 -7784
-7378 -7784
3972 -7784
-361 -7784
-365 -7784
4152 -7784
9068 -7784
6014 -7784
-2838 -7784
3517 -7784
9226 -7784
-6152 -7784
-1137 -7784
-1031 -7784
2115 -7784
1222 -7784
7816 -7784
7490 -7784
2402 -7784
6040 -7784
7172 -7784
-912 -7784
2538 -7784
3994 -7784
9615 -7784
-8596 -7784
-1345 -7784
-3885 -7784
6460 -7784
4251 -7784
-8845 -7784
3488 -7784
9214 -7784
-5958 -7784
2541 -7784
6037 -7784
4261 -7784
-3324 -7784
-2722 -7784
-7019 -7784
1212 -7784
-6711 -7784
3505 -7784
-7689 -7784
-180 -7784
4487 -7784
8709 -7784
7120 -7784
1694 -7784
12 -7784
8198 -7784
1229 -7784
-1773 -7784
-613 -7784
-6694 -7784
1173 -7784
3514 -7784
5716 -7784
-3759 -7784
6324 -7784
7411 -7784
9799 -7784
-6869 -7784
397 -7784
9690 -7784
2983 -7784
-8406 -7784
2012 -7784
-6569 -7784
3796 -7784
2621 -7784
-2005 -7784
3457 -7784
3834 -7784
-9755 -7784
5208 -7784
3263 -7784
-1409 -7784
-6293 -7784
5290 -7784
-4842 -7784
-2412 -7784
-8182 -7784
2130 -7784
-4763 -7784
514 -7784
-2599 -7784
4711 -7784
-3749 -7784
1105 -7784
-3942 -7784
-7621 -7784
-46 -7784
-2584 -7784
7218 -7784
3769 -7784
-5411 -7784
2794 -7784
-1310 -7784
632 -7784
2722 -7784
5570 -7784
-2464 -7784
5727 -7784
909 -7784
4753 -7784
471 -7784
-5992 -7784
8987 -7784
-3288 -7784
1513 -7784
-7509 -7784
-6721 -7784
1736 -7784
9223 -7784
-9573 -7784
7119 -7784
-2321 -7784
-532 -7784
251 -7784
-2065 -7784
4950 -7784
5220 -7784
-9583 -7784
-3484 -7784
7085 -7784
-5066 -7784
2280 -7784
-9519 -7784
-7649 -7784
-1271 -7784
-8488 -7784
-5304 -7784
3951 -7784
3866 -7784
5052 -7784
-2298 -7784
3923 -7784
4757 -7784
-1531 -7784
-2519 -7784
1924 -7784
-5889 -7784
4255 -7784
-7108 -7784
-3951 -7784
443 -7784
-5087 -7784
-5913 -7784
5170 -7784
4631 -7784
-246 -7784
-8196 -7784
6518 -7784
-7632 -7784
3476 -7784
9621 -7784
9424 -7784
6431 -7784
-9030 -7784
-6779 -7784
193 -7784
-168 -7784
-8512 -7784
5064 -7784
-4166 -7784
9312 -7784
-895 -7784
-3040 -7784
-2296 -7784
-820 -7784
8317 -7784
1803 -7784
5070 -7784
1456 -7784
9221 -7784
-4391 -7784
-8796 -7784
-33 -7784
1288 -7784
-7279 -7784
2422 -7784
1086 -7784
-7717 -7784
-256 -7784
-8881 -7784
5686 -7784
-1591 -7784
-1366 -7784
-274 -7784
9584 -7784
2353 -7784
-6421 -7784
2543 -7784
-7829 -7784
-4875 -7784
3614 -7784
4754 -7784
-1480 -7784
-3049 -7784
4402 -7784
-5613 -7784
-8544 -7784
-6639 -7784
292 -7784
-3969 -7784
-3209 -7784
-1161 -7784
-878 -7784
-1831 -7784
773 -7784
-482 -7784
-8718 -7784
3601 -7784
5617 -7784
-8139 -7784
1027 -7784
-7695 -7784
6119 -7784
-1420 -7784
5418 -7784
2170 -7784
6841 -7784
6271 -7784
7373 -7784
1065 -7784
-1281 -7784
-2879 -7784
-2818 -7784
5927 -7784
-6842 -7784
-4780 -7784
5727 -7784
-943 -7784
-2197 -7784
9006 -7784
3071 -7784
7625 -7784
-7284 -7784
5356 -7784
-9678 -7784
4947 -7784
-4656 -7784
8855 -7784
2559 -7784
-3398 -7784
8320 -7784
-9084 -7784
3278 -7784
1452 -7784
734 -7784
7735 -7784
-4441 -7784
-6411 -7784
5162 -7784
7651 -7784
-9496 -7784
-6840 -7784
5196 -7784
1030 -7784
6187 -7784
-9741 -7784
1916 -7784
-2481 -7784
9896 -7784
-3944 -7784
1948 -7784
2676 -7784
-8785 -7784
-6388 -7784
-927 -7784
1036 -7784
6110 -7784
3617 -7784
8524 -7784
6281 -7784
9733 -7784
9513 -7784
7412 -7784
-2398 -7784
-751 -7784
8519 -7784
-9000 -7784
-1652 -7784
5894 -7784
-4669 -7784
-73 -7784
-4907 -7784
-4937 -7784
2576 -7784
5080 -7784
6330 -7784
6478 -7784
-5980 -7784
2641 -7784
5799 -7784
-2514 -7784
1723 -7784
3836 -7784
7248 -7784
-8828 -7784
4528 -7784
-290 -7784
7162 -7784
3625 -7784
-5066 -7784
-1817 -7784
1959 -7784
-8029 -7784
-2531 -7784
-119 -7784
-5643 -7784
1192 -7784
-7556 -7784
5102 -7784
-8412 -7784
2127 -7784
9292 -7784
7933 -7784
8277 -7784
5046 -7784
-498 -7784
-7934 -7784
-4513 -7784
-6484 -7784
-2648 -7784
9059 -7784
8083 -7784
-5934 -7784
1005 -7784
-4307 -7784
114 -7784
8784 -7784
-9009 -7784
8452 -7784
-9278 -7784
-3971 -7784
-5271 -7784
7273 -7784
5535 -7784
-594 -7784
-8119 -7784
1285 -7784
-9584 -7784
-531 -7784
8603 -7784
9401 -7784
-2383 -7784
3653 -7784
2570 -7784
557 -7784
-4188 -7784
2355 -7784
7249 -7784
-1002 -7784
2826 -7784
7627 -7784
-8211 -7784
-3461 -7784
164 -7784
-2501 -7784
7444 -7784
-2241 -7784
8101 -7784
-2350 -7784
-2779 -7784
4887 -7784
-7610 -7784
8225 -7784
-4676 -7784
5229 -7784
6185 -7784
-1044 -7784
5727 -7784
-5531 -7784
2904 -7784
-9858 -7784
-9262 -7784
-262 -7784
-1090 -7784
-6436 -7784
5019 -7784
-2844 -7784
-6037 -7784
5719 -7784
2581 -7784
-2745 -7784
-8033 -7784
6981 -7784
-2617 -7784
-414 -7784
1084 -7784
-1478 -7784
-5360 -7784
-5942 -7784
-2830 -7784
-5445 -7784
-1367 -7784
-3170 -7784
-9954 -7784
-4545 -7784
727 -7784
2657 -7784
341 -7784
6561 -7784
1630 -7784
-2112 -7784
-4988 -7784
6721 -7784
-5790 -7784
4660 -7784
9165 -7784
-8709 -7784
-185 -7784
-8148 -7784
4755 -7784
-8809 -7784
-6258 -7784
-9603 -7784
3861 -7784
6685 -7784
379 -7784
-2995 -7784
4383 -7784
2279 -7784
8782 -7784
4564 -7784
-1642 -7784
-2845 -7784
8116 -7784
9274 -7784
-4401 -7784
4885 -7784
4671 -7784
-6058 -7784
5664 -7784
2996 -7784
6016 -7784
4501 -7784
-1125 -7784
-9079 -7784
6249 -7784
8062 -7784
-6973 -7784
-1977 -7784
5139 -7784
5381 -7784
-4526 -7784
7475 -7784
1154 -7784
5704 -7784
2729 -7784
-4222 -7784
3068 -7784
-6251 -7784
-2450 -7784
6639 -7784
2666 -7784
-9044 -7784
3251 -7784
-851 -7784
-9002 -7784
4143 -7784
-1332 -7784
-8846 -7784
-4783 -7784
-3834 -7784
8739 -7784
-4333 -7784
-3413 -7784
-2987 -7784
-9776 -7784
4692 -7784
7076 -7784
3554 -7784
3617 -7784
-5522 -7784
5778 -7784
2711 -7784
3137 -7784
7238 -7784
4657 -7784
-2991 -7784
-889 -7784
-1846 -7784
-3345 -7784
-4241 -7784
-7101 -7784
5745 -7784
-1343 -7784
6921 -7784
7186 -7784
-3432 -7784
1093 -7784
-729 -7784
8383 -7784
8196 -7784
-6217 -7784
6951 -7784
814 -7784
8019 -7784
683 -7784
-3859 -7784
-2102 -7784
-292 -7784
-5404 -7784
6961 -7784
-1866 -7784
1021 -7784
4219 -7784
5545 -7784
-4653 -7784
-6835 -7784
9358 -7784
9908 -7784
2569 -7784
2319 -7784
572 -7784
-2616 -7784
-456 -7784
-8770 -7784
4589 -7784
-799 -7784
1599 -7784
-1406 -7784
-4732 -7784
5200 -7784
-5536 -7784
-8835 -7784
5095 -7784
7473 -7784
-8870 -7784
3051 -7784
-9096 -7784
7811 -7784
5399 -7784
-334 -7784
7613 -7784
3669 -7784
-1377 -7784
-1347 -7784
-5269 -7784
773 -7784
-7642 -7784
-5351 -7784
-7253 -7784
3469 -7784
1712 -7784
-3143 -7784
184 -7784
954 -7784
7714 -7784
1380 -7784
4388 -7784
-9755 -7784
5309 -7784
3386 -7784
5331 -7784
862 -7784
8394 -7784
-9225 -7784
-6918 -7784
-1867 -7784
-2945 -7784
-5089 -7784
9195 -7784
-4012 -7784
4128 -7784
5095 -7784
-2197 -7784
6828 -7784
8655 -7784
-6467 -7784
221 -7784
-8956 -7784
-1510 -7784
597 -7784
8356 -7784
7309 -7784
9398 -7784
-4060 -7784
-535 -7784
5604 -7784
8119 -7784
813 -7784
-9487 -7784
1912 -7784
-1853 -7784
8741 -7784
2111 -7784
-4661 -7784
-2966 -7784
-6555 -7784
-8486 -7784
-2225 -7784
-4314 -7784
-7572 -7784
-7166 -7784
-2896 -7784
-2781 -7784
9882 -7784
7649 -7784
-6407 -7784
-6466 -7784
2688 -7784
1820 -7784
8089 -7784
-7925 -7784
112 -7784
-816 -7784
-1733 -7784
7656 -7784
-616 -7784
8538 -7784
-3346 -7784
8094 -7784
8624 -7784
1547 -7784
-4849 -7784
6947 -7784
-901 -7784
7279 -7784
9336 -7784
2889 -7784
2509 -7784
-6727 -7784
4980 -7784
2478 -7784
1846 -7784
2643 -7784
-2402 -7784
-3494 -7784
4844 -7784
1887 -7784
-7650 -7784
7781 -7784
7119 -7784
-8324 -7784
-7847 -7784
6753 -7784
-5992 -7784
-3492 -7784
-3927 -7784
3384 -7784
8564 -7784
-7114 -7784
5129 -7784
-458 -7784
6668 -7784
3827 -7784
1829 -7784
9780 -7784
6305 -7784
6573 -7784
-4687 -7784
-4041 -7784
-3440 -7784
129 -7784
-7591 -7784
6600 -7784
-2547 -7784
8086 -7784
595 -7784
1289 -7784
-1664 -7784
6923 -7784
-7305 -7784
-5323 -7784
9674 -7784
3915 -7784
7163 -7784
-5422 -7784
-7301 -7784
-5424 -7784
3273 -7784
6937 -7784
-7081 -7784
-278 -7784
-4064 -7784
-1365 -7784
7377 -7784
-9329 -7784
2149 -7784
6404 -7784
89 -7784
995 -7784
7479 -7784
-6895 -7784
8445 -7784
9221 -7784
-6737 -7784
982 -7784
-3139 -7784
-2633 -7784
-3201 -7784
1306 -7784
4716 -7784
7905 -7784
-5826 -7784
7637 -7784
-592 -7784
8039 -7784
5591 -7784
-3831 -7784
2906 -7784
6504 -7784
1280 -7784
-6170 -7784
-8325 -7784
-9415 -7784
-7661 -7784
742 -7784
1114 -7784
3376 -7784
-7050 -7784
-3316 -7784
3412 -7784
6310 -7784
-2770 -7784
360 -7784
5605 -7784
3541 -7784
-4787 -7784
-1328 -7784
3811 -7784
-6823 -7784
4184 -7784
7458 -7784
-1658 -7784
-659 -7784
-9970 -7784
-6885 -7784
-3323 -7784
-3987 -7784
5183 -7784
6558 -7784
-3043 -7784
-4080 -7784
6744 -7784
7123 -7784
5579 -7784
-8133 -7784
8032 -7784
7492 -7784
-9002 -7784
1294 -7784
-2792 -7784
2332 -7784
-9096 -7784
1387 -7784
1370 -7784
8909 -7784
5093 -7784
1331 -7784
-821 -7784
-3234 -7784
3083 -7784
8710 -7784
-3535 -7784
2710 -7784
7055 -7784
-6664 -7784
4659 -7784
7664 -7784
7524 -7784
-7480 -7784
-2635 -7784
2150 -7784
-7612 -7784
-7879 -7784
-9874 -7784
-2650 -7784
-8550 -7784
6883 -7784
966 -7784
2739 -7784
181 -7784
-5515 -7784
5854 -7784
8849 -7784
6186 -7784
536 -7784
-4828 -7784
8693 -7784
-3623 -7784
-2600 -7784
-8354 -7784
7640 -7784
-3192 -7784
-6855 -7784
4972 -7784
-9679 -7784
3012 -7784
9079 -7784
4491 -7784
3596 -7784
6110 -7784
8868 -7784
-9999 -7784
3218 -7784
-3496 -7784
-9224 -7784
9042 -7784
7121 -7784
7561 -7784
8086 -7784
1174 -7784
2333 -7784
3318 -7784
-9955 -7784
906 -7784
2872 -7784
1527 -7784
3156 -7784
6597 -7784
-5685 -7784
2543 -7784
5115 -7784
859 -7784
-737 -7784
7951 -7784
6344 -7784
-205 -7784
9796 -7784
-4097 -7784
4471 -7784
5968 -7784
-7616 -7784
5583 -7784
-6292 -7784
-6603 -7784
426 -7784
-5352 -7784
-553 -7784
7019 -7784
3989 -7784
-7047 -7784
-1841 -7784
5216 -7784
2574 -7784
298 -7784
-8027 -7784
2529 -7784
4203 -7784
8352 -7784
-9578 -7784
9233 -7784
-9994 -7784
-5818 -7784
6944 -7784
3373 -7784
-8187 -7784
238 -7784
-6807 -7784
-4028 -7784
9441 -7784
-1769 -7784
-8611 -7784
-5361 -7784
-8702 -7784
5636 -7784
3336 -7784
-1214 -7784
5798 -7784
704 -7784
-3722 -7784
264 -7784
5765 -7784
-4063 -7784
-62 -7784
1971 -7784
9105 -7784
-4469 -7784
8159 -7784
-3141 -7784
9768 -7784
-7711 -7784
-3310 -7784
-2820 -7784
2034 -7784
6888 -7784
1662 -7784
7327 -7784
1635 -7784
-653 -7784
2054 -7784
5629 -7784
-1043 -7784
-158 -7784
185 -7784
5892 -7784
-1640 -7784
8330 -7784
-3592 -7784
-3644 -7784
9101 -7784
3915 -7784
-6044 -7784
-7165 -7784
-3041 -7784
5583 -7784
6813 -7784
1720 -7784
7906 -7784
-3042 -7784
4434 -7784
2796 -7784
4303 -7784
4352 -7784
916 -7784
-152 -7784
-5368 -7784
8479 -7784
5320 -7784
2881 -7784
1141 -7784
3381 -7784
-8130 -7784
6769 -7784
-6984 -7784
1085 -7784
5300 -7784
3219 -7784
9895 -7784
2604 -7784
-1476 -7784
-1179 -7784
-3388 -7784
-893 -7784
8790 -7784
4518 -7784
-9890 -7784
-8798 -7784
-2903 -7784
2464 -7784
9559 -7784
3776 -7784
-5656 -7784
-4022 -7784
4649 -7784
4019 -7784
-3105 -7784
6279 -7784
-5853 -7784
-29 -7784
-605 -7784
-1750 -7784
-3976 -7784
2902 -7784
7936 -7784
-2825 -7784
3374 -7784
-7720 -7784
2579 -7784
-7017 -7784
7916 -7784
-2846 -7784
335 -7784
2206 -7784
9361 -7784
-9728 -7784
7389 -7784
1011 -7784
9898 -7784
89 -7784
-9130 -7784
-2580 -7784
3948 -7784
1510 -7784
9003 -7784
-4049 -7784
1929 -7784
1942 -7784
-781 -7784
3417 -7784
4847 -7784
9049 -7784
5372 -7784
4683 -7784
-4720 -7784
9299 -7784
-1208 -7784
9817 -7784
-7473 -7784
1025 -7784
7933 -7784
4203 -7784
4301 -7784
3402 -7784
-5114 -7784
-8940 -7784
2113 -7784
-9738 -7784
-4372 -7784
1365 -7784
-5853 -7784
-3355 -7784
-938 -7784
8609 -7784
7481 -7784
8954 -7784
5748 -7784
3938 -7784
3682 -7784
-1439 -7784
-9024 -7784
316 -7784
6424 -7784
3973 -7784
-7352 -7784
6247 -7784
7298 -7784
4016 -7784
5251 -7784
6628 -7784
-1268 -7784
-8312 -7784
-6238 -7784
-2041 -7784
5065 -7784
8566 -7784
2489 -7784
-7794 -7784
6684 -7784
6529 -7784
869 -7784
-1407 -7784
6564 -7784
-3644 -7784
7024 -7784
3741 -7784
-1880 -7784
-4571 -7784
5807 -7784
-6594 -7784
-6558 -7784
-7667 -7784
-7608 -7784
-8979 -7784
-3974 -7784
4459 -7784
4219 -7784
2545 -7784
-1747 -7784
-1784 -7784
-316 -7784
580 -7784
-1479 -7784
-1846 -7784
-7869 -7784
7286 -7784
5675 -7784
3834 -7784
-5132 -7784
2368 -7784
-7790 -7784
-5808 -7784
-652 -7784
-3162 -7784
9662 -7784
8262 -7784
6098 -7784
8985 -7784
1316 -7784
-2270 -7784
-4634 -7784
1623 -7784
9003 -7784
4091 -7784
-3205 -7784
-6034 -7784
6090 -7784
473 -7784
2578 -7784
-185 -7784
6121 -7784
5857 -7784
4107 -7784
8288 -7784
-5668 -7784
-3375 -7784
-4655 -7784
-107 -7784
9765 -7784
-452 -7784
3632 -7784
-8862 -7784
2688 -7784
-6987 -7784
3428 -7784
3315 -7784
6867 -7784
4951 -7784
4720 -7784
-5150 -7784
-1969 -7784
1887 -7784
-4483 -7784
-9218 -7784
-5227 -7784
5950 -7784
-3653 -7784
-2113 -7784
5128 -7784
-9949 -7784
-2776 -7784
3326 -7784
3905 -7784
2547 -7784
-7019 -7784
-1708 -7784
7959 -7784
-367 -7784
-2842 -7784
3174 -7784
-4360 -7784
-8485 -7784
-6626 -7784
-3194 -7784
-6637 -7784
8763 -7784
-6004 -7784
5416 -7784
9176 -7784
-2188 -7784
-204 -7784
3891 -7784
7473 -7784
1139 -7784
2548 -7784
1677 -7784
-4361 -7784
-1919 -7784
1941 -7784
2865 -7784
9928 -7784
-4262 -7784
8684 -7784
3019 -7784
2628 -7784
1484 -7784
-2353 -7784
-6837 -7784
-3195 -7784
3600 -7784
1526 -7784
8690 -7784
7633 -7784
-577 -7784
7982 -7784
-3552 -7784
1845 -7784
-6646 -7784
-639 -7784
2464 -7784
831 -7784
5902 -7784
-2616 -7784
-6102 -7784
3879 -7784
-4420 -7784
8155 -7784
5472 -7784
5395 -7784
6185 -7784
-9980 -7784
2598 -7784
-1932 -7784
8415 -7784
4785 -7784
-1661 -7784
-864 -7784
9524 -7784
-2303 -7784
2959 -7784
-5199 -7784
-9674 -7784
3698 -7784
6362 -7784
-6951 -7784
-1774 -7784
623 -7784
800 -7784
5401 -7784
-4237 -7784
8100 -7784
-3903 -7784
-1462 -7784
-7488 -7784
-3272 -7784
-5906 -7784
5356 -7784
-827 -7784
5044 -7784
-4249 -7784
5869 -7784
-9296 -7784
-5927 -7784
-6493 -7784
8094 -7784
-7258 -7784
6507 -7784
-4698 -7784
-5222 -7784
-3472 -7784
-2581 -7784
8123 -7784
1611 -7784
9716 -7784
-3041 -7784
11 -7784
7035 -7784
3264 -7784
7515 -7784
4671 -7784
5426 -7784
-1252 -7784
-7271 -7784
-4287 -7784
-4012 -7784
-421 -7784
363 -7784
3995 -7784
-4552 -7784
4564 -7784
7435 -7784
-2759 -7784
-498 -7784
-150 -7784
8944 -7784
-8258 -7784
-9313 -7784
-3353 -7784
6955 -7784
-5233 -7784
4340 -7784
3650 -7784
-2283 -7784
1278 -7784
3408 -7784
-5888 -7784
6005 -7784
7206 -7784
-7618 -7784
-1342 -7784
-1641 -7784
2476 -7784
-1719 -7784
1222 -7784
-3209 -7784
3441 -7784
-1726 -7784
8145 -7784
3456 -7784
-9489 -7784
4468 -7784
7251 -7784
6411 -7784
-3559 -7784
-6973 -7784
-7684 -7784
-5425 -7784
5792 -7784
-370 -7784
2117 -7784
-5120 -7784
6752 -7784
278 -7784
8514 -7784
4684 -7784
-468 -7784
5841 -7784
-3113 -7784
4719 -7784
9357 -7784
9938 -7784
8994 -7784
8909 -7784
5910 -7784
-5615 -7784
-9132 -7784
-4610 -7784
3144 -7784
-8329 -7784
1643 -7784
8032 -7784
-2696 -7784
8561 -7784
407 -7784
5294 -7784
-8854 -7784
-4804 -7784
6463 -7784
930 -7784
3243 -7784
8962 -7784
-1810 -7784
-3593 -7784
-9358 -7784
-4884 -7784
9574 -7784
-2112 -7784
-2627 -7784
5887 -7784
9828 -7784
-2838 -7784
-2488 -7784
-5394 -7784
6285 -7784
4843 -7784
7415 -7784
6570 -7784
-562 -7784
7249 -7784
8717 -7784
9963 -7784
-3288 -7784
5517 -7784
-1013 -7784
-2477 -7784
-7197 -7784
-5223 -7784
9089 -7784
5894 -7784
678 -7784
1799 -7784
-3736 -7784
-6168 -7784
1683 -7784
9712 -7784
-7538 -7784
-770 -7784
-9322 -7784
-1141 -7784
2782 -7784
-7837 -7784
-7799 -7784
-9795 -7784
1143 -7784
-7691 -7784
4601 -7784
-1038 -7784
55 -7784
5858 -7784
-4644 -7784
-6598 -7784
-8263 -7784
3969 -7784
-2960 -7784
5015 -7784
7753 -7784
-339 -7784
7659 -7784
-4953 -7784
-4112 -7784
-6552 -7784
-1013 -7784
7672 -7784
2142 -7784
-1218 -7784
-9663 -7784
9457 -7784
-29 -7784
-486 -7784
-2689 -7784
-3112 -7784
3069 -7784
-304 -7784
-5225 -7784
-7798 -7784
-9082 -7784
7819 -7784
585 -7784
-8795 -7784
7494 -7784
5726 -7784
5338 -7784
-1860 -7784
4774 -7784
7646 -7784
-9068 -7784
-9211 -7784
9723 -7784
9750 -7784
-1705 -7784
1766 -7784
919 -7784
1190 -7784
-7409 -7784
8975 -7784
5974 -7784
-8324 -7784
-6367 -7784
2531 -7784
8099 -7784
7683 -7784
9520 -7784
4606 -7784
-418 -7784
-6874 -7784
-6053 -7784
-5890 -7784
-9246 -7784
-7089 -7784
6665 -7784
-1355 -7784
9356 -7784
-4278 -7784
1093 -7784
8882 -7784
-2419 -7784
7012 -7784
-215 -7784
-2428 -7784
329 -7784
-6335 -7784
2427 -7784
4402 -7784
-2747 -7784
9200 -7784
7765 -7784
-163 -7784
8402 -7784
-1887 -7784
-1438 -7784
-3232 -7784
-2368 -7784
7080 -7784
8379 -7784
2327 -7784
-5986 -7784
-2845 -7784
-7305 -7784
-4084 -7784
-7200 -7784
4375 -7784
-8603 -7784
-7879 -7784
-1599 -7784
8674 -7784
8524 -7784
6517 -7784
-9996 -7784
8041 -7784
3136 -7784
223 -7784
689 -7784
7668 -7784
5593 -7784
5938 -7784
-204 -7784
2692 -7784
8992 -7784
-8598 -7784
5601 -7784
8304 -7784
-8425 -7784
-9512 -7784
-7274 -7784
-2144 -7784
1760 -7784
-8992 -7784
-7327 -7784
4298 -7784
-5364 -7784
-3069 -7784
9629 -7784
8195 -7784
9924 -7784
2780 -7784
-9913 -7784
591 -7784
-9898 -7784
8159 -7784
2453 -7784
-4781 -7784
-8112 -7784
-8852 -7784
-5374 -7784
-5338 -7784
7656 -7784
2818 -7784
1913 -7784
-5866 -7784
5820 -7784
-6939 -7784
6461 -7784
5027 -7784
-6031 -7784
-60 -7784
-7926 -7784
-8755 -7784
-7647 -7784
-4593 -7784
-8547 -7784
-8727 -7784
-9789 -7784
5610 -7784
5241 -7784
-822 -7784
-8748 -7784
5929 -7784
8826 -7784
9016 -7784
-727 -7784
-5025 -7784
6403 -7784
2860 -7784
-8443 -7784
-3368 -7784
6176 -7784
6693 -7784
-9462 -7784
-2068 -7784
6979 -7784
-8049 -7784
-5994 -7784
4595 -7784
8984 -7784
-9423 -7784
174 -7784
-7034 -7784
-9784 -7784
7313 -7784
-362 -7784
3006 -7784
6431 -7784
6730 -7784
-3994 -7784
-9693 -7784
7497 -7784
-1049 -7784
-7578 -7784
-8599 -7784
4492 -7784
-7045 -7784
-3047 -7784
-3418 -7784
9261 -7784
1416 -7784
-4729 -7784
-7573 -7784
-3174 -7784
6882 -7784
-6291 -7784
-9802 -7784
-3357 -7784
-2640 -7784
8246 -7784
7254 -7784
5857 -7784
-9616 -7784
3012 -7784
9775 -7784
5155 -7784
-8489 -7784
-3564 -7784
-4293 -7784
8232 -7784
6574 -7784
-8727 -7784
1375 -7784
2319 -7784
-2257 -7784
1525 -7784
121 -7784
-3645 -7784
7384 -7784
-7245 -7784
-9367 -7784
-5696 -7784
-848 -7784
-4104 -7784
-2543 -7784
-7938 -7784
-1846 -7784
-9297 -7784
-7140 -7784
-6715 -7784
-4333 -7784
-7566 -7784
-5909 -7784
2885 -7784
2901 -7784
2896 -7784
-6087 -7784
-9757 -7784
6283 -7784
237 -7784
5356 -7784
6581 -7784
7807 -7784
3558 -7784
-3084 -7784
-4232 -7784
601 -7784
4810 -7784
-8916 -7784
6673 -7784
-6761 -7784
5222 -7784
-8948 -7784
-4436 -7784
-5730 -7784
551 -7784
4040 -7784
-8474 -7784
6482 -7784
-1475 -7784
2077 -7784
3199 -7784
5647 -7784
7042 -7784
-908 -7784
4828 -7784
-6124 -7784
-9220 -7784
6236 -7784
539 -7784
-8515 -7784
-6903 -7784
2159 -7784
102 -7784
5150 -7784
8159 -7784
-7371 -7784
-4066 -7784
-2651 -7784
8882 -7784
-4506 -7784
7924 -7784
-4985 -7784
-4329 -7784
6024 -7784
2829 -7784
-3743 -7784
3904 -7784
-2625 -7784
-2816 -7784
5782 -7784
-758 -7784
-417 -7784
2946 -7784
7337 -7784
-5606 -7784
-9531 -7784
5896 -7784
6302 -7784
8074 -7784
9281 -7784
3734 -7784
-4978 -7784
5846 -7784
-5379 -7784
-5361 -7784
-3392 -7784
-4348 -7784
-9687 -7784
-9381 -7784
2140 -7784
202 -7784
-6703 -7784
4687 -7784
3214 -7784
4319 -7784
-6369 -7784
-5446 -7784
9325 -7784
-4952 -7784
-3475 -7784
-2905 -7784
-4913 -7784
-3009 -7784
2612 -7784
1790 -7784
-786 -7784
-251 -7784
2251 -7784
-1991 -7784
-3764 -7784
-2455 -7784
-1107 -7784
6192 -7784
-9406 -7784
-1600 -7784
-680 -7784
-2120 -7784
1628 -7784
-1710 -7784
-6167 -7784
-9806 -7784
-128 -7784
-9562 -7784
4766 -7784
-8960 -7784
-1130 -7784
2439 -7784
3582 -7784
-2420 -7784
5483 -7784
1221 -7784
-2045 -7784
6155 -7784
-5873 -7784
3924 -7784
-7571 -7784
-2353 -7784
3571 -7784
8072 -7784
8244 -7784
9852 -7784
711 -7784
-4205 -7784
1104 -7784
-8828 -7784
8564 -7784
4552 -7784
-3865 -7784
6648 -7784
-587 -7784
704 -7784
-2780 -7784
8005 -7784
-3602 -7784
6188 -7784
1372 -7784
9845 -7784
1959 -7784
-9500 -7784
8176 -7784
-2514 -7784
-1449 -7784
-5448 -7784
-1082 -7784
-150 -7784
-3398 -7784
3455 -7784
7512 -7784
188 -7784
-590 -7784
-3027 -7784
-1096 -7784
4550 -7784
-3653 -7784
-5824 -7784
-9359 -7784
3465 -7784
4341 -7784
-9915 -7784
-4733 -7784
-9865 -7784
-6445 -7784
-9959 -7784
-6437 -7784
-4248 -7784
1615 -7784
9671 -7784
-5751 -7784
4635 -7784
4141 -7784
-8618 -7784
9092 -7784
-6305 -7784
-7477 -7784
6066 -7784
-3688 -7784
-5183 -7784
-6430 -7784
-3546 -7784
-1136 -7784
4897 -7784
-1006 -7784
-8621 -7784
-5655 -7784
-402 -7784
2318 -7784
8004 -7784
-4444 -7784
-8609 -7784
-1262 -7784
1936 -7784
4281 -7784
-4611 -7784
5915 -7784
5196 -7784
-9236 -7784
3720 -7784
3065 -7784
2801 -7784
827 -7784
1371 -7784
-4786 -7784
5578 -7784
4176 -7784
-3775 -7784
-5155 -7784
5785 -7784
1215 -7784
-5985 -7784
-799 -7784
2577 -7784
-2129 -7784
1431 -7784
-5573 -7784
9043 -7784
1565 -7784
1575 -7784
-3870 -7784
-4668 -7784
8325 -7784
-3519 -7784
7952 -7784
-9446 -7784
3254 -7784
1898 -7784
-9840 -7784
6037 -7784
3009 -7784
8556 -7784
2910 -7784
2146 -7784
8983 -7784
557 -7784
5214 -7784
8913 -7784
-6672 -7784
-9555 -7784
4727 -7784
-2763 -7784
-5414 -7784
-6688 -7784
-3713 -7784
-759 -7784
-5180 -7784
-8881 -7784
-5157 -7784
-4412 -7784
-3500 -7784
9143 -7784
-3478 -7784
6321 -7784
-3677 -7784
2915 -7784
-1772 -7784
994 -7784
-9101 -7784
2578 -7784
-3306 -7784
610 -7784
-3298 -7784
2682 -7784
-7563 -7784
4736 -7784
8093 -7784
-915 -7784
-8793 -7784
-5598 -7784
-6620 -7784
-8817 -7784
112 -7784
120 -7784
-7319 -7784
6896 -7784
5591 -7784
-2991 -7784
-1692 -7784
-1031 -7784
-6694 -7784
-9606 -7784
-7419 -7784
-7309 -7784
-5017 -7784
-1976 -7784
7425 -7784
-5828 -7784
-1051 -7784
2846 -7784
-2346 -7784
-5322 -7784
3680 -7784
-1145 -7784
7546 -7784
-1942 -7784
4014 -7784
-7451 -7784
-4338 -7784
-9089 -7784
-9706 -7784
7655 -7784
5353 -7784
7985 -7784
9200 -7784
-1434 -7784
-9231 -7784
1980 -7784
4838 -7784
-3143 -7784
-3382 -7784
8799 -7784
-6325 -7784
3810 -7784
-1847 -7784
-6709 -7784
-5661 -7784
-863 -7784
-7518 -7784
-6609 -7784
-6575 -7784
9328 -7784
-4955 -7784
-9296 -7784
9950 -7784
9691 -7784
8526 -7784
-3675 -7784
6388 -7784
4809 -7784
5259 -7784
-7996 -7784
-1640 -7784
3587 -7784
2750 -7784
-5887 -7784
-3021 -7784
3361 -7784
9207 -7784
-7489 -7784
289 -7784
3766 -7784
5807 -7784
-3421 -7784
-2739 -7784
1923 -7784
-2757 -7784
7233 -7784
-5059 -7784
7417 -7784
6790 -7784
-3247 -7784
-7926 -7784
-7569 -7784
-478 -7784
4215 -7784
4466 -7784
8978 -7784
-8795 -7784
1829 -7784
-9162 -7784
9584 -7784
5402 -7784
-177 -7784
-9597 -7784
6916 -7784
-2748 -7784
5539 -7784
5546 -7784
-1224 -7784
-2330 -7784
-7539 -7784
-3708 -7784
-60 -7784
3578 -7784
2058 -7784
-8349 -7784
9342 -7784
-9880 -7784
-8763 -7784
6404 -7784
-7922 -7784
-7286 -7784
7515 -7784
-956 -7784
-2943 -7784
7681 -7784
682 -7784
6142 -7784
2314 -7784
-9313 -7784
-92 -7784
7789 -7784
-4080 -7784
-857 -7784
-8372 -7784
-4965 -7784
4412 -7784
870 -7784
-232 -7784
1157 -7784
6665 -7784
-7024 -7784
-5273 -7784
5633 -7784
1111 -7784
5230 -7784
1058 -7784
-4891 -7784
5155 -7784
-8044 -7784
3995 -7784
-1752 -7784
-4663 -7784
6881 -7784
-6362 -7784
-7714 -7784
-1497 -7784
-9372 -7784
-7312 -7784
5292 -7784
-4175 -7784
5837 -7784
4021 -7784
-6210 -7784
-8968 -7784
4706 -7784
-1802 -7784
351 -7784
-6871 -7784
7113 -7784
-6207 -7784
-7542 -7784
-6454 -7784
-571 -7784
-6485 -7784
6500 -7784
-987 -7784
-2435 -7784
-2970 -7784
4301 -7784
3478 -7784
4285 -7784
-1185 -7784
7813 -7784
-4721 -7784
-1349 -7784
-7789 -7784
3277 -7784
9670 -7784
8937 -7784
5888 -7784
7931 -7784
4163 -7784
-7200 -7784
7758 -7784
-7227 -7784
-5967 -7784
2052 -7784
-406 -7784
-9097 -7784
9915 -7784
7270 -7784
-6076 -7784
-7873 -7784
8554 -7784
-652 -7784
2717 -7784
-5907 -7784
5282 -7784
-6501 -7784
-5550 -7784
3397 -7784
-9184 -7784
-1207 -7784
9110 -7784
8940 -7784
9961 -7784
9181 -7784
5976 -7784
4411 -7784
-7902 -7784
-1015 -7784
8409 -7784
6326 -7784
4588 -7784
5761 -7784
-6487 -7784
-1752 -7784
7072 -7784
-681 -7784
-4424 -7784
4277 -7784
-1981 -7784
4099 -7784
-9602 -7784
-4220 -7784
2808 -7784
5710 -7784
-3939 -7784
7542 -7784
5101 -7784
5460 -7784
9693 -7784
603 -7784
939 -7784
6657 -7784
234 -7784
-4304 -7784
-8811 -7784
351 -7784
2550 -7784
-668 -7784
-7323 -7784
4455 -7784
6929 -7784
3030 -7784
-8980 -7784
7513 -7784
-9113 -7784
-189 -7784
-6566 -7784
-5706 -7784
-6236 -7784
-4616 -7784
6998 -7784
-123 -7784
-3458 -7784
-979 -7784
-7659 -7784
-4891 -7784
-2380 -7784
-4013 -7784
-1755 -7784
-149 -7784
-4952 -7784
-7896 -7784
-4880 -7784
-9965 -7784
-8242 -7784
8544 -7784
4567 -7784
2740 -7784
-3238 -7784
-2955 -7784
-5024 -7784
-6787 -7784
7448 -7784
-4040 -7784
-5723 -7784
-1919 -7784
-2040 -7784
1238 -7784
2653 -7784
-2667 -7784
3364 -7784
-3079 -7784
3918 -7784
-5600 -7784
9523 -7784
-3255 -7784
-6537 -7784
-9981 -7784
-5286 -7784
735 -7784
1948 -7784
4051 -7784
-6371 -7784
-269 -7784
6280 -7784
7628 -7784
-9948 -7784
-7886 -7784
5389 -7784
-8099 -7784
6536 -7784
-8887 -7784
-7718 -7784
-1481 -7784
-7296 -7784
4507 -7784
722 -7784
-4238 -7784
-323 -7784
9460 -7784
4556 -7784
-1665 -7784
-1303 -7784
6636 -7784
5589 -7784
-4694 -7784
-8890 -7784
-4577 -7784
9446 -7784
-6392 -7784
3136 -7784
5501 -7784
8793 -7784
7694 -7784
6930 -7784
4471 -7784
4161 -7784
-9926 -7784
5026 -7784
3925 -7784
-2606 -7784
3135 -7784
9411 -7784
9820 -7784
8259 -7784
-6489 -7784
7121 -7784
8796 -7784
358 -7784
-7501 -7784
9101 -7784
-6923 -7784
-4107 -7784
-8144 -7784
-8629 -7784
-9783 -7784
4264 -7784
7752 -7784
-7476 -7784
1846 -7784
-7129 -7784
1039 -7784
-7732 -7784
8700 -7784
-6550 -7784
-5642 -7784
9355 -7784
911 -7784
-1700 -7784
4484 -7784
-2086 -7784
2545 -7784
2265 -7784
-7169 -7784
5823 -7784
-4452 -7784
7250 -7784
5372 -7784
7527 -7784
-4635 -7784
-3530 -7784
6146 -7784
-7983 -7784
5815 -7784
621 -7784
-4607 -7784
4842 -7784
-4061 -7784
1593 -7784
-561 -7784
-6719 -7784
-261 -7784
-2974 -7784
2377 -7784
-4004 -7784
2338 -7784
-9282 -7784
6091 -7784
-9802 -7784
-6057 -7784
1061 -7784
9094 -7784
3611 -7784
-4953 -7784
-2722 -7784
-3122 -7784
-1524 -7784
-2076 -7784
-9823 -7784
763 -7784
5814 -7784
-2408 -7784
-963 -7784
-3543 -7784
-4366 -7784
9592 -7784
4780 -7784
-236 -7784
2839 -7784
-2407 -7784
-2542 -7784
-7476 -7784
-1448 -7784
-4014 -7784
-6813 -7784
-5138 -7784
5380 -7784
-6250 -7784
3239 -7784
-8866 -7784
6747 -7784
-3754 -7784
322 -7784
-5360 -7784
-7969 -7784
9150 -7784
-9847 -7784
4619 -7784
6095 -7784
4588 -7784
-8306 -7784
5239 -7784
-5458 -7784
-8131 -7784
-5365 -7784
8871 -7784
-7857 -7784
9122 -7784
4696 -7784
-9633 -7784
-7961 -7784
5970 -7784
3892 -7784
-6895 -7784
5527 -7784
-6695 -7784
-439 -7784
3997 -7784
7231 -7784
8315 -7784
5205 -7784
-5299 -7784
2276 -7784
4011 -7784
-177 -7784
-8139 -7784
2303 -7784
939 -7784
-8578 -7784
8940 -7784
-1573 -7784
-3026 -7784
-7883 -7784
-3560 -7784
7014 -7784
772 -7784
9354 -7784
3005 -7784
7537 -7784
-642 -7784
4108 -7784
-5864 -7784
7148 -7784
-9361 -7784
5629 -7784
-8599 -7784
-6646 -7784
-6038 -7784
-568 -7784
6945 -7784
-114 -7784
4203 -7784
7744 -7784
-3815 -7784
-2269 -7784
433 -7784
7422 -7784
1193 -7784
-160 -7784
4749 -7784
-8534 -7784
-9579 -7784
-2867 -7784
-2188 -7784
3096 -7784
-252 -7784
732 -7784
-5657 -7784
2038 -7784
-541 -7784
-898 -7784
-2205 -7784
7613 -7784
3204 -7784
-8870 -7784
5286 -7784
2655 -7784
-1973 -7784
-4527 -7784
-4453 -7784
-72 -7784
-931 -7784
3896 -7784
-3926 -7784
-1565 -7784
-8032 -7784
9852 -7784
-6560 -7784
6551 -7784
1262 -7784
3296 -7784
7110 -7784
-6584 -7784
9166 -7784
9135 -7784
-5243 -7784
-4398 -7784
1458 -7784
9969 -7784
-5567 -7784
3302 -7784
-3590 -7784
8555 -7784
6840 -7784
7675 -7784
-5155 -7784
8788 -7784
1606 -7784
1478 -7784
1237 -7784
1435 -7784
-1763 -7784
1670 -7784
-1813 -7784
2318 -7784
2299 -7784
7739 -7784
-9476 -7784
4080 -7784
6595 -7784
-5139 -7784
-3951 -7784
-3344 -7784
-4979 -7784
7801 -7784
-6075 -7784
6652 -7784
7959 -7784
-4604 -7784
-7019 -7784
3995 -7784
8868 -7784
-9306 -7784
8382 -7784
-7329 -7784
121 -7784
4153 -7784
-8729 -7784
60 -7784
-606 -7784
-3385 -7784
-4941 -7784
-1248 -7784
7039 -7784
-9717 -7784
2442 -7784
5998 -7784
-7299 -7784
6076 -7784
6118 -7784
5321 -7784
-3359 -7784
8917 -7784
9236 -7784
-5513 -7784
8575 -7784
3014 -7784
3036 -7784
3015 -7784
-8892 -7784
4761 -7784
-3418 -7784
-4635 -7784
-4096 -7784
7410 -7784
4004 -7784
8824 -7784
-9705 -7784
4120 -7784
330 -7784
-8086 -7784
7267 -7784
-9818 -7784
-4261 -7784
4652 -7784
9322 -7784
2414 -7784
4286 -7784
-9393 -7784
6834 -7784
8946 -7784
-2516 -7784
-3213 -7784
4468 -7784
2080 -7784
-2615 -7784
-6699 -7784
-9924 -7784
9187 -7784
2888 -7784
-7391 -7784
986 -7784
-1234 -7784
-660 -7784
-4872 -7784
-5227 -7784
4826 -7784
-2563 -7784
-3956 -7784
9525 -7784
-967 -7784
9847 -7784
-5051 -7784
2346 -7784
-8636 -7784
4204 -7784
-8630 -7784
147 -7784
4266 -7784
-2862 -7784
3711 -7784
-7280 -7784
9458 -7784
1317 -7784
-1289 -7784
-1977 -7784
-5004 -7784
-7656 -7784
-3439 -7784
-8631 -7784
-1401 -7784
-9422 -7784
-6657 -7784
7209 -7784
-8773 -7784
2383 -7784
1991 -7784
6737 -7784
7072 -7784
-686 -7784
-7348 -7784
5814 -7784
1930 -7784
8317 -7784
8738 -7784
-7600 -7784
-2694 -7784
-1239 -7784
2985 -7784
3295 -7784
-9349 -7784
7892 -7784
7379 -7784
-7586 -7784
-3734 -7784
2164 -7784
-2569 -7784
-6534 -7784
-3157 -7784
-1953 -7784
-6861 -7784
-5541 -7784
265 -7784
8256 -7784
-8232 -7784
-8340 -7784
-1562 -7784
6896 -7784
-1126 -7784
-3451 -7784
2877 -7784
-7552 -7784
7834 -7784
6110 -7784
-4569 -7784
-6281 -7784
3847 -7784
-6191 -7784
5184 -7784
5115 -7784
-7552 -7784
7260 -7784
7269 -7784
-3233 -7784
2642 -7784
3173 -7784
-4645 -7784
-4545 -7784
8050 -7784
6881 -7784
2864 -7784
-2688 -7784
2287 -7784
-9965 -7784
1549 -7784
-2559 -7784
8908 -7784
-7145 -7784
-4809 -7784
5249 -7784
9107 -7784
-8672 -7784
-947 -7784
4542 -7784
9387 -7784
-7499 -7784
-206 -7784
7424 -7784
1709 -7784
8353 -7784
3249 -7784
5923 -7784
8818 -7784
-3842 -7784
4626 -7784
1717 -7784
7607 -7784
2379 -7784
-8509 -7784
-2522 -7784
-6551 -7784
7392 -7784
-5421 -7784
-5032 -7784
6343 -7784
2735 -7784
2900 -7784
5246 -7784
-2001 -7784
-7708 -7784
-2743 -7784
1156 -7784
-5778 -7784
2757 -7784
2784 -7784
4067 -7784
-2690 -7784
-5613 -7784
5572 -7784
-5698 -7784
-993 -7784
1362 -7784
-1598 -7784
7212 -7784
-6119 -7784
8899 -7784
7566 -7784
8983 -7784
-9505 -7784
-3160 -7784
-6237 -7784
4106 -7784
4262 -7784
-9834 -7784
9003 -7784
4734 -7784
-7585 -7784
9224 -7784
9552 -7784
-3034 -7784
3237 -7784
-5547 -7784
3682 -7784
-9957 -7784
8574 -7784
1600 -7784
2292 -7784
-7133 -7784
-2618 -7784
4595 -7784
985 -7784
746 -7784
-7801 -7784
-5104 -7784
-3423 -7784
5188 -7784
-3131 -7784
4256 -7784
4585 -7784
6164 -7784
3005 -7784
1829 -7784
7035 -7784
2026 -7784
7675 -7784
5345 -7784
5445 -7784
-6484 -7784
-6575 -7784
-817 -7784
9471 -7784
-5418 -7784
8500 -7784
8540 -7784
-8835 -7784
8779 -7784
5025 -7784
1687 -7784
-589 -7784
535 -7784
4081 -7784
4171 -7784
6593 -7784
-8902 -7784
3241 -7784
8587 -7784
-61 -7784
8434 -7784
3193 -7784
-8192 -7784
7390 -7784
440 -7784
-5482 -7784
-4152 -7784
1585 -7784
-1062 -7784
-6635 -7784
3994 -7784
390 -7784
7533 -7784
-4921 -7784
8609 -7784
-6482 -7784
6703 -7784
-8464 -7784
1130 -7784
6856 -7784
-1139 -7784
-3871 -7784
9975 -7784
377 -7784
-8044 -7784
-3703 -7784
-3564 -7784
-4447 -7784
-7963 -7784
-701 -7784
-4623 -7784
-4500 -7784
-8335 -7784
2773 -7784
6526 -7784
2659 -7784
-2598 -7784
5932 -7784
-4901 -7784
342 -7784
2628 -7784
-8964 -7784
-9131 -7784
5785 -7784
-926 -7784
47 -7784
9726 -7784
-4456 -7784
-502 -7784
3480 -7784
-1659 -7784
-253 -7784
4535 -7784
-6078 -7784
5931 -7784
9682 -7784
-5076 -7784
-9175 -7784
-9616 -7784
-6960 -7784
4758 -7784
-7134 -7784
900 -7784
-55 -7784
9817 -7784
2174 -7784
3616 -7784
3192 -7784
9798 -7784
5485 -7784
7352 -7784
2665 -7784
-214 -7784
-442 -7784
-9189 -7784
1642 -7784
8499 -7784
-9427 -7784
6248 -7784
-7653 -7784
5380 -7784
-223 -7784
-9330 -7784
-9422 -7784
8082 -7784
5253 -7784
1671 -7784
-9793 -7784
5415 -7784
-4579 -7784
180 -7784
7598 -7784
7311 -7784
8654 -7784
-4837 -7784
-5856 -7784
7271 -7784
7675 -7784
-1541 -7784
-4703 -7784
-7759 -7784
-3300 -7784
2790 -7784
8893 -7784
5008 -7784
420 -7784
6070 -7784
-1097 -7784
4432 -7784
7563 -7784
-5532 -7784
3044 -7784
-8180 -7784
6877 -7784
2781 -7784
3568 -7784
5962 -7784
9034 -7784
-644 -7784
-3196 -7784
-4566 -7784
-4232 -7784
-9799 -7784
-2304 -7784
-8528 -7784
-4888 -7784
-8330 -7784
6648 -7784
2761 -7784
5545 -7784
6445 -7784
3336 -7784
-9362 -7784
9287 -7784
63 -7784
3614 -7784
8708 -7784
4599 -7784
-4793 -7784
-2390 -7784
7287 -7784
-8538 -7784
8636 -7784
4017 -7784
-3845 -7784
-4236 -7784
2391 -7784
-2744 -7784
2533 -7784
-625 -7784
-7507 -7784
5828 -7784
9263 -7784
5304 -7784
-897 -7784
-4694 -7784
-126 -7784
4496 -7784
2027 -7784
-6253 -7784
1646 -7784
-7519 -7784
839 -7784
3121 -7784
-7058 -7784
-2646 -7784
-9047 -7784
3909 -7784
-3859 -7784
2840 -7784
5069 -7784
610 -7784
-7261 -7784
3621 -7784
-8674 -7784
-6275 -7784
1712 -7784
3043 -7784
-1924 -7784
2329 -7784
5148 -7784
-6894 -7784
-9017 -7784
2610 -7784
-8992 -7784
3211 -7784
9892 -7784
-6108 -7784
-5528 -7784
-322 -7784
-2064 -7784
-306 -7784
-7561 -7784
9897 -7784
-8504 -7784
5840 -7784
9136 -7784
-573 -7784
-5952 -7784
-5302 -7784
6980 -7784
1502 -7784
-8392 -7784
8423 -7784
-5638 -7784
8222 -7784
7680 -7784
-6110 -7784
-2478 -7784
-9585 -7784
1759 -7784
4133 -7784
1984 -7784
-3146 -7784
5765 -7784
9082 -7784
6009 -7784
2456 -7784
2142 -7784
4003 -7784
-4286 -7784
5989 -7784
9500 -7784
460 -7784
6018 -7784
-3390 -7784
6532 -7784
9846 -7784
6608 -7784
2053 -7784
3205 -7784
-2710 -7784
9179 -7784
1012 -7784
-9405 -7784
-832 -7784
-9455 -7784
-7403 -7784
-5797 -7784
-4480 -7784
-3816 -7784
-1845 -7784
-4073 -7784
-3792 -7784
-9426 -7784
3288 -7784
-6817 -7784
-274 -7784
547 -7784
5309 -7784
-9486 -7784
63 -7784
-5195 -7784
1552 -7784
3114 -7784
-5475 -7784
-5416 -7784
-5401 -7784
-1331 -7784
4519 -7784
6012 -7784
-7402 -7784
-9812 -7784
-7607 -7784
8188 -7784
-8503 -7784
1008 -7784
5680 -7784
-2966 -7784
-2386 -7784
4101 -7784
-3028 -7784
421 -7784
7083 -7784
-6707 -7784
4092 -7784
-7239 -7784
-2007 -7784
4053 -7784
7642 -7784
6865 -7784
-3119 -7784
-9519 -7784
3617 -7784
-2935 -7784
-5919 -7784
8937 -7784
911 -7784
652 -7784
1705 -7784
-261 -7784
5657 -7784
6859 -7784
-4939 -7784
-3301 -7784
3557 -7784
5002 -7784
4292 -7784
-3953 -7784
8894 -7784
5369 -7784
7466 -7784
8239 -7784
9147 -7784
9343 -7784
6289 -7784
-7909 -7784
-2979 -7784
7510 -7784
6250 -7784
-3947 -7784
-6792 -7784
-464 -7784
-14 -7784
-4500 -7784
3492 -7784
8327 -7784
-4767 -7784
-5039 -7784
9985 -7784
8886 -7784
7165 -7784
-8809 -7784
-7421 -7784
5056 -7784
-1144 -7784
-3571 -7784
-9534 -7784
-4705 -7784
-4914 -7784
-247 -7784
268 -7784
1426 -7784
-2329 -7784
6222 -7784
-6808 -7784
-1697 -7784
9017 -7784
8617 -7784
-4475 -7784
5367 -7784
8490 -7784
5625 -7784
321 -7784
9217 -7784
122 -7784
-7679 -7784
2785 -7784
5603 -7784
8746 -7784
5915 -7784
6258 -7784
5543 -7784
8031 -7784
-8519 -7784
6645 -7784
6379 -7784
5746 -7784
7262 -7784
-3981 -7784
5657 -7784
-6127 -7784
-5312 -7784
-2074 -7784
-5896 -7784
-5962 -7784
-824 -7784
-5476 -7784
9326 -7784
-5147 -7784
9354 -7784
-1679 -7784
7354 -7784
-6977 -7784
9436 -7784
7908 -7784
-318 -7784
-2268 -7784
-8950 -7784
9144 -7784
-7479 -7784
-1225 -7784
-7289 -7784
5230 -7784
2470 -7784
7556 -7784
8541 -7784
-9810 -7784
-4803 -7784
2488 -7784
6062 -7784
-3843 -7784
-6523 -7784
-7171 -7784
-3950 -7784
4281 -7784
1674 -7784
4979 -7784
691 -7784
-9238 -7784
4377 -7784
4914 -7784
9519 -7784
-6820 -7784
-6605 -7784
3983 -7784
-1735 -7784
6151 -7784
-3523 -7784
4425 -7784
6214 -7784
6338 -7784
-3136 -7784
2724 -7784
8501 -7784
-3462 -7784
-5881 -7784
4278 -7784
1142 -7784
9750 -7784
9514 -7784
-413 -7784
-7181 -7784
-8273 -7784
-4518 -7784
1545 -7784
4261 -7784
-8512 -7784
1637 -7784
-9900 -7784
-7537 -7784
9833 -7784
8034 -7784
-1995 -7784
2252 -7784
7268 -7784
3712 -7784
-3018 -7784
-8680 -7784
5128 -7784
8593 -7784
5411 -7784
-1609 -7784
6669 -7784
203 -7784
-6067 -7784
-7656 -7784
7380 -7784
1502 -7784
6909 -7784
4907 -7784
-3250 -7784
-1612 -7784
-8794 -7784
6283 -7784
3605 -7784
2780 -7784
1494 -7784
-9436 -7784
2663 -7784
8237 -7784
5910 -7784
-6320 -7784
-8184 -7784
-9805 -7784
-9146 -7784
-2915 -7784
-9644 -7784
1213 -7784
-7630 -7784
-5113 -7784
-2320 -7784
-4937 -7784
1655 -7784
-6043 -7784
663 -7784
4369 -7784
-7855 -7784
-4987 -7784
3096 -7784
-6381 -7784
1458 -7784
-1905 -7784
5978 -7784
6777 -7784
-6708 -7784
-3392 -7784
1104 -7784
-3 -7784
-3320 -7784
5114 -7784
-2987 -7784
-3364 -7784
2745 -7784
5393 -7784
6897 -7784
-5348 -7784
9555 -7784
-7644 -7784
7639 -7784
977 -7784
6348 -7784
5926 -7784
4353 -7784
-6864 -7784
4567 -7784
9326 -7784
2489 -7784
-6221 -7784
5342 -7784
3321 -7784
2117 -7784
-1103 -7784
3724 -7784
3927 -7784
-3501 -7784
9131 -7784
-2650 -7784
-5288 -7784
-9440 -7784
-6909 -7784
2851 -7784
-6106 -7784
2751 -7784
-7591 -7784
8257 -7784
7010 -7784
1646 -7784
-9607 -7784
-9967 -7784
-11 -7784
-1738 -7784
8020 -7784
-1873 -7784
566 -7784
-7974 -7784
5215 -7784
532 -7784
-4595 -7784
4679 -7784
3726 -7784
-8372 -7784
2030 -7784
2507 -7784
-1998 -7784
-5344 -7784
7151 -7784
7451 -7784
7006 -7784
-3078 -7784
7795 -7784
4111 -7784
-6636 -7784
-4144 -7784
7060 -7784
-2624 -7784
-4249 -7784
5300 -7784
-9581 -7784
-944 -7784
-6060 -7784
923 -7784
671 -7784
-3676 -7784
268 -7784
-7150 -7784
-5059 -7784
7399 -7784
1119 -7784
1875 -7784
-5354 -7784
8625 -7784
-3670 -7784
8070 -7784
5905 -7784
-9000 -7784
-4176 -7784
9876 -7784
-5256 -7784
8154 -7784
-3141 -7784
-8249 -7784
5530 -7784
3692 -7784
-8028 -7784
-9013 -7784
-8326 -7784
-5149 -7784
9887 -7784
3778 -7784
-517 -7784
-9449 -7784
-4344 -7784
1297 -7784
-8357 -7784
299 -7784
608 -7784
9971 -7784
3290 -7784
421 -7784
4287 -7784
-567 -7784
-130 -7784
-5599 -7784
8895 -7784
-7520 -7784
-8944 -7784
5648 -7784
-8316 -7784
5387 -7784
-82 -7784
9263 -7784
-9296 -7784
4520 -7784
-8989 -7784
-4966 -7784
-5338 -7784
5594 -7784
-6267 -7784
-6112 -7784
4406 -7784
-7821 -7784
2851 -7784
6155 -7784
4029 -7784
6613 -7784
1085 -7784
6452 -7784
-4101 -7784
-508 -7784
1428 -7784
8291 -7784
-5513 -7784
-9776 -7784
3393 -7784
6720 -7784
8216 -7784
9197 -7784
-8612 -7784
-9880 -7784
2911 -7784
2667 -7784
8277 -7784
-2016 -7784
-2292 -7784
4833 -7784
-8487 -7784
6867 -7784
-9394 -7784
1237 -7784
-8739 -7784
2113 -7784
7643 -7784
-9808 -7784
9290 -7784
-9113 -7784
9674 -7784
5888 -7784
2901 -7784
5618 -7784
-9542 -7784
-2834 -7784
1441 -7784
-4813 -7784
-4372 -7784
-2871 -7784
1949 -7784
5827 -7784
-1162 -7784
1627 -7784
7788 -7784
-4944 -7784
-9528 -7784
-8934 -7784
-574 -7784
5228 -7784
6251 -7784
-1155 -7784
-1670 -7784
4389 -7784
-7510 -7784
-1734 -7784
7189 -7784
8560 -7784
7146 -7784
5938 -7784
-7431 -7784
-5304 -7784
-918 -7784
8396 -7784
-8328 -7784
270 -7784
2372 -7784
1074 -7784
-7418 -7784
3241 -7784
8901 -7784
9275 -7784
-2053 -7784
7442 -7784
-8642 -7784
-6996 -7784
-7726 -7784
-1913 -7784
-8007 -7784
-7456 -7784
8480 -7784
-5993 -7784
3565 -7784
7957 -7784
-8348 -7784
7013 -7784
-146 -7784
-3108 -7784
-6484 -7784
-663 -7784
-8041 -7784
-427 -7784
1895 -7784
1044 -7784
-1030 -7784
3160 -7784
5127 -7784
-5171 -7784
5063 -7784
-6605 -7784
-4298 -7784
-3289 -7784
-32 -7784
-8740 -7784
-30 -7784
1058 -7784
-1508 -7784
-2795 -7784
457 -7784
-4870 -7784
5030 -7784
6053 -7784
8184 -7784
-4370 -7784
-5730 -7784
818 -7784
6451 -7784
3549 -7784
6710 -7784
2540 -7784
-6162 -7784
-9164 -7784
1449 -7784
-2220 -7784
4660 -7784
-5997 -7784
-1680 -7784
2629 -7784
6911 -7784
4 -7784
-891 -7784
-406 -7784
-231 -7784
4123 -7784
-7737 -7784
3508 -7784
7299 -7784
228 -7784
8506 -7784
603 -7784
5435 -7784
8586 -7784
2214 -7784
-4345 -7784
3582 -7784
-7986 -7784
2793 -7784
-4597 -7784
3600 -7784
-6374 -7784
6528 -7784
-7466 -7784
-8781 -7784
-8782 -7784
8767 -7784
8906 -7784
-8589 -7784
6519 -7784
953 -7784
-2549 -7784
5014 -7784
5129 -7784
201 -7784
-8476 -7784
1463 -7784
-9191 -7784
5536 -7784
919 -7784
526 -7784
-5109 -7784
-9127 -7784
9217 -7784
-9561 -7784
5756 -7784
-4456 -7784
2272 -7784
-6030 -7784
-2362 -7784
2400 -7784
-6213 -7784
-3452 -7784
-6319 -7784
-9560 -7784
-3087 -7784
-7900 -7784
-7145 -7784
1792 -7784
-2042 -7784
9073 -7784
1594 -7784
-2167 -7784
2114 -7784
3080 -7784
-6067 -7784
-4803 -7784
-9359 -7784
-5864 -7784
-1062 -7784
6090 -7784
3700 -7784
7998 -7784
-8978 -7784
-1943 -7784
-4234 -7784
-4988 -7784
2078 -7784
-9853 -7784
7896 -7784
-9507 -7784
-8756 -7784
-4402 -7784
1317 -7784
-8090 -7784
5523 -7784
6179 -7784
-8018 -7784
6231 -7784
8802 -7784
-7123 -7784
-3163 -7784
-8861 -7784
2163 -7784
-5610 -7784
9273 -7784
-12 -7784
2061 -7784
7833 -7784
463 -7784
-421 -7784
-7646 -7784
3294 -7784
-1464 -7784
3799 -7784
8789 -7784
1047 -7784
9913 -7784
3452 -7784
4426 -7784
-4357 -7784
3813 -7784
-4794 -7784
-775 -7784
6984 -7784
-5422 -7784
-2116 -7784
928 -7784
5980 -7784
-9725 -7784
4551 -7784
-482 -7784
5525 -7784
-3765 -7784
7803 -7784
7850 -7784
1151 -7784
70 -7784
-8922 -7784
7642 -7784
5627 -7784
-3694 -7784
-8642 -7784
-3793 -7784
9971 -7784
5672 -7784
-9657 -7784
-8913 -7784
-9879 -7784
-1401 -7784
7314 -7784
-6561 -7784
-4969 -7784
-5501 -7784
-5371 -7784
2813 -7784
-303 -7784
2288 -7784
-3047 -7784
4048 -7784
45 -7784
7107 -7784
3367 -7784
-8458 -7784
2868 -7784
9465 -7784
-5504 -7784
5822 -7784
9782 -7784
3349 -7784
6971 -7784
8971 -7784
8245 -7784
6895 -7784
-5832 -7784
-1018 -7784
9041 -7784
-2061 -7784
1132 -7784
-3671 -7784
556 -7784
3595 -7784
5565 -7784
-2608 -7784
6446 -7784
-1173 -7784
5591 -7784
-8411 -7784
304 -7784
2445 -7784
2974 -7784
-1862 -7784
4421 -7784
-9246 -7784
1395 -7784
-7552 -7784
-8404 -7784
-1293 -7784
-3944 -7784
-5756 -7784
2134 -7784
2613 -7784
-9101 -7784
5525 -7784
4362 -7784
8862 -7784
-9205 -7784
-642 -7784
5147 -7784
-292 -7784
-7892 -7784
6393 -7784
1788 -7784
1531 -7784
6793 -7784
-4369 -7784
-1466 -7784
1901 -7784
7232 -7784
-971 -7784
1924 -7784
-1705 -7784
-6139 -7784
7816 -7784
-5040 -7784
7118 -7784
2675 -7784
-5482 -7784
-7408 -7784
872 -7784
6857 -7784
8722 -7784
9338 -7784
3825 -7784
4467 -7784
-7904 -7784
-5938 -7784
7939 -7784
-932 -7784
4788 -7784
-2371 -7784
-4460 -7784
7437 -7784
-17 -7784
9182 -7784
8860 -7784
2597 -7784
3146 -7784
-9616 -7784
5400 -7784
3318 -7784
-357 -7784
1019 -7784
-95 -7784
2340 -7784
6392 -7784
-1539 -7784
5230 -7784
-1800 -7784
2526 -7784
-142 -7784
8525 -7784
-8281 -7784
-2365 -7784
-7371 -7784
-6004 -7784
-7776 -7784
794 -7784
-1076 -7784
-7591 -7784
-4449 -7784
2435 -7784
2807 -7784
720 -7784
-492 -7784
-630 -7784
-1652 -7784
3267 -7784
4498 -7784
7738 -7784
-7770 -7784
-9738 -7784
6444 -7784
-5772 -7784
4824 -7784
2431 -7784
-9011 -7784
3874 -7784
-3589 -7784
4744 -7784
2757 -7784
-7007 -7784
9008 -7784
-3407 -7784
1627 -7784
9706 -7784
3504 -7784
8665 -7784
2447 -7784
-7271 -7784
-8628 -7784
-6019 -7784
-7548 -7784
-2250 -7784
445 -7784
6240 -7784
6164 -7784
6331 -7784
-9558 -7784
4073 -7784
-3219 -7784
8240 -7784
7589 -7784
-8314 -7784
-1793 -7784
1219 -7784
9429 -7784
9766 -7784
-5986 -7784
-7621 -7784
5457 -7784
-5457 -7784
-7771 -7784
-1123 -7784
-5689 -7784
-1234 -7784
7248 -7784
7632 -7784
659 -7784
-2649 -7784
5497 -7784
2179 -7784
-7742 -7784
-4630 -7784
-5166 -7784
-4456 -7784
-6511 -7784
-3616 -7784
-2027 -7784
2267 -7784
-569 -7784
9289 -7784
2266 -7784
-9958 -7784
2186 -7784
-4832 -7784
2608 -7784
97 -7784
2832 -7784
6070 -7784
-4951 -7784
5030 -7784
-2721 -7784
-3381 -7784
7307 -7784
-5932 -7784
5727 -7784
2690 -7784
-3684 -7784
9581 -7784
-3513 -7784
5072 -7784
-6709 -7784
5819 -7784
5966 -7784
1017 -7784
6547 -7784
-5057 -7784
-8378 -7784
-9193 -7784
7022 -7784
2259 -7784
3201 -7784
-884 -7784
2032 -7784
-7121 -7784
-7747 -7784
7609 -7784
-9219 -7784
5664 -7784
4127 -7784
-3788 -7784
-1904 -7784
-9902 -7784
-9913 -7784
-3256 -7784
-4074 -7784
-3507 -7784
-2261 -7784
5648 -7784
-2358 -7784
-6702 -7784
6229 -7784
-4245 -7784
-866 -7784
1425 -7784
3464 -7784
-8374 -7784
918 -7784
234 -7784
-8344 -7784
-7029 -7784
6071 -7784
5292 -7784
5676 -7784
9238 -7784
307 -7784
-2351 -7784
851 -7784
6890 -7784
3936 -7784
-5481 -7784
6011 -7784
-6644 -7784
-6699 -7784
1230 -7784
7269 -7784
2149 -7784
2012 -7784
312 -7784
5913 -7784
-3553 -7784
4185 -7784
-28 -7784
-1648 -7784
2217 -7784
8193 -7784
1063 -7784
6584 -7784
-3556 -7784
8318 -7784
-1969 -7784
-8653 -7784
-5353 -7784
1451 -7784
-5007 -7784
5816 -7784
1108 -7784
2458 -7784
1854 -7784
-9438 -7784
4142 -7784
-7606 -7784
-5248 -7784
9378 -7784
-7977 -7784
979 -7784
5716 -7784
6506 -7784
-7485 -7784
-3450 -7784
-2589 -7784
2232 -7784
-3810 -7784
-1239 -7784
-9305 -7784
-4972 -7784
6462 -7784
-907 -7784
4289 -7784
2860 -7784
-2838 -7784
-9207 -7784
7603 -7784
6397 -7784
-2236 -7784
-7959 -7784
2594 -7784
5245 -7784
-8087 -7784
-7756 -7784
-3933 -7784
-5481 -7784
4236 -7784
-3638 -7784
7710 -7784
1233 -7784
6185 -7784
1912 -7784
-8406 -7784
9948 -7784
9522 -7784
8469 -7784
6834 -7784
3136 -7784
1303 -7784
-1196 -7784
-6769 -7784
-8498 -7784
-9501 -7784
-7833 -7784
-252 -7784
7044 -7784
5899 -7784
9452 -7784
77 -7784
6435 -7784
200 -7784
3725 -7784
1212 -7784
-768 -7784
-6815 -7784
215 -7784
1152 -7784
8453 -7784
-8474 -7784
9700 -7784
-8869 -7784
7970 -7784
-3981 -7784
5580 -7784
2257 -7784
1141 -7784
-9840 -7784
244 -7784
2094 -7784
-2612 -7784
2918 -7784
-6732 -7784
4763 -7784
7307 -7784
-2551 -7784
4922 -7784
3624 -7784
-8999 -7784
-89 -7784
4112 -7784
8884 -7784
896 -7784
586 -7784
-8661 -7784
-1059 -7784
-3686 -7784
8731 -7784
7361 -7784
-4760 -7784
1403 -7784
-9326 -7784
8870 -7784
-9325 -7784
-5461 -7784
-5758 -7784
-6697 -7784
-2326 -7784
-8587 -7784
-3741 -7784
1241 -7784
-9059 -7784
6888 -7784
3488 -7784
6559 -7784
4232 -7784
-1082 -7784
-2063 -7784
7951 -7784
7848 -7784
4987 -7784
7362 -7784
-2044 -7784
-1050 -7784
7429 -7784
-9087 -7784
-1601 -7784
3638 -7784
-3008 -7784
6941 -7784
5924 -7784
5458 -7784
-763 -7784
-6998 -7784
-3232 -7784
-5744 -7784
3479 -7784
5454 -7784
-9216 -7784
6803 -7784
5690 -7784
-8578 -7784
-5041 -7784
654 -7784
5464 -7784
3927 -7784
1182 -7784
4964 -7784
9099 -7784
-539 -7784
7099 -7784
-5445 -7784
-6244 -7784
-1695 -7784
-4911 -7784
5159 -7784
697 -7784
9923 -7784
1494 -7784
2769 -7784
5570 -7784
3335 -7784
-6443 -7784
-1898 -7784
-8722 -7784
-7506 -7784
-5787 -7784
7458 -7784
-3371 -7784
8649 -7784
689 -7784
5284 -7784
-4247 -7784
4128 -7784
4610 -7784
836 -7784
7863 -7784
-5890 -7784
-6136 -7784
2334 -7784
6452 -7784
2252 -7784
9584 -7784
5908 -7784
-7372 -7784
5387 -7784
-799 -7784
9309 -7784
-2658 -7784
570 -7784
3627 -7784
9465 -7784
7644 -7784
9234 -7784
7562 -7784
-66 -7784
-7892 -7784
8169 -7784
4002 -7784
4136 -7784
2685 -7784
-6165 -7784
-4387 -7784
-4783 -7784
9954 -7784
4635 -7784
-5093 -7784
-853 -7784
6783 -7784
7139 -7784
4830 -7784
8245 -7784
-3994 -7784
-167 -7784
187 -7784
-8786 -7784
-2443 -7784
-9406 -7784
-8034 -7784
-8276 -7784
8078 -7784
-3614 -7784
-2079 -7784
-3704 -7784
-4147 -7784
4536 -7784
3423 -7784
8284 -7784
-3317 -7784
-798 -7784
-9564 -7784
4864 -7784
5076 -7784
8018 -7784
4852 -7784
4661 -7784
7077 -7784
-2082 -7784
-8911 -7784
-760 -7784
2255 -7784
-8954 -7784
-3260 -7784
4642 -7784
-6980 -7784
5472 -7784
7271 -7784
9135 -7784
8911 -7784
7213 -7784
-6332 -7784
-7720 -7784
-2154 -7784
8886 -7784
1254 -7784
-6339 -7784
1972 -7784
-7581 -7784
2969 -7784
-8115 -7784
-7292 -7784
9428 -7784
9583 -7784
-9286 -7784
-5577 -7784
-4146 -7784
480 -7784
-623 -7784
1690 -7784
-2041 -7784
541 -7784
-9688 -7784
496 -7784
7860 -7784
1710 -7784
4244 -7784
-2332 -7784
-7689 -7784
9138 -7784
-2236 -7784
5617 -7784
9518 -7784
1021 -7784
-1670 -7784
5906 -7784
-3727 -7784
-6878 -7784
6177 -7784
4148 -7784
1123 -7784
-5140 -7784
6459 -7784
3190 -7784
-5723 -7784
-5498 -7784
-877 -7784
2868 -7784
-3739 -7784
-5750 -7784
-7878 -7784
-6484 -7784
8516 -7784
8668 -7784
8982 -7784
9830 -7784
524 -7784
8685 -7784
7413 -7784
1449 -7784
-3275 -7784
-9307 -7784
8292 -7784
-8609 -7784
58 -7784
-9123 -7784
-175 -7784
-3819 -7784
5399 -7784
-8158 -7784
6258 -7784
5247 -7784
-8466 -7784
7691 -7784
-8490 -7784
3987 -7784
-8321 -7784
-5849 -7784
-7783 -7784
9142 -7784
-206 -7784
-3578 -7784
-2268 -7784
9524 -7784
-3160 -7784
-5382 -7784
4316 -7784
-5484 -7784
-5972 -7784
-3263 -7784
9080 -7784
-5538 -7784
-6928 -7784
5854 -7784
-9483 -7784
6893 -7784
-4483 -7784
-2249 -7784
-5463 -7784
-6806 -7784
-3277 -7784
-1833 -7784
2353 -7784
9148 -7784
-3626 -7784
-5675 -7784
2270 -7784
-1085 -7784
-3005 -7784
8689 -7784
1821 -7784
-5015 -7784
-8874 -7784
-2806 -7784
-4216 -7784
-770 -7784
-6391 -7784
-5680 -7784
-2925 -7784
7161 -7784
-7998 -7784
6439 -7784
5104 -7784
-7565 -7784
2712 -7784
500 -7784
3098 -7784
804 -7784
-5017 -7784
-5785 -7784
-6258 -7784
5655 -7784
-4876 -7784
-7967 -7784
7615 -7784
-3557 -7784
1732 -7784
4926 -7784
5004 -7784
-2047 -7784
3108 -7784
-3790 -7784
-7493 -7784
9267 -7784
8244 -7784
4142 -7784
4096 -7784
5000 -7784
-8762 -7784
-7666 -7784
5887 -7784
7893 -7784
-360 -7784
7291 -7784
1271 -7784
-7624 -7784
-3655 -7784
-2583 -7784
6322 -7784
-667 -7784
-88 -7784
3325 -7784
-8226 -7784
-5150 -7784
2901 -7784
-7322 -7784
-4172 -7784
4482 -7784
4147 -7784
3788 -7784
8955 -7784
70 -7784
3235 -7784
-2445 -7784
1874 -7784
-4181 -7784
5800 -7784
-4815 -7784
6455 -7784
5754 -7784
-338 -7784
-1433 -7784
-4216 -7784
3159 -7784
3644 -7784
8416 -7784
2046 -7784
5951 -7784
2380 -7784
7782 -7784
-2713 -7784
7488 -7784
-8091 -7784
-9666 -7784
-2016 -7784
9986 -7784
-2122 -7784
9845 -7784
-8949 -7784
7818 -7784
-3967 -7784
9110 -7784
-5812 -7784
6064 -7784
-7200 -7784
-6390 -7784
4353 -7784
8920 -7784
-2161 -7784
6469 -7784
-84 -7784
-8596 -7784
-3506 -7784
1285 -7784
8210 -7784
-6928 -7784
-2724 -7784
9708 -7784
6693 -7784
-8910 -7784
-8215 -7784
-1908 -7784
7691 -7784
3354 -7784
-6919 -7784
6174 -7784
-2892 -7784
3475 -7784
-2271 -7784
-574 -7784
-4443 -7784
-5157 -7784
2099 -7784
-6312 -7784
-3195 -7784
2240 -7784
-1645 -7784
-2044 -7784
1879 -7784
3588 -7784
-3675 -7784
1596 -7784
-8017 -7784
-9991 -7784
217 -7784
4334 -7784
9603 -7784
-653 -7784
-8818 -7784
8469 -7784
1960 -7784
1184 -7784
-1927 -7784
-9243 -7784
375 -7784
-1057 -7784
8311 -7784
538 -7784
-5363 -7784
-9034 -7784
-6183 -7784
6127 -7784
-6746 -7784
-9626 -7784
163 -7784
3825 -7784
-1245 -7784
9126 -7784
564 -7784
-9303 -7784
1157 -7784
-7846 -7784
-9946 -7784
1449 -7784
7461 -7784
-3130 -7784
-5814 -7784
-7124 -7784
-5582 -7784
4797 -7784
2481 -7784
5308 -7784
-557 -7784
2296 -7784
-6114 -7784
8513 -7784
-221 -7784
2546 -7784
-9324 -7784
-9828 -7784
8534 -7784
-9393 -7784
7444 -7784
2887 -7784
215 -7784
-6553 -7784
-6634 -7784
-4903 -7784
-5677 -7784
949 -7784
-786 -7784
-1543 -7784
-9778 -7784
-3511 -7784
-8273 -7784
180 -7784
-7210 -7784
-7187 -7784
8282 -7784
5245 -7784
2355 -7784
3374 -7784
2413 -7784
-1711 -7784
-7440 -7784
-7871 -7784
8541 -7784
-1748 -7784
-7529 -7784
5360 -7784
4188 -7784
6843 -7784
6517 -7784
-9955 -7784
-9952 -7784
-6356 -7784
-7735 -7784
-3310 -7784
-90 -7784
1863 -7784
-3363 -7784
8940 -7784
-9079 -7784
7230 -7784
-5652 -7784
1156 -7784
-4051 -7784
-7611 -7784
9614 -7784
7711 -7784
8574 -7784
-5533 -7784
3016 -7784
-2044 -7784
517 -7784
-5976 -7784
-56 -7784
-1776 -7784
4048 -7784
7033 -7784
-35 -7784
9089 -7784
9305 -7784
9030 -7784
-2876 -7784
-5020 -7784
4842 -7784
7960 -7784
3293 -7784
3087 -7784
-4476 -7784
-7963 -7784
-196 -7784
-7014 -7784
3949 -7784
10000
-1388 5360
-1388 -5459
-1388 7754
-1388 -2835
-1388 8855
-1388 9890
-1388 4773
-1388 4069
-1388 -392
-1388 8670
-1388 -2276
-1388 -4911
-1388 3439
-1388 -1444
-1388 2147
-1388 -326
-1388 -3677
-1388 1170
-1388 9006
-1388 5843
-1388 5956
-1388 -8729
-1388 2662
-1388 -3228
-1388 -4802
-1388 6992
-1388 -7677
-1388 -2168
-1388 6296
-1388 -9519
-1388 -4193
-1388 -3769
-1388 -5527
-1388 -1487
-1388 -982
-1388 2314
-1388 4526
-1388 8560
-1388 6047
-1388 617
-1388 -4008
-1388 5336
-1388 7000
-1388 6719
-1388 -6247
-1388 8281
-1388 1058
-1388 -6842
-1388 591
-1388 -2142
-1388 9838
-1388 1150
-1388 5497
-1388 4776
-1388 -9588
-1388 731
-1388 -2891
-1388 1259
-1388 8343
-1388 -4910
-1388 -8944
-1388 2965
-1388 -6290
-1388 -428
-1388 -1446
-1388 -9917
-1388 7162
-1388 -678
-1388 7448
-1388 -2049
-1388 -326
-1388 5778
-1388 8092
-1388 -2112
-1388 545
-1388 -269
-1388 -8343
-1388 6311
-1388 9714
-1388 -2523
-1388 -5757
-1388 5818
-1388 7232
-1388 9206
-1388 4239
-1388 -7256
-1388 2000
-1388 -7910
-1388 6424
-1388 5976
-1388 -5186
-1388 -5135
-1388 3365
-1388 5891
-1388 -624
-1388 1638
-1388 1174
-1388 -6528
-1388 1394
-1388 4359
-1388 2006
-1388 4256
-1388 -532
-1388 536
-1388 -1131
-1388 2436
-1388 1804
-1388 -3045
-1388 6032
-1388 4483
-1388 -6179
-1388 -48
-1388 -1845
-1388 -3794
-1388 -4620
-1388 5441
-1388 -6894
-1388 2947
-1388 -5424
-1388 -27
-1388 -6604
-1388 4324
-1388 -1429
-1388 -8571
-1388 -1635
-1388 -9423
-1388 -713
-1388 5515
-1388 -2971
-1388 -4405
-1388 -793
-1388 -1487
-1388 -5513
-1388 -9763
-1388 -1356
-1388 -3166
-1388 6044
-1388 -941
-1388 -8563
-1388 5644
-1388 739
-1388 99
-1388 8605
-1388 -4869
-1388 -3401
-1388 8437
-1388 -2904
-1388 8372
-1388 -5898
-1388 1874
-1388 1017
-1388 -1207
-1388 7255
-1388 -5278
-1388 -7128
-1388 6951
-1388 2027
-1388 3561
-1388 -4570
-1388 7307
-1388 -4709
-1388 -4317
-1388 -5614
-1388 -5274
-1388 7731
-1388 -341
-1388 7631
-1388 160
-1388 -7192
-1388 6442
-1388 -5881
-1388 5482
-1388 -2850
-1388 1881
-1388 6231
-1388 -5950
-1388 526
-1388 -4316
-1388 9554
-1388 1831
-1388 5535
-1388 7590
-1388 1631
-1388 7260
-1388 -8507
-1388 -9788
-1388 927
-1388 4447
-1388 -7973
-1388 1644
-1388 -6292
-1388 2852
-1388 8481
-1388 6675
-1388 9665
-1388 -9386
-1388 6979
-1388 1964
-1388 4482
-1388 3468
-1388 2669
-1388 93
-1388 9360
-1388 1707
-1388 -9778
-1388 1236
-1388 1866
-1388 -7489
-1388 -1456
-1388 -3499
-1388 9538
-1388 2822
-1388 -2213
-1388 365
-1388 -846
-1388 -5681
-1388 3786
-1388 8971
-1388 925
-1388 -3460
-1388 -417
-1388 -7077
-1388 -2358
-1388 -7410
-1388 9921
-1388 8581
-1388 9986
-1388 454
-1388 -2750
-1388 935
-1388 8111
-1388 -6664
-1388 5395
-1388 1099
-1388 -972
-1388 2748
-1388 -8909
-1388 7297
-1388 4421
-1388 -7882
-1388 -7462
-1388 -9331
-1388 -1024
-1388 -7711
-1388 -2182
-1388 2950
-1388 -1598
-1388 2035
-1388 -4159
-1388 -4362
-1388 961
-1388 6506
-1388 -6527
-1388 -1570
-1388 -7055
-1388 972
-1388 5053
-1388 -8587
-1388 5344
-1388 -8667
-1388 3186
-1388 3962
-1388 6999
-1388 -2499
-1388 -5469
-1388 -4231
-1388 8400
-1388 -5720
-1388 -5214
-1388 -7609
-1388 -8929
-1388 -9902
-1388 8085
-1388 -2869
-1388 -8139
-1388 -2443
-1388 4256
-1388 -7520
-1388 1325
-1388 -8412
-1388 -8001
-1388 -6299
-1388 -5448
-1388 -9668
-1388 -4763
-1388 8626
-1388 -9241
-1388 -860
-1388 141
-1388 1668
-1388 4787
-1388 9772
-1388 -4362
-1388 -1884
-1388 -5598
-1388 -7957
-1388 -1764
-1388 -2305
-1388 7212
-1388 1508
-1388 4645
-1388 -7213
-1388 6181
-1388 2232
-1388 2870
-1388 5530
-1388 9824
-1388 -9639
-1388 -333
-1388 2017
-1388 -8801
-1388 9429
-1388 1021
-1388 -2502
-1388 -8777
-1388 -8968
-1388 182
-1388 -912
-1388 1165
-1388 -1332
-1388 -135
-1388 7518
-1388 -8837
-1388 3149
-1388 139
-1388 130
-1388 -2294
-1388 -6865
-1388 -2464
-1388 2752
-1388 -2807
-1388 3715
-1388 8281
-1388 8112
-1388 -158
-1388 -9312
-1388 6600
-1388 -4178
-1388 -7028
-1388 -122
-1388 -3875
-1388 1978
-1388 5607
-1388 4818
-1388 -6637
-1388 -7040
-1388 -7171
-1388 -3806
-1388 8791
-1388 9802
-1388 5141
-1388 2633
-1388 -1659
-1388 -1036
-1388 792
-1388 -8678
-1388 2811
-1388 -9102
-1388 -9632
-1388 -2653
-1388 -8180
-1388 2386
-1388 4785
-1388 -1211
-1388 5452
-1388 -6569
-1388 5461
-1388 865
-1388 3124
-1388 -4847
-1388 7528
-1388 -3433
-1388 2323
-1388 -9312
-1388 2558
-1388 -6897
-1388 -4182
-1388 1745
-1388 7245
-1388 7002
-1388 7041
-1388 2702
-1388 8249
-1388 -2428
-1388 -4560
-1388 3242
-1388 -9048
-1388 7214
-1388 -8663
-1388 -6897
-1388 9031
-1388 9310
-1388 -12
-1388 -4830
-1388 -9369
-1388 -6563
-1388 -936
-1388 6350
-1388 4458
-1388 -9162
-1388 4190
-1388 5265
-1388 8234
-1388 5575
-1388 -4312
-1388 494
-1388 -9399
-1388 7841
-1388 4730
-1388 1394
-1388 2031
-1388 -4317
-1388 -1666
-1388 -1275
-1388 -5523
-1388 1838
-1388 2867
-1388 8416
-1388 2726
-1388 -4333
-1388 7271
-1388 -391
-1388 -6786
-1388 4329
-1388 -15
-1388 954
-1388 -2009
-1388 -1567
-1388 -9474
-1388 4909
-1388 3789
-1388 6762
-1388 -5532
-1388 2063
-1388 3736
-1388 1802
-1388 -5516
-1388 9072
-1388 -4569
-1388 -9803
-1388 1208
-1388 8022
-1388 -8479
-1388 7156
-1388 7236
-1388 -2240
-1388 3039
-1388 2569
-1388 683
-1388 3793
-1388 -89
-1388 7009
-1388 -1643
-1388 -3373
-1388 317
-1388 -5010
-1388 -1707
-1388 -6895
-1388 1978
-1388 -1887
-1388 7868
-1388 -3604
-1388 -9242
-1388 -9078
-1388 -2606
-1388 3828
-1388 -5094
-1388 957
-1388 531
-1388 1889
-1388 -4552
-1388 -1363
-1388 -222
-1388 4752
-1388 -4466
-1388 -6131
-1388 6343
-1388 1932
-1388 -6814
-1388 6669
-1388 -1180
-1388 -9814
-1388 5550
-1388 -4290
-1388 -6019
-1388 6409
-1388 3279
-1388 -9159
-1388 -4105
-1388 72
-1388 1546
-1388 432
-1388 -9861
-1388 2373
-1388 9465
-1388 -5394
-1388 -4464
-1388 -6019
-1388 7947
-1388 5876
-1388 -5399
-1388 -2412
-1388 6748
-1388 -2433
-1388 5768
-1388 4752
-1388 -5093
-1388 3762
-1388 7543
-1388 -7822
-1388 7130
-1388 -9402
-1388 -3201
-1388 6540
-1388 6266
-1388 1658
-1388 -6938
-1388 7898
-1388 -1297
-1388 4038
-1388 -4696
-1388 5942
-1388 1045
-1388 1426
-1388 8163
-1388 -3238
-1388 -7957
-1388 -2743
-1388 7858
-1388 -9421
-1388 8836
-1388 7093
-1388 3120
-1388 -7218
-1388 -827
-1388 -3438
-1388 7870
-1388 -9825
-1388 -2727
-1388 2288
-1388 2884
-1388 -4063
-1388 8922
-1388 8127
-1388 -9997
-1388 6985
-1388 9736
-1388 -406
-1388 3634
-1388 -8256
-1388 7980
-1388 -7457
-1388 -2696
-1388 -7460
-1388 2638
-1388 -9248
-1388 -6856
-1388 -9862
-1388 -1723
-1388 4050
-1388 8934
-1388 -5466
-1388 -484
-1388 5244
-1388 -9888
-1388 -8605
-1388 4720
-1388 664
-1388 -2891
-1388 -9370
-1388 7529
-1388 2355
-1388 9639
-1388 9428
-1388 5876
-1388 6642
-1388 7803
-1388 -114
-1388 -8385
-1388 -2448
-1388 -1191
-1388 -8638
-1388 -6856
-1388 101
-1388 -9264
-1388 9120
-1388 -5703
-1388 -8182
-1388 -7053
-1388 2389
-1388 5090
-1388 -2784
-1388 886
-1388 -8287
-1388 -4968
-1388 -7330
-1388 -8622
-1388 -6371
-1388 7701
-1388 9440
-1388 -1297
-1388 4285
-1388 3895
-1388 8267
-1388 -2813
-1388 -3903
-1388 -1145
-1388 -7459
-1388 8825
-1388 7683
-1388 9430
-1388 5739
-1388 -8668
-1388 -4081
-1388 -834
-1388 3189
-1388 4874
-1388 4152
-1388 -6940
-1388 -8058
-1388 -3022
-1388 -3895
-1388 -8566
-1388 6578
-1388 7222
-1388 9809
-1388 9018
-1388 -8515
-1388 8197
-1388 1746
-1388 9452
-1388 -3885
-1388 7743
-1388 -2829
-1388 8282
-1388 -7514
-1388 2770
-1388 1824
-1388 4015
-1388 8747
-1388 -8524
-1388 6294
-1388 6616
-1388 -2892
-1388 -4864
-1388 8309
-1388 697
-1388 -978
-1388 3162
-1388 4430
-1388 8552
-1388 9130
-1388 -4892
-1388 -3651
-1388 -1088
-1388 6252
-1388 -4478
-1388 -9778
-1388 120
-1388 5138
-1388 7354
-1388 -1867
-1388 1696
-1388 -5154
-1388 -8652
-1388 -3112
-1388 -5701
-1388 -1039
-1388 8023
-1388 -673
-1388 -748
-1388 -6823
-1388 -2522
-1388 -4780
-1388 -4926
-1388 9388
-1388 -7352
-1388 -8843
-1388 8068
-1388 -7219
-1388 -4206
-1388 -3805
-1388 -589
-1388 8221
-1388 2237
-1388 1941
-1388 8755
-1388 8068
-1388 -1660
-1388 -6697
-1388 2804
-1388 -289
-1388 -9882
-1388 8955
-1388 -543
-1388 -1075
-1388 -7297
-1388 3120
-1388 -1985
-1388 9601
-1388 -9112
-1388 3708
-1388 735
-1388 -7389
-1388 4168
-1388 7824
-1388 3389
-1388 -8905
-1388 5113
-1388 -4528
-1388 8078
-1388 -9274
-1388 2829
-1388 -8923
-1388 2853
-1388 -4484
-1388 8262
-1388 5637
-1388 9988
-1388 -1911
-1388 8222
-1388 1295
-1388 -4766
-1388 -3659
-1388 1469
-1388 4478
-1388 9280
-1388 1402
-1388 3878
-1388 -783
-1388 -1308
-1388 -9550
-1388 -2424
-1388 -7400
-1388 -5127
-1388 5329
-1388 6683
-1388 -117
-1388 -8777
-1388 4398
-1388 -6274
-1388 -3214
-1388 -7563
-1388 2219
-1388 1440
-1388 -1913
-1388 343
-1388 9365
-1388 1656
-1388 4243
-1388 -3540
-1388 1626
-1388 -9446
-1388 9456
-1388 -1194
-1388 -2206
-1388 -9233
-1388 -4788
-1388 -8512
-1388 -7785
-1388 -5122
-1388 -852
-1388 -382
-1388 -6455
-1388 603
-1388 2073
-1388 -9226
-1388 -6948
-1388 302
-1388 9814
-1388 -6539
-1388 -7385
-1388 -6176
-1388 -8567
-1388 7829
-1388 -3565
-1388 4191
-1388 4190
-1388 -7193
-1388 5765
-1388 2432
-1388 4760
-1388 -196
-1388 -275
-1388 -446
-1388 -1855
-1388 -5248
-1388 1235
-1388 -9670
-1388 2895
-1388 9349
-1388 -9187
-1388 8353
-1388 -8243
-1388 -79
-1388 345
-1388 -7570
-1388 6751
-1388 5980
-1388 -3011
-1388 -4762
-1388 4728
-1388 8132
-1388 -2631
-1388 -1327
-1388 5652
-1388 -9428
-1388 4249
-1388 9035
-1388 9897
-1388 -6935
-1388 -4459
-1388 4504
-1388 -3031
-1388 -2551
-1388 -1399
-1388 -3110
-1388 5213
-1388 -5303
-1388 -8312
-1388 4105
-1388 2287
-1388 -3790
-1388 -8859
-1388 -8531
-1388 6842
-1388 -9748
-1388 -2009
-1388 9713
-1388 -268
-1388 6225
-1388 -7716
-1388 -9264
-1388 2669
-1388 8330
-1388 3553
-1388 5755
-1388 523
-1388 5213
-1388 796
-1388 -7903
-1388 9372
-1388 -9097
-1388 281
-1388 -8602
-1388 -5739
-1388 -6064
-1388 -8228
-1388 346
-1388 -5530
-1388 9450
-1388 9856
-1388 7695
-1388 390
-1388 6749
-1388 6992
-1388 -2581
-1388 6409
-1388 2688
-1388 -6416
-1388 -5661
-1388 6578
-1388 7679
-1388 -1278
-1388 -9119
-1388 1079
-1388 -5179
-1388 -5319
-1388 -1031
-1388 -5324
-1388 8398
-1388 63
-1388 -3366
-1388 4185
-1388 5600
-1388 -3224
-1388 -5625
-1388 2156
-1388 -3212
-1388 -7005
-1388 6742
-1388 6676
-1388 -7014
-1388 -7987
-1388 5618
-1388 -6952
-1388 -8294
-1388 -753
-1388 9005
-1388 -5037
-1388 -475
-1388 -9340
-1388 -7988
-1388 -4303
-1388 5402
-1388 -7682
-1388 -3954
-1388 8144
-1388 -921
-1388 3743
-1388 9895
-1388 2999
-1388 -809
-1388 1772
-1388 2811
-1388 -3031
-1388 -6877
-1388 3174
-1388 -4940
-1388 -323
-1388 -6809
-1388 -3418
-1388 -1640
-1388 6926
-1388 -7363
-1388 -2704
-1388 4173
-1388 -3424
-1388 486
-1388 -9717
-1388 -9768
-1388 1833
-1388 5471
-1388 -8532
-1388 1652
-1388 -669
-1388 -5985
-1388 4604
-1388 7801
-1388 -7339
-1388 6324
-1388 -2407
-1388 -8289
-1388 -8366
-1388 -7509
-1388 -7782
-1388 2107
-1388 -7385
-1388 2140
-1388 -8320
-1388 -7185
-1388 -7957
-1388 -2652
-1388 1534
-1388 -9038
-1388 -5422
-1388 6309
-1388 8173
-1388 4198
-1388 -5131
-1388 2376
-1388 1345
-1388 2867
-1388 3103
-1388 3044
-1388 181
-1388 7682
-1388 7550
-1388 -9569
-1388 -3500
-1388 5864
-1388 -80
-1388 -9703
-1388 -4938
-1388 -9013
-1388 -1364
-1388 5624
-1388 3584
-1388 -2999
-1388 -135
-1388 4537
-1388 -5598
-1388 -7488
-1388 -9677
-1388 -1338
-1388 5468
-1388 -3215
-1388 5123
-1388 4972
-1388 -5078
-1388 7299
-1388 2028
-1388 -3157
-1388 -8857
-1388 -6812
-1388 -9077
-1388 8141
-1388 -3848
-1388 2993
-1388 -9617
-1388 -2354
-1388 1779
-1388 3812
-1388 -5035
-1388 -7765
-1388 9624
-1388 -4067
-1388 -5875
-1388 59
-1388 8777
-1388 -7924
-1388 -6861
-1388 -2111
-1388 -1299
-1388 3363
-1388 3193
-1388 -9079
-1388 -3872
-1388 -1276
-1388 237
-1388 3641
-1388 6969
-1388 691
-1388 6009
-1388 700
-1388 -4903
-1388 -987
-1388 5111
-1388 7293
-1388 2514
-1388 -4910
-1388 9947
-1388 4304
-1388 -5270
-1388 -2679
-1388 -2835
-1388 -954
-1388 7934
-1388 -6221
-1388 -7301
-1388 9977
-1388 -3367
-1388 -2770
-1388 1358
-1388 -9518
-1388 -2424
-1388 -3998
-1388 -9339
-1388 3313
-1388 7931
-1388 -3945
-1388 -951
-1388 -9294
-1388 -1500
-1388 -8065
-1388 -9170
-1388 -6238
-1388 -8598
-1388 -8333
-1388 2547
-1388 -7676
-1388 -957
-1388 508
-1388 3614
-1388 -8257
-1388 3990
-1388 725
-1388 -318
-1388 1233
-1388 -7160
-1388 7589
-1388 686
-1388 -5687
-1388 9908
-1388 -2871
-1388 1365
-1388 -3050
-1388 860
-1388 -9720
-1388 2642
-1388 -7997
-1388 -579
-1388 7954
-1388 -9889
-1388 -6561
-1388 8890
-1388 -3650
-1388 -529
-1388 7545
-1388 8852
-1388 -6701
-1388 9650
-1388 -403
-1388 1777
-1388 -184
-1388 -6751
-1388 3706
-1388 6881
-1388 -4793
-1388 6901
-1388 -1477
-1388 -7861
-1388 3443
-1388 -3496
-1388 439
-1388 4939
-1388 9136
-1388 4119
-1388 987
-1388 -1022
-1388 2296
-1388 -2571
-1388 6975
-1388 -3034
-1388 -4275
-1388 -26
-1388 7090
-1388 8187
-1388 -3350
-1388 -1580
-1388 246
-1388 7524
-1388 -7610
-1388 4354
-1388 -9719
-1388 -8375
-1388 -2499
-1388 -78
-1388 -7884
-1388 479
-1388 7649
-1388 2209
-1388 3825
-1388 -6753
-1388 8134
-1388 4469
-1388 -7209
-1388 7825
-1388 338
-1388 7255
-1388 -237
-1388 6038
-1388 -9267
-1388 3565
-1388 1243
-1388 1960
-1388 4807
-1388 6983
-1388 -3687
-1388 -609
-1388 6663
-1388 -1100
-1388 -9868
-1388 3256
-1388 -1643
-1388 7107
-1388 -9505
-1388 8937
-1388 5428
-1388 4651
-1388 -6987
-1388 -2269
-1388 7627
-1388 9156
-1388 8575
-1388 1653
-1388 5798
-1388 -8778
-1388 -4775
-1388 7940
-1388 4625
-1388 8167
-1388 7817
-1388 -975
-1388 6699
-1388 -3415
-1388 -8051
-1388 -6199
-1388 4498
-1388 -8742
-1388 -3597
-1388 1088
-1388 1002
-1388 -7035
-1388 3316
-1388 5247
-1388 7731
-1388 -8900
-1388 -4643
-1388 -7440
-1388 6289
-1388 -3948
-1388 3150
-1388 7103
-1388 9954
-1388 -7972
-1388 -6109
-1388 -7297
-1388 -3766
-1388 1588
-1388 -9134
-1388 8800
-1388 4526
-1388 8662
-1388 8588
-1388 1708
-1388 -5195
-1388 -199
-1388 -5109
-1388 9126
-1388 -4149
-1388 -5793
-1388 -8914
-1388 7116
-1388 5148
-1388 -8977
-1388 6136
-1388 -7634
-1388 -2698
-1388 -7749
-1388 -2351
-1388 9492
-1388 -702
-1388 -2856
-1388 6086
-1388 -2773
-1388 -5247
-1388 -8856
-1388 -2232
-1388 6553
-1388 6249
-1388 8414
-1388 -1810
-1388 -5496
-1388 7889
-1388 -8959
-1388 -5483
-1388 -6130
-1388 6849
-1388 1796
-1388 7181
-1388 9921
-1388 2127
-1388 -1238
-1388 6899
-1388 -7894
-1388 2780
-1388 7538
-1388 -9401
-1388 4211
-1388 3870
-1388 -6502
-1388 3718
-1388 -7594
-1388 1581
-1388 -322
-1388 -4475
-1388 -7511
-1388 -6856
-1388 -6790
-1388 7209
-1388 3743
-1388 1051
-1388 272
-1388 1453
-1388 4517
-1388 281
-1388 6913
-1388 9391
-1388 -3136
-1388 -9749
-1388 -2354
-1388 -5748
-1388 3197
-1388 5500
-1388 4194
-1388 -9760
-1388 6712
-1388 8646
-1388 9382
-1388 -1091
-1388 -5279
-1388 9876
-1388 2609
-1388 7410
-1388 -5773
-1388 -150
-1388 -7560
-1388 -6426
-1388 1615
-1388 -346
-1388 3297
-1388 2773
-1388 -2549
-1388 2228
-1388 2207
-1388 -7568
-1388 8591
-1388 839
-1388 -9832
-1388 -8173
-1388 -4791
-1388 18
-1388 -4522
-1388 7333
-1388 1913
-1388 949
-1388 6153
-1388 4213
-1388 4594
-1388 -6032
-1388 -1055
-1388 -2629
-1388 -4889
-1388 -4523
-1388 -4670
-1388 2704
-1388 -8171
-1388 239
-1388 766
-1388 -2938
-1388 -9822
-1388 -8594
-1388 2571
-1388 -1838
-1388 -2884
-1388 -8527
-1388 3731
-1388 9391
-1388 4272
-1388 335
-1388 4175
-1388 7747
-1388 -6113
-1388 -8713
-1388 6742
-1388 -9864
-1388 1530
-1388 3398
-1388 4548
-1388 -4263
-1388 3965
-1388 -4764
-1388 -1057
-1388 -4309
-1388 -8982
-1388 7080
-1388 5828
-1388 -5172
-1388 6859
-1388 -8531
-1388 -3412
-1388 7863
-1388 4898
-1388 -5648
-1388 6087
-1388 735
-1388 -3552
-1388 8604
-1388 9533
-1388 -558
-1388 -4369
-1388 -3825
-1388 3313
-1388 3827
-1388 3155
-1388 -1367
-1388 1075
-1388 158
-1388 5040
-1388 2593
-1388 -3929
-1388 -1105
-1388 7995
-1388 -3148
-1388 2208
-1388 9978
-1388 -3152
-1388 -8302
-1388 -4168
-1388 4809
-1388 6583
-1388 -4981
-1388 -3322
-1388 -5978
-1388 -6336
-1388 -6804
-1388 8441
-1388 -9545
-1388 -3375
-1388 2492
-1388 -9533
-1388 -35
-1388 3368
-1388 4287
-1388 -765
-1388 -8503
-1388 297
-1388 8898
-1388 3432
-1388 1922
-1388 2353
-1388 7547
-1388 -7198
-1388 932
-1388 -4039
-1388 9244
-1388 -5556
-1388 -4393
-1388 -6916
-1388 5510
-1388 1592
-1388 7366
-1388 -5094
-1388 1630
-1388 1048
-1388 -8844
-1388 -5059
-1388 -6188
-1388 -6958
-1388 -3474
-1388 -8399
-1388 5025
-1388 613
-1388 -8717
-1388 2580
-1388 -6525
-1388 2902
-1388 7286
-1388 9447
-1388 -1607
-1388 -6715
-1388 -1339
-1388 4237
-1388 1344
-1388 7243
-1388 1690
-1388 -3655
-1388 547
-1388 -474
-1388 -4101
-1388 9371
-1388 -2517
-1388 -9493
-1388 3674
-1388 2233
-1388 7144
-1388 -1693
-1388 6810
-1388 4586
-1388 3799
-1388 -5816
-1388 -906
-1388 130
-1388 -5382
-1388 4316
-1388 2022
-1388 4120
-1388 8645
-1388 2801
-1388 4969
-1388 2077
-1388 8852
-1388 -2598
-1388 -3856
-1388 1601
-1388 8561
-1388 -9860
-1388 -9707
-1388 3755
-1388 -7551
-1388 7802
-1388 5671
-1388 -6890
-1388 3222
-1388 -9753
-1388 2003
-1388 -3898
-1388 9954
-1388 6486
-1388 -8516
-1388 5066
-1388 4905
-1388 4231
-1388 424
-1388 7394
-1388 7510
-1388 -170
-1388 -7439
-1388 5269
-1388 3282
-1388 -6956
-1388 1760
-1388 -6142
-1388 -6297
-1388 -1623
-1388 -8591
-1388 1358
-1388 4643
-1388 -3410
-1388 9487
-1388 -5467
-1388 -2979
-1388 -630
-1388 -2889
-1388 -2948
-1388 4817
-1388 -2074
-1388 110
-1388 8564
-1388 -8362
-1388 -8272
-1388 6996
-1388 -7015
-1388 -4905
-1388 -1093
-1388 5074
-1388 6534
-1388 -4343
-1388 -5200
-1388 -3050
-1388 -5260
-1388 8447
-1388 781
-1388 -4741
-1388 -2764
-1388 -3558
-1388 -3667
-1388 790
-1388 -1591
-1388 7001
-1388 8659
-1388 -4025
-1388 -4373
-1388 253
-1388 -8979
-1388 -8880
-1388 -756
-1388 7805
-1388 7254
-1388 -4990
-1388 -3796
-1388 3345
-1388 5419
-1388 3880
-1388 4942
-1388 6099
-1388 -7419
-1388 -4534
-1388 -2919
-1388 -6524
-1388 -2076
-1388 -6058
-1388 -166
-1388 8861
-1388 -5863
-1388 5339
-1388 -9964
-1388 -4688
-1388 -1013
-1388 -7084
-1388 -5007
-1388 2686
-1388 6858
-1388 -9683
-1388 -2735
-1388 -9936
-1388 -6122
-1388 7406
-1388 -3923
-1388 7499
-1388 -8766
-1388 -4773
-1388 7855
-1388 4411
-1388 -3312
-1388 1725
-1388 1850
-1388 -2849
-1388 -9307
-1388 7109
-1388 -2402
-1388 8016
-1388 8489
-1388 6996
-1388 -8919
-1388 -6510
-1388 -9206
-1388 -3664
-1388 -3065
-1388 9009
-1388 1100
-1388 6279
-1388 -7698
-1388 7326
-1388 4687
-1388 4758
-1388 -7307
-1388 -1543
-1388 3223
-1388 -8298
-1388 3617
-1388 -8213
-1388 -2873
-1388 -8433
-1388 8625
-1388 8165
-1388 4053
-1388 3120
-1388 4265
-1388 7910
-1388 -5713
-1388 -6798
-1388 2368
-1388 -9729
-1388 -7869
-1388 -1572
-1388 -389
-1388 4222
-1388 -6542
-1388 -3081
-1388 -9433
-1388 8976
-1388 844
-1388 8666
-1388 9779
-1388 3195
-1388 -1942
-1388 -9072
-1388 9811
-1388 -4395
-1388 7672
-1388 -6411
-1388 -4019
-1388 8895
-1388 8254
-1388 5906
-1388 -1362
-1388 2636
-1388 -2043
-1388 8895
-1388 -5920
-1388 7023
-1388 -9843
-1388 7634
-1388 7808
-1388 3921
-1388 9400
-1388 -9054
-1388 9220
-1388 -3152
-1388 6478
-1388 414
-1388 5782
-1388 6928
-1388 6633
-1388 -1030
-1388 2232
-1388 5005
-1388 5378
-1388 8056
-1388 -92
-1388 -479
-1388 2061
-1388 -247
-1388 -5009
-1388 5524
-1388 2468
-1388 2743
-1388 -3540
-1388 8377
-1388 -9001
-1388 -2222
-1388 -2102
-1388 -7151
-1388 2803
-1388 9547
-1388 -6245
-1388 1546
-1388 -1496
-1388 9913
-1388 5127
-1388 1344
-1388 6425
-1388 -141
-1388 7831
-1388 -5952
-1388 -7565
-1388 661
-1388 4697
-1388 3342
-1388 5683
-1388 5677
-1388 2058
-1388 3489
-1388 -4579
-1388 -8898
-1388 -6030
-1388 3095
-1388 -711
-1388 464
-1388 -2866
-1388 7083
-1388 1295
-1388 2884
-1388 -7343
-1388 7851
-1388 6232
-1388 -9814
-1388 9104
-1388 -1974
-1388 8399
-1388 -7106
-1388 -2536
-1388 -4642
-1388 -7999
-1388 2849
-1388 5543
-1388 -1695
-1388 7550
-1388 -3381
-1388 -8877
-1388 -6621
-1388 5327
-1388 -7042
-1388 8835
-1388 7961
-1388 1616
-1388 -7965
-1388 -563
-1388 -8481
-1388 8491
-1388 -3214
-1388 9201
-1388 5706
-1388 5416
-1388 540
-1388 -3938
-1388 -8614
-1388 7842
-1388 -862
-1388 -3698
-1388 -2681
-1388 7690
-1388 -2392
-1388 521
-1388 5387
-1388 -8194
-1388 -7896
-1388 4697
-1388 -227
-1388 201
-1388 -4664
-1388 -506
-1388 -8148
-1388 -2429
-1388 -837
-1388 -366
-1388 -4054
-1388 -8
-1388 -4053
-1388 -2971
-1388 -4179
-1388 8811
-1388 3321
-1388 -7075
-1388 1762
-1388 5209
-1388 2868
-1388 4717
-1388 4316
-1388 -1536
-1388 -9450
-1388 32
-1388 -8041
-1388 6336
-1388 -6732
-1388 7825
-1388 -5690
-1388 8228
-1388 -6623
-1388 -1668
-1388 -3701
-1388 9171
-1388 -3536
-1388 5914
-1388 -8016
-1388 -7980
-1388 -3108
-1388 -2113
-1388 -8572
-1388 -9973
-1388 5478
-1388 9957
-1388 -7145
-1388 -5225
-1388 4571
-1388 2104
-1388 -9907
-1388 983
-1388 -8131
-1388 3739
-1388 -6496
-1388 5085
-1388 -77
-1388 6579
-1388 9167
-1388 -9688
-1388 -7753
-1388 8336
-1388 -2489
-1388 -5986
-1388 -1470
-1388 645
-1388 -4215
-1388 -3354
-1388 -9687
-1388 -1788
-1388 -7542
-1388 2878
-1388 1783
-1388 3808
-1388 -9446
-1388 -9801
-1388 6824
-1388 4241
-1388 -2089
-1388 -4342
-1388 -8532
-1388 -2631
-1388 522
-1388 4781
-1388 -98
-1388 8494
-1388 8333
-1388 7841
-1388 -8775
-1388 3295
-1388 9510
-1388 -7675
-1388 1412
-1388 -1748
-1388 7970
-1388 -3338
-1388 -5345
-1388 -4856
-1388 -6601
-1388 9360
-1388 -7957
-1388 -2053
-1388 9909
-1388 -9934
-1388 -7069
-1388 -3201
-1388 988
-1388 5026
-1388 6151
-1388 -3021
-1388 -4951
-1388 479
-1388 -7613
-1388 -7725
-1388 -2150
-1388 9164
-1388 9702
-1388 657
-1388 -3592
-1388 7646
-1388 -1956
-1388 2783
-1388 -5199
-1388 -7330
-1388 -5272
-1388 -7697
-1388 8725
-1388 -5186
-1388 -9925
-1388 -166
-1388 4950
-1388 -5168
-1388 9511
-1388 7356
-1388 -2134
-1388 -3148
-1388 -653
-1388 5436
-1388 7123
-1388 4534
-1388 2813
-1388 -5885
-1388 -9727
-1388 4513
-1388 -9246
-1388 -9295
-1388 3839
-1388 8747
-1388 -7015
-1388 -8415
-1388 -3692
-1388 9645
-1388 6567
-1388 3130
-1388 -9861
-1388 -6865
-1388 -664
-1388 6059
-1388 -1909
-1388 -4254
-1388 4318
-1388 -3459
-1388 -6023
-1388 -5242
-1388 4126
-1388 8046
-1388 -9086
-1388 2901
-1388 2467
-1388 -4040
-1388 -7199
-1388 5217
-1388 5343
-1388 -2136
-1388 -1599
-1388 3973
-1388 -2104
-1388 5945
-1388 -7149
-1388 -6547
-1388 -598
-1388 -296
-1388 3340
-1388 4692
-1388 -492
-1388 7243
-1388 6452
-1388 7428
-1388 -7763
-1388 1199
-1388 2964
-1388 -6645
-1388 5413
-1388 4997
-1388 -2473
-1388 -2150
-1388 5866
-1388 -5731
-1388 8732
-1388 -5361
-1388 -574
-1388 -3403
-1388 -5348
-1388 9239
-1388 -3630
-1388 4684
-1388 2999
-1388 8887
-1388 2215
-1388 4663
-1388 -5912
-1388 6772
-1388 -1329
-1388 -2138
-1388 -8857
-1388 1781
-1388 6344
-1388 3364
-1388 -598
-1388 -3423
-1388 -8701
-1388 8939
-1388 5548
-1388 9175
-1388 -1759
-1388 -6368
-1388 8916
-1388 -7138
-1388 8894
-1388 -1770
-1388 -1657
-1388 -7517
-1388 6443
-1388 8165
-1388 6036
-1388 -1582
-1388 -2491
-1388 -4652
-1388 -4247
-1388 526
-1388 6311
-1388 87
-1388 8247
-1388 -3035
-1388 -7658
-1388 864
-1388 -4443
-1388 -4321
-1388 -3359
-1388 -6286
-1388 -4576
-1388 6906
-1388 -901
-1388 -9111
-1388 -4749
-1388 51
-1388 9875
-1388 1724
-1388 -585
-1388 6846
-1388 -7901
-1388 3415
-1388 -9092
-1388 1390
-1388 9943
-1388 -8901
-1388 3245
-1388 -8866
-1388 9048
-1388 3854
-1388 7576
-1388 -9161
-1388 -8507
-1388 -9833
-1388 -2702
-1388 -3199
-1388 209
-1388 2431
-1388 -1704
-1388 5813
-1388 8566
-1388 6947
-1388 1576
-1388 -5943
-1388 -1272
-1388 1469
-1388 -4985
-1388 -5729
-1388 -9659
-1388 9988
-1388 -6311
-1388 8895
-1388 -1032
-1388 -618
-1388 4413
-1388 1472
-1388 -7785
-1388 -3196
-1388 -6527
-1388 -4103
-1388 9841
-1388 -4229
-1388 -6250
-1388 -2139
-1388 9148
-1388 5008
-1388 -3405
-1388 -6001
-1388 940
-1388 221
-1388 5541
-1388 -9927
-1388 4736
-1388 -385
-1388 1861
-1388 -7639
-1388 -549
-1388 -5932
-1388 -3734
-1388 2608
-1388 -8143
-1388 -1915
-1388 -3215
-1388 -6310
-1388 -8801
-1388 -2417
-1388 -4226
-1388 4429
-1388 9975
-1388 -8296
-1388 3126
-1388 1678
-1388 -7753
-1388 -5700
-1388 -6433
-1388 -7466
-1388 -974
-1388 -7690
-1388 2715
-1388 -6483
-1388 -834
-1388 -9490
-1388 -5182
-1388 -9215
-1388 8085
-1388 -2394
-1388 4701
-1388 7240
-1388 -5806
-1388 -2800
-1388 8961
-1388 -629
-1388 9244
-1388 7878
-1388 4535
-1388 9229
-1388 2429
-1388 7345
-1388 8835
-1388 -2136
-1388 5937
-1388 0
-1388 -2301
-1388 -499
-1388 2514
-1388 5845
-1388 -9976
-1388 6726
-1388 -8323
-1388 -6967
-1388 -6773
-1388 -5401
-1388 -8944
-1388 -1730
-1388 4038
-1388 6749
-1388 5243
-1388 2637
-1388 -1273
-1388 8733
-1388 5604
-1388 1463
-1388 5501
-1388 2112
-1388 2101
-1388 -9395
-1388 9856
-1388 -9628
-1388 7927
-1388 -7181
-1388 -7909
-1388 977
-1388 -4953
-1388 1123
-1388 -6789
-1388 2800
-1388 1380
-1388 -459
-1388 4291
-1388 1063
-1388 6559
-1388 -5405
-1388 -1208
-1388 3585
-1388 -8715
-1388 -7432
-1388 -5129
-1388 913
-1388 7021
-1388 4489
-1388 8045
-1388 -1340
-1388 5887
-1388 -806
-1388 -9019
-1388 -5358
-1388 -2368
-1388 -809
-1388 2596
-1388 5358
-1388 -9043
-1388 9481
-1388 -4869
-1388 2567
-1388 4028
-1388 9463
-1388 -7653
-1388 4477
-1388 -368
-1388 7493
-1388 4244
-1388 -5446
-1388 -8296
-1388 1935
-1388 -3878
-1388 -373
-1388 5452
-1388 -3376
-1388 -4197
-1388 8686
-1388 3364
-1388 -8883
-1388 -8447
-1388 -9939
-1388 6188
-1388 -3208
-1388 -7464
-1388 2164
-1388 -7180
-1388 -3505
-1388 -9998
-1388 -7745
-1388 -1784
-1388 4223
-1388 696
-1388 7189
-1388 6727
-1388 -1868
-1388 1188
-1388 4798
-1388 -3405
-1388 7848
-1388 9544
-1388 -6023
-1388 -8
-1388 3011
-1388 8314
-1388 1914
-1388 3845
-1388 273
-1388 321
-1388 -4604
-1388 -2234
-1388 -2200
-1388 9476
-1388 2913
-1388 348
-1388 -3558
-1388 2414
-1388 1186
-1388 -6406
-1388 6077
-1388 -756
-1388 8641
-1388 -4034
-1388 -4834
-1388 -5811
-1388 3521
-1388 -8632
-1388 9678
-1388 -2345
-1388 -818
-1388 199
-1388 3495
-1388 5504
-1388 9059
-1388 -1475
-1388 -6630
-1388 7079
-1388 2011
-1388 -9438
-1388 1867
-1388 894
-1388 6768
-1388 1832
-1388 3655
-1388 -7497
-1388 -6996
-1388 7275
-1388 -2894
-1388 1526
-1388 7476
-1388 -8793
-1388 -826
-1388 378
-1388 -4161
-1388 -2936
-1388 333
-1388 135
-1388 -506
-1388 -8205
-1388 -7374
-1388 -461
-1388 6160
-1388 1175
-1388 -5796
-1388 2033
-1388 4203
-1388 -2121
-1388 -1114
-1388 3572
-1388 5922
-1388 9791
-1388 4876
-1388 -4573
-1388 7394
-1388 2495
-1388 2879
-1388 1813
-1388 2107
-1388 4397
-1388 8043
-1388 6414
-1388 -6162
-1388 5167
-1388 8114
-1388 -5039
-1388 -2519
-1388 -7451
-1388 -5910
-1388 -5616
-1388 9930
-1388 1753
-1388 -4005
-1388 5670
-1388 3875
-1388 2796
-1388 480
-1388 -3745
-1388 3458
-1388 1124
-1388 -1148
-1388 2601
-1388 7485
-1388 -9413
-1388 -6316
-1388 5793
-1388 -8418
-1388 5952
-1388 5974
-1388 -5050
-1388 3641
-1388 33
-1388 8147
-1388 -1668
-1388 3905
-1388 1790
-1388 -298
-1388 -5754
-1388 2623
-1388 2669
-1388 4573
-1388 -5052
-1388 -4440
-1388 4782
-1388 6764
-1388 -9679
-1388 2075
-1388 -8665
-1388 -2441
-1388 6144
-1388 5133
-1388 -9990
-1388 -7631
-1388 55
-1388 1100
-1388 -2692
-1388 -1116
-1388 -2514
-1388 -9206
-1388 -1395
-1388 -2158
-1388 -6057
-1388 -8855
-1388 -3350
-1388 9875
-1388 -1465
-1388 -1565
-1388 -1476
-1388 6383
-1388 -2255
-1388 -4555
-1388 6918
-1388 8475
-1388 356
-1388 -3231
-1388 -8161
-1388 -927
-1388 9982
-1388 1801
-1388 -6167
-1388 8794
-1388 -3397
-1388 -6176
-1388 -5176
-1388 7956
-1388 2125
-1388 7066
-1388 -4410
-1388 9836
-1388 -3336
-1388 5675
-1388 -8623
-1388 -5409
-1388 -6906
-1388 -1717
-1388 -3775
-1388 5516
-1388 5958
-1388 -1430
-1388 5753
-1388 -9865
-1388 1336
-1388 8346
-1388 -9880
-1388 947
-1388 -8790
-1388 -9848
-1388 3914
-1388 -3574
-1388 -8445
-1388 2162
-1388 -3011
-1388 537
-1388 -5241
-1388 9919
-1388 -756
-1388 -580
-1388 -1725
-1388 8085
-1388 -7636
-1388 -8488
-1388 3043
-1388 -6638
-1388 -7887
-1388 -6809
-1388 -8621
-1388 7705
-1388 -1023
-1388 3244
-1388 -6818
-1388 -984
-1388 1988
-1388 2772
-1388 4056
-1388 -4198
-1388 1413
-1388 -3249
-1388 -1828
-1388 4028
-1388 -7
-1388 4351
-1388 -3320
-1388 -8967
-1388 -758
-1388 -2144
-1388 3741
-1388 -4308
-1388 -665
-1388 6976
-1388 -6534
-1388 -4107
-1388 1587
-1388 3787
-1388 -997
-1388 -1538
-1388 282
-1388 1257
-1388 6780
-1388 -7496
-1388 -4149
-1388 -8429
-1388 -4069
-1388 -105
-1388 -5911
-1388 8610
-1388 1252
-1388 -4260
-1388 -3081
-1388 -2084
-1388 -9756
-1388 193
-1388 6878
-1388 7653
-1388 -1044
-1388 1740
-1388 -5043
-1388 -2982
-1388 8433
-1388 -6777
-1388 -6159
-1388 624
-1388 5427
-1388 -9313
-1388 -8173
-1388 -5498
-1388 9424
-1388 8101
-1388 -7220
-1388 -8665
-1388 -3285
-1388 -7349
-1388 -7469
-1388 -3954
-1388 7139
-1388 -352
-1388 -4329
-1388 4243
-1388 5568
-1388 3094
-1388 -9464
-1388 -832
-1388 -5705
-1388 9762
-1388 5554
-1388 1644
-1388 2050
-1388 -4934
-1388 1934
-1388 -9430
-1388 8599
-1388 3247
-1388 -219
-1388 -3014
-1388 8610
-1388 -8486
-1388 942
-1388 -5599
-1388 -3266
-1388 9421
-1388 9986
-1388 -4936
-1388 5573
-1388 -81
-1388 -1300
-1388 -4305
-1388 -5793
-1388 -5618
-1388 -7102
-1388 687
-1388 6296
-1388 5518
-1388 -8775
-1388 -8931
-1388 -9331
-1388 -3313
-1388 2650
-1388 -4147
-1388 9553
-1388 3388
-1388 4723
-1388 961
-1388 1483
-1388 -4979
-1388 3784
-1388 4720
-1388 -2905
-1388 -4065
-1388 8750
-1388 -384
-1388 -2515
-1388 -6772
-1388 -2807
-1388 9897
-1388 -4378
-1388 -2026
-1388 5980
-1388 3459
-1388 7575
-1388 -6085
-1388 -4061
-1388 -290
-1388 5445
-1388 707
-1388 7831
-1388 -5098
-1388 -9891
-1388 9820
-1388 3385
-1388 -3845
-1388 -5432
-1388 6907
-1388 5347
-1388 -3533
-1388 1205
-1388 -4288
-1388 -8231
-1388 -4892
-1388 -1302
-1388 -8114
-1388 -3220
-1388 -1140
-1388 9756
-1388 2269
-1388 -1997
-1388 273
-1388 -8801
-1388 7355
-1388 -2766
-1388 2603
-1388 5111
-1388 9030
-1388 -8200
-1388 805
-1388 2396
-1388 -5733
-1388 -1670
-1388 1838
-1388 358
-1388 -8433
-1388 -3627
-1388 9398
-1388 -5552
-1388 6276
-1388 -4699
-1388 -8935
-1388 3746
-1388 -7827
-1388 1632
-1388 -8856
-1388 -175
-1388 -8142
-1388 2026
-1388 1410
-1388 3548
-1388 -9746
-1388 -5601
-1388 2134
-1388 -5829
-1388 -8606
-1388 2293
-1388 790
-1388 7547
-1388 5391
-1388 945
-1388 -799
-1388 -5257
-1388 -2673
-1388 2362
-1388 -8646
-1388 -3041
-1388 7694
-1388 9836
-1388 8399
-1388 8026
-1388 3511
-1388 5791
-1388 3588
-1388 -2249
-1388 -9395
-1388 9906
-1388 -7085
-1388 4209
-1388 1788
-1388 -5433
-1388 -8610
-1388 -4073
-1388 -5902
-1388 -9029
-1388 -3505
-1388 -6667
-1388 -9962
-1388 -8604
-1388 4194
-1388 -7887
-1388 8825
-1388 123
-1388 -6916
-1388 247
-1388 6043
-1388 -8709
-1388 6306
-1388 -636
-1388 728
-1388 703
-1388 9847
-1388 8527
-1388 -7338
-1388 -5437
-1388 -1815
-1388 -8075
-1388 9770
-1388 -8463
-1388 -2860
-1388 1101
-1388 7600
-1388 -3820
-1388 3399
-1388 5684
-1388 4606
-1388 6569
-1388 -6132
-1388 4396
-1388 7313
-1388 3011
-1388 8561
-1388 8610
-1388 6710
-1388 -2496
-1388 854
-1388 8181
-1388 -9834
-1388 7044
-1388 -1945
-1388 -7793
-1388 4100
-1388 2713
-1388 -4355
-1388 5935
-1388 8253
-1388 5358
-1388 7552
-1388 -7985
-1388 3029
-1388 -9790
-1388 6094
-1388 -2942
-1388 -8606
-1388 -4444
-1388 6447
-1388 -6839
-1388 1826
-1388 9098
-1388 6019
-1388 1431
-1388 -2180
-1388 9125
-1388 8923
-1388 -1922
-1388 8400
-1388 -5347
-1388 -8843
-1388 7707
-1388 -411
-1388 3807
-1388 -7168
-1388 5606
-1388 -7556
-1388 4710
-1388 7052
-1388 -8586
-1388 -9669
-1388 -9044
-1388 6871
-1388 6512
-1388 9238
-1388 2386
-1388 -5396
-1388 545
-1388 -7495
-1388 7125
-1388 -1364
-1388 1128
-1388 8383
-1388 -7840
-1388 996
-1388 -3235
-1388 -678
-1388 -1729
-1388 -7679
-1388 -8818
-1388 8701
-1388 -4755
-1388 -1646
-1388 -669
-1388 -2377
-1388 -7460
-1388 -148
-1388 -4375
-1388 -683
-1388 3999
-1388 -3640
-1388 8349
-1388 4672
-1388 1738
-1388 3043
-1388 9810
-1388 -3157
-1388 -4961
-1388 8587
-1388 9843
-1388 8296
-1388 7650
-1388 787
-1388 -7270
-1388 -8029
-1388 -2962
-1388 7554
-1388 9559
-1388 1681
-1388 288
-1388 7497
-1388 -7020
-1388 8872
-1388 -7709
-1388 -6740
-1388 1180
-1388 -4860
-1388 -4907
-1388 -1538
-1388 598
-1388 9387
-1388 8507
-1388 -2700
-1388 7330
-1388 -4784
-1388 5546
-1388 9530
-1388 149
-1388 -3974
-1388 -1071
-1388 -3727
-1388 -6032
-1388 -351
-1388 -9624
-1388 -1612
-1388 2115
-1388 7412
-1388 -3320
-1388 793
-1388 -3926
-1388 5520
-1388 3508
-1388 8609
-1388 -1803
-1388 -1421
-1388 -6814
-1388 6120
-1388 2984
-1388 5985
-1388 -6267
-1388 -2570
-1388 -6341
-1388 4624
-1388 -2438
-1388 -6119
-1388 5961
-1388 6602
-1388 -3049
-1388 425
-1388 -5119
-1388 9416
-1388 2747
-1388 2661
-1388 6743
-1388 9485
-1388 -2138
-1388 -1765
-1388 1021
-1388 9164
-1388 -6365
-1388 -9141
-1388 -3018
-1388 -6600
-1388 -6947
-1388 5436
-1388 -4124
-1388 8295
-1388 -672
-1388 8894
-1388 5792
-1388 6425
-1388 5400
-1388 3177
-1388 -9165
-1388 7641
-1388 9221
-1388 -7483
-1388 -7872
-1388 8885
-1388 -829
-1388 -2172
-1388 -5230
-1388 -4581
-1388 1289
-1388 -2901
-1388 4189
-1388 376
-1388 1758
-1388 -3352
-1388 -4182
-1388 -983
-1388 3608
-1388 5250
-1388 -5441
-1388 -9429
-1388 5875
-1388 9986
-1388 -516
-1388 4560
-1388 3381
-1388 -5969
-1388 -2643
-1388 366
-1388 -7567
-1388 -5595
-1388 7478
-1388 313
-1388 3369
-1388 3485
-1388 3916
-1388 -6379
-1388 419
-1388 -5299
-1388 6375
-1388 -8829
-1388 -9604
-1388 -6164
-1388 -8824
-1388 -8921
-1388 8608
-1388 8760
-1388 -6180
-1388 -3091
-1388 4680
-1388 -2610
-1388 -7827
-1388 529
-1388 104
-1388 -1332
-1388 498
-1388 6976
-1388 6905
-1388 4891
-1388 -9659
-1388 -998
-1388 6308
-1388 5380
-1388 6827
-1388 -1327
-1388 -4934
-1388 -2572
-1388 3068
-1388 7749
-1388 -8559
-1388 5714
-1388 -7628
-1388 -4178
-1388 350
-1388 -9027
-1388 1306
-1388 468
-1388 3713
-1388 4057
-1388 9012
-1388 -9723
-1388 -8526
-1388 2088
-1388 1954
-1388 -3095
-1388 -8921
-1388 -2532
-1388 -599
-1388 4133
-1388 8623
-1388 6354
-1388 -3790
-1388 -9813
-1388 8056
-1388 7572
-1388 2784
-1388 7854
-1388 9654
-1388 6166
-1388 -6155
-1388 7285
-1388 1178
-1388 7907
-1388 7179
-1388 2145
-1388 7068
-1388 -106
-1388 8358
-1388 -7123
-1388 -6498
-1388 -8828
-1388 4795
-1388 9431
-1388 5049
-1388 -1395
-1388 7505
-1388 6529
-1388 -9476
-1388 6360
-1388 300
-1388 -6851
-1388 2168
-1388 -5194
-1388 9252
-1388 -6540
-1388 -1151
-1388 3602
-1388 3803
-1388 8803
-1388 3939
-1388 9891
-1388 8686
-1388 -5920
-1388 3801
-1388 1246
-1388 7144
-1388 8090
-1388 -5320
-1388 2381
-1388 -5762
-1388 3452
-1388 3555
-1388 2231
-1388 -2682
-1388 -9408
-1388 3319
-1388 3906
-1388 -2783
-1388 -1900
-1388 44
-1388 8100
-1388 -1280
-1388 -4280
-1388 -1724
-1388 9266
-1388 2858
-1388 -4400
-1388 5027
-1388 -8090
-1388 4833
-1388 -216
-1388 2597
-1388 -5043
-1388 -4903
-1388 5564
-1388 -6429
-1388 7800
-1388 -1905
-1388 8851
-1388 -6506
-1388 -4248
-1388 6025
-1388 9573
-1388 186
-1388 5262
-1388 7313
-1388 2882
-1388 7843
-1388 -6336
-1388 9952
-1388 1987
-1388 7454
-1388 -9385
-1388 -4625
-1388 -1063
-1388 8833
-1388 -2698
-1388 8649
-1388 3529
-1388 615
-1388 387
-1388 729
-1388 -5119
-1388 -7508
-1388 -9219
-1388 5078
-1388 338
-1388 608
-1388 -8346
-1388 -1300
-1388 5824
-1388 7760
-1388 2170
-1388 -7781
-1388 -7787
-1388 -7407
-1388 2512
-1388 -427
-1388 -370
-1388 -336
-1388 -4349
-1388 6114
-1388 8470
-1388 -9087
-1388 -5536
-1388 171
-1388 6565
-1388 2088
-1388 1201
-1388 7573
-1388 -2171
-1388 2926
-1388 8428
-1388 -4328
-1388 4721
-1388 -5189
-1388 8724
-1388 9242
-1388 9567
-1388 -2850
-1388 8054
-1388 -9779
-1388 8912
-1388 -8392
-1388 6027
-1388 -7548
-1388 2012
-1388 -6439
-1388 8500
-1388 9751
-1388 -7204
-1388 3128
-1388 3582
-1388 -7533
-1388 -3634
-1388 -2781
-1388 -9905
-1388 3614
-1388 3681
-1388 7561
-1388 8699
-1388 2934
-1388 -940
-1388 -2293
-1388 -3315
-1388 -6603
-1388 -7653
-1388 9519
-1388 -8291
-1388 2138
-1388 2880
-1388 -4565
-1388 -2487
-1388 8189
-1388 -361
-1388 -6801
-1388 -9988
-1388 9947
-1388 9621
-1388 -2554
-1388 9978
-1388 8808
-1388 -4665
-1388 2731
-1388 -4325
-1388 77
-1388 -6647
-1388 -7982
-1388 -686
-1388 3877
-1388 -9640
-1388 9221
-1388 9669
-1388 -1792
-1388 9103
-1388 -64
-1388 -3413
-1388 -8745
-1388 -3315
-1388 9775
-1388 -9506
-1388 -972
-1388 -9402
-1388 -8674
-1388 1340
-1388 -8857
-1388 -6929
-1388 -5637
-1388 -7078
-1388 -9272
-1388 1704
-1388 -9533
-1388 9701
-1388 -7131
-1388 -1131
-1388 7129
-1388 -2000
-1388 8743
-1388 7553
-1388 -2015
-1388 4758
-1388 -9658
-1388 3047
-1388 -531
-1388 3901
-1388 486
-1388 2419
-1388 4423
-1388 -1528
-1388 -3984
-1388 7
-1388 3994
-1388 8545
-1388 -3312
-1388 4515
-1388 -9333
-1388 -7236
-1388 1369
-1388 -1387
-1388 -3340
-1388 -6508
-1388 -8067
-1388 8287
-1388 -7391
-1388 -2079
-1388 1436
-1388 -5200
-1388 8683
-1388 -5094
-1388 -1673
-1388 -6019
-1388 -1206
-1388 7009
-1388 4080
-1388 -9817
-1388 8368
-1388 2521
-1388 964
-1388 -9776
-1388 -7167
-1388 1803
-1388 1947
-1388 6412
-1388 -634
-1388 -9271
-1388 5770
-1388 3314
-1388 -8042
-1388 -6421
-1388 110
-1388 2645
-1388 -1127
-1388 3374
-1388 4320
-1388 5908
-1388 -7094
-1388 525
-1388 -6200
-1388 -9791
-1388 -2789
-1388 -4741
-1388 -4530
-1388 4670
-1388 7100
-1388 -4158
-1388 7549
-1388 5445
-1388 3537
-1388 1135
-1388 7986
-1388 2063
-1388 9389
-1388 -9569
-1388 7511
-1388 -3313
-1388 -9560
-1388 5743
-1388 -1084
-1388 7521
-1388 99
-1388 -6374
-1388 1163
-1388 -2762
-1388 -4857
-1388 6980
-1388 7974
-1388 -3463
-1388 -8340
-1388 7615
-1388 4162
-1388 -592
-1388 5463
-1388 -8944
-1388 2450
-1388 -1556
-1388 8753
-1388 -4746
-1388 574
-1388 -6046
-1388 4265
-1388 -8908
-1388 7547
-1388 9458
-1388 -6945
-1388 -7352
-1388 9433
-1388 -608
-1388 2253
-1388 -2100
-1388 9006
-1388 7761
-1388 -8452
-1388 6559
-1388 -8289
-1388 -6227
-1388 5498
-1388 4026
-1388 -6080
-1388 -8592
-1388 -6027
-1388 -1057
-1388 4923
-1388 1827
-1388 5415
-1388 2068
-1388 -4995
-1388 6126
-1388 6350
-1388 -9612
-1388 524
-1388 -1157
-1388 -6039
-1388 1381
-1388 8631
-1388 7184
-1388 -2063
-1388 6346
-1388 -8652
-1388 -5756
-1388 -285
-1388 1336
-1388 1060
-1388 1926
-1388 8687
-1388 -2945
-1388 -8092
-1388 3065
-1388 4745
-1388 -4599
-1388 -7040
-1388 242
-1388 9854
-1388 6885
-1388 -857
-1388 941
-1388 6520
-1388 532
-1388 -850
-1388 -4439
-1388 -3417
-1388 8617
-1388 -9827
-1388 1050
-1388 6939
-1388 6709
-1388 6981
-1388 -4274
-1388 273
-1388 -4130
-1388 3590
-1388 9097
-1388 -5190
-1388 8414
-1388 -8824
-1388 -7591
-1388 -425
-1388 7423
-1388 9737
-1388 8212
-1388 9575
-1388 -1385
-1388 1158
-1388 -5841
-1388 -3916
-1388 3561
-1388 -6220
-1388 6015
-1388 9786
-1388 9232
-1388 3890
-1388 -5780
-1388 4797
-1388 1706
-1388 -1719
-1388 -4022
-1388 -4572
-1388 -3863
-1388 -4790
-1388 9243
-1388 4921
-1388 -5404
-1388 -91
-1388 -5941
-1388 8916
-1388 -2157
-1388 -5200
-1388 4315
-1388 -7380
-1388 1184
-1388 8706
-1388 4779
-1388 -4848
-1388 5155
-1388 -8469
-1388 -4289
-1388 9408
-1388 7897
-1388 2674
-1388 -6919
-1388 -9450
-1388 4340
-1388 -3741
-1388 -1438
-1388 -8430
-1388 -8109
-1388 5193
-1388 -4347
-1388 -1426
-1388 -7975
-1388 -7899
-1388 -8894
-1388 4763
-1388 9077
-1388 -8562
-1388 8893
-1388 -5596
-1388 1442
-1388 -2644
-1388 -426
-1388 2704
-1388 7027
-1388 4904
-1388 4095
-1388 6545
-1388 2644
-1388 2783
-1388 5811
-1388 -2388
-1388 -6450
-1388 -6101
-1388 -1515
-1388 1629
-1388 2530
-1388 7302
-1388 -4367
-1388 1525
-1388 -4729
-1388 -1091
-1388 9490
-1388 -5468
-1388 3270
-1388 8256
-1388 -5134
-1388 7568
-1388 -122
-1388 -1144
-1388 4560
-1388 -5917
-1388 -9939
-1388 -1256
-1388 -6527
-1388 2298
-1388 -9602
-1388 4065
-1388 5317
-1388 7720
-1388 8107
-1388 -6831
-1388 -5777
-1388 -2924
-1388 -5025
-1388 -6903
-1388 -7864
-1388 -868
-1388 -4730
-1388 2249
-1388 -9177
-1388 5461
-1388 -26
-1388 -9335
-1388 -6928
-1388 7887
-1388 8977
-1388 8823
-1388 475
-1388 -6152
-1388 5798
-1388 4890
-1388 -8960
-1388 2329
-1388 -9190
-1388 -7773
-1388 -9020
-1388 4622
-1388 -7239
-1388 -8771
-1388 5506
-1388 9889
-1388 7596
-1388 -8313
-1388 6572
-1388 9417
-1388 541
-1388 -2733
-1388 -4192
-1388 -8559
-1388 -6300
-1388 7970
-1388 -6927
-1388 -709
-1388 -6149
-1388 -8597
-1388 -3588
-1388 3492
-1388 -3385
-1388 -2764
-1388 -1894
-1388 5950
-1388 -9893
-1388 9578
-1388 7554
-1388 8636
-1388 6321
-1388 1840
-1388 -3861
-1388 1941
-1388 -9324
-1388 -3152
-1388 -1514
-1388 7978
-1388 303
-1388 8279
-1388 4479
-1388 7391
-1388 4992
-1388 -7103
-1388 5500
-1388 1150
-1388 -5625
-1388 -6011
-1388 -9998
-1388 -319
-1388 -9526
-1388 7934
-1388 -6572
-1388 -4476
-1388 -8760
-1388 -1720
-1388 5805
-1388 3239
-1388 378
-1388 2688
-1388 7961
-1388 -9059
-1388 -4644
-1388 -6334
-1388 9483
-1388 -9368
-1388 8249
-1388 3218
-1388 5108
-1388 -7173
-1388 -5023
-1388 3080
-1388 -7262
-1388 5506
-1388 -1305
-1388 2395
-1388 2144
-1388 86
-1388 982
-1388 1581
-1388 -9597
-1388 3964
-1388 -6026
-1388 1550
-1388 5931
-1388 8253
-1388 -9032
-1388 -7572
-1388 2252
-1388 -7679
-1388 -6297
-1388 -440
-1388 3629
-1388 -7972
-1388 4970
-1388 3217
-1388 -583
-1388 1769
-1388 -4792
-1388 -7235
-1388 -5562
-1388 1433
-1388 -7613
-1388 -4157
-1388 2887
-1388 1599
-1388 4621
-1388 -2942
-1388 2069
-1388 744
-1388 -993
-1388 5418
-1388 1974
-1388 5307
-1388 -4670
-1388 628
-1388 -7272
-1388 -2477
-1388 -5208
-1388 9484
-1388 -5205
-1388 -4044
-1388 -6099
-1388 6765
-1388 -1938
-1388 6425
-1388 -5002
-1388 -2565
-1388 967
-1388 9375
-1388 2122
-1388 82
-1388 -8809
-1388 432
-1388 -6188
-1388 8797
-1388 1500
-1388 2959
-1388 -6259
-1388 -4007
-1388 3026
-1388 -5716
-1388 -4618
-1388 6336
-1388 -8152
-1388 1063
-1388 -8477
-1388 -7604
-1388 3359
-1388 8476
-1388 -689
-1388 8324
-1388 -9890
-1388 -4192
-1388 -960
-1388 9568
-1388 8187
-1388 6281
-1388 -737
-1388 4982
-1388 1650
-1388 153
-1388 2581
-1388 -7570
-1388 -1346
-1388 1414
-1388 5068
-1388 7191
-1388 6256
-1388 9491
-1388 -4973
-1388 -2254
-1388 9315
-1388 -2737
-1388 4691
-1388 -6332
-1388 926
-1388 1743
-1388 239
-1388 4352
-1388 -2505
-1388 7825
-1388 2431
-1388 3457
-1388 7391
-1388 8500
-1388 9380
-1388 1737
-1388 9340
-1388 -4530
-1388 -2465
-1388 -5062
-1388 1079
-1388 -9450
-1388 -1633
-1388 -1066
-1388 8326
-1388 2395
-1388 -1219
-1388 -4500
-1388 -5186
-1388 6085
-1388 -3761
-1388 9284
-1388 896
-1388 6664
-1388 3499
-1388 -857
-1388 -2620
-1388 -1814
-1388 8983
-1388 942
-1388 -8810
-1388 -7604
-1388 909
-1388 487
-1388 -5035
-1388 -2420
-1388 -588
-1388 -6431
-1388 4045
-1388 1774
-1388 2537
-1388 8160
-1388 -5406
-1388 1696
-1388 1257
-1388 -5960
-1388 -3283
-1388 5707
-1388 4258
-1388 4370
-1388 9901
-1388 4763
-1388 915
-1388 -123
-1388 6912
-1388 8838
-1388 -1245
-1388 -4330
-1388 5494
-1388 9569
-1388 -6390
-1388 -9061
-1388 9181
-1388 -7708
-1388 1922
-1388 -2520
-1388 -9799
-1388 -162
-1388 8595
-1388 -1646
-1388 -8166
-1388 -2953
-1388 8569
-1388 2708
-1388 -1190
-1388 8185
-1388 7435
-1388 3797
-1388 9115
-1388 3613
-1388 -8101
-1388 9964
-1388 -4782
-1388 6824
-1388 3323
-1388 4674
-1388 -7553
-1388 508
-1388 2781
-1388 7382
-1388 6825
-1388 -7615
-1388 -1164
-1388 -7778
-1388 8972
-1388 9893
-1388 4370
-1388 -2690
-1388 6557
-1388 2882
-1388 5270
-1388 1259
-1388 -8771
-1388 -7737
-1388 -3851
-1388 8184
-1388 -9386
-1388 4925
-1388 -2847
-1388 2789
-1388 -5513
-1388 8266
-1388 292
-1388 -1846
-1388 -5229
-1388 -6864
-1388 -7971
-1388 2397
-1388 -6091
-1388 1034
-1388 2027
-1388 -4511
-1388 -3815
-1388 1231
-1388 -3287
-1388 -2422
-1388 7499
-1388 -4604
-1388 6989
-1388 -5072
-1388 6957
-1388 -4387
-1388 20
-1388 5290
-1388 -1260
-1388 7899
-1388 663
-1388 4579
-1388 184
-1388 -6129
-1388 8984
-1388 5253
-1388 8401
-1388 -4238
-1388 6034
-1388 4736
-1388 3551
-1388 -4531
-1388 -2287
-1388 -5972
-1388 -6252
-1388 7107
-1388 9034
-1388 1952
-1388 -7162
-1388 3814
-1388 3056
-1388 -2002
-1388 6637
-1388 1557
-1388 5051
-1388 1830
-1388 -7817
-1388 -9390
-1388 5818
-1388 -6700
-1388 -8208
-1388 -4282
-1388 6583
-1388 9941
-1388 8770
-1388 -8398
-1388 -9078
-1388 -4662
-1388 6217
-1388 3159
-1388 -7111
-1388 -21
-1388 -2359
-1388 -9400
-1388 -979
-1388 -2885
-1388 8468
-1388 6987
-1388 8833
-1388 -8430
-1388 -6951
-1388 8864
-1388 -966
-1388 -9104
-1388 1171
-1388 -8130
-1388 2170
-1388 6528
-1388 2608
-1388 -2124
-1388 -4892
-1388 -9776
-1388 1790
-1388 6122
-1388 8867
-1388 -6351
-1388 7352
-1388 6907
-1388 8429
-1388 4612
-1388 -7247
-1388 904
-1388 1936
-1388 -3885
-1388 -5470
-1388 1226
-1388 -4424
-1388 8014
-1388 -7191
-1388 9623
-1388 -4073
-1388 8717
-1388 -354
-1388 -8777
-1388 -7873
-1388 -2761
-1388 9166
-1388 9
-1388 9269
-1388 6770
-1388 -7191
-1388 982
-1388 -919
-1388 8632
-1388 2791
-1388 -868
-1388 -8261
-1388 6470
-1388 3905
-1388 -8793
-1388 -6249
-1388 8974
-1388 6796
-1388 -1015
-1388 5597
-1388 -6438
-1388 -8023
-1388 -9998
-1388 5735
-1388 -4982
-1388 5719
-1388 5263
-1388 -9480
-1388 -6486
-1388 8679
-1388 -7410
-1388 5371
-1388 -6712
-1388 -641
-1388 5312
-1388 7046
-1388 6479
-1388 -9147
-1388 8881
-1388 6987
-1388 -4641
-1388 -6460
-1388 -7
-1388 6712
-1388 2286
-1388 -1983
-1388 3946
-1388 6463
-1388 -2840
-1388 -9333
-1388 978
-1388 -4300
-1388 9913
-1388 -7448
-1388 -7174
-1388 -9605
-1388 9734
-1388 -4006
-1388 5549
-1388 1205
-1388 5691
-1388 -3686
-1388 8279
-1388 4308
-1388 4703
-1388 -181
-1388 -3490
-1388 1580
-1388 -2611
-1388 -2153
-1388 2436
-1388 -375
-1388 -1783
-1388 9104
-1388 -4514
-1388 38
-1388 -6514
-1388 -8484
-1388 9863
-1388 4625
-1388 -9446
-1388 -6713
-1388 -6616
-1388 7245
-1388 9006
-1388 8509
-1388 5804
-1388 1130
-1388 9250
-1388 -9688
-1388 3038
-1388 5942
-1388 4907
-1388 -5122
-1388 7599
-1388 624
-1388 3704
-1388 3664
-1388 9369
-1388 -8627
-1388 -2617
-1388 588
-1388 -6543
-1388 328
-1388 -9636
-1388 8206
-1388 7500
-1388 9379
-1388 521
-1388 -1559
-1388 2572
-1388 3623
-1388 3636
-1388 749
-1388 -4199
-1388 -2275
-1388 343
-1388 -4322
-1388 -3293
-1388 6803
-1388 8265
-1388 -6624
-1388 -4931
-1388 4699
-1388 23
-1388 -9855
-1388 -6748
-1388 -4933
-1388 4709
-1388 -1844
-1388 -1587
-1388 -8025
-1388 6319
-1388 6379
-1388 4378
-1388 -6573
-1388 547
-1388 3102
-1388 7606
-1388 9179
-1388 6972
-1388 -7778
-1388 -4799
-1388 -8278
-1388 -4920
-1388 5488
-1388 8658
-1388 -3505
-1388 -9898
-1388 -1387
-1388 -8846
-1388 -1356
-1388 9495
-1388 1332
-1388 -4163
-1388 7712
-1388 -1364
-1388 -408
-1388 301
-1388 3460
-1388 -3538
-1388 2818
-1388 6490
-1388 -7772
-1388 -3870
-1388 3108
-1388 4379
-1388 8253
-1388 1756
-1388 9193
-1388 7567
-1388 6160
-1388 -5729
-1388 -5161
-1388 6698
-1388 6656
-1388 -5955
-1388 995
-1388 5670
-1388 1110
-1388 361
-1388 8998
-1388 1981
-1388 -78
-1388 4558
-1388 1312
-1388 -6221
-1388 -2730
-1388 1970
-1388 -8306
-1388 -9377
-1388 -306
-1388 8601
-1388 -2129
-1388 -3823
-1388 2282
-1388 6629
-1388 -4456
-1388 -5937
-1388 3806
-1388 8035
-1388 -6915
-1388 7406
-1388 276
-1388 9252
-1388 -1186
-1388 -3547
-1388 -857
-1388 -5330
-1388 7569
-1388 -8177
-1388 4635
-1388 3000
-1388 7317
-1388 -6681
-1388 5838
-1388 -6450
-1388 6279
-1388 465
-1388 -5718
-1388 8471
-1388 6242
-1388 -1612
-1388 -4385
-1388 8449
-1388 4490
-1388 9338
-1388 -797
-1388 3610
-1388 -9694
-1388 -9053
-1388 -6992
-1388 7
-1388 -2229
-1388 6602
-1388 2828
-1388 -6682
-1388 8573
-1388 -4241
-1388 -7716
-1388 -2671
-1388 -2101
-1388 -1906
-1388 -1853
-1388 -9280
-1388 6636
-1388 -5213
-1388 8493
-1388 6303
-1388 -1255
-1388 7576
-1388 -6214
-1388 -2249
-1388 6346
-1388 6933
-1388 -785
-1388 2662
-1388 5030
-1388 9508
-1388 5571
-1388 1431
-1388 -119
-1388 -4098
-1388 -4309
-1388 5818
-1388 -131
-1388 9328
-1388 1329
-1388 -8678
-1388 3034
-1388 -1352
-1388 -5386
-1388 3146
-1388 -924
-1388 -5189
-1388 -9365
-1388 -5973
-1388 -6990
-1388 6486
-1388 -8935
-1388 7305
-1388 5608
-1388 1970
-1388 3565
-1388 -5393
-1388 504
-1388 5299
-1388 6245
-1388 1502
-1388 -3501
-1388 1732
-1388 -9243
-1388 -7583
-1388 -3782
-1388 6852
-1388 -9915
-1388 1282
-1388 -9600
-1388 9534
-1388 -7716
-1388 6520
-1388 1412
-1388 -5861
-1388 3906
-1388 -5661
-1388 -3560
-1388 4754
-1388 2439
-1388 -6770
-1388 8454
-1388 8860
-1388 -1782
-1388 7157
-1388 86
-1388 7733
-1388 908
-1388 961
-1388 2424
-1388 -9215
-1388 -1474
-1388 -5445
-1388 -9188
-1388 -8326
-1388 -5534
-1388 4027
-1388 -9822
-1388 6872
-1388 -1988
-1388 7372
-1388 326
-1388 -4305
-1388 -1515
-1388 -2
-1388 9360
-1388 8798
-1388 -8985
-1388 -8668
-1388 5349
-1388 -381
-1388 -3619
-1388 4920
-1388 -3379
-1388 9928
-1388 -7525
-1388 9787
-1388 -9331
-1388 -7139
-1388 9202
-1388 1618
-1388 -8590
-1388 1519
-1388 -8275
-1388 9863
-1388 9525
-1388 -1531
-1388 8199
-1388 7381
-1388 -2644
-1388 -9973
-1388 9944
-1388 3760
-1388 2375
-1388 -5553
-1388 2144
-1388 5207
-1388 8493
-1388 4505
-1388 1840
-1388 -4697
-1388 4830
-1388 -505
-1388 -1884
-1388 7475
-1388 -2110
-1388 8838
-1388 -5153
-1388 2467
-1388 7978
-1388 3780
-1388 -6600
-1388 -4372
-1388 -5385
-1388 -2166
-1388 9087
-1388 6481
-1388 6356
-1388 5396
-1388 -9003
-1388 7336
-1388 -4029
-1388 -5400
-1388 22
-1388 9039
-1388 -5784
-1388 1537
-1388 -1263
-1388 1096
-1388 7607
-1388 -2222
-1388 -7661
-1388 3323
-1388 2707
-1388 3355
-1388 -708
-1388 5110
-1388 -8517
-1388 -7250
-1388 -5622
-1388 4242
-1388 -4250
-1388 9014
-1388 5946
-1388 168
-1388 5367
-1388 7658
-1388 -7205
-1388 -335
-1388 9253
-1388 -954
-1388 2798
-1388 9554
-1388 -7108
-1388 -5450
-1388 4455
-1388 9975
-1388 8402
-1388 2372
-1388 -9528
-1388 -4312
-1388 6949
-1388 -8906
-1388 6468
-1388 9846
-1388 8228
-1388 4393
-1388 -3898
-1388 -7351
-1388 -9309
-1388 -8840
-1388 9124
-1388 4701
-1388 -4485
-1388 7042
-1388 -9287
-1388 4678
-1388 -4266
-1388 -7168
-1388 6707
-1388 -1862
-1388 9037
-1388 -6728
-1388 -9601
-1388 6436
-1388 -3536
-1388 -155
-1388 -9762
-1388 7500
-1388 -8527
-1388 4009
-1388 3978
-1388 -916
-1388 -1301
-1388 -6931
-1388 7629
-1388 -6102
-1388 -6545
-1388 3615
-1388 3065
-1388 8197
-1388 1077
-1388 -1819
-1388 5975
-1388 9937
-1388 2662
-1388 8058
-1388 -1046
-1388 1265
-1388 -8637
-1388 -1100
-1388 -7781
-1388 8601
-1388 6232
-1388 -1435
-1388 7239
-1388 961
-1388 2161
-1388 7172
-1388 -6055
-1388 7738
-1388 6784
-1388 6102
-1388 3919
-1388 -8087
-1388 102
-1388 9054
-1388 2139
-1388 947
-1388 8691
-1388 944
-1388 2884
-1388 6410
-1388 4299
-1388 -9502
-1388 -9926
-1388 6950
-1388 9989
-1388 -7044
-1388 9739
-1388 6485
-1388 -351
-1388 2837
-1388 2543
-1388 1055
-1388 9541
-1388 -2681
-1388 -6272
-1388 241
-1388 8299
-1388 3018
-1388 7533
-1388 8455
-1388 -1638
-1388 201
-1388 -3942
-1388 6747
-1388 5284
-1388 -2919
-1388 -8779
-1388 7589
-1388 -9211
-1388 -6384
-1388 9519
-1388 -6200
-1388 4023
-1388 333
-1388 -3402
-1388 2282
-1388 4397
-1388 -5910
-1388 -3542
-1388 -5865
-1388 3228
-1388 1702
-1388 -5600
-1388 8657
-1388 -200
-1388 -9002
-1388 6839
-1388 2130
-1388 2989
-1388 319
-1388 6317
-1388 -6258
-1388 1051
-1388 -7117
-1388 -5504
-1388 -3131
-1388 3911
-1388 770
-1388 -9900
-1388 -3512
-1388 -6236
-1388 6505
-1388 606
-1388 -4361
-1388 -7569
-1388 -9563
-1388 -5418
-1388 -6034
-1388 -4493
-1388 -3921
-1388 -9577
-1388 2428
-1388 1823
-1388 -7496
-1388 -4393
-1388 -1235
-1388 -4224
-1388 8240
-1388 -4199
-1388 -1721
-1388 5903
-1388 2256
-1388 290
-1388 1679
-1388 -2583
-1388 9491
-1388 7978
-1388 -2403
-1388 -8873
-1388 -2274
-1388 -9175
-1388 788
-1388 4152
-1388 -9858
-1388 -5945
-1388 4321
-1388 -4036
-1388 -6325
-1388 -3614
-1388 -6265
-1388 -3444
-1388 -6107
-1388 -3178
-1388 3873
-1388 -332
-1388 -2165
-1388 7904
-1388 9594
-1388 -8112
-1388 -5423
-1388 815
-1388 -259
-1388 6296
-1388 -7499
-1388 -1964
-1388 -8913
-1388 3954
-1388 -8361
-1388 2967
-1388 903
-1388 3870
-1388 -5979
-1388 4918
-1388 8381
-1388 -3622
-1388 -202
-1388 -587
-1388 3263
-1388 6303
-1388 -8769
-1388 -6154
-1388 3502
-1388 -90
-1388 -9428
-1388 -6395
-1388 4653
-1388 2064
-1388 7758
-1388 -893
-1388 2164
-1388 1203
-1388 2965
-1388 4160
-1388 -8989
-1388 -8816
-1388 -7212
-1388 2258
-1388 9221
-1388 -4003
-1388 8980
-1388 -7010
-1388 39
-1388 476
-1388 9641
-1388 1978
-1388 -6078
-1388 9942
-1388 -9552
-1388 -9474
-1388 -5297
-1388 7416
-1388 5810
-1388 -5244
-1388 -6658
-1388 8378
-1388 3573
-1388 8895
-1388 2661
-1388 2409
-1388 -6663
-1388 -6903
-1388 -700
-1388 -2206
-1388 7467
-1388 -4565
-1388 2375
-1388 -8803
-1388 2720
-1388 -7346
-1388 5074
-1388 7419
-1388 -9393
-1388 -421
-1388 -4587
-1388 8319
-1388 -9719
-1388 -5159
-1388 3971
-1388 -1124
-1388 3667
-1388 4240
-1388 -9396
-1388 4449
-1388 5351
-1388 -6373
-1388 8247
-1388 4079
-1388 2435
-1388 -8258
-1388 -4473
-1388 -3057
-1388 -6074
-1388 -5442
-1388 1126
-1388 832
-1388 -725
-1388 -2788
-1388 8435
-1388 26
-1388 738
-1388 7286
-1388 -9205
-1388 -7456
-1388 4091
-1388 9412
-1388 -5460
-1388 -1867
-1388 4917
-1388 4131
-1388 6677
-1388 3023
-1388 -7275
-1388 71
-1388 2185
-1388 3767
-1388 -9638
-1388 5591
-1388 3818
-1388 8708
-1388 8389
-1388 399
-1388 4788
-1388 -8973
-1388 -2181
-1388 -1919
-1388 8784
-1388 -9230
-1388 -4024
-1388 9762
-1388 7730
-1388 -624
-1388 5355
-1388 -3806
-1388 9486
-1388 3450
-1388 -1680
-1388 -6136
-1388 -6624
-1388 5667
-1388 -2762
-1388 7251
-1388 5396
-1388 -2379
-1388 -1298
-1388 6491
-1388 -8211
-1388 6073
-1388 5438
-1388 6683
-1388 -502
-1388 -4437
-1388 -228
-1388 -3716
-1388 1060
-1388 3603
-1388 5771
-1388 7920
-1388 6417
-1388 -5011
-1388 5184
-1388 2367
-1388 -4308
-1388 -7640
-1388 -4562
-1388 5986
-1388 -9573
-1388 -2613
-1388 -400
-1388 -2092
-1388 789
-1388 -9628
-1388 6472
-1388 2791
-1388 -1221
-1388 -6880
-1388 9894
-1388 6644
-1388 -5219
-1388 3982
-1388 8413
-1388 -2803
-1388 -710
-1388 4533
-1388 5042
-1388 -4302
-1388 -1001
-1388 1563
-1388 -6132
-1388 3766
-1388 507
-1388 1814
-1388 7972
-1388 -6916
-1388 -5474
-1388 9162
-1388 2751
-1388 -461
-1388 3465
-1388 3737
-1388 8877
-1388 521
-1388 7693
-1388 3024
-1388 -2290
-1388 -9178
-1388 -2188
-1388 4379
-1388 9827
-1388 5269
-1388 -2829
-1388 -6646
-1388 2838
-1388 4733
-1388 8241
-1388 6072
-1388 1669
-1388 8953
-1388 9994
-1388 -4259
-1388 63
-1388 5652
-1388 2082
-1388 -8109
-1388 7641
-1388 4443
-1388 6384
-1388 -9220
-1388 -5072
-1388 -2907
-1388 8925
-1388 279
-1388 -1414
-1388 7733
-1388 4600
-1388 -3301
-1388 -9258
-1388 8430
-1388 4614
-1388 6697
-1388 6669
-1388 6842
-1388 2649
-1388 -6576
-1388 -2161
-1388 -7902
-1388 -8899
-1388 5797
-1388 -262
-1388 6329
-1388 -5181
-1388 8320
-1388 -8200
-1388 2826
-1388 -148
-1388 -7716
-1388 4707
-1388 -1642
-1388 5373
-1388 -6436
-1388 658
-1388 6285
-1388 5309
-1388 -7161
-1388 4994
-1388 607
-1388 8660
-1388 -2655
-1388 -5055
-1388 5002
-1388 -5625
-1388 -4988
-1388 3781
-1388 -1705
-1388 3706
-1388 2525
-1388 -171
-1388 -7446
-1388 -8918
-1388 -7325
-1388 8432
-1388 -4744
-1388 -1861
-1388 -245
-1388 -8898
-1388 -4307
-1388 -9944
-1388 6504
-1388 8867
-1388 9935
-1388 8801
-1388 4729
-1388 5170
-1388 -4797
-1388 -8130
-1388 7408
-1388 -2966
-1388 -2173
-1388 -9216
-1388 -762
-1388 5123
-1388 7227
-1388 -2794
-1388 9090
-1388 -7183
-1388 -5293
-1388 -9822
-1388 1076
-1388 -4537
-1388 -6055
-1388 -4679
-1388 2482
-1388 4893
-1388 -8526
-1388 -387
-1388 -84
-1388 -4649
-1388 -9671
-1388 66
-1388 9927
-1388 0
-1388 3273
-1388 -8668
-1388 7853
-1388 3516
-1388 -7077
-1388 -6114
-1388 -3801
-1388 -7157
-1388 -2521
-1388 -9670
-1388 -5994
-1388 -8419
-1388 6752
-1388 -4979
-1388 5305
-1388 -7941
-1388 7318
-1388 -9302
-1388 122
-1388 -7501
-1388 -2766
-1388 -294
-1388 1105
-1388 -5491
-1388 -9508
-1388 -3746
-1388 3035
-1388 -7562
-1388 8440
-1388 -9716
-1388 -5434
-1388 -3052
-1388 -995
-1388 6795
-1388 5981
-1388 5753
-1388 2025
-1388 4887
-1388 -214
-1388 -2977
-1388 -3388
-1388 5860
-1388 -3960
-1388 501
-1388 -3756
-1388 5484
-1388 -4794
-1388 8760
-1388 -2381
-1388 6883
-1388 -8310
-1388 6868
-1388 -7191
-1388 -8199
-1388 9580
-1388 -1634
-1388 -4029
-1388 -8445
-1388 2605
-1388 6807
-1388 2457
-1388 -7333
-1388 193
-1388 1905
-1388 -5037
-1388 1778
-1388 328
-1388 -642
-1388 -8636
-1388 -1736
-1388 654
-1388 5587
-1388 2629
-1388 -9416
-1388 -278
-1388 5834
-1388 -8178
-1388 3260
-1388 2507
-1388 1025
-1388 -4282
-1388 -4534
-1388 -2060
-1388 -6846
-1388 -4399
-1388 -7896
-1388 7528
-1388 8000
-1388 -3661
-1388 -8073
-1388 -7790
-1388 2071
-1388 2247
-1388 -1092
-1388 2935
-1388 8536
-1388 -7975
-1388 -5164
-1388 -6627
-1388 -8286
-1388 5390
-1388 3668
-1388 6800
-1388 3389
-1388 -3092
-1388 1040
-1388 -8688
-1388 -3319
-1388 5578
-1388 4116
-1388 9369
-1388 7898
-1388 5730
-1388 -7922
-1388 817
-1388 495
-1388 -7019
-1388 3122
-1388 427
-1388 4601
-1388 -3940
-1388 5374
-1388 -8070
-1388 -6692
-1388 5837
-1388 -8381
-1388 5708
-1388 -8584
-1388 -3366
-1388 1425
-1388 5124
-1388 1829
-1388 839
-1388 2759
-1388 -1051
-1388 2365
-1388 -1015
-1388 -9589
-1388 -8056
-1388 7293
-1388 -2663
-1388 6935
-1388 -6389
-1388 6178
-1388 -6059
-1388 -9478
-1388 -3958
-1388 -5578
-1388 6033
-1388 -9420
-1388 7415
-1388 -7315
-1388 3622
-1388 -2935
-1388 1410
-1388 -9462
-1388 -8234
-1388 2055
-1388 -5842
-1388 6376
-1388 1986
-1388 -1917
-1388 -2106
-1388 -9759
-1388 6078
-1388 8458
-1388 -4918
-1388 2004
-1388 -5577
-1388 -7285
-1388 1018
-1388 5390
-1388 -4938
-1388 6936
-1388 8782
-1388 -1240
-1388 7714
-1388 -3423
-1388 -1136
-1388 -120
-1388 -4217
-1388 9003
-1388 4540
-1388 -3513
-1388 -5379
-1388 -2017
-1388 -6596
-1388 1232
-1388 437
-1388 -9576
-1388 -6931
-1388 -3717
-1388 2371
-1388 -2568
-1388 -4414
-1388 -3667
-1388 888
-1388 6458
-1388 -1948
-1388 5160
-1388 -8268
-1388 -6149
-1388 3945
-1388 5830
-1388 -5783
-1388 -192
-1388 9912
-1388 -1326
-1388 6966
-1388 -3747
-1388 1270
-1388 -9189
-1388 1800
-1388 6356
-1388 5365
-1388 9380
-1388 6730
-1388 -8391
-1388 -2241
-1388 -7096
-1388 7558
-1388 3647
-1388 -7999
-1388 1350
-1388 -5313
-1388 385
-1388 -3970
-1388 270
-1388 -3762
-1388 1496
-1388 8712
-1388 -1057
-1388 5980
-1388 -2682
-1388 1218
-1388 8237
-1388 2845
-1388 1657
-1388 8678
-1388 2452
-1388 4354
-1388 9352
-1388 4382
-1388 3860
-1388 6653
-1388 8532
-1388 5428
-1388 -8679
-1388 -8927
-1388 -1530
-1388 -952
-1388 1380
-1388 -1616
-1388 -8624
-1388 -6688
-1388 4099
-1388 -5320
-1388 -5273
-1388 4547
-1388 -1193
-1388 -8189
-1388 -3001
-1388 5541
-1388 -666
-1388 4654
-1388 7399
-1388 -9296
-1388 1746
-1388 9605
-1388 7498
-1388 2500
-1388 6570
-1388 -5256
-1388 -4643
-1388 8042
-1388 8262
-1388 -6104
-1388 -675
-1388 6360
-1388 -53
-1388 -4304
-1388 1359
-1388 8216
-1388 284
-1388 7946
-1388 -6302
-1388 -8658
-1388 9657
-1388 254
-1388 -6422
-1388 6669
-1388 297
-1388 7213
-1388 -9137
-1388 1597
-1388 -9258
-1388 -6179
-1388 8008
-1388 -9700
-1388 353
-1388 8436
-1388 -2638
-1388 7091
-1388 -5141
-1388 -6138
-1388 9904
-1388 6404
-1388 -5875
-1388 218
-1388 -2398
-1388 2894
-1388 -4971
-1388 -5100
-1388 9127
-1388 8660
-1388 8047
-1388 9055
-1388 -9986
-1388 2182
-1388 3571
-1388 -162
-1388 894
-1388 8486
-1388 1083
-1388 -4976
-1388 -8912
-1388 -8516
-1388 2497
-1388 -793
-1388 -6455
-1388 -1298
-1388 -3848
-1388 -6270
-1388 -7523
-1388 2627
-1388 177
-1388 5231
-1388 -6802
-1388 5076
-1388 7352
-1388 7238
-1388 -4839
-1388 3266
-1388 4647
-1388 -4764
-1388 -2235
-1388 -7314
-1388 3723
-1388 8804
-1388 -591
-1388 6599
-1388 4876
-1388 9351
-1388 -6746
-1388 -907
-1388 -9335
-1388 7849
-1388 5349
-1388 264
-1388 -1445
-1388 -8334
-1388 854
-1388 6906
-1388 -3993
-1388 85
-1388 -7559
-1388 -1588
-1388 7770
-1388 -8516
-1388 -1210
-1388 1000
-1388 -6024
-1388 9554
-1388 -3165
-1388 4151
-1388 -7845
-1388 -4162
-1388 -5723
-1388 -8646
-1388 -9887
-1388 4020
-1388 7762
-1388 5414
-1388 -1060
-1388 7310
-1388 -412
-1388 -9750
-1388 -6688
-1388 -552
-1388 -3552
-1388 8574
-1388 -533
-1388 1081
-1388 -3523
-1388 4165
-1388 310
-1388 3579
-1388 8309
-1388 -5198
-1388 -1706
-1388 1182
-1388 -7694
-1388 -9518
-1388 7699
-1388 -8106
-1388 2003
-1388 6561
-1388 -934
-1388 6218
-1388 -6580
-1388 7946
-1388 3305
-1388 -6310
-1388 3869
-1388 -3748
-1388 -4457
-1388 5986
-1388 -6441
-1388 -8868
-1388 1364
-1388 3711
-1388 1888
-1388 -9785
-1388 -2551
-1388 -4765
-1388 7813
-1388 4025
-1388 -904
-1388 -9254
-1388 9719
-1388 -8044
-1388 -1118
-1388 -2102
-1388 8236
-1388 4961
-1388 390
-1388 8562
-1388 -8055
-1388 -2679
-1388 -1702
-1388 -1677
-1388 3883
-1388 -1554
-1388 7226
-1388 7340
-1388 -8140
-1388 5882
-1388 4277
-1388 8865
-1388 2008
-1388 9262
-1388 8323
-1388 2021
-1388 436
-1388 -8189
-1388 7440
-1388 -550
-1388 1157
-1388 2550
-1388 1550
-1388 -6178
-1388 -6366
-1388 -3032
-1388 8487
-1388 -162
-1388 6165
-1388 -3992
-1388 2946
-1388 -1352
-1388 -9479
-1388 3650
-1388 -4544
-1388 5111
-1388 1710
-1388 4564
-1388 7969
-1388 924
-1388 6158
-1388 -200
-1388 355
-1388 7350
-1388 6393
-1388 -5689
-1388 -5945
-1388 -1154
-1388 -8251
-1388 -317
-1388 8699
-1388 4356
-1388 1793
-1388 2094
-1388 1508
-1388 1813
-1388 -6173
-1388 9394
-1388 8742
-1388 -4344
-1388 -6321
-1388 -6593
-1388 423
-1388 5826
-1388 971
-1388 1868
-1388 7499
-1388 -4567
-1388 -4347
-1388 3862
-1388 -5546
-1388 -143
-1388 -9833
-1388 -5115
-1388 -1210
-1388 -2385
-1388 -5027
-1388 3187
-1388 2584
-1388 2755
-1388 1465
-1388 2822
-1388 2494
-1388 -8959
-1388 5030
-1388 4382
-1388 8996
-1388 -4811
-1388 -2369
-1388 -931
-1388 -8327
-1388 -9391
-1388 9185
-1388 -1484
-1388 -7140
-1388 -2909
-1388 3746
-1388 -9267
-1388 -9423
-1388 7178
-1388 7582
-1388 4575
-1388 6086
-1388 -5199
-1388 1396
-1388 6765
-1388 -7543
-1388 4503
-1388 -7624
-1388 -3151
-1388 9734
-1388 -1766
-1388 7376
-1388 -7117
-1388 -4123
-1388 -8376
-1388 -3128
-1388 -9373
-1388 3535
-1388 3837
-1388 3051
-1388 7785
-1388 -527
-1388 6778
-1388 3223
-1388 8007
-1388 1220
-1388 8423
-1388 -2882
-1388 4109
-1388 3923
-1388 -7402
-1388 -2325
-1388 6776
-1388 -1397
-1388 7518
-1388 5461
-1388 -3067
-1388 9842
-1388 4374
-1388 1583
-1388 9154
-1388 -1026
-1388 5809
-1388 -3813
-1388 -6123
-1388 416
-1388 -9480
-1388 -4040
-1388 -5913
-1388 8705
-1388 -6075
-1388 6247
-1388 -9850
-1388 9691
-1388 -9947
-1388 9978
-1388 3955
-1388 -2349
-1388 -3079
-1388 -3241
-1388 -5088
-1388 678
-1388 -5510
-1388 -6247
-1388 2794
-1388 -440
-1388 -8705
-1388 -4514
-1388 -1949
-1388 2497
-1388 5187
-1388 -3632
-1388 737
-1388 7335
-1388 -746
-1388 -661
-1388 7073
-1388 3904
-1388 493
-1388 -4370
-1388 -7149
-1388 6574
-1388 3667
-1388 -7002
-1388 7863
-1388 371
-1388 7051
-1388 6392
-1388 756
-1388 -9189
-1388 -5982
-1388 8995
-1388 -5747
-1388 3757
-1388 -7938
-1388 2164
-1388 1072
-1388 7147
-1388 5588
-1388 7788
-1388 -6273
-1388 -3548
-1388 7874
-1388 -6954
-1388 -3822
-1388 -1775
-1388 -4902
-1388 -2622
-1388 7925
-1388 3690
-1388 2955
-1388 7537
-1388 -7461
-1388 758
-1388 1453
-1388 4601
-1388 1642
-1388 -8509
-1388 -3983
-1388 -7354
-1388 3026
-1388 -1352
-1388 -1488
-1388 -1230
-1388 8803
-1388 1959
-1388 -8928
-1388 -3902
-1388 411
-1388 2940
-1388 9662
-1388 9472
-1388 4650
-1388 -299
-1388 -241
-1388 -5014
-1388 -6645
-1388 3183
-1388 3230
-1388 -8628
-1388 -4399
-1388 -6751
-1388 9555
-1388 -355
-1388 -3601
-1388 3552
-1388 -9979
-1388 3610
-1388 -4045
-1388 5093
-1388 8138
-1388 690
-1388 9546
-1388 -2684
-1388 332
-1388 1468
-1388 -4656
-1388 5766
-1388 8647
-1388 742
-1388 -7396
-1388 5633
-1388 -8158
-1388 8279
-1388 -9395
-1388 -8734
-1388 -1659
-1388 -1462
-1388 8928
-1388 -4852
-1388 -9499
-1388 -8254
-1388 3512
-1388 -1490
-1388 -6185
-1388 -8267
-1388 -8072
-1388 1185
-1388 -1775
-1388 1633
-1388 -1763
-1388 -362
-1388 5047
-1388 8108
-1388 -7699
-1388 -5036
-1388 -817
-1388 5023
-1388 -7932
-1388 -4276
-1388 8524
-1388 974
-1388 -1721
-1388 4657
-1388 -4399
-1388 -8886
-1388 -530
-1388 -6307
-1388 7641
-1388 5823
-1388 -9029
-1388 -8609
-1388 7262
-1388 2569
-1388 -6412
-1388 1571
-1388 -1753
-1388 -2754
-1388 -7648
-1388 -4369
-1388 -8712
-1388 -7343
-1388 -7522
-1388 5985
-1388 2159
-1388 3959
-1388 3663
-1388 1540
-1388 -6445
-1388 -2086
-1388 283
-1388 1810
-1388 -1973
-1388 144
-1388 5120
-1388 -7189
-1388 -377
-1388 7689
-1388 -2892
-1388 -378
-1388 7048
-1388 7545
-1388 4483
-1388 -4423
-1388 -9475
-1388 -4952
-1388 118
-1388 -4563
-1388 1134
-1388 -5282
-1388 425
-1388 7411
-1388 -6090
-1388 1688
-1388 8679
-1388 2697
-1388 -6243
-1388 -9024
-1388 -7144
-1388 -3227
-1388 8981
-1388 -7384
-1388 855
-1388 2831
-1388 -4699
-1388 -1243
-1388 -9515
-1388 4452
-1388 7996
-1388 5212
-1388 6730
-1388 110
-1388 -219
-1388 535
-1388 -3525
-1388 -1931
-1388 -1501
-1388 -9817
-1388 -8217
-1388 8043
-1388 6401
-1388 2561
-1388 -1347
-1388 -4953
-1388 -6353
-1388 -3846
-1388 9763
-1388 9487
-1388 -4056
-1388 6137
-1388 37
-1388 -2861
-1388 5285
-1388 -4967
-1388 -1628
-1388 -5956
-1388 -4358
-1388 -290
-1388 2735
-1388 -2443
-1388 4359
-1388 -3069
-1388 387
-1388 -8071
-1388 -7010
-1388 -7275
-1388 -9629
-1388 1714
-1388 224
-1388 1701
-1388 2683
-1388 3531
-1388 9535
-1388 -8695
-1388 4322
-1388 9455
-1388 -463
-1388 -5702
-1388 -6716
-1388 -5805
-1388 -7443
-1388 3876
-1388 -3581
-1388 -9210
-1388 3137
-1388 -2173
-1388 9469
-1388 1161
-1388 -1087
-1388 6358
-1388 -2604
-1388 8396
-1388 -9009
-1388 1730
-1388 -383
-1388 3139
-1388 -8652
-1388 -2327
-1388 1440
-1388 4466
-1388 -7610
-1388 -3641
-1388 753
-1388 8104
-1388 2024
-1388 7230
-1388 -2078
-1388 -7653
-1388 -6049
-1388 5709
-1388 2351
-1388 1154
-1388 -8032
-1388 -3298
-1388 -4184
-1388 2640
-1388 3361
-1388 5350
-1388 6908
-1388 -4574
-1388 -7228
-1388 8120
-1388 -73
-1388 286
-1388 7619
-1388 -7881
-1388 5506
-1388 -1602
-1388 2204
-1388 -2600
-1388 9250
-1388 2549
-1388 360
-1388 8098
-1388 7511
-1388 -7260
-1388 3511
-1388 1035
-1388 -9471
-1388 5668
-1388 4552
-1388 4358
-1388 -8370
-1388 -1665
-1388 -7274
-1388 1865
-1388 2077
-1388 1810
-1388 -70
-1388 -4183
-1388 7113
-1388 -1595
-1388 -8201
-1388 -2193
-1388 -9994
-1388 -763
-1388 -5014
-1388 2458
-1388 93
-1388 -123
-1388 -9605
-1388 3511
-1388 6416
-1388 -1262
-1388 -951
-1388 207
-1388 -8342
-1388 -1365
-1388 5785
-1388 -8177
-1388 7272
-1388 -367
-1388 -887
-1388 -1815
-1388 -9690
-1388 5973
-1388 7870
-1388 865
-1388 324
-1388 2066
-1388 -6611
-1388 1491
-1388 2572
-1388 -4495
-1388 5519
-1388 103
-1388 4120
-1388 -1964
-1388 8592
-1388 4944
-1388 -2006
-1388 2281
-1388 6351
-1388 5064
-1388 -4012
-1388 -6414
-1388 -7750
-1388 -5338
-1388 -9055
-1388 9643
-1388 -3944
-1388 3327
-1388 2844
-1388 5383
-1388 -1949
-1388 2859
-1388 6779
-1388 -8390
-1388 -8701
-1388 1379
-1388 9533
-1388 1184
-1388 1033
-1388 -9955
-1388 6744
-1388 5242
-1388 -5183
-1388 -2964
-1388 -1934
-1388 4216
-1388 1102
-1388 7740
-1388 -3061
-1388 1931
-1388 8510
-1388 -7886
-1388 -9593
-1388 -3324
-1388 -814
-1388 -9087
-1388 264
-1388 -4438
-1388 -6030
-1388 2757
-1388 -6389
-1388 -4547
-1388 -1405
-1388 5436
-1388 -5026
-1388 -1296
-1388 -2903
-1388 7640
-1388 4269
-1388 -2492
-1388 5717
-1388 1675
-1388 7479
-1388 5812
-1388 3663
-1388 -3471
-1388 5286
-1388 2300
-1388 -7576
-1388 -1970
-1388 4606
-1388 -6004
-1388 -4438
-1388 -1042
-1388 9013
-1388 2964
-1388 -9284
-1388 -3807
-1388 -1960
-1388 -3184
-1388 -9363
-1388 -5828
-1388 -4127
-1388 7814
-1388 -5409
-1388 -6073
-1388 9213
-1388 1581
-1388 -7989
-1388 7936
-1388 676
-1388 9303
-1388 4575
-1388 -8812
-1388 3070
-1388 -8848
-1388 8028
-1388 -8783
-1388 -7290
-1388 -793
-1388 -6418
-1388 -8666
-1388 9293
-1388 8807
-1388 3606
-1388 3936
-1388 -5894
-1388 -1388
-1388 6328
-1388 -8693
-1388 8331
-1388 -4445
-1388 8341
-1388 2675
-1388 3157
-1388 -8860
-1388 -1178
-1388 -8989
-1388 -8729
-1388 -1904
-1388 -5343
-1388 9367
-1388 7457
-1388 9118
-1388 653
-1388 560
-1388 -547
-1388 -877
-1388 995
-1388 -2626
-1388 8017
-1388 5772
-1388 -6159
-1388 -9197
-1388 5659
-1388 -3057
-1388 -5054
-1388 -6821
-1388 5508
-1388 -5651
-1388 -9851
-1388 -6741
-1388 2829
-1388 -3786
-1388 -9105
-1388 9473
-1388 -1483
-1388 -6530
-1388 7089
-1388 -5602
-1388 7220
-1388 2680
-1388 -4847
-1388 3490
-1388 -2995
-1388 -2011
-1388 -8742
-1388 -1874
-1388 310
-1388 4996
-1388 -534
-1388 9669
-1388 9474
-1388 -1943
-1388 1605
-1388 -7557
-1388 -2003
-1388 6247
-1388 890
-1388 -3155
-1388 2569
-1388 106
-1388 -6809
-1388 4803
-1388 231
-1388 7955
-1388 -7790
-1388 -7675
-1388 9200
-1388 -6417
-1388 6237
-1388 -1267
-1388 3864
-1388 -3495
-1388 -4474
-1388 8814
-1388 -2433
-1388 8373
-1388 8399
-1388 -3480
-1388 4921
-1388 -9835
-1388 -153
-1388 1403
-1388 9010
-1388 2099
-1388 1040
-1388 -4657
-1388 8989
-1388 8806
-1388 4495
-1388 -5545
-1388 2163
-1388 -9868
-1388 -8269
-1388 -3182
-1388 -7193
-1388 -3098
-1388 -7263
-1388 -521
-1388 8400
-1388 8651
-1388 1981
-1388 602
-1388 8981
-1388 -8384
-1388 -4136
-1388 -7562
-1388 7092
-1388 -4586
-1388 -1366
-1388 5153
-1388 -4273
-1388 5557
-1388 9845
-1388 -3568
-1388 4571
-1388 -6680
-1388 6459
-1388 -4298
-1388 1957
-1388 -3697
-1388 -3614
-1388 7905
-1388 -8912
-1388 -8430
-1388 -4398
-1388 -6866
-1388 -5092
-1388 6901
-1388 7785
-1388 7282
-1388 8446
-1388 5154
-1388 8277
-1388 -1829
-1388 -3652
-1388 7645
-1388 -9043
-1388 6956
-1388 7866
-1388 -9561
-1388 4545
-1388 2575
-1388 -5772
-1388 -9973
-1388 9412
-1388 3712
-1388 -2025
-1388 -2816
-1388 4001
-1388 -4884
-1388 4182
-1388 1883
-1388 6968
-1388 3565
-1388 962
-1388 1399
-1388 -7440
-1388 -774
-1388 -5920
-1388 56
-1388 -5379
-1388 -3057
-1388 -9503
-1388 -1726
-1388 -4429
-1388 8339
-1388 118
-1388 -5582
-1388 -6406
-1388 7360
-1388 -2239
-1388 -6402
-1388 -73
-1388 3382
-1388 -4974
-1388 1277
-1388 8373
-1388 7463
-1388 -7681
-1388 5825
-1388 8519
-1388 3897
-1388 8316
-1388 1736
-1388 7940
-1388 526
-1388 -7314
-1388 -963
-1388 5288
-1388 -5283
-1388 4950
-1388 -4844
-1388 6896
-1388 -1458
-1388 5439
-1388 -3186
-1388 5536
-1388 8556
-1388 8860
-1388 711
-1388 2604
-1388 9612
-1388 6651
-1388 -7078
-1388 9547
-1388 9782
-1388 5590
-1388 -7083
-1388 8482
-1388 -5115
-1388 7705
-1388 7755
-1388 7583
-1388 8297
-1388 -1233
-1388 7714
-1388 8979
-1388 -5744
-1388 3879
-1388 -4717
-1388 9948
-1388 -9727
-1388 189
-1388 -6264
-1388 -1603
-1388 -8300
-1388 1471
-1388 6603
-1388 321
-1388 6088
-1388 568
-1388 -5901
-1388 7635
-1388 9738
-1388 -3558
-1388 -7027
-1388 -6645
-1388 -8258
-1388 1376
-1388 -4379
-1388 -8685
-1388 -3813
-1388 3106
-1388 2997
-1388 4308
-1388 2188
-1388 4771
-1388 -7553
-1388 8955
-1388 -2537
-1388 7726
-1388 7633
-1388 -5934
-1388 -3044
-1388 -3075
-1388 -4956
-1388 7182
-1388 485
-1388 -499
-1388 -3723
-1388 5482
-1388 2968
-1388 2877
-1388 -9493
-1388 -310
-1388 -6673
-1388 6462
-1388 2749
-1388 -572
-1388 -9844
-1388 4893
-1388 -2275
-1388 758
-1388 -9793
-1388 -6974
-1388 -470
-1388 -6240
-1388 -2611
-1388 -9407
-1388 3177
-1388 9425
-1388 -5518
-1388 -3239
-1388 4271
-1388 -1571
-1388 -6010
-1388 -3339
-1388 7321
-1388 -7973
-1388 1109
-1388 -3923
-1388 7396
-1388 -7474
-1388 -2757
-1388 -9433
-1388 8613
-1388 649
-1388 -104
-1388 4547
-1388 -6814
-1388 7328
-1388 5755
-1388 -5090
-1388 -2874
-1388 3152
-1388 -7889
-1388 2157
-1388 1089
-1388 -7841
-1388 4576
-1388 8133
-1388 -1903
-1388 1357
-1388 -5802
-1388 -3397
-1388 -4234
-1388 -8177
-1388 -7879
-1388 6460
-1388 -448
-1388 9448
-1388 -619
-1388 4975
-1388 -6211
-1388 1419
-1388 -2093
-1388 1239
-1388 1393
-1388 3737
-1388 -8287
-1388 -219
-1388 6309
-1388 -8066
-1388 7682
-1388 -9913
-1388 -9320
-1388 8032
-1388 -1148
-1388 -546
-1388 -7494
-1388 -6619
-1388 3550
-1388 -4007
-1388 9307
-1388 1419
-1388 -5833
-1388 5394
-1388 -790
-1388 687
-1388 -9165
-1388 65
-1388 -2712
-1388 -6777
-1388 -9255
-1388 -8468
-1388 4932
-1388 -2152
-1388 9657
-1388 -8369
-1388 -8554
-1388 3741
-1388 289
-1388 -6622
-1388 9442
-1388 6658
-1388 -2045
-1388 -7693
-1388 -1983
-1388 7825
-1388 8550
-1388 1131
-1388 9722
-1388 -7196
-1388 5124
-1388 -3584
-1388 2960
-1388 4262
-1388 8665
-1388 2856
-1388 2039
-1388 -9257
-1388 -3515
-1388 -2829
-1388 -5361
-1388 1810
-1388 -477
-1388 288
-1388 -6696
-1388 -2035
-1388 -1102
-1388 -9561
-1388 -4024
-1388 -5635
-1388 -767
-1388 -545
-1388 5067
-1388 9678
-1388 7641
-1388 7814
-1388 -6419
-1388 7867
-1388 5003
-1388 -452
-1388 1971
-1388 5634
-1388 2857
-1388 -20
-1388 -8518
-1388 1959
-1388 -4163
-1388 2779
-1388 6113
-1388 3685
-1388 9888
-1388 -6549
-1388 7776
-1388 9494
-1388 -6297
-1388 -3920
-1388 -7780
-1388 2082
-1388 1416
-1388 -6209
-1388 -1571
-1388 6191
-1388 7799
-1388 4524
-1388 -4033
-1388 6558
-1388 -9177
-1388 9213
-1388 7089
-1388 5001
-1388 7014
-1388 93
-1388 -2148
-1388 -1897
-1388 3958
-1388 5110
-1388 4415
-1388 -6282
-1388 3848
-1388 -8987
-1388 -8489
-1388 9747
-1388 -8698
-1388 -9999
-1388 8902
-1388 -2397
-1388 3396
-1388 2197
-1388 -8731
-1388 5677
-1388 -6392
-1388 7621
-1388 3371
-1388 -469
-1388 2268
-1388 -3945
-1388 -5557
-1388 -2001
-1388 1029
-1388 -2923
-1388 8078
-1388 -5980
-1388 -485
-1388 -8214
-1388 -2231
-1388 6447
-1388 -2354
-1388 -6979
-1388 2245
-1388 -6548
-1388 -8929
-1388 5966
-1388 -668
-1388 -8854
-1388 7234
-1388 4595
-1388 -2178
-1388 -7060
-1388 -9527
-1388 5465
-1388 -6300
-1388 5038
-1388 6615
-1388 5147
-1388 5080
-1388 7065
-1388 -7115
-1388 -7449
-1388 2293
-1388 -9498
-1388 2417
-1388 995
-1388 -5532
-1388 6702
-1388 1318
-1388 -7441
-1388 -4857
-1388 -4435
-1388 -9770
-1388 3591
-1388 -4985
-1388 -9626
-1388 -9715
-1388 8079
-1388 -3991
-1388 -4293
-1388 -9932
-1388 -3443
-1388 -4861
-1388 -9257
-1388 9914
-1388 2655
-1388 9687
-1388 9067
-1388 2228
-1388 -4487
-1388 3677
-1388 -1487
-1388 -6615
-1388 1264
-1388 -5628
-1388 -1884
-1388 5697
-1388 -5332
-1388 1030
-1388 8448
-1388 2642
-1388 5883
-1388 -5090
-1388 -2109
-1388 4520
-1388 9405
-1388 4683
-1388 -8143
-1388 -5635
-1388 -8607
-1388 -6932
-1388 -7941
-1388 -7579
-1388 4671
-1388 -1640
-1388 7518
-1388 8008
-1388 -4028
-1388 8347
-1388 6106
-1388 8372
-1388 -700
-1388 -9158
-1388 -1984
-1388 7635
-1388 -4581
-1388 -6069
-1388 6536
-1388 6600
-1388 2890
-1388 8215
-1388 -9515
-1388 4969
-1388 -6248
-1388 7592
-1388 -5065
-1388 -2777
-1388 4516
-1388 7410
-1388 2810
-1388 2178
-1388 -9117
-1388 -7678
-1388 9908
-1388 1667
-1388 -4379
-1388 -9288
-1388 5101
-1388 6512
-1388 -1692
-1388 -899
-1388 6997
-1388 -4437
-1388 -9055
-1388 7135
-1388 6322
-1388 -8239
-1388 -9224
-1388 -4192
-1388 1508
-1388 403
-1388 6628
-1388 4470
-1388 -9640
-1388 8214
-1388 -943
-1388 -1101
-1388 5211
-1388 -9395
-1388 -2511
-1388 7756
-1388 -9778
-1388 -6034
-1388 -8870
-1388 6256
-1388 -7283
-1388 -5739
-1388 2985
-1388 -6083
-1388 -2679
-1388 -5361
-1388 -5012
-1388 -3919
-1388 -261
-1388 -7448
-1388 -2174
-1388 -5756
-1388 8751
-1388 -5649
-1388 -8995
-1388 -9727
-1388 -9784
-1388 4556
-1388 1998
-1388 9021
-1388 -530
-1388 5665
-1388 877
-1388 -8657
-1388 -6824
-1388 -8097
-1388 -7864
-1388 -3065
-1388 4409
-1388 -2440
-1388 -4747
-1388 8746
-1388 1292
-1388 -3411
-1388 -9856
-1388 -9759
-1388 7222
-1388 -9862
-1388 4100
-1388 -1142
-1388 -3144
-1388 826
-1388 -1319
-1388 -9616
-1388 -7493
-1388 -1732
-1388 6749
-1388 193
-1388 8255
-1388 2599
-1388 -3853
-1388 -5400
-1388 452
-1388 9287
-1388 -3771
-1388 -3540
-1388 5526
-1388 4934
-1388 3985
-1388 6871
-1388 -6881
-1388 -507
-1388 -8663
-1388 5239
-1388 6291
-1388 3505
-1388 4740
-1388 3410
-1388 9607
-1388 1176
-1388 -2776
-1388 -162
-1388 -5437
-1388 6937
-1388 4202
-1388 1647
-1388 2420
-1388 -5640
-1388 8187
-1388 1834
-1388 -5690
-1388 5104
-1388 1393
-1388 -8244
-1388 6856
-1388 -5952
-1388 7173
-1388 -1653
-1388 -8872
-1388 -738
-1388 5344
-1388 3091
-1388 6061
-1388 -6252
-1388 3025
-1388 -4598
-1388 9630
-1388 -3375
-1388 8684
-1388 6154
-1388 -7624
-1388 -2637
-1388 -432
-1388 -7399
-1388 -7098
-1388 -1105
-1388 -6965
-1388 4327
-1388 940
-1388 5984
-1388 -1665
-1388 -314
-1388 7888
-1388 6783
-1388 922
-1388 -9653
-1388 -5171
-1388 4017
-1388 -5859
-1388 -5918
-1388 8051
-1388 -6969
-1388 9294
-1388 5680
-1388 -2889
-1388 4205
-1388 3138
-1388 5158
-1388 9351
-1388 -7004
-1388 4834
-1388 3079
-1388 -9859
-1388 6307
-1388 -2658
-1388 9518
-1388 -8695
-1388 4022
-1388 -2156
-1388 -2377
-1388 -4360
-1388 2969
-1388 4330
-1388 -9724
-1388 -2751
-1388 -5166
-1388 3470
-1388 -8791
-1388 2489
-1388 -7253
-1388 -2921
-1388 2555
-1388 -1545
-1388 7013
-1388 7743
-1388 7472
-1388 4964
-1388 -1334
-1388 6886
-1388 8730
-1388 -2473
-1388 -5936
-1388 -2975
-1388 -1326
-1388 -8618
-1388 -6683
-1388 2291
-1388 -4701
-1388 8812
-1388 -5109
-1388 8371
-1388 3837
-1388 3782
-1388 -2279
-1388 -7950
-1388 3568
-1388 2326
-1388 8845
-1388 38
-1388 478
-1388 2212
-1388 -9510
-1388 27
-1388 -4708
-1388 1482
-1388 6783
-1388 4922
-1388 -6623
-1388 -7473
-1388 -5068
-1388 7755
-1388 7628
-1388 -8552
-1388 1836
-1388 1022
-1388 7394
-1388 9198
-1388 7788
-1388 -8748
-1388 429
-1388 9094
-1388 8528
-1388 812
-1388 -6118
-1388 -5566
-1388 7237
-1388 7554
-1388 6304
-1388 2120
-1388 2017
-1388 -9021
-1388 4818
-1388 -1515
-1388 6969
-1388 8838
-1388 5471
-1388 -3003
-1388 8422
-1388 4495
-1388 -7193
-1388 -5569
-1388 -3238
-1388 -2028
-1388 -7376
-1388 -6189
-1388 -6647
-1388 -6888
-1388 -6179
-1388 5714
-1388 -8010
-1388 -3168
-1388 -222
-1388 -2790
-1388 -2122
-1388 1238
-1388 3514
-1388 -9446
-1388 -3406
-1388 5830
-1388 -6213
-1388 -9784
-1388 567
-1388 -7018
-1388 -9212
-1388 7519
-1388 2658
-1388 2166
-1388 9859
-1388 3734
-1388 -8934
-1388 -9580
-1388 3431
-1388 -5544
-1388 6221
-1388 8501
-1388 2919
-1388 869
-1388 -102
-1388 8588
-1388 -8759
-1388 1966
-1388 5713
-1388 -7042
-1388 -5729
-1388 -8508
-1388 -8386
-1388 4912
-1388 -2812
-1388 4079
-1388 -1205
-1388 3305
-1388 874
-1388 -6566
-1388 200
-1388 -6608
-1388 3798
-1388 4674
-1388 5822
-1388 7843
-1388 -718
-1388 -4112
-1388 2214
-1388 -3980
-1388 3958
-1388 507
-1388 7901
-1388 -8185
-1388 -9871
-1388 1897
-1388 6632
-1388 3062
-1388 748
-1388 -7304
-1388 -7271
-1388 -6272
-1388 1197
-1388 6327
-1388 8776
-1388 3616
-1388 1814
-1388 9152
-1388 -2373
-1388 -4308
-1388 8853
-1388 5314
-1388 -6569
-1388 -8635
-1388 2946
-1388 -9086
-1388 4997
-1388 6398
-1388 -834
-1388 -8760
-1388 -2055
-1388 6292
-1388 -7296
-1388 7346
-1388 4564
-1388 -3930
-1388 -2803
-1388 -8663
-1388 8601
-1388 -2698
-1388 -3848
-1388 -7972
-1388 9790
-1388 -7258
-1388 -593
-1388 3344
-1388 -5143
-1388 8022
-1388 7152
-1388 2418
-1388 3418
-1388 3957
-1388 -4582
-1388 -1658
-1388 -7579
-1388 5071
-1388 877
-1388 -6768
-1388 -9730
-1388 5772
-1388 8994
-1388 -2611
-1388 64
-1388 6883
-1388 4938
-1388 7055
-1388 5096
-1388 -2976
-1388 -8197
-1388 -8996
-1388 8767
-1388 -6054
-1388 -1354
-1388 7196
-1388 7452
-1388 -5189
-1388 -6043
-1388 -3007
-1388 -9795
-1388 -2797
-1388 613
-1388 -4959
-1388 6546
-1388 351
-1388 -285
-1388 -3036
-1388 831
-1388 -7291
-1388 8647
-1388 5601
-1388 -6652
-1388 230
-1388 -3785
-1388 -7139
-1388 -7521
-1388 4965
-1388 8861
-1388 -3903
-1388 -4562
-1388 -8617
-1388 -6750
-1388 -3116
-1388 -7424
-1388 7844
-1388 2881
-1388 789
-1388 -1227
-1388 -1676
-1388 256
-1388 -8001
-1388 -6537
-1388 3540
-1388 -7920
-1388 -3681
-1388 -8182
-1388 6974
-1388 -8637
-1388 1382
-1388 608
-1388 -9681
-1388 2608
-1388 1828
-1388 6693
-1388 4964
-1388 9845
-1388 -516
-1388 -154
-1388 2873
-1388 -5459
-1388 4115
-1388 -2501
-1388 832
-1388 -3464
-1388 -6103
-1388 -1532
-1388 -3842
-1388 -9893
-1388 -3810
-1388 5046
-1388 6493
-1388 1536
-1388 -1158
-1388 7712
-1388 -1539
-1388 7883
-1388 -1664
-1388 -7211
-1388 5005
-1388 -4890
-1388 -4378
-1388 5907
-1388 9603
-1388 -9911
-1388 9924
-1388 -3734
-1388 -7450
-1388 -617
-1388 -4882
-1388 1766
-1388 7319
-1388 190
-1388 -5238
-1388 4916
-1388 -8617
-1388 -7094
-1388 6614
-1388 -1743
-1388 9160
-1388 -3918
-1388 7793
-1388 8507
-1388 5665
-1388 2154
-1388 -5145
-1388 -4675
-1388 7700
-1388 -6898
-1388 8772
-1388 6697
-1388 -3819
-1388 -8062
-1388 7552
-1388 4343
-1388 -2721
-1388 2301
-1388 2518
-1388 3297
-1388 2318
-1388 -4501
-1388 1261
-1388 -810
-1388 -2620
-1388 9297
-1388 -843
-1388 -2412
-1388 -4216
-1388 4168
-1388 -2949
-1388 9705
-1388 -9039
-1388 -9638
-1388 8826
-1388 2020
-1388 -5195
-1388 -2993
-1388 -212
-1388 -9655
-1388 4451
-1388 7814
-1388 9809
-1388 -9546
-1388 -6451
-1388 -9036
-1388 -5033
-1388 -3628
-1388 6646
-1388 -3724
-1388 8917
-1388 8591
-1388 1841
-1388 6459
-1388 -3912
-1388 -5597
-1388 -9609
-1388 9560
-1388 1361
-1388 -7200
-1388 3573
-1388 -8721
-1388 -1031
-1388 4986
-1388 -5518
-1388 -8777
-1388 2995
-1388 -6520
-1388 -292
-1388 7527
-1388 3724
-1388 6975
-1388 9552
-1388 -5281
-1388 9430
-1388 3963
-1388 2520
-1388 234
-1388 3491
-1388 -7803
-1388 1516
-1388 -410
-1388 -8773
-1388 -7697
-1388 2276
-1388 -4805
-1388 907
-1388 8895
-1388 -4392
-1388 5008
-1388 786
-1388 7124
-1388 -4290
-1388 -54
-1388 -4006
-1388 -4987
-1388 2796
-1388 5544
-1388 634
-1388 -8551
-1388 -1129
-1388 6029
-1388 -9747
-1388 2114
-1388 -3284
-1388 7952
-1388 -1774
-1388 2690
-1388 5306
-1388 1794
-1388 4767
-1388 -7737
-1388 -904
-1388 2284
-1388 4352
-1388 7053
-1388 1877
-1388 -7600
-1388 -7092
-1388 1455
-1388 9896
-1388 -5130
-1388 3349
-1388 -4075
-1388 -4406
-1388 -9903
-1388 5753
-1388 4014
-1388 -2970
-1388 1505
-1388 830
-1388 1240
-1388 6890
-1388 7404
-1388 -7292
-1388 3693
-1388 5644
-1388 4212
-1388 -9456
-1388 9355
-1388 -9117
-1388 9128
-1388 -5799
-1388 -7634
-1388 -303
-1388 1373
-1388 -6827
-1388 5267
-1388 -360
-1388 -9113
-1388 -2154
-1388 5573
-1388 -3101
-1388 7053
-1388 3113
-1388 3911
-1388 2077
-1388 -6222
-1388 -1181
-1388 667
-1388 -2537
-1388 -1891
-1388 2492
-1388 -3093
-1388 -6248
-1388 7319
-1388 -3376
-1388 6212
-1388 5310
-1388 -9787
-1388 -5800
-1388 1859
-1388 9709
-1388 -3584
-1388 -9942
-1388 7901
-1388 -1353
-1388 5657
-1388 -6677
-1388 9329
-1388 -49
-1388 -7584
-1388 -7784
-1388 8802
-1388 -4619
-1388 -3825
-1388 2037
-1388 -1636
-1388 -8806
-1388 -4870
-1388 -2367
-1388 3051
-1388 7174
-1388 819
-1388 1135
-1388 -1494
-1388 1813
-1388 -9582
-1388 8366
-1388 664
-1388 1439
-1388 4137
-1388 -6762
-1388 -7882
-1388 3108
-1388 7683
-1388 2514
-1388 -7236
-1388 2743
-1388 -7074
-1388 -7306
-1388 -2475
-1388 -6275
-1388 8488
-1388 -6659
-1388 -2433
-1388 -1245
-1388 -8047
-1388 -7064
-1388 -1754
-1388 -2961
-1388 -2551
-1388 9367
-1388 -4462
-1388 -3652
-1388 1473
-1388 9417
-1388 -4782
-1388 8299
-1388 -8229
-1388 4722
-1388 7150
-1388 7635
-1388 -6223
-1388 -8354
-1388 -790
-1388 8333
-1388 -9453
-1388 5599
-1388 -2387
-1388 531
-1388 -8935
-1388 -8056
-1388 9938
-1388 2441
-1388 6110
-1388 5123
-1388 -8987
-1388 -7063
-1388 -5632
-1388 -9060
-1388 6756
-1388 -9880
-1388 -1564
-1388 -2894
-1388 -5463
-1388 9303
-1388 -5409
-1388 -9144
-1388 -2068
-1388 -1457
-1388 3311
-1388 550
-1388 -6333
-1388 8963
-1388 -9518
-1388 -7727
-1388 -7122
-1388 -9161
-1388 6358
-1388 -8798
-1388 -7664
-1388 2467
-1388 7042
-1388 6779
-1388 -3637
-1388 -4472
-1388 595
-1388 -8956
-1388 927
-1388 -7192
-1388 -9450
-1388 -9262
-1388 -14
-1388 6564
-1388 2925
-1388 -771
-1388 -1921
-1388 2056
-1388 -3176
-1388 4203
-1388 8207
-1388 -4624
-1388 -7874
-1388 3649
-1388 2194
-1388 -4182
-1388 -5019
-1388 70
-1388 -510
-1388 -8688
-1388 -9494
-1388 5055
-1388 8111
-1388 1232
-1388 -6978
-1388 7023
-1388 5346
-1388 -5650
-1388 -1745
-1388 8758
-1388 3734
-1388 -1021
-1388 2506
-1388 354
-1388 -4082
-1388 103
-1388 1321
-1388 5380
-1388 -1153
-1388 3937
-1388 -9526
-1388 4375
-1388 1359
-1388 -6837
-1388 8440
-1388 7301
-1388 -5714
-1388 5701
-1388 -1513
-1388 4145
-1388 113
-1388 2920
-1388 -2651
-1388 3005
-1388 -1266
-1388 -3178
-1388 -8618
-1388 3665
-1388 8517
-1388 -2363
-1388 2058
-1388 4199
-1388 9625
-1388 903
-1388 9540
-1388 8136
-1388 7935
-1388 6260
-1388 5030
-1388 2575
-1388 411
-1388 531
-1388 3895
-1388 6983
-1388 9500
-1388 -3192
-1388 -8820
-1388 7125
-1388 9840
-1388 2642
-1388 8372
-1388 4925
-1388 -6874
-1388 -9105
-1388 -9967
-1388 4725
-1388 -7869
-1388 -4582
-1388 566
-1388 -7578
-1388 -5148
-1388 -7185
-1388 -4900
-1388 6908
-1388 -1957
-1388 861
-1388 -333
-1388 7050
-1388 1399
-1388 9505
-1388 9566
-1388 -2388
-1388 671
-1388 -291
-1388 -4561
-1388 4268
-1388 8376
-1388 8132
-1388 -7349
-1388 2918
-1388 5078
-1388 7433
-1388 3155
-1388 804
-1388 -7112
-1388 -755
-1388 -4111
-1388 5939
-1388 -8281
-1388 -3081
-1388 8624
-1388 -2099
-1388 5899
-1388 -4695
-1388 6688
-1388 -5479
-1388 -2909
-1388 -8624
-1388 -9878
-1388 9938
-1388 -8816
-1388 -3277
-1388 -4884
-1388 -5297
-1388 -6860
-1388 -3853
-1388 245
-1388 -6259
-1388 -2667
-1388 6263
-1388 7221
-1388 6883
-1388 3990
-1388 2268
-1388 -268
-1388 -3894
-1388 -6551
-1388 -3568
-1388 3964
-1388 3945
-1388 -8668
-1388 3726
-1388 8055
-1388 -153
-1388 7433
-1388 -148
-1388 8523
-1388 -1791
-1388 4950
-1388 2381
-1388 -8413
-1388 2789
-1388 -4741
-1388 -2202
-1388 -4276
-1388 1814
-1388 313
-1388 -5461
-1388 3643
-1388 5199
-1388 -360
-1388 -992
-1388 5878
-1388 3687
-1388 -5944
-1388 -7196
-1388 129
-1388 -1046
-1388 4994
-1388 -7651
-1388 -72
-1388 1076
-1388 -6495
-1388 2173
-1388 -1755
-1388 4364
-1388 7792
-1388 -1757
-1388 -8026
-1388 -2123
-1388 -5696
-1388 6890
-1388 9023
-1388 5299
-1388 1463
-1388 5988
-1388 7268
-1388 4832
-1388 5087
-1388 -1589
-1388 1788
-1388 -34
-1388 -3027
-1388 9753
-1388 588
-1388 6755
-1388 -8971
-1388 5572
-1388 2645
-1388 -7344
-1388 7034
-1388 3441
-1388 -6802
-1388 6967
-1388 -3183
-1388 -9735
-1388 4558
-1388 5055
-1388 9359
-1388 4232
-1388 -196
-1388 -1671
-1388 217
-1388 5789
-1388 222
-1388 -2885
-1388 3907
-1388 5054
-1388 -9006
-1388 1694
-1388 -6766
-1388 -7672
-1388 9548
-1388 1018
-1388 -7177
-1388 -4309
-1388 1234
-1388 -1622
-1388 7046
-1388 -481
-1388 -3991
-1388 -9937
-1388 7140
-1388 6955
-1388 915
-1388 -8647
-1388 4504
-1388 -5244
-1388 683
-1388 3507
-1388 4005
-1388 -6102
-1388 4761
-1388 9832
-1388 3768
-1388 7718
-1388 6553
-1388 -815
-1388 300
-1388 6587
-1388 -1994
-1388 9870
-1388 556
-1388 4804
-1388 2318
-1388 2125
-1388 4871
-1388 -4245
-1388 -4809
-1388 -7521
-1388 -7436
-1388 -5980
-1388 9958
-1388 299
-1388 -6616
-1388 -2309
-1388 -8277
-1388 -6763
-1388 -3478
-1388 -39
-1388 9621
-1388 -674
-1388 -1913
-1388 -5147
-1388 -4805
-1388 -662
-1388 1128
-1388 -995
-1388 7089
-1388 -1450
-1388 -4413
-1388 -814
-1388 -8597
-1388 3945
-1388 -5528
-1388 -3946
-1388 -2734
-1388 -7153
-1388 -5036
-1388 2157
-1388 -9534
-1388 -4649
-1388 2632
-1388 4789
-1388 3253
-1388 -7944
-1388 543
-1388 25
-1388 7498
-1388 2491
-1388 -2403
-1388 4500
-1388 1422
-1388 -4590
-1388 -1433
-1388 -1349
-1388 7610
-1388 -962
-1388 -6561
-1388 4381
-1388 -6818
-1388 -9539
-1388 -6091
-1388 3035
-1388 -6091
-1388 4048
-1388 -2649
-1388 8629
-1388 8511
-1388 266
-1388 -6866
-1388 6074
-1388 -7191
-1388 119
-1388 6087
-1388 -3391
-1388 -4889
-1388 1852
-1388 3411
-1388 -1831
-1388 1746
-1388 2989
-1388 1069
-1388 3832
-1388 9783
-1388 3157
-1388 -8807
-1388 -8721
-1388 1979
-1388 -5988
-1388 -4384
-1388 8545
-1388 7424
-1388 9498
-1388 5027
-1388 1522
-1388 -1710
-1388 5826
-1388 9420
-1388 -5292
-1388 -7985
-1388 -6954
-1388 -3747
-1388 -9294
-1388 -3111
-1388 -1863
-1388 7536
-1388 157
-1388 -9498
-1388 8767
-1388 6535
-1388 8175
-1388 5839
-1388 -7710
-1388 -4423
-1388 842
-1388 8305
-1388 -1101
-1388 7807
-1388 5501
-1388 -7956
-1388 -8203
-1388 -6563
-1388 6691
-1388 -5125
-1388 1518
-1388 -3368
-1388 -2347
-1388 -2208
-1388 4862
-1388 8357
-1388 -3279
-1388 -6796
-1388 4357
-1388 -1036
-1388 5856
-1388 1101
-1388 -6271
-1388 -495
-1388 -5948
-1388 9993
-1388 1038
-1388 -8784
-1388 9376
-1388 9020
-1388 -910
-1388 8375
-1388 1927
-1388 -3609
-1388 -3791
-1388 7127
-1388 -9922
-1388 -3981
-1388 -4335
-1388 -4090
-1388 -7507
-1388 1449
-1388 8769
-1388 6081
-1388 -3024
-1388 609
-1388 7771
-1388 -7019
-1388 4595
-1388 1132
-1388 -7654
-1388 -2656
-1388 7936
-1388 8679
-1388 3952
-1388 92
-1388 -9386
-1388 -2024
-1388 2661
-1388 -4131
-1388 6787
-1388 -9238
-1388 4066
-1388 671
-1388 -7692
-1388 6399
-1388 1953
-1388 -9326
-1388 -4384
-1388 -3238
-1388 -4226
-1388 8678
-1388 6939
-1388 1362
-1388 8949
-1388 5830
-1388 -7488
-1388 1904
-1388 -4869
-1388 -9198
-1388 -5124
-1388 -4166
-1388 3117
-1388 -1027
-1388 -935
-1388 -9837
-1388 -7986
-1388 9227
-1388 -2888
-1388 -996
-1388 726
-1388 -9039
-1388 4116
-1388 3669
-1388 -1346
-1388 -2186
-1388 -2467
-1388 -5026
-1388 -6354
-1388 9469
-1388 1903
-1388 -2919
-1388 -8986
-1388 1350
-1388 7204
-1388 2479
-1388 -6940
-1388 -7231
-1388 -9489
-1388 3847
-1388 3804
-1388 1803
-1388 6200
-1388 4572
-1388 -5617
-1388 -2839
-1388 -1638
-1388 -1183
-1388 3368
-1388 9334
-1388 -2937
-1388 8378
-1388 -1311
-1388 -6551
-1388 7941
-1388 3806
-1388 4132
-1388 -9420
-1388 7834
-1388 -9600
-1388 -9078
-1388 8944
-1388 -4750
-1388 -2417
-1388 -7033
-1388 683
-1388 -4374
-1388 -3533
-1388 -3058
-1388 5878
-1388 5720
-1388 -4612
-1388 -6745
-1388 6007
-1388 9079
-1388 5246
-1388 9453
-1388 8504
-1388 -2515
-1388 -8595
-1388 319
-1388 3940
-1388 2343
-1388 4248
-1388 855
-1388 5886
-1388 -1369
-1388 -2238
-1388 9661
-1388 5709
-1388 6900
-1388 2652
-1388 3593
-1388 -8533
-1388 -3034
-1388 -7616
-1388 -3577
-1388 -3930
-1388 -9489
-1388 -8422
-1388 599
-1388 1786
-1388 3440
-1388 -7210
-1388 6696
-1388 -9442
-1388 3190
-1388 -2332
-1388 -1013
-1388 1809
-1388 -6694
-1388 -2008
-1388 2961
-1388 7796
-1388 9391
-1388 -4198
-1388 -5579
-1388 -7341
-1388 -8878
-1388 -1953
-1388 4592
-1388 8038
-1388 -2889
-1388 -2932
-1388 901
-1388 7394
-1388 4700
-1388 -4927
-1388 -7580
-1388 -4227
-1388 -9315
-1388 4759
-1388 9015
-1388 4248
-1388 521
-1388 6369
-1388 -8736
-1388 -2980
-1388 -9376
-1388 -1147
-1388 6594
-1388 4627
-1388 -1153
-1388 -9280
-1388 2418
-1388 6913
-1388 -1626
-1388 -1164
-1388 1392
-1388 3844
-1388 7270
-1388 -456
-1388 -7309
-1388 672
-1388 8854
-1388 -1904
-1388 9640
-1388 2009
-1388 6835
-1388 -1452
-1388 6025
-1388 9556
-1388 -6698
-1388 -8717
-1388 -8286
-1388 317
-1388 -2014
-1388 -9289
-1388 6919
-1388 -5047
-1388 -9254
-1388 1265
-1388 7038
-1388 8668
-1388 -2058
-1388 9343
-1388 -5912
-1388 -4559
-1388 6582
-1388 7507
-1388 -6607
-1388 1658
-1388 734
-1388 -5810
-1388 -6830
-1388 3901
-1388 2233
-1388 5945
-1388 -9643
-1388 6235
-1388 -5788
-1388 -4934
-1388 -7838
-1388 8472
-1388 -547
-1388 -6999
-1388 3474
-1388 -4158
-1388 -9920
-1388 6924
-1388 3112
-1388 -2030
-1388 970
-1388 6765
-1388 1355
-1388 -9133
-1388 -4957
-1388 9869
-1388 -1130
-1388 -544
-1388 -2594
-1388 6691
-1388 6156
-1388 -906
-1388 328
-1388 -3069
-1388 -8976
-1388 3430
-1388 -7002
-1388 -3531
-1388 9118
-1388 6746
-1388 -6207
-1388 -6516
-1388 7287
-1388 -7738
-1388 4047
-1388 9825
-1388 1062
-1388 5704
-1388 -1746
-1388 -9564
-1388 -3040
-1388 -4269
-1388 7796
-1388 -795
-1388 8585
-1388 4998
-1388 -1460
-1388 -6102
-1388 6477
-1388 436
-1388 5249
-1388 1235
-1388 1179
-1388 -6758
-1388 5079
-1388 -1352
-1388 7379
-1388 -3844
-1388 -3688
-1388 -1843
-1388 7081
-1388 -8986
-1388 -3893
-1388 -3123
-1388 3232
-1388 1135
-1388 3492
-1388 3062
-1388 -5707
-1388 -6986
-1388 786
-1388 7161
-1388 -6704
-1388 6996
-1388 7560
-1388 -5109
-1388 2459
-1388 2249
-1388 -5272
-1388 -7402
-1388 -5650
-1388 -845
-1388 -4456
-1388 -5917
-1388 7343
-1388 5340
-1388 8910
-1388 592
-1388 9332
-1388 -6581
-1388 5926
-1388 7108
-1388 7942
-1388 8820
-1388 -4650
-1388 8513
-1388 970
-1388 3435
-1388 1018
-1388 -3959
-1388 -6676
-1388 1186
-1388 -5210
-1388 9590
-1388 9652
-1388 6726
-1388 -7687
-1388 7921
-1388 3005
-1388 -7048
-1388 -9001
-1388 5985
-1388 4931
-1388 -376
-1388 -1724
-1388 4701
-1388 3514
-1388 6768
-1388 -1859
-1388 1929
-1388 8544
-1388 -6484
-1388 -7472
-1388 -2835
-1388 9399
-1388 -400
-1388 -7834
-1388 615
-1388 5683
-1388 -10000
-1388 -6276
-1388 8557
-1388 -785
-1388 -6667
-1388 7993
-1388 -4871
-1388 -262
-1388 8174
-1388 1229
-1388 -5654
-1388 5355
-1388 553
-1388 -3992
-1388 6682
-1388 7405
-1388 7417
-1388 1077
-1388 -689
-1388 1935
-1388 9551
-1388 123
-1388 -687
-1388 -1418
-1388 7346
-1388 -8277
-1388 1698
-1388 6068
-1388 5266
-1388 -809
-1388 -5106
-1388 8347
-1388 -6814
-1388 7248
-1388 8079
-1388 -4964
-1388 3906
-1388 8923
-1388 -7234
-1388 -9620
-1388 1957
-1388 6088
-1388 7226
-1388 7293
-1388 568
-1388 -1903
-1388 3094
-1388 5826
-1388 4484
-1388 -2727
-1388 2841
-1388 2376
-1388 -1653
-1388 -767
-1388 -8698
-1388 9859
-1388 -4574
-1388 -1636
-1388 -9681
-1388 -893
-1388 3076
-1388 8633
-1388 -7899
-1388 3420
-1388 9987
-1388 -1537
-1388 1987
-1388 9580
-1388 -5853
-1388 2551
-1388 9570
-1388 7256
-1388 -7818
-1388 752
-1388 -7248
-1388 6409
-1388 -285
-1388 -3605
-1388 -3734
-1388 -8866
-1388 5686
-1388 -1468
-1388 7670
-1388 -292
-1388 -6662
-1388 8980
-1388 -9516
-1388 9248
-1388 -9965
-1388 9981
-1388 -4957
-1388 5201
-1388 -3376
-1388 2927
-1388 8466
-1388 6050
-1388 -9398
-1388 258
-1388 6011
-1388 -2460
-1388 -2397
-1388 8626
-1388 5779
-1388 -6191
-1388 6307
-1388 -3684
-1388 3485
-1388 -5889
-1388 5870
-1388 -2326
-1388 -6261
-1388 -7948
-1388 -8171
-1388 -8990
-1388 7920
-1388 -3798
-1388 7518
-1388 -7445
-1388 4290
-1388 -539
-1388 -79
-1388 -616
-1388 224
-1388 -4438
-1388 -7061
-1388 -5223
-1388 8251
-1388 788
-1388 5097
-1388 -7914
-1388 -1578
-1388 3651
-1388 -5035
-1388 -747
-1388 -4229
-1388 2355
-1388 -153
-1388 8561
-1388 -6756
-1388 762
-1388 570
-1388 -4171
-1388 -1904
-1388 -2075
-1388 3520
-1388 6362
-1388 -3354
-1388 1487
-1388 5086
-1388 -2180
-1388 -8146
-1388 -4590
-1388 1588
-1388 5815
-1388 9226
-1388 -2190
-1388 348
-1388 3977
-1388 -5832
-1388 -7891
-1388 -5284
-1388 -5906
-1388 -1121
-1388 -2031
-1388 4375
-1388 6836
-1388 -7509
-1388 1486
-1388 -7884
-1388 7669
-1388 -8352
-1388 -9083
-1388 8158
-1388 4603
-1388 8193
-1388 -5457
-1388 -6592
-1388 6085
-1388 -7905
-1388 -8924
-1388 -2286
-1388 -4783
-1388 -1906
-1388 884
-1388 4705
-1388 -3113
-1388 -4361
-1388 6007
-1388 8192
-1388 6304
-1388 3377
-1388 -837
-1388 7167
-1388 2579
-1388 2090
-1388 -3491
-1388 2105
-1388 -623
-1388 -3449
-1388 -3051
-1388 1858
-1388 4345
-1388 -6056
-1388 -7729
-1388 4039
-1388 -3182
-1388 -6366
-1388 -8812
-1388 4190
-1388 369
-1388 -3329
-1388 -3554
-1388 -8047
-1388 -7440
-1388 -638
-1388 7836
-1388 -3053
-1388 -7636
-1388 6927
-1388 -9715
-1388 9760
-1388 -1385
-1388 -9118
-1388 -7007
-1388 -2449
-1388 1650
-1388 2285
-1388 465
-1388 -1387
-1388 -2071
-1388 5474
-1388 4813
-1388 -9129
-1388 3295
-1388 8479
-1388 1939
-1388 -7014
-1388 7612
-1388 -6760
-1388 8433
-1388 6983
-1388 6647
-1388 -8099
-1388 6531
-1388 -9281
-1388 7064
-1388 -353
-1388 -2154
-1388 8974
-1388 438
-1388 -8224
-1388 2470
-1388 -8719
-1388 1813
-1388 -7714
-1388 2802
-1388 7929
-1388 -2230
-1388 -3791
-1388 7303
-1388 5544
-1388 7220
-1388 5652
-1388 -5334
-1388 2603
-1388 7367
-1388 7905
-1388 -2240
-1388 -428
-1388 5438
-1388 2421
-1388 4754
-1388 -6123
-1388 -7239
-1388 5201
-1388 -3680
-1388 -2942
-1388 -1383
-1388 -2339
-1388 -6570
-1388 -8117
-1388 5145
-1388 1776
-1388 -408
-1388 -3912
-1388 -5971
-1388 -3361
-1388 8333
-1388 -6248
-1388 6299
-1388 382
-1388 -8391
-1388 -9958
-1388 8690
-1388 9608
-1388 7352
-1388 6271
-1388 -5841
-1388 51
-1388 8311
-1388 8031
-1388 -2072
-1388 -2799
-1388 8322
-1388 1661
-1388 -5136
-1388 -9994
-1388 9561
-1388 4059
-1388 8021
-1388 -1856
-1388 -6569
-1388 8197
-1388 680
-1388 8736
-1388 -1214
-1388 796
-1388 7045
-1388 9529
-1388 -1520
-1388 -6728
-1388 8143
-1388 -387
-1388 1169
-1388 2789
-1388 -4757
-1388 -5129
-1388 -2434
-1388 9068
-1388 2126
-1388 -2605
-1388 7422
-1388 -3552
-1388 -2864
-1388 1327
-1388 8933
-1388 -1062
-1388 -6708
-1388 -2257
-1388 -7856
-1388 2152
-1388 1029
-1388 -8148
-1388 -4278
-1388 -9902
-1388 -6140
-1388 5580
-1388 9202
-1388 -444
-1388 8674
-1388 -2305
-1388 -7291
-1388 -8554
-1388 5540
-1388 1808
-1388 -9014
-1388 -4004
-1388 -6761
-1388 -6111
-1388 4161
-1388 9007
-1388 -3502
-1388 -1842
-1388 9222
-1388 6018
-1388 -9909
-1388 -7311
-1388 6731
-1388 -5025
-1388 -5731
-1388 1206
-1388 1120
-1388 2902
-1388 -4412
-1388 1014
-1388 -3207
-1388 -4962
-1388 -3054
-1388 -5019
-1388 -9612
-1388 -424
-1388 -217
-1388 -1730
-1388 -8287
-1388 5436
-1388 -7575
-1388 -4418
-1388 2325
-1388 -7231
-1388 1864
-1388 -984
-1388 -6499
-1388 2492
-1388 -2248
-1388 -4615
-1388 9912
-1388 -4800
-1388 -8086
-1388 -8511
-1388 -7687
-1388 7938
-1388 -4995
-1388 -2617
-1388 6998
-1388 -5523
-1388 4303
-1388 1066
-1388 4782
-1388 2935
-1388 -668
-1388 -6790
-1388 -1144
-1388 -7983
-1388 8710
-1388 6818
-1388 -144
-1388 -9754
-1388 4923
-1388 851
-1388 1521
-1388 6129
-1388 -3425
-1388 898
-1388 -57
-1388 6505
-1388 -4394
-1388 3340
-1388 -2728
-1388 3729
-1388 9498
-1388 -2035
-1388 -8713
-1388 -4809
-1388 4276
-1388 -9603
-1388 -4811
-1388 -1239
-1388 -6711
-1388 -7290
-1388 -6793
-1388 6974
-1388 -295
-1388 -8077
-1388 9271
-1388 -6763
-1388 5314
-1388 -7261
-1388 -3013
-1388 3555
-1388 8178
-1388 -5622
-1388 5799
-1388 -887
-1388 7497
-1388 8498
-1388 530
-1388 8898
-1388 -1935
-1388 -2388
-1388 -417
-1388 6077
-1388 -3236
-1388 -3243
-1388 -5628
-1388 -6149
-1388 -481
-1388 -2930
-1388 7338
-1388 -1972
-1388 7422
-1388 6590
-1388 3195
-1388 -3200
-1388 -506
-1388 -3845
-1388 -9395
-1388 -6843
-1388 -1118
-1388 5890
-1388 -1598
-1388 8706
-1388 15
-1388 753
-1388 5732
-1388 -6247
-1388 4333
-1388 4126
-1388 -2397
-1388 2
-1388 -8327
-1388 5891
-1388 -9766
-1388 176
-1388 7991
-1388 8528
-1388 -583
-1388 -892
-1388 9451
-1388 -427
-1388 1651
-1388 -2063
-1388 9077
-1388 6410
-1388 -7660
-1388 -1211
-1388 -774
-1388 5303
-1388 9349
-1388 -6105
-1388 -4434
-1388 -5503
-1388 1230
-1388 509
-1388 -546
-1388 -7483
-1388 4124
-1388 7646
-1388 843
-1388 1568
-1388 5526
-1388 2820
-1388 9933
-1388 1832
-1388 -2665
-1388 3507
-1388 -4785
-1388 -7920
-1388 9252
-1388 7246
-1388 7978
-1388 -1763
-1388 22
-1388 -1377
-1388 1582
-1388 -9649
-1388 7305
-1388 -8415
-1388 1436
-1388 -2016
-1388 -906
-1388 4395
-1388 3821
-1388 -2252
-1388 -452
-1388 -5968
-1388 943
-1388 3528
-1388 3236
-1388 4764
-1388 -6772
-1388 1648
-1388 5023
-1388 658
-1388 -2056
-1388 4773
-1388 -6993
-1388 -5141
-1388 8890
-1388 2823
-1388 6350
-1388 8410
-1388 -488
-1388 -8572
-1388 -7897
-1388 9850
-1388 8584
-1388 7097
-1388 -8384
-1388 1806
-1388 -8779
-1388 8727
-1388 917
-1388 2479
-1388 4492
-1388 -8086
-1388 303
-1388 7699
-1388 9101
-1388 8866
-1388 -6635
-1388 4982
-1388 2258
-1388 -8576
-1388 4601
-1388 6324
-1388 3635
-1388 7498
-1388 7175
-1388 -9291
-1388 -7602
-1388 4334
-1388 8297
-1388 -7932
-1388 -9343
-1388 -312
-1388 -56
-1388 -1577
-1388 -607
-1388 1308
-1388 -5148
-1388 -6499
-1388 -1186
-1388 -4590
-1388 -5911
-1388 6134
-1388 -9391
-1388 621
-1388 1367
-1388 -9177
-1388 6801
-1388 1977
-1388 -7992
-1388 -8477
-1388 1892
-1388 -7229
-1388 -9822
-1388 7852
-1388 8216
-1388 -3168
-1388 8788
-1388 8745
-1388 -8988
-1388 -9484
-1388 -4124
-1388 -3582
-1388 -4892
-1388 -4587
-1388 -5008
-1388 3913
-1388 -3995
-1388 8988
-1388 -7398
-1388 7685
-1388 1505
-1388 7888
-1388 6937
-1388 -1506
-1388 -5753
-1388 4354
-1388 -5950
-1388 8035
-1388 -1050
-1388 887
-1388 1609
-1388 6189
-1388 -2166
-1388 6596
-1388 5185
-1388 3965
-1388 211
-1388 7880
-1388 8850
-1388 -1953
-1388 7635
-1388 -7103
-1388 2964
-1388 2335
-1388 9856
-1388 4380
-1388 9491
-1388 6622
-1388 -5847
-1388 -326
-1388 -503
-1388 -3954
-1388 -7433
-1388 -3426
-1388 -7760
-1388 -2652
-1388 -2584
-1388 9628
-1388 -4876
-1388 9879
-1388 7551
-1388 8647
-1388 1269
-1388 4287
-1388 -214
-1388 1868
-1388 -5520
-1388 -8604
-1388 -5403
-1388 -275
-1388 1741
-1388 6630
-1388 -7533
-1388 3206
-1388 -3074
-1388 4947
-1388 -2898
-1388 -4708
-1388 -2365
-1388 1747
-1388 3846
-1388 3665
-1388 5840
-1388 1609
-1388 9080
-1388 2938
-1388 -7863
-1388 9533
-1388 5107
-1388 1333
-1388 -883
-1388 279
-1388 -7089
-1388 -3990
-1388 1716
-1388 -3373
-1388 -524
-1388 -8562
-1388 8743
-1388 7239
-1388 -1100
-1388 -2795
-1388 -5726
-1388 9404
-1388 4020
-1388 2976
-1388 -7157
-1388 -3937
-1388 -2732
-1388 -4109
-1388 9326
-1388 8853
-1388 3192
-1388 -4659
-1388 3552
-1388 -8043
-1388 -5096
-1388 4935
-1388 -1390
-1388 9029
-1388 -7515
-1388 514
-1388 -3357
-1388 8140
-1388 -2467
-1388 -8034
-1388 -9477
-1388 8406
-1388 5151
-1388 -6779
-1388 3475
-1388 -4181
-1388 -1243
-1388 3875
-1388 -4909
-1388 -616
-1388 -4744
-1388 -8066
-1388 5180
-1388 -853
-1388 -4958
-1388 9630
-1388 -5032
-1388 2227
-1388 1280
-1388 9183
-1388 -1228
-1388 5857
-1388 -2277
-1388 -6714
-1388 2996
-1388 -641
-1388 -4190
-1388 -1127
-1388 -2454
-1388 5192
-1388 -3592
-1388 7970
-1388 2554
-1388 789
-1388 -256
-1388 -4724
-1388 2041
-1388 -5038
-1388 -4304
-1388 3359
-1388 9855
-1388 -6576
-1388 311
-1388 -1793
-1388 3837
-1388 6528
-1388 -5897
-1388 -6053
-1388 -9921
-1388 -1017
-1388 6996
-1388 5458
-1388 -4142
-1388 -6937
-1388 -8830
-1388 5277
-1388 2610
-1388 6529
-1388 -7368
-1388 -7654
-1388 -3158
-1388 5068
-1388 -9588
-1388 -5688
-1388 8878
-1388 2863
-1388 3285
-1388 5453
-1388 -115
-1388 7476
-1388 9143
-1388 88
-1388 -5176
-1388 -2121
-1388 8182
-1388 -6782
-1388 -1330
-1388 -5406
-1388 4
-1388 -6622
-1388 5390
-1388 8336
-1388 3557
-1388 8136
-1388 5901
-1388 -5773
-1388 -4944
-1388 -4566
-1388 -953
-1388 -9726
-1388 -3190
-1388 -932
-1388 -5060
-1388 3448
-1388 -4093
-1388 4183
-1388 5109
-1388 -6258
-1388 -5450
-1388 7612
-1388 7080
-1388 7199
-1388 6361
-1388 8075
-1388 -7130
-1388 1788
-1388 -9196
-1388 -3745
-1388 4405
-1388 -3532
-1388 6863
-1388 -1728
-1388 -4125
-1388 4875
-1388 7569
-1388 850
-1388 -5448
-1388 -9358
-1388 5134
-1388 1400
-1388 2850
-1388 -9533
-1388 5511
-1388 -316
-1388 4836
-1388 7454
-1388 -5777
-1388 -4566
-1388 -8548
-1388 -5814
-1388 -8502
-1388 -3432
-1388 -7465
-1388 -2510
-1388 -7341
-1388 -5379
-1388 -9822
-1388 -44
-1388 -9627
-1388 -2475
-1388 -3903
-1388 -5239
-1388 -7796
-1388 4883
-1388 -1289
-1388 -2059
-1388 2381
-1388 5631
-1388 -8865
-1388 3989
-1388 -9825
-1388 -9191
-1388 -44
-1388 6079
-1388 7191
-1388 -6367
-1388 -7409
-1388 -2554
-1388 -64
-1388 748
-1388 7903
-1388 9304
-1388 -8518
-1388 4368
-1388 7523
-1388 -368
-1388 8086
-1388 8512
-1388 -135
-1388 3947
-1388 8478
-1388 -7069
-1388 -7761
-1388 -4146
-1388 6921
-1388 -9994
-1388 -7538
-1388 -5547
-1388 -3394
-1388 -2589
-1388 -3931
-1388 -5620
-1388 5718
-1388 -4461
-1388 5290
-1388 1879
-1388 -9434
-1388 -5195
-1388 685
-1388 -8848
-1388 -9842
-1388 3411
-1388 -2005
-1388 5435
-1388 -103
-1388 8380
-1388 4580
-1388 -2978
-1388 793
-1388 903
-1388 474
-1388 7794
-1388 -8343
-1388 -3529
-1388 -4340
-1388 7834
-1388 -5960
-1388 -5886
-1388 -9110
-1388 -4549
-1388 -8482
-1388 6391
-1388 6511
-1388 -8272
-1388 664
-1388 3753
-1388 -9528
-1388 5560
-1388 6940
-1388 -4794
-1388 -2308
-1388 -8051
-1388 -8951
-1388 4655
-1388 5457
-1388 -1451
-1388 -4080
-1388 -9481
-1388 8569
-1388 1251
-1388 2769
-1388 -8846
-1388 -1566
-1388 -3268
-1388 -2748
-1388 -917
-1388 9177
-1388 7290
-1388 -1749
-1388 -6390
-1388 2133
-1388 565
-1388 6406
-1388 -3316
-1388 -257
-1388 -6760
-1388 -2381
-1388 -2117
-1388 -7302
-1388 8282
-1388 133
-1388 4664
-1388 8194
-1388 5241
-1388 6292
-1388 -5850
-1388 1741
-1388 6761
-1388 -2701
-1388 1640
-1388 3198
-1388 9398
-1388 -6564
-1388 2537
-1388 -1919
-1388 -6232
-1388 6605
-1388 -9795
-1388 -9784
-1388 -1590
-1388 5322
-1388 8551
-1388 9747
-1388 5910
-1388 -2535
-1388 7481
-1388 7772
-1388 269
-1388 9103
-1388 6633
-1388 8261
-1388 -6577
-1388 -2238
-1388 9514
-1388 -1757
-1388 -7038
-1388 9713
-1388 -903
-1388 36
-1388 -8784
-1388 7392
-1388 -5652
-1388 729
-1388 4491
-1388 -8961
-1388 -7750
-1388 121
-1388 8485
-1388 -50
-1388 2767
-1388 -8019
-1388 -2214
-1388 7782
-1388 -7636
-1388 6750
-1388 5285
-1388 -4731
-1388 222
-1388 5439
-1388 824
-1388 -6444
-1388 7846
-1388 -379
-1388 9982
-1388 -8736
-1388 6430
-1388 2926
-1388 5082
-1388 3203
-1388 -4384
-1388 -9989
-1388 -5380
-1388 -1354
-1388 -6822
-1388 -4805
-1388 9538
-1388 -1227
-1388 2196
-1388 1085
-1388 -1348
-1388 -590
-1388 -5403
-1388 8727
-1388 4106
-1388 -6415
-1388 7392
-1388 5654
-1388 9547
-1388 5883
-1388 2427
-1388 -3276
-1388 -8865
-1388 8928
-1388 8074
-1388 1273
-1388 842
-1388 1606
-1388 -4558
-1388 -6115
-1388 -9283
-1388 -7547
-1388 -8229
-1388 -7602
-1388 7316
-1388 546
-1388 1229
-1388 -643
-1388 2351
-1388 1993
-1388 5713
-1388 -7565
-1388 952
-1388 1407
-1388 -5211
-1388 -6001
-1388 -8947
-1388 5319
-1388 8478
-1388 -4128
-1388 4300
-1388 1898
-1388 3426
-1388 -4642
-1388 -8032
-1388 -375
-1388 8850
-1388 -5949
-1388 -654
-1388 -6480
-1388 8337
-1388 -8979
-1388 2994
-1388 -9976
-1388 -7812
-1388 -6018
-1388 6828
-1388 -8467
-1388 1394
-1388 -2503
-1388 1718
-1388 7239
-1388 -9709
-1388 -7209
-1388 -1364
-1388 3536
-1388 11
-1388 3020
-1388 9498
-1388 4918
-1388 2764
-1388 8291
-1388 -6521
-1388 -7268
-1388 5970
-1388 -9712
-1388 -2955
-1388 702
-1388 -9533
-1388 -4577
-1388 2253
-1388 -2377
-1388 9611
-1388 -7913
-1388 -8839
-1388 -1586
-1388 -5525
-1388 2232
-1388 1987
-1388 6213
-1388 -7527
-1388 -8606
-1388 5816
-1388 -8110
-1388 1070
-1388 7786
-1388 -7801
-1388 -2692
-1388 8489
-1388 9628
-1388 -3377
-1388 7536
-1388 -4495
-1388 2446
-1388 -7798
-1388 -5837
-1388 -518
-1388 -8265
-1388 9141
-1388 1383
-1388 238
-1388 -51
-1388 -4640
-1388 5723
-1388 -3795
-1388 -8619
-1388 -5315
-1388 -4798
-1388 -3749
-1388 5927
-1388 -2268
-1388 9581
-1388 16
-1388 290
-1388 -3709
-1388 -951
-1388 3230
-1388 -7644
-1388 -7310
-1388 -3565
-1388 -8714
-1388 6472
-1388 -886
-1388 -3038
-1388 1910
-1388 -1773
-1388 1086
-1388 -9033
-1388 -3987
-1388 -4527
-1388 -8145
-1388 3617
-1388 -6840
-1388 7875
-1388 3854
-1388 8268
-1388 6686
-1388 4936
-1388 -6615
-1388 9231
-1388 -739
-1388 -9071
-1388 4340
-1388 -5857
-1388 2507
-1388 -2302
-1388 8234
-1388 -3245
-1388 -4532
-1388 2164
-1388 4242
-1388 -1966
-1388 -8407
-1388 -412
-1388 -8137
-1388 5071
-1388 -9232
-1388 640
-1388 -5745
-1388 1021
-1388 7858
-1388 1413
-1388 8061
-1388 8418
-1388 -6790
-1388 -5485
-1388 2915
-1388 -8318
-1388 -4945
-1388 8807
-1388 -8716
-1388 1212
-1388 8412
-1388 2400
-1388 -3470
-1388 -6808
-1388 -1303
-1388 -1972
-1388 -7523
-1388 866
-1388 -1427
-1388 2585
-1388 -3737
-1388 7692
-1388 -8549
-1388 3573
-1388 -6452
-1388 9025
-1388 -6759
-1388 5245
-1388 -3921
-1388 -5390
-1388 1793
-1388 9520
-1388 2313
-1388 -6562
-1388 -2864
-1388 2343
-1388 -8021
-1388 1857
-1388 2981
-1388 8419
-1388 3557
-1388 1779
-1388 2432
-1388 5544
-1388 7293
-1388 -2922
-1388 2436
-1388 9761
-1388 4909
-1388 -6636
-1388 7965
-1388 -8735
-1388 -6357
-1388 -2245
-1388 128
-1388 6101
-1388 4241
-1388 97
-1388 4711
-1388 8919
-1388 -7875
-1388 -2862
-1388 -4034
-1388 -3406
-1388 -8026
-1388 6856
-1388 -2612
-1388 -3945
-1388 -3518
-1388 -3039
-1388 5241
-1388 -1885
-1388 510
-1388 6218
-1388 8842
-1388 -9620
-1388 -9603
-1388 -1434
-1388 4595
-1388 8224
-1388 5764
-1388 -5834
-1388 9385
-1388 -9616
-1388 -5495
-1388 -3429
-1388 8249
-1388 -6826
-1388 -5650
-1388 4033
-1388 1727
-1388 -8006
-1388 -8519
-1388 4596
-1388 5431
-1388 7714
-1388 1458
-1388 -1934
-1388 2610
-1388 -1334
-1388 -3530
-1388 -4642
-1388 9177
-1388 5771
-1388 9840
-1388 -303
-1388 8860
-1388 -2512
-1388 5594
-1388 -239
-1388 -675
-1388 5114
-1388 2250
-1388 -6
-1388 -438
-1388 -8999
-1388 9786
-1388 -6178
-1388 -6143
-1388 -3750
-1388 7142
-1388 949
-1388 3682
-1388 1924
-1388 -2813
-1388 -5713
-1388 -3019
-1388 7545
-1388 -9829
-1388 -2140
-1388 9978
-1388 -5282
-1388 6431
-1388 -8582
-1388 -8851
-1388 -1539
-1388 2712
-1388 -3019
-1388 -4637
-1388 -9076
-1388 8703
-1388 -1346
-1388 6043
-1388 -6027
-1388 -6099
-1388 -5221
-1388 -45
-1388 6256
-1388 7601
-1388 -9353
-1388 72
-1388 5183
-1388 -9826
-1388 -7471
-1388 7255
-1388 2011
-1388 5855
-1388 9695
-1388 -4625
-1388 -9915
-1388 -3296
-1388 7573
-1388 9900
-1388 3198
-1388 -7890
-1388 -9237
-1388 -1047
-1388 2059
-1388 -6118
-1388 9207
-1388 5163
-1388 -5965
-1388 -1310
-1388 -4760
-1388 -7361
-1388 -633
-1388 -7788
-1388 -7004
-1388 3541
-1388 6857
-1388 -5055
-1388 6535
-1388 9865
-1388 3945
-1388 -5941
-1388 -2029
-1388 -1133
-1388 -6494
-1388 436
-1388 1936
-1388 5794
-1388 6988
-1388 -2806
-1388 5777
-1388 4016
-1388 5774
-1388 2386
-1388 1088
-1388 1865
-1388 -5764
-1388 1920
-1388 4470
-1388 -4434
-1388 7796
-1388 -8613
-1388 7667
-1388 -2575
-1388 -4254
-1388 7342
-1388 -6989
-1388 1018
-1388 -7613
-1388 2736
-1388 2327
-1388 -5731
-1388 1160
-1388 -929
-1388 9292
-1388 -211
-1388 -7258
-1388 7783
-1388 2413
-1388 -4060
-1388 -1144
-1388 -9017
-1388 7103
-1388 2660
-1388 1674
-1388 6807
-1388 9882
-1388 -7470
-1388 4841
-1388 -5259
-1388 6674
-1388 -3682
-1388 7699
-1388 8450
-1388 -7610
-1388 -7983
-1388 -2004
-1388 -7986
-1388 -9915
-1388 -6049
-1388 3824
-1388 -7259
-1388 -1510
-1388 5994
-1388 1192
-1388 -298
-1388 -5740
-1388 -3385
-1388 5956
-1388 -9904
-1388 6753
-1388 -7780
-1388 -6908
-1388 292
-1388 -3433
-1388 9422
-1388 -6423
-1388 7613
-1388 -9912
-1388 2736
-1388 4989
-1388 2027
-1388 -5832
-1388 -3838
-1388 2745
-1388 5865
-1388 3456
-1388 -2259
-1388 -6498
-1388 -6078
-1388 -3556
-1388 -1246
-1388 854
-1388 -1098
-1388 -2889
-1388 2920
-1388 1234
-1388 -1246
-1388 -6851
-1388 -6876
-1388 -8733
-1388 3285
-1388 6995
-1388 -9987
-1388 -3235
-1388 5791
-1388 -9620
-1388 8514
-1388 -1498
-1388 7778
-1388 6791
-1388 8290
-1388 7911
-1388 4562
-1388 -5933
-1388 7839
-1388 1385
-1388 -9991
-1388 3157
-1388 4731
-1388 6220
-1388 7710
-1388 6736
-1388 -5607
-1388 -4143
-1388 -4844
-1388 6127
-1388 -1613
-1388 -2058
-1388 6967
-1388 4606
-1388 3862
-1388 742
-1388 -236
-1388 -2241
-1388 3954
-1388 8605
-1388 -6181
-1388 -1263
-1388 -4230
-1388 7811
-1388 7783
-1388 3240
-1388 -3306
-1388 -8896
-1388 -9342
-1388 6404
-1388 -9535
-1388 806
-1388 -2152
-1388 5880
-1388 -6082
-1388 1722
-1388 -6649
-1388 7565
-1388 -2340
-1388 -2640
-1388 6570
-1388 -8903
-1388 -2213
-1388 3985
-1388 5158
-1388 1519
-1388 4554
-1388 8887
-1388 3320
-1388 -1641
-1388 -4646
-1388 -5186
-1388 -7735
-1388 8886
-1388 -2477
-1388 -1440
-1388 -8013
-1388 1787
-1388 4089
-1388 -4034
-1388 -93
-1388 9685
-1388 -2310
-1388 1508
-1388 5452
-1388 4497
-1388 -7703
-1388 -1379
-1388 -953
-1388 -5408
-1388 4799
-1388 9993
-1388 -8307
-1388 2032
-1388 1590
-1388 -8341
-1388 925
-1388 3820
-1388 1207
-1388 -746
-1388 -6286
-1388 1605
-1388 9402
-1388 1871
-1388 570
-1388 -8578
-1388 -9022
-1388 2491
-1388 -340
-1388 8857
-1388 -5701
-1388 3004
-1388 3336
-1388 1313
-1388 -1012
-1388 8208
-1388 -2311
-1388 5220
-1388 -5206
-1388 -3172
-1388 6487
-1388 2674
-1388 6876
-1388 -9186
-1388 6037
-1388 2061
-1388 -2416
-1388 -6747
-1388 7846
-1388 8303
-1388 -3340
-1388 -5888
-1388 -3103
-1388 -8699
-1388 5738
-1388 -5165
-1388 7257
-1388 9869
-1388 -2505
-1388 -43
-1388 -2765
-1388 -7546
-1388 -2228
-1388 1963
-1388 -6544
-1388 -511
-1388 1680
-1388 -8180
-1388 3711
-1388 -5444
-1388 -7294
-1388 -9675
-1388 -6563
-1388 -6824
-1388 6413
-1388 3214
-1388 -7815
-1388 -6818
-1388 3994
-1388 7119
-1388 -9553
-1388 1826
-1388 -1737
-1388 -1684
-1388 -9059
-1388 -1756
-1388 -5961
-1388 2481
-1388 -9045
-1388 7918
-1388 580
-1388 9134
-1388 1633
-1388 -1863
-1388 -5517
-1388 8077
-1388 -3037
-1388 6510
-1388 5767
-1388 7227
-1388 4113
-1388 -5263
-1388 -3319
-1388 -295
-1388 -6732
-1388 -2236
-1388 7161
-1388 1524
-1388 3793
-1388 -340
-1388 6385
-1388 5135
-1388 5567
-1388 -7063
-1388 379
-1388 -2326
-1388 2482
-1388 64
-1388 8856
-1388 9304
-1388 9684
-1388 -2746
-1388 -7226
-1388 586
-1388 8725
-1388 7124
-1388 -1114
-1388 7900
-1388 -5801
-1388 -849
-1388 -7328
-1388 -3864
-1388 3706
-1388 -3335
-1388 5883
-1388 -6228
-1388 -987
-1388 -584
-1388 -1950
-1388 4335
-1388 -9804
-1388 9729
-1388 -3422
-1388 6222
-1388 683
-1388 8875
-1388 -6411
-1388 -4728
-1388 7214
-1388 7331
-1388 -5572
-1388 -5003
-1388 -5685
-1388 -7092
-1388 -4216
-1388 2912
-1388 7860
-1388 -2203
-1388 3274
-1388 -2246
-1388 7093
-1388 -8614
-1388 -1282
-1388 8062
-1388 5665
-1388 4221
-1388 428
-1388 -4877
-1388 8603
-1388 -8624
-1388 3680
-1388 -1134
-1388 2063
-1388 -4393
-1388 7574
-1388 7583
-1388 -3439
-1388 1032
-1388 1730
-1388 380
-1388 5255
-1388 -9444
-1388 -2876
-1388 5076
-1388 -7817
-1388 5587
-1388 -1387
-1388 8500
-1388 6521
-1388 8152
-1388 8072
-1388 -8243
-1388 -1755
-1388 -2513
-1388 5948
-1388 3378
-1388 -5762
-1388 197
-1388 7971
-1388 2959
-1388 -3034
-1388 -4293
-1388 -5579
-1388 1247
-1388 2461
-1388 -3961
-1388 -7699
-1388 -4744
-1388 -892
-1388 6733
-1388 3603
-1388 860
-1388 -242
-1388 -567
-1388 -7377
-1388 -6727
-1388 6969
-1388 -6828
-1388 4963
-1388 5883
-1388 -383
-1388 -4380
-1388 9055
-1388 -3021
-1388 -3616
-1388 7010
-1388 -2274
-1388 5552
-1388 -6506
-1388 -1178
-1388 2287
-1388 2529
-1388 -4548
-1388 -1894
-1388 -6929
-1388 -5377
-1388 -7056
-1388 1902
-1388 -5364
-1388 386
-1388 -7203
-1388 6053
-1388 744
-1388 689
-1388 3762
-1388 6329
-1388 -692
-1388 -766
-1388 -6830
-1388 9612
-1388 883
-1388 -1997
-1388 354
-1388 7345
-1388 1297
-1388 8190
-1388 3861
-1388 -1056
-1388 2770
-1388 -2781
-1388 3553
-1388 4162
-1388 -8986
-1388 -9085
-1388 -7
-1388 -536
-1388 -7394
-1388 -86
-1388 -9932
-1388 8052
-1388 -6584
-1388 -9448
-1388 -276
-1388 -4332
-1388 -967
-1388 -9831
-1388 1980
-1388 -7429
-1388 -1684
-1388 -3839
-1388 5642
-1388 8290
-1388 -644
-1388 -3339
-1388 -8591
-1388 -9594
-1388 5026
-1388 -5976
-1388 3764
-1388 -6656
-1388 774
-1388 -7047
-1388 -7875
-1388 -1896
-1388 9226
-1388 -9019
-1388 -8120
-1388 5185
-1388 -4051
-1388 -1204
-1388 -8572
-1388 -974
-1388 -4027
-1388 -2616
-1388 9282
-1388 561
-1388 -5789
-1388 -2619
-1388 -3834
-1388 735
-1388 -6629
-1388 9721
-1388 8235
-1388 -2674
-1388 5773
-1388 -9672
-1388 7018
-1388 5890
-1388 -9478
-1388 -1711
-1388 3005
-1388 226
-1388 -8592
-1388 -9326
-1388 8791
-1388 -7454
-1388 2352
-1388 3667
-1388 -662
-1388 -6247
-1388 5274
-1388 996
-1388 4885
-1388 9088
-1388 258
-1388 8066
-1388 841
-1388 -1691
-1388 85
-1388 -7194
-1388 2848
-1388 -5379
-1388 -9416
-1388 9631
-1388 2306
-1388 5719
-1388 -6710
-1388 4917
-1388 -9497
-1388 6506
-1388 6325
-1388 3025
-1388 6421
-1388 -7015
-1388 -3432
-1388 4305
-1388 -1313
-1388 2356
-1388 -1962
-1388 9171
-1388 -9378
-1388 -104
-1388 -166
-1388 -7297
-1388 -7022
-1388 4266
-1388 -9120
-1388 1618
-1388 131
-1388 7512
-1388 6881
-1388 111
-1388 2240
-1388 -9444
-1388 -3301
-1388 8641
-1388 2787
-1388 -3170
-1388 -8600
-1388 -5823
-1388 4756
-1388 6299
-1388 1611
-1388 4046
-1388 -1849
-1388 9511
-1388 2616
-1388 4931
-1388 -2200
-1388 8334
-1388 154
-1388 4409
-1388 3467
-1388 -4001
-1388 -5141
-1388 -6268
-1388 -9556
-1388 4752
-1388 -5037
-1388 -6872
-1388 -8883
-1388 -8686
-1388 4035
-1388 -5555
-1388 3604
-1388 1715
-1388 -3179
-1388 -7714
-1388 4897
-1388 7923
-1388 -2131
-1388 -1190
-1388 2
-1388 -4116
-1388 972
-1388 -699
-1388 4167
-1388 7836
-1388 359
-1388 1796
-1388 5990
-1388 -5842
-1388 -6149
-1388 8371
-1388 -606
-1388 -7203
-1388 -509
-1388 7393
-1388 -9692
-1388 -9127
-1388 7606
-1388 -1274
-1388 5812
-1388 316
-1388 1582
-1388 1367
-1388 7487
-1388 7125
-1388 -6854
-1388 9032
-1388 6539
-1388 7292
-1388 2294
-1388 9670
-1388 3541
-1388 4546
-1388 1770
-1388 7850
-1388 -7575
-1388 8420
-1388 4399
-1388 9519
-1388 -6307
-1388 525
-1388 -7516
-1388 -6628
10000
-10000 10000
10000 -10000
-10000 10000
10000 10000
-10000 -10000
10000 10000
10000 -10000
-10000 -10000
-10000 10000
10000 -10000
-10000 10000
-10000 10000
-10000 -10000
10000 10000
-10000 10000
-10000 10000
-10000 -10000
-10000 -10000
10000 10000
10000 10000
10000 -10000
-10000 -10000
10000 -10000
10000 10000
-10000 10000
-10000 10000
10000 -10000
10000 10000
-10000 -10000
10000 -10000
-10000 -10000
-10000 -10000
-10000 -10000
10000 10000
-10000 10000
10000 10000
-10000 10000
10000 -10000
10000 10000
10000 10000
-10000 -10000
-10000 -10000
-10000 10000
10000 10000
-10000 10000
10000 -10000
10000 -10000
-10000 -10000
-10000 10000
10000 -10000
10000 10000
10000 -10000
-10000 10000
-10000 10000
10000 10000
10000 -10000
-10000 10000
10000 -10000
10000 -10000
-10000 -10000
10000 -10000
10000 -10000
10000 -10000
-10000 -10000
-10000 -10000
10000 -10000
-10000 10000
10000 -10000
-10000 -10000
-10000 10000
10000 10000
-10000 -10000
-10000 -10000
-10000 -10000
10000 10000
10000 -10000
10000 10000
-10000 10000
-10000 -10000
-10000 10000
10000 10000
10000 -10000
-10000 10000
10000 10000
10000 10000
10000 10000
10000 -10000
-10000 10000
10000 -10000
-10000 -10000
-10000 10000
10000 -10000
-10000 10000
10000 10000
10000 10000
10000 10000
-10000 10000
-10000 -10000
-10000 10000
10000 10000
10000 10000
-10000 -10000
10000 -10000
-10000 10000
-10000 10000
10000 -10000
-10000 -10000
10000 -10000
10000 -10000
-10000 10000
-10000 10000
10000 10000
-10000 -10000
10000 -10000
10000 -10000
10000 -10000
10000 10000
-10000 10000
-10000 10000
-10000 10000
-10000 10000
-10000 -10000
-10000 10000
10000 10000
10000 10000
10000 -10000
10000 -10000
10000 -10000
-10000 10000
10000 -10000
10000 -10000
-10000 10000
10000 10000
10000 -10000
-10000 10000
10000 10000
-10000 -10000
-10000 10000
-10000 10000
-10000 10000
10000 10000
10000 -10000
-10000 10000
-10000 10000
10000 -10000
10000 -10000
10000 10000
10000 10000
10000 -10000
10000 -10000
-10000 -10000
-10000 -10000
-10000 10000
-10000 10000
-10000 10000
-10000 10000
-10000 10000
-10000 -10000
-10000 -10000
-10000 -10000
10000 10000
10000 -10000
-10000 -10000
-10000 -10000
-10000 -10000
-10000 10000
-10000 10000
10000 -10000
10000 -10000
10000 -10000
-10000 10000
10000 -10000
10000 10000
10000 -10000
10000 -10000
10000 -10000
-10000 10000
-10000 -10000
-10000 -10000
10000 -10000
10000 -10000
10000 -10000
-10000 -10000
-10000 10000
10000 -10000
-10000 -10000
10000 10000
-10000 -10000
10000 10000
10000 10000
-10000 -10000
-10000 -10000
10000 10000
10000 10000
-10000 -10000
-10000 10000
10000 -10000
10000 10000
-10000 10000
10000 10000
10000 -10000
10000 10000
-10000 -10000
10000 -10000
-10000 -10000
10000 -10000
-10000 -10000
-10000 10000
-10000 10000
-10000 -10000
10000 10000
10000 10000
10000 10000
-10000 -10000
-10000 -10000
10000 -10000
-10000 -10000
-10000 10000
-10000 -10000
10000 -10000
10000 10000
10000 -10000
-10000 -10000
10000 -10000
10000 10000
-10000 -10000
-10000 -10000
10000 -10000
10000 -10000
-10000 10000
10000 -10000
10000 -10000
10000 10000
10000 10000
10000 10000
-10000 10000
10000 10000
-10000 10000
-10000 10000
-10000 10000
-10000 10000
10000 10000
10000 -10000
-10000 10000
10000 -10000
10000 10000
10000 10000
10000 -10000
10000 10000
-10000 -10000
-10000 10000
10000 -10000
10000 10000
10000 10000
10000 -10000
-10000 -10000
10000 10000
10000 -10000
-10000 -10000
-10000 10000
10000 -10000
-10000 -10000
-10000 10000
-10000 -10000
-10000 -10000
-10000 10000
10000 -10000
10000 10000
-10000 -10000
-10000 -10000
10000 10000
-10000 10000
-10000 -10000
-10000 -10000
-10000 10000
-10000 10000
10000 10000
10000 10000
10000 10000
10000 -10000
10000 10000
-10000 10000
10000 10000
-10000 -10000
10000 -10000
10000 -10000
-10000 10000
10000 -10000
-10000 -10000
10000 10000
-10000 -10000
-10000 10000
10000 10000
-10000 10000
10000 10000
10000 10000
-10000 10000
-10000 -10000
-10000 10000
10000 -10000
10000 10000
10000 -10000
10000 -10000
-10000 10000
10000 10000
10000 -10000
-10000 10000
-10000 -10000
10000 -10000
-10000 -10000
-10000 10000
10000 10000
-10000 10000
-10000 10000
10000 10000
10000 10000
10000 10000
-10000 10000
10000 -10000
10000 -10000
-10000 -10000
-10000 -10000
10000 -10000
-10000 10000
-10000 10000
-10000 -10000
-10000 -10000
-10000 10000
-10000 10000
10000 10000
-10000 10000
10000 -10000
-10000 10000
10000 10000
10000 -10000
10000 -10000
10000 10000
10000 10000
-10000 -10000
-10000 -10000
-10000 10000
-10000 10000
10000 10000
10000 10000
-10000 10000
-10000 -10000
-10000 10000
10000 -10000
-10000 -10000
10000 10000
-10000 10000
10000 -10000
10000 -10000
-10000 10000
-10000 -10000
10000 -10000
10000 10000
10000 10000
-10000 -10000
10000 -10000
-10000 -10000
-10000 10000
-10000 -10000
10000 -10000
10000 10000
10000 -10000
10000 -10000
10000 -10000
10000 -10000
-10000 10000
10000 10000
10000 10000
-10000 -10000
-10000 10000
10000 10000
-10000 -10000
-10000 -10000
10000 10000
10000 -10000
10000 -10000
-10000 10000
-10000 10000
10000 10000
10000 10000
10000 10000
10000 10000
-10000 -10000
10000 -10000
10000 -10000
-10000 -10000
10000 -10000
10000 -10000
-10000 10000
10000 10000
-10000 -10000
10000 -10000
-10000 -10000
10000 -10000
-10000 10000
10000 -10000
10000 -10000
-10000 10000
-10000 10000
10000 -10000
-10000 10000
-10000 -10000
10000 10000
-10000 -10000
10000 -10000
10000 10000
-10000 -10000
10000 10000
-10000 -10000
-10000 10000
-10000 10000
-10000 10000
10000 -10000
10000 10000
10000 10000
-10000 -10000
10000 10000
10000 -10000
10000 10000
-10000 -10000
10000 10000
10000 -10000
10000 10000
-10000 10000
-10000 -10000
-10000 10000
-10000 -10000
-10000 10000
10000 10000
10000 10000
10000 10000
-10000 -10000
-10000 -10000
10000 10000
-10000 10000
-10000 10000
10000 -10000
10000 10000
10000 10000
10000 -10000
-10000 -10000
-10000 10000
-10000 -10000
10000 10000
-10000 -10000
-10000 10000
-10000 -10000
-10000 -10000
-10000 10000
-10000 -10000
10000 10000
10000 10000
10000 10000
10000 10000
-10000 10000
-10000 10000
-10000 -10000
-10000 -10000
10000 -10000
-10000 10000
10000 10000
10000 -10000
-10000 10000
10000 10000
-10000 -10000
10000 10000
10000 -10000
10000 10000
-10000 10000
-10000 -10000
-10000 -10000
10000 -10000
10000 -10000
10000 10000
-10000 -10000
-10000 -10000
10000 -10000
10000 10000
-10000 10000
10000 10000
10000 10000
-10000 -10000
10000 10000
-10000 10000
10000 10000
-10000 10000
10000 -10000
10000 10000
10000 -10000
-10000 10000
-10000 10000
10000 10000
10000 -10000
10000 -10000
-10000 10000
-10000 -10000
10000 10000
-10000 10000
10000 10000
10000 -10000
10000 -10000
-10000 -10000
10000 -10000
10000 10000
10000 -10000
10000 10000
-10000 -10000
-10000 10000
10000 -10000
-10000 10000
10000 10000
-10000 10000
10000 -10000
-10000 -10000
10000 -10000
-10000 10000
-10000 10000
-10000 -10000
10000 -10000
10000 -10000
-10000 -10000
10000 -10000
10000 -10000
-10000 10000
10000 -10000
-10000 10000
10000 10000
10000 -10000
10000 10000
10000 10000
-10000 10000
10000 10000
10000 10000
-10000 -10000
10000 10000
10000 -10000
-10000 10000
10000 -10000
10000 -10000
10000 -10000
10000 10000
-10000 -10000
-10000 -10000
-10000 10000
-10000 -10000
-10000 10000
-10000 -10000
10000 10000
-10000 10000
10000 10000
-10000 10000
10000 -10000
-10000 10000
10000 10000
-10000 -10000
-10000 10000
10000 10000
-10000 -10000
-10000 10000
-10000 10000
10000 -10000
-10000 10000
10000 -10000
-10000 -10000
-10000 -10000
10000 -10000
10000 10000
10000 10000
10000 10000
-10000 -10000
10000 -10000
10000 -10000
10000 10000
10000 -10000
10000 -10000
-10000 10000
-10000 -10000
10000 -10000
-10000 10000
-10000 -10000
10000 -10000
10000 -10000
10000 -10000
-10000 -10000
-10000 10000
-10000 10000
10000 -10000
-10000 -10000
-10000 10000
10000 -10000
10000 -10000
10000 10000
10000 -10000
10000 10000
10000 10000
-10000 -10000
-10000 10000
-10000 -10000
-10000 -10000
-10000 10000
10000 -10000
-10000 -10000
-10000 -10000
-10000 10000
10000 -10000
10000 -10000
-10000 10000
10000 10000
-10000 -10000
10000 -10000
10000 -10000
-10000 10000
10000 -10000
-10000 10000
-10000 10000
-10000 10000
-10000 -10000
10000 -10000
-10000 -10000
-10000 10000
10000 10000
10000 -10000
-10000 -10000
-10000 -10000
10000 10000
10000 -10000
10000 10000
10000 -10000
10000 -10000
10000 10000
-10000 -10000
10000 10000
10000 10000
10000 10000
-10000 -10000
10000 10000
10000 10000
-10000 10000
10000 -10000
-10000 -10000
-10000 -10000
10000 -10000
-10000 10000
-10000 -10000
-10000 10000
10000 10000
-10000 10000
-10000 -10000
-10000 -10000
-10000 10000
10000 10000
-10000 -10000
-10000 -10000
-10000 10000
-10000 10000
-10000 10000
10000 -10000
-10000 10000
-10000 -10000
10000 10000
10000 -10000
10000 -10000
-10000 10000
10000 -10000
-10000 -10000
-10000 10000
10000 10000
10000 -10000
-10000 10000
10000 -10000
10000 10000
-10000 -10000
10000 10000
-10000 -10000
-10000 -10000
-10000 -10000
10000 10000
-10000 -10000
-10000 10000
-10000 10000
-10000 10000
10000 -10000
-10000 -10000
-10000 -10000
10000 10000
-10000 10000
-10000 -10000
-10000 10000
-10000 10000
-10000 10000
-10000 10000
10000 -10000
-10000 10000
10000 -10000
-10000 -10000
10000 -10000
10000 10000
-10000 10000
-10000 10000
-10000 10000
10000 10000
10000 -10000
-10000 10000
10000 10000
10000 10000
10000 -10000
10000 10000
10000 10000
10000 10000
-10000 10000
-10000 10000
-10000 10000
-10000 -10000
-10000 -10000
10000 10000
-10000 -10000
10000 -10000
10000 -10000
-10000 -10000
10000 -10000
-10000 -10000
10000 -10000
-10000 -10000
10000 -10000
-10000 10000
-10000 10000
10000 -10000
-10000 -10000
-10000 -10000
-10000 -10000
10000 -10000
-10000 10000
10000 10000
-10000 -10000
-10000 -10000
10000 10000
10000 10000
10000 10000
-10000 10000
10000 -10000
10000 10000
-10000 -10000
10000 -10000
10000 10000
10000 10000
-10000 -10000
-10000 -10000
10000 10000
10000 -10000
10000 10000
-10000 -10000
-10000 10000
-10000 -10000
10000 -10000
-10000 10000
10000 -10000
10000 -10000
-10000 -10000
10000 10000
-10000 -10000
10000 10000
-10000 -10000
-10000 -10000
10000 -10000
10000 10000
-10000 -10000
10000 10000
-10000 -10000
10000 -10000
-10000 -10000
10000 -10000
-10000 10000
10000 -10000
-10000 10000
10000 -10000
10000 -10000
10000 -10000
10000 -10000
10000 -10000
-10000 10000
10000 -10000
10000 10000
-10000 10000
-10000 -10000
-10000 -10000
-10000 10000
10000 10000
-10000 10000
10000 10000
-10000 -10000
-10000 -10000
10000 -10000
10000 10000
10000 10000
10000 10000
10000 10000
-10000 -10000
-10000 -10000
-10000 -10000
-10000 -10000
-10000 10000
10000 -10000
10000 10000
10000 -10000
-10000 10000
-10000 10000
10000 10000
-10000 10000
-10000 10000
-10000 10000
10000 -10000
-10000 -10000
10000 10000
-10000 -10000
10000 -10000
10000 10000
-10000 10000
10000 10000
10000 10000
-10000 -10000
-10000 -10000
10000 10000
10000 -10000
-10000 -10000
-10000 -10000
-10000 10000
10000 -10000
10000 10000
10000 10000
-10000 -10000
10000 10000
10000 10000
-10000 -10000
10000 10000
10000 10000
-10000 10000
-10000 10000
10000 10000
-10000 10000
10000 10000
10000 10000
10000 10000
-10000 10000
-10000 -10000
10000 10000
-10000 -10000
10000 -10000
10000 10000
10000 10000
-10000 10000
10000 10000
-10000 -10000
-10000 -10000
-10000 10000
-10000 -10000
-10000 -10000
-10000 10000
10000 -10000
10000 -10000
10000 10000
10000 -10000
10000 -10000
10000 -10000
10000 -10000
-10000 -10000
10000 -10000
-10000 -10000
-10000 -10000
-10000 10000
-10000 -10000
10000 -10000
-10000 10000
-10000 10000
-10000 10000
10000 10000
-10000 -10000
-10000 -10000
10000 10000
-10000 -10000
10000 10000
-10000 -10000
10000 -10000
10000 10000
-10000 10000
10000 10000
10000 -10000
-10000 -10000
-10000 10000
10000 10000
10000 -10000
-10000 -10000
-10000 -10000
10000 -10000
10000 -10000
10000 -10000
10000 10000
-10000 -10000
-10000 -10000
-10000 -10000
10000 -10000
10000 -10000
10000 -10000
-10000 -10000
10000 10000
10000 10000
10000 10000
10000 10000
-10000 10000
10000 10000
-10000 10000
-10000 -10000
10000 -10000
10000 10000
10000 10000
10000 10000
-10000 -10000
10000 -10000
10000 -10000
10000 -10000
-10000 -10000
10000 10000
-10000 10000
10000 10000
10000 -10000
-10000 10000
10000 -10000
-10000 10000
-10000 -10000
10000 -10000
10000 10000
10000 10000
-10000 -10000
-10000 -10000
-10000 10000
-10000 10000
-10000 -10000
10000 10000
-10000 -10000
-10000 10000
10000 10000
10000 10000
10000 -10000
-10000 -10000
-10000 -10000
-10000 -10000
-10000 -10000
10000 10000
10000 10000
10000 -10000
-10000 -10000
10000 10000
-10000 -10000
10000 -10000
10000 10000
-10000 10000
-10000 10000
-10000 10000
-10000 10000
-10000 10000
-10000 -10000
-10000 -10000
-10000 -10000
10000 -10000
10000 -10000
10000 10000
-10000 10000
10000 -10000
-10000 -10000
10000 -10000
-10000 -10000
-10000 -10000
-10000 -10000
10000 -10000
10000 10000
-10000 -10000
10000 -10000
10000 10000
-10000 -10000
-10000 -10000
-10000 10000
-10000 -10000
-10000 -10000
10000 10000
10000 -10000
-10000 10000
10000 10000
10000 -10000
-10000 10000
10000 -10000
10000 10000
-10000 10000
-10000 -10000
-10000 10000
10000 10000
-10000 -10000
10000 10000
-10000 10000
-10000 -10000
-10000 -10000
-10000 10000
-10000 -10000
-10000 10000
10000 -10000
-10000 -10000
-10000 10000
10000 -10000
-10000 10000
-10000 -10000
10000 -10000
10000 10000
10000 -10000
-10000 -10000
-10000 -10000
-10000 -10000
10000 -10000
-10000 -10000
10000 10000
-10000 10000
-10000 -10000
-10000 -10000
-10000 -10000
10000 -10000
-10000 -10000
10000 10000
-10000 -10000
10000 -10000
10000 10000
10000 -10000
-10000 -10000
-10000 -10000
10000 -10000
10000 10000
-10000 -10000
10000 -10000
10000 10000
10000 10000
-10000 10000
-10000 10000
10000 10000
10000 -10000
-10000 10000
-10000 -10000
-10000 -10000
-10000 -10000
10000 10000
10000 -10000
10000 10000
10000 10000
10000 -10000
10000 10000
10000 -10000
10000 10000
10000 10000
10000 -10000
10000 -10000
10000 10000
-10000 -10000
10000 -10000
-10000 10000
10000 10000
-10000 10000
-10000 -10000
10000 10000
-10000 10000
10000 -10000
-10000 -10000
10000 10000
10000 10000
-10000 10000
-10000 -10000
-10000 10000
-10000 -10000
-10000 10000
-10000 -10000
10000 10000
-10000 10000
-10000 -10000
-10000 10000
10000 10000
-10000 10000
10000 10000
-10000 -10000
-10000 10000
10000 10000
-10000 10000
10000 -10000
-10000 10000
10000 -10000
-10000 -10000
-10000 -10000
10000 10000
10000 10000
-10000 10000
10000 -10000
-10000 -10000
10000 10000
-10000 10000
-10000 10000
-10000 -10000
10000 10000
10000 10000
-10000 10000
10000 -10000
10000 10000
10000 10000
-10000 -10000
-10000 10000
10000 -10000
10000 10000
-10000 -10000
10000 -10000
-10000 -10000
10000 10000
-10000 -10000
10000 10000
-10000 10000
10000 10000
-10000 -10000
10000 -10000
-10000 10000
10000 10000
10000 10000
10000 10000
10000 -10000
-10000 10000
-10000 10000
10000 -10000
-10000 -10000
10000 -10000
10000 10000
-10000 10000
10000 10000
10000 10000
10000 -10000
-10000 -10000
10000 10000
10000 -10000
10000 10000
10000 10000
-10000 -10000
10000 -10000
10000 10000
10000 10000
10000 10000
10000 -10000
-10000 -10000
-10000 -10000
-10000 -10000
10000 10000
-10000 -10000
-10000 10000
10000 -10000
-10000 10000
10000 10000
10000 10000
10000 10000
-10000 10000
10000 10000
10000 10000
10000 10000
10000 10000
10000 10000
10000 -10000
-10000 10000
10000 -10000
-10000 10000
10000 -10000
10000 -10000
-10000 10000
10000 10000
-10000 -10000
-10000 -10000
-10000 10000
10000 10000
10000 -10000
10000 10000
10000 -10000
10000 10000
-10000 -10000
10000 -10000
10000 10000
10000 -10000
10000 10000
-10000 -10000
10000 -10000
10000 -10000
10000 -10000
-10000 10000
-10000 10000
-10000 10000
-10000 10000
-10000 10000
10000 10000
-10000 10000
-10000 10000
-10000 10000
-10000 10000
10000 10000
10000 -10000
-10000 10000
10000 -10000
10000 -10000
-10000 10000
-10000 -10000
10000 10000
10000 10000
10000 -10000
10000 10000
-10000 -10000
10000 10000
-10000 10000
-10000 -10000
-10000 -10000
-10000 -10000
10000 -10000
-10000 -10000
-10000 -10000
10000 -10000
-10000 -10000
10000 10000
10000 10000
-10000 -10000
10000 -10000
10000 -10000
10000 -10000
-10000 10000
10000 10000
-10000 10000
10000 -10000
-10000 -10000
-10000 10000
10000 -10000
10000 -10000
-10000 10000
-10000 -10000
-10000 10000
-10000 10000
10000 10000
-10000 -10000
10000 10000
10000 10000
-10000 10000
-10000 10000
10000 -10000
10000 10000
-10000 10000
-10000 -10000
10000 -10000
10000 10000
-10000 10000
-10000 -10000
-10000 -10000
-10000 10000
10000 10000
-10000 -10000
-10000 -10000
-10000 -10000
-10000 10000
-10000 -10000
10000 10000
-10000 10000
10000 10000
-10000 10000
10000 10000
10000 -10000
10000 -10000
10000 10000
10000 -10000
-10000 10000
-10000 10000
10000 10000
-10000 10000
10000 10000
-10000 10000
-10000 10000
10000 10000
-10000 10000
10000 10000
10000 -10000
-10000 -10000
-10000 10000
10000 -10000
10000 -10000
-10000 -10000
-10000 10000
10000 -10000
10000 -10000
10000 10000
-10000 10000
-10000 -10000
-10000 -10000
-10000 -10000
-10000 -10000
10000 -10000
10000 10000
10000 -10000
-10000 10000
-10000 -10000
-10000 -10000
10000 10000
-10000 -10000
10000 -10000
-10000 -10000
10000 -10000
10000 10000
-10000 -10000
10000 -10000
10000 -10000
10000 -10000
10000 10000
-10000 -10000
-10000 -10000
10000 -10000
10000 -10000
10000 10000
10000 -10000
10000 -10000
10000 10000
10000 10000
-10000 -10000
10000 10000
-10000 -10000
-10000 10000
-10000 10000
10000 -10000
-10000 -10000
10000 -10000
-10000 10000
-10000 10000
10000 -10000
10000 10000
10000 -10000
10000 -10000
10000 -10000
-10000 10000
10000 10000
-10000 -10000
10000 -10000
10000 -10000
-10000 -10000
10000 10000
10000 -10000
10000 10000
10000 -10000
-10000 10000
-10000 10000
10000 10000
-10000 10000
-10000 -10000
10000 -10000
-10000 10000
10000 10000
10000 -10000
-10000 -10000
-10000 -10000
-10000 -10000
10000 -10000
10000 10000
-10000 10000
10000 10000
-10000 -10000
-10000 -10000
-10000 -10000
10000 -10000
10000 10000
-10000 10000
-10000 -10000
-10000 10000
-10000 -10000
-10000 10000
-10000 -10000
-10000 -10000
-10000 10000
-10000 -10000
10000 10000
10000 10000
10000 -10000
-10000 10000
-10000 -10000
10000 -10000
-10000 10000
10000 10000
-10000 10000
-10000 10000
-10000 10000
10000 -10000
10000 -10000
-10000 10000
-10000 10000
10000 -10000
-10000 10000
-10000 -10000
-10000 10000
-10000 -10000
-10000 -10000
-10000 -10000
-10000 -10000
10000 -10000
10000 10000
10000 -10000
10000 -10000
10000 -10000
10000 10000
10000 10000
10000 -10000
-10000 10000
10000 10000
-10000 10000
10000 10000
-10000 -10000
-10000 10000
10000 -10000
-10000 -10000
10000 10000
10000 10000
-10000 10000
10000 10000
-10000 10000
-10000 10000
10000 10000
-10000 10000
10000 -10000
10000 -10000
10000 10000
-10000 10000
-10000 10000
10000 -10000
10000 -10000
10000 10000
10000 -10000
-10000 -10000
-10000 10000
10000 10000
10000 -10000
-10000 10000
10000 10000
-10000 10000
-10000 -10000
-10000 -10000
10000 10000
10000 -10000
10000 10000
10000 -10000
10000 -10000
-10000 10000
-10000 10000
-10000 -10000
-10000 -10000
-10000 10000
-10000 -10000
-10000 -10000
-10000 -10000
10000 10000
10000 -10000
10000 -10000
10000 -10000
10000 -10000
-10000 -10000
10000 -10000
-10000 10000
10000 -10000
10000 10000
10000 10000
-10000 10000
10000 -10000
10000 -10000
-10000 -10000
10000 -10000
-10000 -10000
10000 -10000
10000 10000
-10000 -10000
-10000 10000
-10000 10000
10000 10000
10000 10000
-10000 10000
10000 -10000
10000 -10000
-10000 10000
10000 -10000
10000 -10000
10000 -10000
-10000 -10000
-10000 10000
10000 10000
10000 -10000
10000 10000
-10000 10000
-10000 -10000
10000 10000
-10000 -10000
-10000 10000
-10000 -10000
10000 -10000
10000 -10000
-10000 10000
10000 -10000
10000 10000
10000 -10000
-10000 -10000
-10000 10000
10000 10000
-10000 10000
10000 10000
10000 -10000
10000 10000
10000 10000
10000 -10000
-10000 10000
-10000 10000
10000 -10000
-10000 -10000
10000 -10000
10000 -10000
10000 10000
-10000 -10000
10000 10000
-10000 -10000
10000 -10000
10000 10000
10000 10000
-10000 -10000
-10000 -10000
-10000 -10000
10000 10000
-10000 10000
-10000 10000
-10000 -10000
-10000 10000
10000 10000
10000 10000
10000 10000
-10000 -10000
-10000 10000
-10000 -10000
-10000 10000
-10000 -10000
10000 -10000
10000 -10000
-10000 -10000
-10000 -10000
10000 10000
-10000 10000
-10000 -10000
-10000 10000
-10000 -10000
10000 -10000
-10000 -10000
10000 -10000
10000 10000
-10000 -10000
10000 -10000
-10000 10000
10000 10000
-10000 10000
10000 10000
10000 -10000
-10000 10000
10000 -10000
10000 10000
10000 10000
10000 10000
-10000 -10000
-10000 10000
-10000 10000
10000 -10000
-10000 10000
10000 10000
-10000 10000
-10000 10000
-10000 -10000
-10000 10000
-10000 -10000
-10000 -10000
-10000 -10000
10000 10000
-10000 10000
10000 10000
10000 10000
10000 -10000
10000 10000
10000 10000
-10000 -10000
-10000 -10000
-10000 -10000
10000 -10000
-10000 10000
-10000 10000
-10000 10000
10000 10000
10000 -10000
10000 -10000
-10000 -10000
-10000 -10000
-10000 10000
-10000 -10000
10000 -10000
-10000 -10000
10000 10000
10000 -10000
-10000 10000
10000 10000
-10000 -10000
-10000 -10000
10000 10000
10000 10000
-10000 -10000
10000 -10000
10000 10000
-10000 10000
-10000 10000
-10000 -10000
10000 10000
10000 -10000
10000 10000
-10000 10000
-10000 -10000
10000 10000
10000 -10000
-10000 10000
-10000 -10000
10000 10000
-10000 -10000
-10000 10000
10000 -10000
-10000 -10000
10000 10000
-10000 10000
-10000 -10000
-10000 10000
10000 10000
-10000 -10000
10000 10000
-10000 10000
-10000 10000
-10000 10000
10000 10000
-10000 -10000
10000 10000
10000 10000
-10000 -10000
-10000 10000
-10000 10000
10000 -10000
-10000 -10000
10000 10000
-10000 10000
10000 10000
10000 -10000
10000 -10000
10000 -10000
10000 -10000
10000 -10000
-10000 -10000
10000 -10000
-10000 10000
10000 -10000
10000 10000
10000 10000
-10000 -10000
-10000 10000
-10000 -10000
-10000 -10000
-10000 -10000
-10000 -10000
-10000 -10000
10000 -10000
10000 -10000
-10000 10000
10000 -10000
10000 10000
-10000 10000
10000 -10000
10000 -10000
10000 10000
-10000 10000
-10000 -10000
10000 10000
-10000 10000
-10000 -10000
-10000 -10000
-10000 -10000
10000 -10000
10000 -10000
-10000 -10000
-10000 -10000
10000 10000
10000 -10000
10000 -10000
-10000 -10000
10000 10000
-10000 -10000
10000 -10000
-10000 10000
-10000 -10000
10000 10000
10000 10000
-10000 -10000
10000 -10000
10000 -10000
-10000 10000
-10000 10000
-10000 -10000
10000 10000
10000 10000
-10000 10000
10000 10000
10000 10000
-10000 10000
-10000 10000
10000 -10000
-10000 -10000
10000 10000
10000 -10000
10000 -10000
10000 -10000
-10000 10000
10000 -10000
-10000 10000
-10000 -10000
10000 -10000
-10000 -10000
-10000 10000
10000 10000
-10000 10000
-10000 10000
10000 10000
10000 -10000
10000 -10000
-10000 10000
10000 -10000
-10000 10000
-10000 -10000
-10000 -10000
-10000 10000
-10000 -10000
10000 -10000
-10000 10000
-10000 10000
10000 10000
10000 -10000
10000 10000
-10000 -10000
10000 -10000
-10000 10000
-10000 10000
10000 -10000
10000 10000
-10000 10000
10000 -10000
10000 -10000
10000 10000
10000 -10000
-10000 -10000
-10000 10000
-10000 10000
-10000 -10000
-10000 10000
-10000 -10000
-10000 -10000
10000 10000
10000 10000
10000 -10000
-10000 10000
-10000 10000
-10000 10000
-10000 10000
10000 10000
-10000 -10000
-10000 10000
-10000 10000
-10000 10000
-10000 -10000
-10000 10000
-10000 -10000
-10000 10000
-10000 -10000
10000 -10000
-10000 -10000
10000 -10000
10000 10000
10000 10000
-10000 10000
10000 10000
10000 10000
10000 10000
-10000 -10000
10000 -10000
-10000 -10000
-10000 -10000
-10000 10000
10000 10000
-10000 10000
-10000 -10000
10000 -10000
10000 10000
10000 -10000
10000 -10000
-10000 -10000
10000 -10000
-10000 -10000
-10000 10000
10000 -10000
10000 10000
-10000 -10000
-10000 10000
-10000 10000
10000 10000
-10000 10000
10000 -10000
10000 10000
10000 -10000
-10000 -10000
-10000 -10000
-10000 10000
10000 -10000
10000 -10000
-10000 10000
-10000 -10000
10000 -10000
-10000 10000
10000 -10000
-10000 10000
-10000 -10000
10000 -10000
10000 10000
-10000 -10000
-10000 -10000
-10000 10000
-10000 10000
10000 -10000
10000 -10000
10000 10000
-10000 10000
-10000 10000
10000 10000
10000 10000
-10000 -10000
-10000 -10000
10000 -10000
10000 10000
-10000 10000
10000 10000
10000 -10000
10000 10000
-10000 10000
-10000 10000
-10000 -10000
10000 -10000
10000 -10000
-10000 -10000
-10000 10000
10000 -10000
-10000 -10000
10000 10000
-10000 10000
10000 10000
-10000 10000
10000 10000
-10000 -10000
-10000 -10000
-10000 -10000
10000 -10000
-10000 -10000
10000 -10000
10000 10000
-10000 10000
-10000 -10000
-10000 -10000
-10000 10000
10000 -10000
-10000 10000
10000 10000
10000 10000
-10000 10000
-10000 -10000
-10000 -10000
-10000 -10000
10000 10000
10000 10000
-10000 10000
10000 10000
10000 -10000
-10000 -10000
10000 10000
-10000 -10000
-10000 10000
10000 10000
-10000 -10000
-10000 -10000
10000 -10000
10000 -10000
-10000 10000
-10000 -10000
-10000 -10000
10000 10000
10000 10000
-10000 10000
-10000 10000
-10000 10000
10000 -10000
-10000 10000
-10000 10000
10000 -10000
10000 10000
-10000 10000
-10000 -10000
10000 10000
-10000 -10000
-10000 10000
-10000 -10000
10000 -10000
10000 10000
-10000 10000
-10000 10000
10000 10000
10000 10000
-10000 -10000
-10000 10000
10000 10000
-10000 -10000
-10000 -10000
10000 -10000
-10000 10000
10000 -10000
10000 10000
-10000 -10000
-10000 10000
-10000 10000
-10000 10000
10000 -10000
-10000 10000
-10000 -10000
-10000 10000
10000 10000
10000 10000
10000 -10000
-10000 -10000
-10000 10000
-10000 10000
10000 -10000
10000 10000
10000 10000
10000 10000
10000 10000
10000 -10000
10000 -10000
10000 10000
-10000 10000
-10000 -10000
10000 10000
-10000 10000
10000 -10000
10000 -10000
10000 -10000
-10000 -10000
10000 10000
10000 -10000
10000 -10000
10000 -10000
-10000 10000
10000 -10000
10000 10000
-10000 10000
-10000 -10000
-10000 -10000
10000 -10000
-10000 -10000
-10000 -10000
-10000 10000
-10000 -10000
10000 10000
-10000 10000
-10000 10000
-10000 -10000
10000 -10000
10000 -10000
-10000 -10000
-10000 10000
10000 10000
10000 -10000
-10000 10000
-10000 -10000
-10000 -10000
10000 10000
-10000 10000
-10000 -10000
-10000 10000
10000 10000
-10000 -10000
-10000 -10000
10000 -10000
10000 -10000
-10000 -10000
-10000 -10000
-10000 -10000
10000 -10000
10000 -10000
10000 -10000
10000 10000
-10000 -10000
10000 -10000
10000 -10000
10000 -10000
10000 10000
10000 -10000
-10000 10000
10000 -10000
-10000 -10000
-10000 -10000
10000 10000
10000 -10000
-10000 10000
10000 10000
10000 10000
10000 10000
-10000 10000
10000 -10000
-10000 -10000
10000 -10000
-10000 10000
10000 10000
-10000 10000
-10000 -10000
-10000 -10000
-10000 10000
10000 10000
-10000 10000
-10000 -10000
-10000 -10000
-10000 -10000
10000 -10000
10000 -10000
10000 -10000
10000 -10000
10000 10000
10000 10000
10000 -10000
10000 -10000
10000 -10000
-10000 -10000
10000 10000
-10000 10000
10000 10000
10000 10000
10000 -10000
10000 -10000
10000 10000
-10000 10000
10000 10000
-10000 10000
10000 10000
10000 -10000
10000 -10000
-10000 -10000
10000 10000
10000 -10000
10000 10000
-10000 10000
-10000 -10000
-10000 10000
10000 10000
-10000 -10000
-10000 -10000
-10000 10000
-10000 10000
-10000 10000
-10000 10000
10000 10000
-10000 -10000
-10000 10000
-10000 10000
-10000 -10000
10000 -10000
10000 10000
10000 -10000
10000 10000
10000 10000
-10000 10000
-10000 10000
-10000 -10000
-10000 -10000
10000 -10000
10000 -10000
-10000 10000
-10000 -10000
10000 10000
-10000 10000
10000 10000
10000 -10000
10000 10000
-10000 10000
10000 10000
-10000 10000
-10000 -10000
-10000 -10000
10000 -10000
10000 -10000
10000 -10000
-10000 -10000
10000 -10000
-10000 -10000
10000 10000
10000 10000
-10000 -10000
-10000 10000
10000 -10000
10000 10000
10000 10000
10000 10000
10000 -10000
10000 10000
10000 -10000
-10000 10000
-10000 10000
-10000 -10000
10000 -10000
10000 10000
-10000 -10000
-10000 10000
-10000 10000
10000 10000
-10000 10000
10000 -10000
10000 -10000
10000 -10000
-10000 10000
10000 -10000
-10000 10000
-10000 10000
10000 10000
10000 10000
-10000 10000
10000 10000
10000 10000
10000 10000
10000 10000
-10000 -10000
10000 -10000
10000 10000
10000 -10000
-10000 10000
-10000 -10000
-10000 -10000
-10000 -10000
-10000 10000
10000 -10000
-10000 -10000
-10000 10000
10000 -10000
-10000 10000
10000 10000
10000 10000
10000 10000
10000 -10000
10000 10000
10000 -10000
-10000 10000
10000 -10000
10000 10000
-10000 -10000
10000 -10000
10000 -10000
-10000 -10000
10000 -10000
10000 10000
10000 -10000
10000 10000
10000 -10000
-10000 10000
-10000 -10000
-10000 -10000
10000 10000
-10000 10000
10000 10000
10000 -10000
10000 10000
-10000 -10000
-10000 10000
-10000 -10000
-10000 10000
10000 10000
10000 10000
-10000 -10000
-10000 10000
-10000 -10000
-10000 10000
-10000 -10000
10000 -10000
-10000 -10000
10000 -10000
-10000 10000
10000 -10000
-10000 10000
-10000 10000
10000 -10000
-10000 10000
10000 -10000
10000 10000
10000 10000
-10000 10000
-10000 10000
-10000 -10000
10000 10000
10000 -10000
-10000 10000
10000 -10000
-10000 -10000
-10000 -10000
10000 10000
10000 -10000
-10000 -10000
10000 -10000
-10000 -10000
-10000 -10000
10000 10000
10000 -10000
-10000 -10000
-10000 -10000
-10000 10000
-10000 -10000
-10000 -10000
-10000 -10000
-10000 -10000
-10000 10000
-10000 10000
-10000 -10000
-10000 -10000
-10000 -10000
-10000 -10000
10000 -10000
10000 10000
10000 10000
-10000 -10000
-10000 10000
10000 -10000
10000 -10000
-10000 10000
10000 -10000
10000 -10000
-10000 10000
10000 10000
10000 10000
-10000 -10000
10000 10000
10000 10000
-10000 -10000
-10000 10000
-10000 -10000
-10000 -10000
-10000 -10000
10000 -10000
10000 10000
-10000 10000
-10000 10000
10000 -10000
10000 -10000
10000 -10000
10000 10000
10000 -10000
10000 10000
-10000 -10000
10000 10000
10000 10000
-10000 -10000
10000 -10000
10000 -10000
-10000 10000
10000 10000
-10000 -10000
10000 -10000
-10000 -10000
10000 10000
10000 10000
-10000 10000
-10000 10000
-10000 10000
-10000 -10000
-10000 -10000
10000 -10000
-10000 -10000
-10000 -10000
10000 -10000
10000 10000
10000 10000
-10000 -10000
-10000 -10000
-10000 -10000
-10000 10000
-10000 -10000
10000 10000
10000 -10000
10000 10000
-10000 -10000
-10000 -10000
-10000 10000
-10000 -10000
-10000 -10000
-10000 10000
10000 -10000
-10000 -10000
10000 -10000
-10000 10000
-10000 10000
-10000 10000
10000 10000
10000 10000
-10000 -10000
-10000 -10000
10000 10000
-10000 10000
-10000 -10000
10000 10000
-10000 10000
10000 -10000
-10000 10000
10000 10000
-10000 -10000
10000 -10000
10000 -10000
10000 10000
-10000 10000
10000 10000
-10000 -10000
-10000 10000
10000 -10000
10000 -10000
-10000 10000
10000 10000
10000 -10000
-10000 10000
-10000 -10000
-10000 10000
10000 10000
10000 -10000
10000 -10000
10000 -10000
10000 -10000
10000 10000
10000 -10000
-10000 10000
-10000 -10000
10000 10000
-10000 10000
10000 -10000
-10000 -10000
-10000 10000
-10000 10000
10000 -10000
-10000 -10000
-10000 10000
10000 -10000
-10000 10000
-10000 10000
-10000 10000
10000 -10000
10000 -10000
-10000 10000
-10000 -10000
-10000 -10000
10000 -10000
-10000 -10000
10000 10000
10000 10000
10000 10000
-10000 10000
10000 -10000
10000 -10000
-10000 -10000
10000 10000
-10000 -10000
10000 -10000
10000 -10000
10000 -10000
-10000 -10000
-10000 10000
-10000 10000
10000 10000
-10000 10000
-10000 10000
-10000 10000
10000 10000
10000 10000
-10000 10000
10000 10000
-10000 10000
10000 -10000
-10000 10000
-10000 -10000
10000 10000
-10000 10000
-10000 10000
10000 -10000
-10000 -10000
10000 -10000
10000 10000
-10000 10000
-10000 10000
-10000 -10000
10000 -10000
10000 -10000
10000 -10000
10000 -10000
-10000 10000
10000 10000
-10000 10000
10000 10000
-10000 -10000
10000 -10000
10000 -10000
10000 10000
10000 10000
10000 10000
-10000 -10000
-10000 10000
10000 10000
-10000 -10000
-10000 -10000
-10000 10000
10000 10000
10000 10000
10000 10000
10000 10000
10000 -10000
-10000 -10000
10000 10000
-10000 10000
-10000 -10000
10000 -10000
10000 10000
10000 -10000
10000 -10000
10000 -10000
-10000 -10000
-10000 10000
-10000 -10000
10000 10000
10000 -10000
-10000 10000
-10000 10000
-10000 10000
10000 10000
-10000 -10000
10000 -10000
10000 10000
10000 -10000
10000 10000
-10000 -10000
-10000 10000
-10000 -10000
10000 10000
10000 10000
-10000 10000
-10000 -10000
-10000 10000
10000 -10000
10000 10000
-10000 -10000
-10000 10000
10000 10000
10000 10000
-10000 -10000
-10000 10000
10000 -10000
10000 -10000
10000 10000
-10000 -10000
10000 -10000
-10000 10000
-10000 -10000
-10000 -10000
-10000 -10000
10000 -10000
-10000 10000
10000 10000
-10000 -10000
-10000 -10000
10000 10000
10000 10000
10000 10000
-10000 -10000
-10000 10000
10000 -10000
10000 -10000
10000 10000
10000 -10000
10000 10000
10000 10000
10000 -10000
10000 10000
10000 -10000
-10000 -10000
10000 10000
10000 10000
-10000 10000
10000 10000
-10000 10000
10000 -10000
-10000 -10000
10000 -10000
-10000 10000
10000 -10000
10000 -10000
-10000 -10000
-10000 10000
10000 -10000
10000 -10000
10000 10000
-10000 -10000
-10000 -10000
-10000 10000
10000 -10000
10000 -10000
-10000 -10000
10000 -10000
-10000 10000
-10000 10000
-10000 -10000
10000 10000
-10000 -10000
-10000 -10000
-10000 10000
10000 -10000
-10000 10000
10000 -10000
-10000 10000
10000 -10000
-10000 10000
10000 -10000
-10000 10000
10000 -10000
10000 -10000
10000 10000
10000 10000
-10000 -10000
10000 10000
10000 -10000
10000 -10000
10000 10000
10000 -10000
-10000 10000
-10000 10000
-10000 -10000
-10000 10000
-10000 10000
-10000 10000
10000 10000
-10000 -10000
10000 10000
-10000 -10000
10000 -10000
10000 -10000
10000 10000
10000 -10000
-10000 10000
-10000 -10000
-10000 -10000
10000 10000
-10000 10000
-10000 10000
10000 -10000
-10000 -10000
10000 10000
10000 -10000
10000 -10000
-10000 -10000
-10000 10000
10000 10000
10000 -10000
10000 10000
-10000 10000
-10000 10000
-10000 10000
10000 10000
-10000 -10000
-10000 10000
10000 -10000
10000 -10000
-10000 -10000
-10000 10000
10000 -10000
10000 -10000
10000 -10000
10000 -10000
10000 -10000
-10000 -10000
10000 -10000
10000 -10000
-10000 10000
10000 -10000
10000 10000
10000 -10000
-10000 -10000
-10000 10000
10000 -10000
10000 10000
-10000 10000
-10000 10000
-10000 10000
-10000 -10000
-10000 10000
10000 -10000
-10000 10000
10000 10000
10000 -10000
-10000 10000
-10000 10000
-10000 10000
10000 -10000
10000 10000
-10000 -10000
10000 -10000
10000 -10000
-10000 -10000
10000 -10000
10000 10000
10000 -10000
-10000 10000
-10000 -10000
10000 10000
-10000 10000
-10000 -10000
10000 10000
-10000 10000
-10000 -10000
10000 -10000
-10000 -10000
10000 10000
-10000 10000
-10000 10000
10000 10000
-10000 -10000
-10000 -10000
-10000 10000
-10000 -10000
10000 -10000
10000 -10000
10000 10000
-10000 10000
-10000 10000
10000 10000
-10000 10000
10000 10000
-10000 10000
10000 -10000
-10000 -10000
10000 10000
-10000 10000
-10000 10000
-10000 -10000
10000 -10000
10000 -10000
-10000 -10000
-10000 10000
10000 -10000
10000 -10000
-10000 -10000
10000 10000
-10000 -10000
10000 10000
-10000 -10000
10000 -10000
-10000 -10000
10000 -10000
10000 -10000
-10000 10000
10000 -10000
-10000 10000
10000 -10000
-10000 10000
10000 -10000
-10000 -10000
-10000 10000
10000 10000
-10000 -10000
10000 10000
10000 -10000
-10000 10000
-10000 10000
10000 10000
10000 10000
10000 10000
-10000 -10000
-10000 10000
10000 10000
-10000 -10000
-10000 10000
-10000 -10000
10000 10000
-10000 10000
10000 10000
10000 10000
10000 10000
-10000 -10000
-10000 10000
10000 -10000
10000 -10000
10000 10000
-10000 -10000
-10000 10000
-10000 -10000
-10000 -10000
10000 10000
10000 -10000
-10000 10000
10000 10000
-10000 -10000
-10000 -10000
10000 -10000
-10000 -10000
10000 10000
-10000 10000
-10000 -10000
-10000 10000
10000 10000
10000 10000
10000 -10000
10000 10000
-10000 10000
-10000 10000
10000 10000
-10000 10000
-10000 10000
-10000 10000
10000 -10000
10000 -10000
-10000 -10000
10000 -10000
-10000 10000
10000 -10000
10000 10000
-10000 -10000
10000 10000
10000 -10000
10000 10000
10000 10000
-10000 -10000
10000 10000
-10000 10000
-10000 10000
10000 -10000
10000 10000
10000 10000
10000 -10000
10000 -10000
-10000 10000
10000 10000
-10000 10000
-10000 -10000
10000 -10000
10000 10000
10000 -10000
10000 -10000
-10000 -10000
-10000 -10000
10000 10000
-10000 10000
10000 10000
-10000 -10000
10000 10000
10000 -10000
10000 -10000
-10000 10000
-10000 10000
10000 -10000
-10000 10000
10000 10000
10000 -10000
-10000 -10000
-10000 10000
-10000 -10000
-10000 -10000
-10000 -10000
10000 -10000
10000 -10000
10000 -10000
-10000 -10000
10000 -10000
-10000 -10000
-10000 -10000
10000 10000
10000 -10000
-10000 10000
-10000 10000
-10000 10000
10000 -10000
10000 -10000
10000 10000
10000 -10000
-10000 -10000
10000 -10000
10000 10000
10000 10000
-10000 -10000
-10000 -10000
10000 10000
-10000 10000
10000 -10000
10000 10000
-10000 10000
-10000 10000
-10000 -10000
10000 10000
-10000 -10000
10000 -10000
10000 10000
10000 -10000
10000 -10000
10000 -10000
10000 -10000
10000 10000
10000 -10000
10000 -10000
10000 -10000
-10000 10000
-10000 10000
-10000 10000
-10000 10000
-10000 -10000
10000 10000
-10000 -10000
-10000 10000
-10000 10000
-10000 -10000
10000 10000
10000 -10000
-10000 10000
10000 10000
10000 10000
10000 10000
-10000 -10000
-10000 10000
-10000 10000
-10000 -10000
-10000 -10000
10000 10000
-10000 10000
-10000 10000
-10000 -10000
10000 -10000
10000 -10000
-10000 -10000
10000 -10000
-10000 10000
10000 10000
10000 10000
10000 -10000
10000 10000
-10000 -10000
-10000 -10000
-10000 -10000
-10000 -10000
10000 10000
10000 10000
-10000 10000
10000 -10000
-10000 -10000
-10000 -10000
-10000 10000
10000 10000
-10000 10000
-10000 10000
10000 10000
10000 -10000
10000 10000
-10000 10000
-10000 -10000
10000 -10000
10000 -10000
-10000 -10000
10000 10000
-10000 10000
10000 -10000
10000 -10000
10000 10000
-10000 10000
-10000 10000
-10000 10000
10000 -10000
10000 -10000
10000 10000
-10000 -10000
-10000 10000
10000 -10000
-10000 -10000
10000 10000
10000 10000
-10000 -10000
10000 -10000
-10000 -10000
10000 10000
-10000 10000
-10000 10000
10000 10000
10000 -10000
10000 -10000
-10000 -10000
-10000 10000
-10000 10000
10000 10000
10000 10000
-10000 10000
10000 10000
-10000 -10000
-10000 10000
-10000 -10000
10000 10000
10000 10000
10000 10000
-10000 -10000
10000 -10000
-10000 10000
-10000 -10000
10000 10000
10000 -10000
10000 10000
-10000 -10000
10000 10000
10000 10000
10000 -10000
10000 10000
-10000 10000
10000 -10000
-10000 10000
10000 10000
10000 10000
10000 -10000
-10000 10000
10000 -10000
-10000 10000
10000 -10000
-10000 10000
10000 -10000
-10000 -10000
10000 -10000
10000 -10000
-10000 -10000
10000 -10000
-10000 10000
10000 -10000
10000 10000
-10000 -10000
-10000 -10000
-10000 -10000
10000 -10000
10000 -10000
-10000 -10000
10000 10000
10000 10000
10000 10000
10000 10000
-10000 -10000
-10000 10000
-10000 10000
10000 -10000
10000 10000
10000 -10000
-10000 -10000
10000 -10000
-10000 10000
-10000 -10000
-10000 -10000
-10000 10000
-10000 10000
-10000 10000
10000 -10000
-10000 10000
-10000 -10000
-10000 -10000
-10000 -10000
10000 10000
10000 10000
10000 -10000
10000 10000
-10000 -10000
10000 -10000
-10000 10000
-10000 -10000
10000 10000
10000 -10000
-10000 10000
-10000 -10000
-10000 -10000
-10000 -10000
-10000 -10000
-10000 -10000
-10000 10000
-10000 10000
-10000 10000
-10000 10000
10000 10000
10000 -10000
10000 -10000
10000 10000
10000 -10000
10000 10000
-10000 10000
10000 -10000
10000 10000
-10000 -10000
10000 -10000
-10000 10000
10000 10000
-10000 -10000
10000 -10000
-10000 10000
10000 10000
-10000 10000
-10000 -10000
-10000 10000
10000 -10000
-10000 -10000
10000 -10000
-10000 -10000
10000 10000
-10000 10000
-10000 10000
10000 -10000
10000 10000
10000 10000
10000 -10000
-10000 10000
-10000 -10000
10000 -10000
10000 -10000
10000 -10000
-10000 -10000
10000 10000
10000 10000
-10000 10000
10000 10000
-10000 -10000
10000 -10000
-10000 -10000
10000 -10000
10000 10000
10000 -10000
-10000 10000
10000 10000
10000 -10000
10000 10000
10000 -10000
-10000 10000
10000 10000
10000 10000
10000 10000
10000 10000
-10000 10000
-10000 10000
10000 -10000
10000 10000
10000 10000
-10000 10000
-10000 10000
10000 10000
-10000 10000
-10000 -10000
10000 10000
-10000 10000
-10000 -10000
-10000 10000
10000 10000
-10000 10000
-10000 -10000
10000 -10000
-10000 10000
10000 10000
-10000 -10000
-10000 -10000
-10000 -10000
-10000 10000
10000 -10000
-10000 -10000
10000 -10000
-10000 -10000
10000 10000
-10000 10000
-10000 -10000
10000 10000
10000 -10000
10000 -10000
10000 10000
-10000 -10000
10000 10000
10000 10000
-10000 -10000
10000 10000
10000 -10000
10000 10000
-10000 10000
10000 10000
-10000 10000
-10000 -10000
-10000 10000
-10000 10000
-10000 10000
10000 10000
10000 10000
10000 -10000
10000 -10000
-10000 -10000
10000 -10000
10000 -10000
10000 10000
-10000 -10000
-10000 -10000
10000 -10000
10000 -10000
-10000 -10000
10000 10000
10000 10000
-10000 -10000
10000 -10000
-10000 -10000
-10000 -10000
-10000 -10000
10000 10000
-10000 10000
10000 10000
10000 10000
-10000 10000
10000 -10000
10000 -10000
-10000 -10000
10000 -10000
10000 -10000
10000 10000
10000 -10000
10000 10000
-10000 10000
10000 10000
10000 -10000
-10000 -10000
10000 10000
-10000 -10000
-10000 -10000
-10000 10000
-10000 10000
10000 10000
10000 -10000
-10000 10000
-10000 10000
-10000 -10000
-10000 -10000
10000 -10000
10000 10000
10000 -10000
-10000 -10000
-10000 10000
10000 -10000
-10000 10000
10000 10000
-10000 -10000
-10000 10000
10000 -10000
10000 10000
-10000 -10000
-10000 10000
10000 10000
10000 -10000
-10000 -10000
-10000 -10000
10000 -10000
-10000 -10000
-10000 10000
10000 -10000
10000 -10000
10000 10000
10000 10000
10000 -10000
-10000 10000
10000 -10000
10000 -10000
-10000 -10000
10000 -10000
-10000 -10000
10000 10000
10000 -10000
10000 10000
10000 -10000
10000 10000
10000 10000
10000 -10000
-10000 -10000
-10000 -10000
10000 10000
-10000 -10000
-10000 10000
-10000 10000
-10000 -10000
-10000 -10000
-10000 10000
10000 10000
-10000 10000
-10000 10000
-10000 10000
10000 10000
-10000 10000
-10000 -10000
10000 -10000
-10000 10000
-10000 10000
10000 10000
10000 -10000
-10000 10000
10000 10000
10000 10000
-10000 -10000
-10000 10000
10000 10000
-10000 10000
-10000 -10000
-10000 10000
10000 -10000
10000 -10000
-10000 -10000
10000 -10000
-10000 10000
-10000 -10000
-10000 -10000
-10000 10000
-10000 -10000
-10000 -10000
-10000 -10000
10000 10000
10000 -10000
-10000 10000
-10000 10000
-10000 10000
-10000 -10000
-10000 -10000
-10000 -10000
10000 10000
-10000 -10000
-10000 -10000
10000 -10000
10000 10000
-10000 10000
-10000 -10000
-10000 10000
10000 -10000
10000 10000
10000 -10000
10000 10000
-10000 -10000
10000 -10000
-10000 -10000
10000 -10000
-10000 -10000
10000 -10000
-10000 10000
-10000 10000
10000 -10000
10000 10000
-10000 -10000
-10000 -10000
10000 -10000
-10000 10000
-10000 10000
10000 10000
10000 10000
10000 10000
-10000 -10000
-10000 -10000
10000 10000
-10000 10000
-10000 10000
-10000 10000
-10000 10000
10000 10000
10000 -10000
10000 10000
-10000 -10000
10000 10000
10000 10000
10000 10000
-10000 10000
10000 -10000
-10000 10000
-10000 -10000
-10000 -10000
-10000 10000
-10000 -10000
-10000 10000
-10000 -10000
10000 10000
-10000 10000
10000 10000
10000 10000
10000 -10000
10000 -10000
-10000 -10000
10000 10000
10000 10000
-10000 -10000
-10000 10000
-10000 10000
-10000 10000
10000 -10000
-10000 10000
-10000 10000
10000 10000
10000 10000
-10000 10000
-10000 10000
10000 10000
10000 10000
-10000 -10000
10000 10000
-10000 10000
10000 10000
-10000 -10000
-10000 10000
10000 10000
-10000 10000
-10000 10000
10000 10000
10000 -10000
-10000 -10000
-10000 -10000
-10000 -10000
-10000 10000
-10000 10000
10000 10000
10000 10000
-10000 -10000
-10000 10000
10000 10000
10000 -10000
10000 10000
10000 -10000
10000 10000
10000 10000
-10000 -10000
-10000 -10000
-10000 -10000
10000 10000
10000 10000
10000 -10000
-10000 10000
10000 -10000
10000 10000
10000 10000
-10000 10000
10000 -10000
-10000 10000
-10000 -10000
-10000 -10000
10000 10000
-10000 -10000
-10000 -10000
-10000 -10000
10000 -10000
10000 10000
10000 -10000
-10000 10000
-10000 10000
-10000 -10000
10000 10000
-10000 -10000
10000 -10000
10000 -10000
10000 10000
10000 -10000
10000 10000
-10000 -10000
-10000 -10000
10000 -10000
-10000 10000
10000 -10000
10000 -10000
-10000 -10000
-10000 10000
-10000 -10000
-10000 -10000
-10000 -10000
-10000 10000
-10000 10000
-10000 -10000
10000 10000
10000 -10000
-10000 -10000
10000 10000
10000 10000
10000 -10000
10000 10000
10000 -10000
10000 10000
10000 -10000
10000 -10000
10000 -10000
-10000 10000
10000 10000
10000 -10000
10000 -10000
10000 -10000
10000 10000
10000 -10000
-10000 -10000
10000 10000
-10000 10000
-10000 10000
-10000 -10000
-10000 10000
10000 -10000
10000 10000
-10000 -10000
10000 10000
-10000 10000
-10000 -10000
10000 -10000
10000 -10000
-10000 10000
10000 10000
-10000 -10000
10000 -10000
10000 -10000
-10000 -10000
-10000 10000
-10000 -10000
-10000 10000
10000 10000
10000 10000
10000 10000
10000 10000
10000 -10000
10000 10000
-10000 -10000
-10000 10000
-10000 -10000
-10000 -10000
10000 10000
10000 10000
10000 10000
10000 10000
10000 10000
-10000 10000
10000 -10000
-10000 10000
-10000 -10000
-10000 -10000
-10000 10000
-10000 -10000
10000 -10000
-10000 -10000
10000 10000
-10000 10000
-10000 10000
-10000 -10000
-10000 -10000
10000 10000
10000 -10000
10000 -10000
10000 10000
-10000 10000
-10000 10000
-10000 10000
10000 10000
-10000 -10000
-10000 -10000
-10000 10000
-10000 -10000
-10000 10000
10000 -10000
10000 -10000
-10000 10000
-10000 10000
10000 -10000
-10000 10000
-10000 -10000
10000 -10000
10000 10000
-10000 10000
10000 10000
10000 -10000
-10000 10000
10000 10000
-10000 -10000
10000 10000
-10000 -10000
10000 10000
10000 10000
10000 -10000
-10000 -10000
-10000 -10000
-10000 10000
10000 10000
10000 10000
-10000 10000
-10000 10000
10000 10000
-10000 -10000
-10000 10000
-10000 10000
10000 -10000
-10000 10000
10000 10000
-10000 -10000
10000 10000
-10000 -10000
10000 10000
10000 10000
-10000 10000
-10000 10000
10000 10000
-10000 10000
-10000 10000
10000 10000
10000 -10000
-10000 -10000
10000 10000
-10000 -10000
10000 -10000
-10000 -10000
-10000 10000
10000 -10000
-10000 -10000
-10000 10000
10000 10000
-10000 10000
10000 -10000
10000 -10000
-10000 -10000
10000 10000
-10000 -10000
-10000 -10000
-10000 10000
-10000 -10000
-10000 -10000
-10000 -10000
-10000 -10000
-10000 10000
-10000 -10000
-10000 -10000
-10000 10000
10000 -10000
-10000 10000
-10000 10000
-10000 10000
10000 -10000
10000 10000
-10000 -10000
10000 -10000
10000 -10000
10000 10000
10000 10000
10000 -10000
10000 10000
-10000 10000
10000 10000
10000 -10000
-10000 10000
10000 10000
-10000 -10000
-10000 -10000
10000 10000
10000 -10000
-10000 10000
-10000 -10000
10000 -10000
-10000 -10000
-10000 -10000
10000 10000
-10000 10000
10000 -10000
-10000 -10000
-10000 10000
10000 -10000
-10000 10000
10000 10000
10000 -10000
10000 10000
-10000 10000
-10000 -10000
-10000 -10000
10000 -10000
10000 -10000
10000 10000
-10000 10000
10000 10000
-10000 -10000
10000 -10000
10000 10000
-10000 10000
10000 10000
10000 10000
-10000 -10000
-10000 -10000
10000 -10000
-10000 10000
-10000 10000
10000 -10000
10000 -10000
10000 10000
-10000 10000
10000 10000
-10000 -10000
-10000 -10000
-10000 10000
-10000 10000
10000 10000
-10000 10000
-10000 -10000
10000 -10000
10000 10000
10000 -10000
-10000 -10000
-10000 -10000
10000 10000
10000 10000
-10000 -10000
10000 -10000
-10000 -10000
-10000 -10000
-10000 -10000
-10000 10000
10000 -10000
10000 -10000
-10000 10000
10000 10000
10000 10000
10000 10000
10000 -10000
-10000 -10000
10000 10000
10000 10000
-10000 10000
-10000 -10000
-10000 -10000
-10000 10000
-10000 10000
10000 10000
10000 -10000
10000 10000
10000 10000
-10000 -10000
-10000 10000
10000 -10000
-10000 -10000
-10000 10000
-10000 -10000
-10000 -10000
-10000 10000
-10000 10000
-10000 10000
-10000 10000
10000 10000
-10000 -10000
10000 10000
10000 -10000
-10000 10000
10000 10000
-10000 -10000
-10000 10000
-10000 10000
-10000 -10000
10000 10000
-10000 10000
-10000 10000
-10000 -10000
10000 10000
10000 -10000
-10000 -10000
-10000 10000
10000 -10000
10000 -10000
10000 10000
-10000 10000
10000 -10000
-10000 10000
10000 10000
10000 10000
-10000 -10000
10000 -10000
-10000 10000
10000 10000
10000 -10000
10000 10000
10000 10000
10000 10000
10000 10000
10000 10000
10000 10000
10000 -10000
10000 -10000
10000 -10000
10000 -10000
10000 -10000
-10000 -10000
10000 -10000
10000 10000
10000 10000
-10000 -10000
-10000 10000
10000 10000
-10000 -10000
-10000 -10000
10000 10000
10000 10000
-10000 10000
10000 10000
10000 -10000
-10000 10000
-10000 10000
-10000 10000
10000 10000
10000 -10000
-10000 10000
10000 -10000
10000 10000
-10000 -10000
-10000 -10000
10000 10000
10000 10000
-10000 -10000
10000 -10000
-10000 10000
-10000 10000
10000 10000
10000 -10000
10000 -10000
10000 10000
-10000 -10000
-10000 10000
10000 -10000
10000 10000
10000 -10000
-10000 10000
-10000 10000
-10000 10000
-10000 10000
-10000 -10000
10000 10000
10000 10000
10000 -10000
-10000 -10000
-10000 -10000
-10000 -10000
10000 10000
10000 -10000
-10000 -10000
-10000 10000
10000 10000
10000 -10000
-10000 10000
10000 10000
10000 -10000
-10000 -10000
-10000 10000
-10000 10000
-10000 -10000
10000 -10000
10000 10000
10000 -10000
-10000 10000
-10000 10000
10000 -10000
-10000 -10000
10000 -10000
-10000 -10000
10000 10000
-10000 -10000
10000 -10000
-10000 10000
-10000 -10000
-10000 10000
10000 10000
10000 10000
10000 -10000
-10000 -10000
10000 -10000
10000 10000
10000 10000
-10000 -10000
-10000 -10000
-10000 10000
-10000 -10000
10000 10000
-10000 -10000
-10000 10000
-10000 -10000
10000 -10000
10000 -10000
10000 10000
-10000 -10000
10000 10000
10000 10000
10000 10000
-10000 10000
-10000 -10000
-10000 10000
10000 -10000
-10000 10000
-10000 10000
-10000 -10000
-10000 10000
10000 -10000
10000 -10000
-10000 10000
10000 10000
-10000 -10000
10000 10000
-10000 -10000
10000 -10000
-10000 -10000
10000 -10000
10000 10000
10000 -10000
-10000 10000
-10000 -10000
-10000 10000
-10000 -10000
-10000 -10000
-10000 -10000
10000 10000
10000 10000
-10000 -10000
10000 10000
-10000 10000
10000 10000
10000 -10000
-10000 10000
10000 -10000
-10000 10000
10000 10000
-10000 -10000
-10000 10000
-10000 10000
-10000 -10000
10000 -10000
-10000 10000
-10000 -10000
-10000 -10000
-10000 10000
10000 10000
-10000 10000
-10000 10000
-10000 -10000
-10000 -10000
10000 10000
10000 -10000
10000 10000
10000 -10000
-10000 -10000
-10000 -10000
-10000 10000
-10000 -10000
-10000 -10000
-10000 -10000
-10000 -10000
10000 -10000
10000 -10000
-10000 10000
-10000 -10000
10000 10000
-10000 10000
10000 -10000
-10000 -10000
10000 10000
10000 10000
10000 -10000
-10000 -10000
-10000 -10000
10000 -10000
10000 10000
-10000 -10000
10000 10000
-10000 10000
10000 -10000
10000 10000
10000 10000
-10000 10000
-10000 10000
10000 -10000
10000 10000
10000 -10000
-10000 -10000
10000 10000
10000 10000
-10000 10000
-10000 -10000
10000 10000
-10000 10000
-10000 -10000
10000 10000
10000 10000
10000 -10000
10000 -10000
10000 10000
-10000 -10000
-10000 -10000
-10000 10000
-10000 -10000
-10000 -10000
-10000 10000
-10000 -10000
10000 10000
10000 -10000
10000 -10000
10000 -10000
-10000 10000
10000 -10000
-10000 10000
-10000 10000
10000 -10000
-10000 -10000
-10000 -10000
10000 10000
-10000 -10000
-10000 -10000
-10000 10000
10000 -10000
10000 -10000
-10000 10000
-10000 -10000
-10000 -10000
-10000 -10000
-10000 10000
-10000 -10000
10000 10000
10000 10000
-10000 10000
10000 10000
-10000 -10000
-10000 10000
-10000 10000
10000 -10000
10000 -10000
10000 -10000
-10000 10000
-10000 -10000
-10000 10000
-10000 10000
10000 -10000
-10000 -10000
-10000 -10000
10000 -10000
-10000 10000
10000 -10000
-10000 -10000
-10000 10000
-10000 -10000
10000 10000
-10000 -10000
10000 10000
-10000 10000
10000 -10000
10000 10000
-10000 10000
10000 -10000
-10000 10000
-10000 -10000
10000 10000
10000 10000
-10000 10000
10000 -10000
-10000 -10000
10000 10000
10000 -10000
-10000 10000
-10000 -10000
-10000 -10000
-10000 10000
-10000 -10000
-10000 -10000
-10000 -10000
10000 10000
10000 -10000
-10000 -10000
10000 10000
10000 10000
-10000 -10000
-10000 10000
-10000 -10000
10000 -10000
-10000 10000
-10000 -10000
10000 10000
-10000 10000
10000 -10000
10000 10000
-10000 10000
10000 -10000
-10000 10000
-10000 10000
10000 -10000
-10000 10000
10000 10000
10000 -10000
-10000 -10000
10000 -10000
-10000 -10000
-10000 10000
10000 10000
10000 -10000
10000 10000
10000 -10000
10000 -10000
-10000 10000
10000 -10000
10000 -10000
-10000 -10000
10000 -10000
-10000 -10000
-10000 -10000
-10000 10000
10000 -10000
10000 -10000
10000 10000
-10000 10000
10000 10000
-10000 10000
10000 10000
10000 -10000
10000 -10000
10000 10000
10000 10000
10000 10000
-10000 -10000
10000 10000
-10000 10000
-10000 10000
10000 -10000
10000 10000
10000 10000
-10000 10000
10000 10000
-10000 10000
-10000 10000
10000 10000
10000 -10000
-10000 -10000
10000 -10000
-10000 -10000
-10000 -10000
-10000 -10000
-10000 -10000
-10000 10000
10000 10000
-10000 -10000
10000 10000
-10000 10000
10000 -10000
-10000 -10000
-10000 -10000
-10000 -10000
10000 -10000
-10000 -10000
-10000 10000
10000 10000
10000 10000
-10000 -10000
-10000 -10000
-10000 10000
-10000 10000
-10000 10000
-10000 -10000
-10000 10000
10000 -10000
10000 10000
10000 -10000
-10000 10000
-10000 -10000
-10000 10000
10000 10000
-10000 10000
-10000 10000
-10000 10000
-10000 10000
-10000 10000
10000 10000
10000 10000
10000 10000
-10000 10000
10000 -10000
-10000 10000
10000 10000
10000 10000
10000 -10000
10000 10000
-10000 -10000
10000 -10000
10000 -10000
10000 -10000
10000 10000
-10000 -10000
-10000 10000
10000 10000
10000 -10000
-10000 10000
-10000 -10000
10000 -10000
-10000 10000
10000 10000
10000 -10000
-10000 10000
-10000 -10000
10000 -10000
10000 10000
10000 10000
10000 10000
-10000 10000
10000 -10000
10000 10000
10000 -10000
-10000 10000
10000 -10000
10000 10000
10000 -10000
-10000 10000
-10000 10000
-10000 -10000
-10000 -10000
-10000 -10000
10000 10000
-10000 -10000
-10000 10000
-10000 -10000
-10000 10000
-10000 -10000
-10000 -10000
10000 -10000
10000 -10000
-10000 -10000
-10000 10000
-10000 10000
10000 -10000
10000 -10000
-10000 -10000
-10000 10000
-10000 10000
10000 -10000
-10000 -10000
-10000 -10000
10000 -10000
10000 -10000
-10000 10000
10000 -10000
10000 -10000
10000 -10000
-10000 10000
10000 -10000
10000 -10000
-10000 -10000
10000 -10000
-10000 10000
10000 10000
-10000 -10000
-10000 -10000
10000 10000
10000 -10000
10000 -10000
-10000 10000
10000 10000
10000 -10000
-10000 -10000
-10000 10000
-10000 10000
10000 -10000
10000 -10000
-10000 -10000
10000 -10000
10000 10000
-10000 10000
10000 10000
10000 10000
10000 -10000
10000 10000
10000 -10000
-10000 -10000
-10000 10000
10000 -10000
-10000 -10000
10000 -10000
10000 -10000
-10000 10000
10000 -10000
-10000 10000
10000 -10000
10000 10000
10000 -10000
10000 -10000
-10000 -10000
-10000 -10000
10000 -10000
10000 -10000
10000 10000
10000 10000
-10000 -10000
10000 -10000
-10000 -10000
-10000 -10000
10000 10000
-10000 -10000
10000 -10000
-10000 10000
-10000 10000
10000 -10000
-10000 10000
-10000 -10000
-10000 10000
-10000 -10000
-10000 10000
-10000 -10000
10000 10000
-10000 10000
-10000 -10000
-10000 10000
10000 -10000
-10000 -10000
10000 -10000
-10000 -10000
-10000 10000
10000 10000
-10000 10000
10000 10000
10000 -10000
-10000 10000
10000 -10000
-10000 10000
-10000 10000
-10000 -10000
10000 10000
10000 -10000
10000 -10000
-10000 -10000
10000 -10000
10000 10000
10000 -10000
10000 10000
10000 10000
10000 -10000
-10000 -10000
10000 -10000
10000 10000
10000 -10000
10000 10000
10000 -10000
-10000 10000
-10000 10000
-10000 10000
-10000 -10000
10000 -10000
10000 -10000
-10000 10000
-10000 10000
10000 -10000
-10000 10000
10000 10000
-10000 10000
10000 -10000
10000 -10000
10000 -10000
-10000 -10000
-10000 10000
10000 10000
-10000 -10000
10000 10000
-10000 -10000
10000 -10000
-10000 10000
10000 -10000
-10000 10000
-10000 10000
10000 10000
10000 10000
10000 -10000
10000 -10000
-10000 -10000
-10000 -10000
-10000 -10000
-10000 10000
10000 -10000
10000 10000
10000 10000
10000 10000
-10000 10000
-10000 -10000
10000 10000
-10000 10000
10000 -10000
-10000 10000
10000 10000
-10000 -10000
-10000 -10000
10000 -10000
10000 -10000
-10000 -10000
10000 10000
-10000 -10000
-10000 10000
10000 10000
-10000 -10000
10000 -10000
-10000 -10000
-10000 -10000
10000 -10000
-10000 -10000
10000 -10000
-10000 -10000
10000 -10000
-10000 -10000
-10000 -10000
10000 -10000
-10000 10000
-10000 10000
10000 -10000
-10000 -10000
-10000 -10000
-10000 10000
-10000 10000
10000 10000
-10000 10000
10000 -10000
10000 10000
-10000 -10000
10000 10000
10000 -10000
-10000 -10000
10000 -10000
-10000 10000
10000 -10000
10000 10000
-10000 -10000
-10000 -10000
-10000 -10000
10000 10000
10000 -10000
-10000 -10000
-10000 10000
10000 -10000
10000 -10000
-10000 -10000
-10000 -10000
-10000 10000
-10000 10000
10000 10000
-10000 10000
-10000 10000
10000 10000
10000 10000
10000 -10000
10000 -10000
10000 10000
10000 -10000
-10000 10000
10000 -10000
10000 10000
10000 10000
-10000 10000
10000 -10000
10000 10000
10000 -10000
10000 -10000
-10000 -10000
-10000 -10000
-10000 10000
10000 -10000
10000 10000
-10000 10000
10000 -10000
10000 10000
-10000 -10000
-10000 -10000
10000 10000
10000 10000
-10000 -10000
-10000 10000
-10000 -10000
-10000 10000
-10000 -10000
10000 10000
10000 -10000
-10000 -10000
-10000 10000
10000 -10000
-10000 -10000
10000 10000
-10000 10000
10000 -10000
10000 10000
10000 -10000
10000 -10000
10000 10000
10000 -10000
-10000 -10000
-10000 10000
-10000 -10000
10000 10000
-10000 10000
10000 -10000
-10000 10000
10000 10000
10000 10000
10000 10000
10000 10000
-10000 10000
-10000 -10000
-10000 -10000
-10000 -10000
-10000 10000
10000 -10000
-10000 -10000
-10000 10000
-10000 -10000
10000 -10000
10000 -10000
10000 10000
-10000 10000
-10000 10000
-10000 -10000
10000 -10000
10000 10000
10000 10000
10000 -10000
10000 -10000
10000 -10000
-10000 10000
10000 -10000
10000 10000
10000 10000
-10000 10000
-10000 -10000
10000 10000
-10000 10000
10000 -10000
-10000 -10000
-10000 -10000
-10000 10000
-10000 -10000
-10000 10000
-10000 -10000
10000 10000
10000 10000
-10000 -10000
10000 -10000
-10000 -10000
10000 -10000
-10000 -10000
10000 10000
-10000 -10000
-10000 10000
10000 10000
10000 10000
10000 -10000
10000 -10000
10000 10000
-10000 -10000
10000 10000
-10000 10000
-10000 -10000
-10000 10000
10000 10000
10000 -10000
10000 10000
10000 -10000
10000 -10000
-10000 -10000
-10000 -10000
10000 -10000
10000 10000
-10000 -10000
-10000 -10000
10000 -10000
-10000 -10000
-10000 -10000
-10000 10000
-10000 10000
10000 10000
-10000 -10000
-10000 10000
10000 10000
10000 -10000
-10000 10000
-10000 10000
-10000 -10000
-10000 10000
10000 10000
-10000 -10000
10000 -10000
10000 10000
-10000 -10000
-10000 10000
-10000 10000
10000 10000
10000 -10000
-10000 10000
-10000 -10000
-10000 10000
-10000 10000
10000 10000
-10000 10000
-10000 -10000
-10000 -10000
-10000 -10000
10000 -10000
-10000 10000
10000 10000
-10000 -10000
-10000 10000
-10000 10000
-10000 -10000
-10000 10000
10000 10000
-10000 -10000
-10000 -10000
-10000 10000
10000 -10000
-10000 10000
-10000 -10000
-10000 10000
10000 -10000
10000 10000
-10000 10000
10000 -10000
-10000 -10000
-10000 10000
-10000 -10000
-10000 10000
-10000 -10000
10000 10000
10000 10000
10000 10000
10000 10000
10000 10000
10000 10000
10000 -10000
-10000 -10000
-10000 10000
10000 10000
10000 -10000
-10000 -10000
-10000 10000
10000 -10000
10000 -10000
10000 -10000
10000 -10000
10000 10000
-10000 -10000
10000 -10000
-10000 -10000
-10000 10000
-10000 10000
10000 -10000
-10000 -10000
-10000 10000
10000 10000
-10000 10000
10000 -10000
10000 10000
-10000 -10000
-10000 10000
-10000 -10000
10000 10000
10000 10000
-10000 10000
-10000 10000
-10000 -10000
-10000 10000
-10000 10000
10000 10000
-10000 10000
10000 -10000
10000 -10000
-10000 -10000
10000 10000
-10000 10000
-10000 -10000
-10000 -10000
-10000 -10000
10000 10000
-10000 -10000
10000 10000
-10000 10000
10000 10000
10000 -10000
10000 10000
-10000 -10000
-10000 10000
-10000 -10000
10000 -10000
10000 -10000
-10000 -10000
10000 -10000
10000 -10000
-10000 -10000
-10000 10000
-10000 10000
10000 -10000
10000 10000
-10000 10000
10000 -10000
-10000 -10000
-10000 10000
-10000 -10000
-10000 10000
-10000 -10000
10000 10000
10000 -10000
-10000 -10000
10000 10000
10000 -10000
10000 -10000
-10000 10000
-10000 10000
10000 -10000
10000 10000
-10000 -10000
10000 -10000
10000 -10000
10000 10000
10000 10000
10000 -10000
-10000 10000
10000 -10000
-10000 -10000
10000 -10000
10000 10000
10000 -10000
-10000 -10000
-10000 -10000
-10000 10000
10000 10000
10000 10000
10000 -10000
-10000 -10000
10000 -10000
-10000 10000
-10000 10000
-10000 10000
10000 10000
-10000 -10000
-10000 -10000
10000 10000
-10000 10000
-10000 -10000
10000 -10000
10000 10000
10000 10000
-10000 10000
-10000 10000
10000 -10000
10000 -10000
-10000 -10000
10000 10000
-10000 -10000
10000 -10000
-10000 10000
-10000 10000
-10000 10000
-10000 10000
10000 10000
10000 -10000
-10000 -10000
-10000 -10000
-10000 -10000
10000 10000
10000 -10000
10000 -10000
10000 10000
10000 -10000
10000 10000
-10000 -10000
-10000 10000
-10000 10000
-10000 10000
-10000 -10000
10000 10000
10000 -10000
-10000 10000
-10000 10000
10000 10000
10000 -10000
-10000 -10000
10000 -10000
-10000 10000
-10000 -10000
10000 10000
10000 10000
-10000 10000
-10000 10000
10000 -10000
10000 10000
10000 10000
-10000 10000
-10000 -10000
10000 10000
-10000 10000
-10000 -10000
-10000 10000
-10000 -10000
-10000 -10000
-10000 10000
-10000 10000
-10000 10000
-10000 10000
10000 -10000
10000 -10000
-10000 10000
10000 -10000
10000 10000
-10000 -10000
10000 10000
10000 10000
-10000 -10000
-10000 10000
-10000 10000
10000 10000
-10000 10000
10000 -10000
-10000 -10000
-10000 -10000
10000 -10000
-10000 10000
10000 10000
10000 10000
-10000 10000
10000 -10000
-10000 -10000
10000 10000
-10000 -10000
-10000 10000
-10000 10000
-10000 10000
-10000 10000
10000 -10000
10000 10000
-10000 10000
-10000 -10000
-10000 -10000
-10000 -10000
-10000 -10000
-10000 10000
10000 10000
10000 -10000
-10000 -10000
10000 -10000
10000 10000
10000 10000
-10000 10000
10000 -10000
-10000 10000
-10000 10000
-10000 10000
10000 10000
-10000 -10000
-10000 10000
-10000 -10000
10000 10000
-10000 -10000
10000 -10000
-10000 10000
-10000 -10000
-10000 -10000
10000 -10000
10000 -10000
-10000 10000
10000 -10000
-10000 -10000
10000 -10000
-10000 -10000
10000 10000
10000 -10000
10000 -10000
10000 10000
10000 -10000
10000 10000
-10000 -10000
10000 -10000
10000 10000
-10000 10000
-10000 10000
-10000 10000
-10000 10000
10000 -10000
-10000 -10000
10000 10000
-10000 -10000
-10000 -10000
10000 10000
10000 -10000
-10000 10000
-10000 10000
10000 -10000
-10000 -10000
10000 -10000
10000 10000
-10000 -10000
-10000 -10000
10000 -10000
-10000 10000
-10000 -10000
10000 -10000
10000 10000
10000 -10000
10000 10000
-10000 -10000
-10000 -10000
-10000 10000
-10000 -10000
10000 10000
-10000 10000
10000 10000
-10000 10000
10000 10000
-10000 -10000
-10000 -10000
10000 10000
-10000 -10000
10000 10000
-10000 -10000
-10000 10000
-10000 -10000
-10000 -10000
-10000 -10000
-10000 -10000
-10000 10000
10000 10000
10000 10000
-10000 -10000
10000 10000
-10000 -10000
10000 10000
-10000 10000
10000 -10000
-10000 -10000
10000 10000
10000 10000
-10000 -10000
10000 -10000
-10000 10000
-10000 10000
-10000 10000
-10000 -10000
-10000 10000
10000 -10000
10000 10000
-10000 -10000
10000 10000
-10000 10000
-10000 -10000
10000 10000
-10000 10000
-10000 -10000
10000 -10000
10000 -10000
10000 10000
-10000 -10000
10000 -10000
-10000 -10000
10000 -10000
10000 10000
-10000 -10000
-10000 -10000
10000 10000
-10000 -10000
-10000 10000
-10000 -10000
10000 10000
-10000 10000
-10000 10000
-10000 10000
-10000 -10000
10000 10000
-10000 -10000
10000 -10000
-10000 10000
10000 10000
-10000 10000
10000 -10000
-10000 10000
-10000 -10000
10000 10000
10000 -10000
10000 10000
10000 -10000
10000 -10000
-10000 10000
-10000 -10000
10000 -10000
-10000 10000
-10000 10000
10000 10000
10000 -10000
10000 -10000
-10000 10000
10000 -10000
10000 10000
-10000 -10000
10000 -10000
-10000 10000
-10000 10000
-10000 10000
10000 -10000
10000 10000
10000 10000
10000 10000
-10000 10000
-10000 -10000
10000 10000
-10000 -10000
-10000 -10000
10000 10000
-10000 10000
-10000 -10000
-10000 -10000
-10000 -10000
10000 10000
10000 -10000
10000 10000
10000 10000
10000 -10000
10000 -10000
10000 -10000
10000 -10000
-10000 10000
10000 -10000
-10000 10000
10000 10000
-10000 -10000
-10000 10000
10000 10000
10000 10000
-10000 10000
-10000 -10000
10000 10000
-10000 -10000
10000 10000
-10000 -10000
10000 -10000
10000 -10000
-10000 -10000
-10000 10000
10000 -10000
-10000 10000
-10000 -10000
10000 10000
-10000 10000
10000 -10000
-10000 -10000
10000 -10000
10000 10000
-10000 -10000
10000 10000
10000 10000
-10000 10000
10000 10000
10000 -10000
10000 -10000
10000 10000
10000 10000
-10000 -10000
10000 10000
10000 10000
10000 -10000
-10000 10000
10000 -10000
-10000 -10000
-10000 10000
-10000 10000
10000 -10000
-10000 -10000
10000 10000
-10000 10000
-10000 10000
10000 10000
10000 -10000
10000 10000
-10000 10000
-10000 10000
-10000 10000
10000 10000
-10000 10000
-10000 10000
10000 -10000
-10000 10000
10000 10000
-10000 -10000
-10000 10000
10000 10000
-10000 -10000
-10000 10000
10000 10000
10000 -10000
10000 -10000
-10000 10000
10000 10000
-10000 -10000
10000 10000
10000 10000
-10000 10000
10000 -10000
10000 10000
-10000 10000
-10000 -10000
10000 10000
10000 10000
-10000 -10000
10000 -10000
10000 -10000
10000 -10000
-10000 10000
-10000 -10000
-10000 10000
-10000 10000
10000 -10000
10000 -10000
-10000 10000
10000 10000
-10000 -10000
-10000 10000
-10000 10000
10000 -10000
10000 10000
-10000 -10000
-10000 -10000
-10000 -10000
-10000 -10000
10000 10000
10000 10000
10000 -10000
-10000 10000
10000 10000
10000 -10000
10000 10000
10000 -10000
-10000 -10000
10000 10000
10000 -10000
-10000 -10000
-10000 10000
-10000 -10000
10000 10000
-10000 -10000
10000 10000
-10000 -10000
-10000 -10000
-10000 10000
-10000 -10000
-10000 -10000
-10000 -10000
10000 -10000
10000 -10000
10000 -10000
10000 10000
10000 -10000
10000 10000
-10000 -10000
-10000 10000
10000 -10000
10000 10000
10000 10000
-10000 -10000
10000 -10000
-10000 -10000
-10000 10000
-10000 -10000
10000 -10000
10000 10000
-10000 10000
10000 10000
-10000 -10000
10000 10000
-10000 -10000
-10000 10000
10000 10000
10000 -10000
-10000 10000
-10000 10000
10000 -10000
-10000 -10000
-10000 10000
10000 -10000
10000 10000
-10000 10000
-10000 10000
-10000 -10000
10000 -10000
-10000 -10000
-10000 -10000
-10000 10000
10000 -10000
-10000 10000
10000 -10000
10000 -10000
-10000 10000
-10000 10000
-10000 -10000
10000 -10000
10000 -10000
-10000 10000
10000 10000
-10000 -10000
-10000 -10000
-10000 -10000
10000 -10000
-10000 -10000
10000 10000
-10000 -10000
-10000 10000
-10000 -10000
-10000 10000
-10000 10000
-10000 10000
-10000 -10000
-10000 10000
-10000 -10000
-10000 10000
-10000 -10000
-10000 10000
10000 10000
10000 -10000
10000 -10000
-10000 10000
-10000 10000
10000 -10000
-10000 10000
-10000 10000
-10000 10000
-10000 10000
-10000 -10000
-10000 10000
-10000 -10000
10000 10000
10000 10000
10000 -10000
-10000 10000
-10000 10000
10000 10000
10000 -10000
10000 -10000
10000 -10000
10000 10000
-10000 10000
10000 -10000
-10000 -10000
10000 10000
10000 -10000
10000 -10000
10000 10000
10000 10000
-10000 10000
-10000 -10000
10000 -10000
-10000 -10000
10000 -10000
10000 10000
-10000 10000
10000 -10000
-10000 10000
10000 10000
10000 10000
-10000 -10000
10000 10000
-10000 10000
-10000 10000
10000 10000
-10000 10000
10000 -10000
-10000 -10000
-10000 10000
10000 10000
-10000 -10000
-10000 10000
-10000 -10000
10000 10000
10000 10000
10000 10000
10000 10000
10000 10000
-10000 -10000
-10000 -10000
-10000 10000
-10000 -10000
-10000 -10000
-10000 -10000
-10000 10000
-10000 -10000
-10000 10000
10000 10000
10000 -10000
10000 10000
10000 10000
-10000 -10000
-10000 -10000
-10000 10000
-10000 -10000
10000 10000
-10000 -10000
10000 -10000
10000 -10000
10000 10000
-10000 10000
-10000 10000
-10000 -10000
-10000 -10000
10000 10000
10000 10000
10000 -10000
10000 10000
10000 10000
-10000 -10000
-10000 -10000
10000 -10000
-10000 10000
-10000 -10000
-10000 -10000
-10000 10000
10000 -10000
-10000 10000
10000 10000
-10000 -10000
10000 -10000
10000 10000
-10000 10000
10000 10000
10000 10000
10000 -10000
-10000 10000
-10000 10000
10000 -10000
10000 10000
-10000 10000
10000 10000
-10000 -10000
-10000 -10000
10000 -10000
10000 10000
10000 10000
10000 10000
-10000 10000
-10000 10000
10000 -10000
10000 10000
10000 10000
-10000 -10000
-10000 -10000
-10000 -10000
10000 10000
10000 10000
10000 -10000
-10000 10000
10000 -10000
10000 10000
10000 -10000
10000 10000
10000 -10000
-10000 -10000
-10000 10000
10000 10000
-10000 10000
10000 -10000
-10000 -10000
-10000 10000
10000 -10000
-10000 -10000
10000 -10000
-10000 -10000
-10000 10000
-10000 -10000
-10000 10000
-10000 10000
-10000 10000
-10000 10000
10000 10000
10000 10000
10000 -10000
-10000 10000
-10000 -10000
10000 10000
-10000 10000
-10000 10000
-10000 10000
10000 10000
-10000 -10000
-10000 -10000
10000 10000
10000 10000
-10000 -10000
-10000 10000
-10000 -10000
-10000 -10000
-10000 -10000
-10000 -10000
-10000 -10000
-10000 10000
-10000 -10000
10000 -10000
-10000 10000
-10000 -10000
10000 10000
10000 -10000
10000 10000
10000 10000
10000 -10000
10000 10000
-10000 -10000
-10000 10000
-10000 -10000
-10000 -10000
-10000 -10000
10000 10000
10000 10000
10000 -10000
-10000 -10000
10000 -10000
10000 10000
-10000 10000
-10000 10000
10000 -10000
10000 10000
-10000 10000
10000 -10000
10000 -10000
-10000 -10000
-10000 -10000
-10000 -10000
-10000 -10000
10000 10000
-10000 -10000
10000 -10000
10000 -10000
10000 -10000
-10000 10000
10000 -10000
10000 -10000
10000 10000
10000 -10000
-10000 -10000
10000 10000
10000 10000
10000 10000
10000 10000
10000 10000
-10000 10000
-10000 -10000
10000 10000
10000 10000
-10000 10000
10000 -10000
10000 10000
10000 -10000
-10000 -10000
10000 10000
10000 10000
-10000 -10000
-10000 10000
10000 10000
10000 -10000
-10000 -10000
-10000 10000
10000 -10000
10000 10000
-10000 -10000
-10000 -10000
-10000 -10000
10000 10000
-10000 10000
10000 -10000
-10000 -10000
-10000 -10000
10000 10000
10000 -10000
10000 -10000
-10000 -10000
-10000 -10000
-10000 10000
10000 -10000
10000 -10000
-10000 10000
10000 -10000
10000 10000
-10000 -10000
-10000 10000
-10000 -10000
-10000 10000
10000 -10000
10000 -10000
-10000 10000
-10000 -10000
10000 10000
-10000 10000
10000 10000
-10000 -10000
-10000 -10000
-10000 10000
-10000 -10000
-10000 -10000
-10000 -10000
10000 10000
10000 -10000
-10000 -10000
10000 -10000
10000 10000
-10000 -10000
10000 10000
-10000 10000
-10000 10000
-10000 -10000
10000 -10000
-10000 10000
10000 -10000
-10000 -10000
-10000 -10000
10000 -10000
-10000 10000
-10000 -10000
10000 10000
-10000 -10000
-10000 10000
10000 10000
-10000 10000
10000 10000
10000 10000
-10000 10000
10000 10000
-10000 -10000
10000 -10000
-10000 10000
-10000 10000
10000 10000
10000 -10000
-10000 -10000
10000 10000
-10000 10000
10000 10000
10000 10000
-10000 -10000
10000 -10000
10000 10000
10000 -10000
10000 10000
10000 -10000
10000 -10000
-10000 -10000
-10000 10000
-10000 -10000
-10000 10000
-10000 10000
10000 -10000
-10000 10000
10000 10000
-10000 10000
-10000 10000
-10000 -10000
10000 10000
10000 -10000
-10000 -10000
10000 10000
10000 10000
10000 10000
-10000 -10000
10000 10000
10000 -10000
10000 10000
10000 -10000
10000 -10000
10000 -10000
10000 10000
10000 10000
10000 -10000
-10000 -10000
-10000 -10000
-10000 -10000
-10000 10000
10000 -10000
-10000 10000
10000 10000
-10000 10000
-10000 -10000
10000 -10000
10000 10000
-10000 -10000
-10000 -10000
-10000 10000
-10000 -10000
-10000 10000
-10000 10000
-10000 10000
10000 10000
-10000 -10000
-10000 -10000
10000 -10000
-10000 10000
-10000 -10000
10000 -10000
-10000 -10000
10000 10000
10000 10000
-10000 -10000
10000 10000
-10000 10000
-10000 -10000
10000 -10000
10000 -10000
10000 -10000
10000 -10000
10000 -10000
10000 10000
-10000 -10000
10000 -10000
10000 -10000
-10000 10000
-10000 10000
10000 10000
10000 10000
10000 10000
10000 -10000
-10000 -10000
-10000 10000
10000 -10000
10000 -10000
-10000 -10000
10000 -10000
10000 -10000
10000 -10000
10000 10000
10000 10000
10000 10000
-10000 -10000
10000 10000
-10000 -10000
10000 10000
-10000 -10000
-10000 10000
10000 10000
10000 10000
10000 -10000
10000 -10000
-10000 -10000
10000 -10000
10000 -10000
-10000 -10000
10000 10000
10000 -10000
-10000 -10000
10000 -10000
10000 10000
10000 10000
-10000 10000
10000 10000
10000 -10000
-10000 -10000
-10000 -10000
-10000 -10000
10000 10000
10000 -10000
-10000 10000
-10000 -10000
10000 -10000
-10000 10000
10000 10000
10000 10000
10000 -10000
10000 10000
10000 10000
-10000 10000
10000 10000
10000 -10000
10000 10000
-10000 10000
10000 -10000
10000 -10000
10000 -10000
-10000 -10000
10000 10000
-10000 -10000
-10000 -10000
10000 -10000
10000 10000
10000 -10000
-10000 -10000
-10000 10000
10000 10000
10000 10000
-10000 10000
-10000 -10000
-10000 10000
-10000 -10000
-10000 -10000
10000 10000
-10000 10000
10000 -10000
-10000 -10000
-10000 -10000
10000 10000
10000 -10000
-10000 -10000
10000 10000
10000 10000
-10000 -10000
10000 -10000
10000 -10000
-10000 -10000
10000 -10000
10000 10000
-10000 10000
-10000 -10000
-10000 10000
-10000 10000
10000 -10000
-10000 10000
10000 10000
-10000 10000
-10000 -10000
10000 -10000
10000 10000
-10000 -10000
-10000 -10000
-10000 -10000
10000 10000
10000 -10000
-10000 -10000
-10000 10000
-10000 10000
10000 10000
-10000 -10000
-10000 -10000
10000 10000
-10000 -10000
10000 10000
10000 10000
10000 10000
-10000 -10000
10000 -10000
-10000 10000
-10000 -10000
10000 10000
-10000 10000
-10000 10000
-10000 -10000
-10000 -10000
10000 10000
10000 10000
10000 -10000
-10000 -10000
-10000 -10000
-10000 10000
-10000 -10000
10000 -10000
10000 -10000
-10000 10000
-10000 10000
-10000 -10000
10000 10000
10000 10000
-10000 10000
10000 10000
-10000 10000
-10000 -10000
10000 -10000
10000 10000
10000 10000
-10000 -10000
10000 -10000
-10000 -10000
10000 -10000
-10000 -10000
-10000 10000
-10000 10000
-10000 -10000
-10000 10000
-10000 -10000
10000 10000
10000 -10000
-10000 -10000
-10000 10000
-10000 -10000
-10000 10000
10000 10000
10000 -10000
10000 -10000
10000 10000
10000 10000
-10000 -10000
-10000 10000
-10000 10000
10000 -10000
10000 -10000
-10000 -10000
-10000 -10000
-10000 10000
-10000 10000
10000 -10000
10000 10000
10000 10000
10000 -10000
-10000 10000
-10000 10000
10000 -10000
-10000 10000
10000 -10000
10000 -10000
10000 10000
10000 10000
10000 -10000
-10000 -10000
10000 -10000
10000 10000
10000 -10000
-10000 -10000
10000 10000
10000 10000
10000 10000
10000 -10000
10000 10000
-10000 -10000
10000 -10000
-10000 10000
10000 -10000
-10000 -10000
10000 10000
-10000 -10000
-10000 -10000
10000 -10000
-10000 10000
10000 10000
10000 10000
-10000 -10000
-10000 -10000
-10000 -10000
10000 -10000
10000 10000
-10000 -10000
10000 10000
-10000 -10000
-10000 -10000
10000 10000
-10000 10000
10000 -10000
10000 -10000
-10000 10000
10000 -10000
-10000 -10000
-10000 -10000
-10000 -10000
-10000 -10000
-10000 -10000
10000 -10000
10000 10000
10000 10000
10000 -10000
10000 -10000
-10000 -10000
-10000 10000
-10000 -10000
-10000 -10000
10000 -10000
10000 -10000
-10000 -10000
-10000 -10000
10000 -10000
-10000 10000
-10000 10000
-10000 -10000
-10000 10000
-10000 -10000
10000 10000
10000 -10000
-10000 -10000
10000 10000
10000 -10000
10000 -10000
10000 -10000
-10000 10000
10000 10000
10000 10000
10000 10000
10000 10000
-10000 10000
-10000 10000
10000 -10000
10000 -10000
10000 -10000
10000 -10000
10000 -10000
-10000 -10000
-10000 -10000
10000 -10000
-10000 -10000
-10000 10000
10000 -10000
10000 10000
10000 10000
-10000 10000
10000 10000
-10000 -10000
-10000 -10000
10000 10000
-10000 10000
10000 10000
10000 -10000
10000 -10000
-10000 10000
-10000 -10000
-10000 10000
-10000 -10000
-10000 10000
10000 10000
-10000 10000
-10000 10000
10000 10000
-10000 -10000
10000 -10000
10000 10000
-10000 10000
-10000 10000
-10000 10000
-10000 10000
-10000 10000
-10000 -10000
10000 10000
-10000 10000
10000 -10000
-10000 10000
10000 10000
-10000 -10000
10000 10000
10000 10000
10000 10000
-10000 -10000
10000 10000
10000 10000
10000 10000
-10000 -10000
-10000 -10000
-10000 -10000
10000 10000
10000 -10000
-10000 -10000
-10000 10000
10000 -10000
-10000 10000
10000 10000
-10000 10000
10000 10000
10000 -10000
-10000 10000
10000 10000
10000 -10000
-10000 10000
-10000 10000
10000 -10000
10000 -10000
-10000 10000
10000 -10000
-10000 -10000
-10000 -10000
-10000 -10000
-10000 -10000
-10000 -10000
-10000 -10000
10000 -10000
-10000 10000
-10000 10000
-10000 10000
10000 -10000
-10000 -10000
10000 -10000
-10000 10000
-10000 10000
-10000 -10000
-10000 -10000
10000 10000
10000 -10000
-10000 -10000
-10000 10000
-10000 10000
10000 10000
-10000 10000
-10000 10000
10000 10000
10000 -10000
10000 -10000
-10000 -10000
-10000 10000
10000 -10000
10000 10000
10000 10000
10000 -10000
-10000 -10000
10000 -10000
-10000 -10000
-10000 -10000
10000 10000
-10000 10000
-10000 10000
10000 10000
10000 10000
10000 -10000
-10000 -10000
10000 10000
10000 -10000
-10000 -10000
-10000 10000
-10000 10000
-10000 10000
10000 10000
-10000 10000
10000 10000
10000 -10000
-10000 10000
10000 -10000
10000 10000
-10000 -10000
-10000 10000
10000 -10000
-10000 10000
10000 -10000
-10000 10000
10000 10000
-10000 -10000
10000 10000
10000 10000
-10000 10000
-10000 -10000
10000 -10000
-10000 -10000
-10000 -10000
10000 10000
-10000 -10000
10000 10000
-10000 -10000
10000 10000
-10000 10000
-10000 -10000
10000 -10000
10000 10000
-10000 10000
-10000 10000
10000 -10000
-10000 10000
-10000 -10000
-10000 -10000
10000 10000
10000 10000
10000 -10000
10000 10000
10000 10000
-10000 10000
10000 10000
-10000 -10000
10000 -10000
-10000 -10000
10000 10000
-10000 -10000
10000 -10000
-10000 10000
-10000 10000
-10000 10000
10000 -10000
-10000 10000
-10000 10000
-10000 -10000
10000 10000
10000 10000
10000 10000
-10000 10000
-10000 10000
10000 -10000
10000 -10000
10000 -10000
10000 10000
10000 -10000
-10000 10000
-10000 -10000
10000 -10000
-10000 10000
-10000 10000
10000 10000
10000 -10000
10000 10000
-10000 10000
10000 10000
10000 -10000
10000 10000
-10000 -10000
10000 -10000
-10000 -10000
10000 -10000
-10000 10000
-10000 -10000
10000 -10000
10000 -10000
10000 -10000
-10000 -10000
-10000 10000
10000 -10000
-10000 10000
-10000 10000
-10000 -10000
10000 -10000
-10000 10000
-10000 -10000
10000 -10000
10000 -10000
10000 10000
-10000 -10000
-10000 -10000
-10000 -10000
10000 -10000
10000 -10000
10000 -10000
-10000 -10000
-10000 10000
10000 -10000
10000 10000
10000 -10000
10000 -10000
-10000 -10000
-10000 -10000
-10000 10000
-10000 10000
-10000 -10000
10000 10000
-10000 10000
-10000 10000
10000 10000
10000 -10000
10000 10000
10000 10000
10000 -10000
-10000 -10000
-10000 10000
10000 10000
10000 10000
-10000 -10000
10000 10000
-10000 10000
-10000 10000
-10000 -10000
10000 10000
10000 -10000
10000 10000
10000 10000
-10000 10000
-10000 10000
10000 10000
10000 -10000
-10000 -10000
10000 -10000
10000 10000
10000 -10000
10000 10000
10000 10000
-10000 -10000
10000 10000
-10000 10000
-10000 -10000
-10000 10000
10000 -10000
10000 10000
10000 10000
-10000 10000
-10000 -10000
-10000 10000
10000 -10000
10000 -10000
-10000 10000
-10000 10000
10000 -10000
-10000 10000
-10000 10000
-10000 -10000
-10000 -10000
10000 10000
10000 -10000
10000 -10000
-10000 -10000
-10000 -10000
10000 10000
-10000 -10000
-10000 -10000
10000 -10000
-10000 -10000
-10000 -10000
-10000 -10000
-10000 -10000
10000 10000
10000 10000
10000 -10000
-10000 10000
-10000 -10000
10000 10000
10000 -10000
-10000 -10000
10000 10000
10000 10000
-10000 -10000
-10000 -10000
10000 10000
-10000 -10000
-10000 10000
10000 10000
10000 -10000
-10000 -10000
-10000 -10000
10000 10000
10000 -10000
-10000 -10000
10000 10000
-10000 10000
10000 -10000
-10000 -10000
10000 -10000
-10000 10000
-10000 10000
10000 -10000
10000 10000
10000 -10000
10000 -10000
-10000 -10000
-10000 -10000
-10000 10000
10000 -10000
10000 10000
-10000 10000
-10000 10000
10000 10000
10000 -10000
-10000 -10000
-10000 10000
-10000 -10000
10000 10000
10000 10000
-10000 -10000
10000 10000
-10000 -10000
10000 -10000
-10000 -10000
10000 -10000
10000 -10000
10000 10000
-10000 10000
10000 -10000
-10000 10000
-10000 -10000
-10000 10000
10000 10000
10000 10000
-10000 10000
-10000 -10000
10000 -10000
-10000 -10000
-10000 10000
10000 10000
10000 -10000
-10000 10000
10000 10000
-10000 -10000
10000 -10000
-10000 10000
10000 -10000
-10000 10000
10000 -10000
-10000 10000
10000 10000
-10000 10000
-10000 10000
10000 -10000
10000 10000
-10000 10000
10000 10000
-10000 10000
-10000 -10000
10000 10000
10000 -10000
10000 10000
10000 10000
-10000 -10000
-10000 10000
10000 -10000
10000 -10000
-10000 -10000
-10000 10000
10000 10000
10000 -10000
-10000 10000
-10000 -10000
-10000 -10000
-10000 -10000
-10000 10000
10000 -10000
10000 10000
10000 -10000
10000 -10000
-10000 10000
10000 -10000
10000 -10000
10000 -10000
10000 -10000
-10000 -10000
-10000 10000
10000 10000
-10000 10000
-10000 -10000
-10000 10000
-10000 10000
10000 -10000
-10000 10000
-10000 -10000
-10000 -10000
-10000 -10000
-10000 10000
-10000 10000
10000 10000
10000 10000
-10000 10000
10000 -10000
-10000 -10000
-10000 -10000
10000 10000
-10000 -10000
-10000 -10000
10000 -10000
-10000 10000
-10000 -10000
10000 -10000
-10000 10000
10000 10000
-10000 -10000
10000 -10000
-10000 10000
-10000 10000
10000 -10000
10000 10000
10000 -10000
10000 10000
-10000 -10000
10000 -10000
10000 10000
10000 -10000
10000 -10000
-10000 -10000
-10000 10000
-10000 10000
10000 -10000
-10000 10000
10000 10000
-10000 -10000
10000 -10000
-10000 -10000
-10000 10000
-10000 10000
10000 10000
-10000 -10000
-10000 10000
-10000 10000
-10000 -10000
-10000 10000
10000 10000
-10000 10000
-10000 10000
10000 -10000
-10000 -10000
10000 10000
10000 10000
-10000 10000
10000 10000
10000 10000
10000 -10000
10000 -10000
-10000 10000
-10000 10000
-10000 10000
10000 -10000
-10000 -10000
10000 10000
10000 10000
-10000 10000
-10000 10000
10000 10000
10000 10000
-10000 10000
-10000 -10000
10000 -10000
10000 10000
-10000 -10000
-10000 -10000
10000 10000
-10000 -10000
10000 -10000
10000 10000
10000 10000
-10000 10000
-10000 -10000
10000 10000
10000 10000
-10000 -10000
-10000 -10000
10000 -10000
-10000 10000
-10000 -10000
-10000 10000
-10000 10000
10000 10000
10000 10000
10000 -10000
-10000 -10000
-10000 -10000
10000 -10000
-10000 -10000
-10000 -10000
10000 10000
-10000 -10000
-10000 -10000
-10000 -10000
10000 -10000
-10000 10000
10000 -10000
10000 -10000
10000 10000
10000 -10000
10000 10000
10000 10000
-10000 10000
10000 -10000
10000 -10000
10000 10000
-10000 -10000
-10000 -10000
-10000 10000
10000 -10000
-10000 -10000
-10000 -10000
10000 -10000
-10000 -10000
10000 10000
10000 10000
-10000 -10000
10000 -10000
10000 10000
10000 -10000
10000 10000
10000 10000
-10000 10000
10000 -10000
-10000 10000
10000 -10000
-10000 10000
10000 10000
10000 10000
10000 -10000
-10000 -10000
-10000 -10000
-10000 -10000
-10000 10000
-10000 -10000
10000 -10000
10000 -10000
-10000 10000
10000 -10000
-10000 -10000
-10000 -10000
10000 -10000
-10000 -10000
-10000 10000
-10000 -10000
10000 10000
-10000 10000
-10000 10000
-10000 -10000
-10000 10000
-10000 10000
10000 -10000
10000 10000
-10000 10000
-10000 -10000
10000 10000
10000 10000
-10000 -10000
10000 -10000
-10000 10000
10000 10000
10000 -10000
-10000 10000
-10000 -10000
-10000 10000
10000 10000
10000 10000
-10000 10000
10000 -10000
10000 -10000
-10000 -10000
10000 -10000
-10000 10000
-10000 -10000
-10000 10000
10000 10000
10000 -10000
-10000 10000
10000 10000
-10000 10000
-10000 10000
-10000 10000
10000 -10000
-10000 -10000
-10000 10000
-10000 10000
-10000 10000
10000 10000
10000 10000
10000 10000
-10000 10000
10000 10000
10000 10000
10000 10000
-10000 10000
-10000 10000
-10000 10000
-10000 10000
10000 10000
-10000 -10000
-10000 10000
-10000 -10000
-10000 -10000
-10000 10000
10000 10000
-10000 10000
-10000 10000
10000 -10000
10000 10000
10000 10000
10000 10000
-10000 10000
-10000 10000
-10000 -10000
10000 10000
10000 -10000
-10000 -10000
10000 10000
10000 10000
10000 -10000
10000 10000
10000 -10000
10000 10000
10000 10000
-10000 10000
-10000 -10000
-10000 10000
-10000 -10000
10000 10000
10000 -10000
-10000 -10000
10000 -10000
10000 10000
10000 -10000
-10000 10000
-10000 10000
10000 -10000
10000 -10000
-10000 -10000
10000 -10000
10000 -10000
-10000 -10000
10000 10000
-10000 -10000
10000 10000
10000 -10000
-10000 10000
-10000 -10000
-10000 -10000
-10000 10000
10000 -10000
10000 -10000
10000 -10000
-10000 10000
10000 10000
-10000 10000
-10000 10000
10000 -10000
10000 10000
10000 -10000
-10000 10000
10000 10000
10000 -10000
-10000 -10000
10000 10000
-10000 10000
10000 10000
-10000 -10000
-10000 10000
10000 10000
-10000 -10000
-10000 10000
-10000 10000
-10000 -10000
10000 10000
-10000 -10000
-10000 -10000
-10000 10000
10000 10000
-10000 -10000
10000 -10000
-10000 10000
10000 10000
10000 10000
-10000 -10000
-10000 10000
10000 10000
-10000 10000
10000 10000
10000 -10000
10000 10000
-10000 -10000
-10000 10000
10000 10000
-10000 -10000
-10000 -10000
-10000 -10000
10000 10000
-10000 -10000
-10000 10000
10000 10000
-10000 -10000
10000 -10000
10000 -10000
-10000 -10000
10000 10000
-10000 -10000
-10000 10000
10000 10000
-10000 10000
-10000 -10000
10000 10000
-10000 -10000
10000 10000
-10000 10000
10000 10000
10000 -10000
10000 -10000
-10000 -10000
10000 10000
10000 10000
-10000 -10000
10000 10000
10000 10000
10000 10000
10000 -10000
-10000 10000
10000 -10000
10000 10000
-10000 10000
10000 -10000
-10000 -10000
10000 -10000
-10000 10000
10000 10000
-10000 -10000
10000 10000
10000 -10000
10000 -10000
-10000 -10000
10000 10000
10000 -10000
-10000 -10000
-10000 -10000
10000 -10000
-10000 10000
-10000 10000
-10000 -10000
10000 10000
-10000 -10000
10000 10000
10000 10000
10000 10000
10000 -10000
10000 10000
-10000 -10000
10000 10000
10000 10000
-10000 -10000
10000 -10000
10000 10000
-10000 10000
-10000 -10000
10000 -10000
10000 -10000
-10000 10000
-10000 -10000
10000 10000
10000 -10000
-10000 10000
-10000 -10000
10000 -10000
10000 -10000
10000 10000
10000 -10000
-10000 10000
10000 10000
10000 -10000
10000 10000
-10000 -10000
-10000 -10000
10000 -10000
10000 10000
-10000 10000
-10000 -10000
-10000 -10000
-10000 10000
-10000 -10000
10000 -10000
-10000 10000
-10000 -10000
-10000 10000
-10000 -10000
10000 -10000
-10000 10000
10000 10000
-10000 -10000
10000 10000
-10000 10000
10000 -10000
10000 -10000
-10000 -10000
10000 10000
10000 -10000
-10000 10000
10000 -10000
10000 10000
10000 -10000
10000 -10000
-10000 10000
10000 -10000
10000 -10000
10000 10000
10000 -10000
10000 10000
10000 10000
10000 10000
10000 10000
-10000 10000
10000 10000
10000 -10000
-10000 -10000
-10000 -10000
10000 -10000
10000 -10000
-10000 10000
-10000 10000
-10000 -10000
-10000 10000
-10000 -10000
10000 10000
-10000 -10000
-10000 10000
-10000 10000
10000 -10000
-10000 10000
10000 10000
-10000 10000
10000 10000
10000 -10000
10000 10000
10000 -10000
-10000 -10000
-10000 -10000
-10000 -10000
10000 10000
10000 10000
-10000 10000
10000 -10000
-10000 10000
10000 -10000
10000 -10000
10000 10000
-10000 -10000
10000 10000
10000 10000
-10000 10000
10000 -10000
-10000 -10000
10000 -10000
10000 -10000
10000 10000
10000 10000
-10000 -10000
10000 -10000
-10000 -10000
10000 -10000
10000 10000
-10000 10000
10000 10000
10000 -10000
-10000 -10000
10000 10000
10000 10000
10000 10000
10000 -10000
-10000 10000
-10000 -10000
10000 -10000
10000 10000
10000 -10000
10000 -10000
-10000 -10000
10000 10000
10000 10000
10000 10000
10000 10000
10000 10000
-10000 -10000
-10000 -10000
-10000 10000
10000 -10000
10000 10000
10000 10000
10000 10000
10000 10000
-10000 -10000
10000 10000
-10000 -10000
10000 10000
-10000 -10000
10000 -10000
-10000 -10000
10000 -10000
-10000 -10000
10000 -10000
10000 -10000
10000 10000
10000 -10000
-10000 10000
10000 -10000
10000 -10000
10000 -10000
-10000 10000
-10000 -10000
-10000 -10000
-10000 -10000
-10000 -10000
10000 -10000
-10000 -10000
-10000 -10000
10000 -10000
10000 -10000
10000 -10000
10000 -10000
-10000 10000
10000 -10000
-10000 10000
-10000 10000
-10000 -10000
10000 10000
10000 -10000
-10000 10000
-10000 -10000
-10000 -10000
10000 10000
-10000 10000
-10000 10000
10000 -10000
-10000 -10000
-10000 10000
-10000 -10000
-10000 10000
10000 10000
10000 10000
-10000 -10000
-10000 10000
10000 10000
10000 10000
10000 10000
10000 10000
10000 10000
10000 10000
10000 -10000
10000 -10000
10000 10000
-10000 -10000
-10000 10000
10000 -10000
10000 10000
10000 10000
10000 10000
-10000 -10000
10000 -10000
-10000 -10000
-10000 -10000
10000 -10000
-10000 10000
-10000 -10000
-10000 10000
-10000 -10000
-10000 -10000
10000 10000
-10000 10000
-10000 10000
10000 -10000
-10000 10000
-10000 10000
10000 10000
-10000 10000
-10000 10000
10000 10000
-10000 10000
10000 -10000
-10000 10000
-10000 10000
10000 10000
10000 -10000
-10000 10000
10000 -10000
10000 -10000
10000 10000
10000 10000
10000 10000
-10000 10000
-10000 -10000
10000 10000
-10000 -10000
-10000 -10000
10000 -10000
-10000 -10000
10000 -10000
-10000 10000
10000 10000
10000 -10000
-10000 -10000
10000 -10000
-10000 10000
-10000 -10000
-10000 -10000
-10000 10000
-10000 -10000
10000 10000
10000 -10000
10000 -10000
-10000 -10000
10000 -10000
10000 -10000
10000 10000
10000 10000
-10000 -10000
-10000 -10000
-10000 -10000
-10000 -10000
10000 -10000
10000 10000
-10000 10000
10000 10000
-10000 -10000
10000 10000
-10000 -10000
-10000 10000
-10000 10000
10000 -10000
-10000 -10000
-10000 -10000
-10000 -10000
-10000 10000
10000 -10000
-10000 -10000
-10000 -10000
10000 10000
-10000 -10000
-10000 -10000
-10000 10000
-10000 10000
10000 -10000
-10000 -10000
-10000 -10000
-10000 10000
10000 -10000
-10000 -10000
10000 -10000
-10000 10000
10000 10000
10000 10000
-10000 -10000
10000 10000
-10000 -10000
-10000 -10000
10000 10000
10000 -10000
-10000 10000
10000 -10000
-10000 -10000
-10000 -10000
10000 10000
10000 -10000
-10000 10000
-10000 -10000
-10000 10000
-10000 10000
-10000 -10000
10000 10000
10000 -10000
-10000 10000
10000 -10000
-10000 -10000
-10000 -10000
10000 10000
10000 -10000
10000 10000
10000 10000
-10000 -10000
10000 10000
10000 -10000
10000 -10000
10000 -10000
-10000 10000
10000 -10000
-10000 -10000
-10000 -10000
10000 -10000
-10000 -10000
10000 10000
-10000 -10000
-10000 10000
-10000 10000
10000 10000
-10000 -10000
10000 10000
-10000 10000
10000 10000
10000 -10000
10000 10000
-10000 10000
-10000 10000
10000 10000
10000 -10000
-10000 -10000
-10000 -10000
10000 10000
-10000 -10000
10000 10000
10000 10000
10000 -10000
10000 10000
-10000 -10000
-10000 -10000
10000 -10000
-10000 10000
10000 10000
-10000 -10000
10000 -10000
10000 -10000
-10000 -10000
10000 10000
10000 10000
-10000 -10000
10000 -10000
10000 10000
10000 -10000
10000 10000
-10000 10000
-10000 10000
10000 10000
10000 10000
-10000 -10000
-10000 10000
10000 -10000
-10000 10000
10000 -10000
-10000 10000
-10000 10000
10000 10000
10000 10000
10000 10000
10000 -10000
-10000 10000
-10000 10000
10000 10000
10000 10000
10000 10000
10000 -10000
-10000 10000
10000 10000
-10000 -10000
-10000 -10000
-10000 10000
-10000 10000
-10000 -10000
10000 -10000
10000 -10000
-10000 10000
-10000 -10000
-10000 10000
10000 10000
10000 10000
-10000 10000
-10000 -10000
10000 -10000
10000 -10000
10000 -10000
10000 -10000
-10000 -10000
10000 10000
-10000 10000
10000 -10000
10000 -10000
10000 -10000
10000 10000
-10000 10000
-10000 -10000
10000 10000
10000 -10000
-10000 10000
10000 -10000
10000 10000
10000 10000
10000 10000
10000 10000
-10000 -10000
-10000 10000
10000 -10000
-10000 10000
10000 10000
10000 -10000
-10000 -10000
-10000 -10000
10000 -10000
10000 -10000
-10000 -10000
10000 10000
-10000 -10000
-10000 -10000
10000 -10000
-10000 -10000
10000 -10000
-10000 10000
-10000 -10000
10000 -10000
10000 10000
-10000 -10000
10000 10000
-10000 10000
10000 10000
10000 10000
10000 10000
-10000 10000
-10000 -10000
10000 -10000
10000 10000
-10000 -10000
10000 10000
-10000 10000
-10000 10000
-10000 -10000
10000 -10000
-10000 10000
-10000 -10000
-10000 -10000
10000 10000
-10000 10000
-10000 -10000
10000 -10000
10000 10000
10000 -10000
10000 10000
10000 10000
-10000 10000
-10000 10000
-10000 -10000
10000 10000
-10000 -10000
-10000 10000
-10000 10000
10000 -10000
-10000 -10000
-10000 -10000
10000 10000
10000 10000
10000 10000
-10000 10000
10000 10000
10000 10000
10000 10000
10000 10000
10000 10000
10000 10000
10000 10000
10000 -10000
10000 -10000
-10000 10000
10000 -10000
10000 10000
-10000 -10000
-10000 -10000
-10000 10000
-10000 10000
10000 -10000
-10000 10000
-10000 10000
10000 -10000
10000 -10000
10000 10000
-10000 10000
10000 10000
-10000 10000
10000 -10000
10000 -10000
10000 -10000
10000 -10000
-10000 10000
-10000 10000
-10000 -10000
10000 10000
-10000 -10000
10000 10000
10000 10000
-10000 10000
-10000 10000
10000 10000
10000 10000
-10000 10000
10000 10000
10000 -10000
10000 10000
10000 -10000
-10000 10000
-10000 10000
-10000 10000
10000 10000
-10000 10000
-10000 -10000
-10000 10000
-10000 10000
10000 10000
-10000 10000
10000 -10000
-10000 -10000
10000 -10000
10000 -10000
10000 -10000
10000 10000
10000 -10000
10000 -10000
10000 -10000
10000 -10000
-10000 -10000
10000 10000
-10000 -10000
-10000 -10000
10000 -10000
10000 -10000
-10000 -10000
-10000 10000
10000 10000
-10000 -10000
-10000 10000
10000 10000
10000 -10000
10000 -10000
10000 10000
10000 -10000
-10000 -10000
-10000 -10000
10000 -10000
10000 10000
-10000 -10000
10000 -10000
-10000 -10000
10000 10000
-10000 -10000
10000 -10000
-10000 -10000
-10000 -10000
-10000 10000
-10000 10000
-10000 -10000
10000 10000
10000 -10000
10000 10000
-10000 -10000
10000 10000
-10000 10000
-10000 -10000
-10000 -10000
10000 10000
10000 10000
10000 -10000
10000 10000
-10000 -10000
10000 -10000
10000 10000
10000 -10000
-10000 10000
10000 -10000
10000 -10000
10000 10000
-10000 10000
10000 10000
-10000 -10000
-10000 -10000
10000 10000
10000 10000
10000 10000
10000 10000
10000 -10000
10000 10000
10000 -10000
-10000 10000
10000 10000
-10000 10000
-10000 -10000
-10000 -10000
-10000 10000
-10000 -10000
-10000 -10000
-10000 -10000
10000 -10000
-10000 10000
10000 10000
-10000 10000
-10000 -10000
10000 10000
-10000 10000
10000 10000
10000 10000
10000 10000
10000 -10000
-10000 10000
-10000 -10000
-10000 -10000
10000 10000
-10000 -10000
-10000 10000
-10000 -10000
10000 10000
10000 10000
-10000 10000
-10000 10000
-10000 -10000
-10000 -10000
10000 10000
-10000 -10000
10000 -10000
-10000 -10000
-10000 10000
10000 -10000
-10000 10000
10000 -10000
-10000 -10000
-10000 -10000
10000 -10000
-10000 10000
10000 -10000
-10000 10000
-10000 10000
-10000 10000
-10000 10000
10000 10000
-10000 10000
-10000 -10000
-10000 10000
10000 10000
-10000 -10000
10000 -10000
-10000 -10000
10000 10000
-10000 10000
-10000 10000
10000 10000
-10000 -10000
-10000 10000
-10000 -10000
-10000 10000
10000 10000
10000 10000
-10000 10000
10000 -10000
-10000 10000
-10000 10000
-10000 -10000
-10000 -10000
-10000 10000
10000 -10000
10000 -10000
-10000 10000
10000 10000
-10000 10000
-10000 -10000
-10000 10000
-10000 -10000
-10000 -10000
10000 -10000
-10000 -10000
10000 10000
-10000 -10000
10000 10000
10000 10000
-10000 10000
-10000 -10000
-10000 10000
10000 -10000
-10000 -10000
10000 10000
-10000 -10000
-10000 10000
-10000 -10000
-10000 10000
-10000 -10000
-10000 -10000
-10000 -10000
10000 10000
10000 10000
-10000 10000
10000 -10000
10000 10000
-10000 -10000
10000 -10000
10000 -10000
-10000 10000
10000 -10000
10000 10000
10000 10000
10000 -10000
10000 10000
10000 -10000
-10000 10000
10000 10000
-10000 -10000
10000 10000
10000 10000
10000 -10000
-10000 10000
10000 -10000
-10000 10000
10000 -10000
10000 -10000
10000 -10000
-10000 10000
-10000 -10000
-10000 -10000
10000 -10000
-10000 -10000
10000 10000
10000 -10000
-10000 10000
-10000 10000
-10000 10000
10000 10000
-10000 10000
10000 -10000
-10000 10000
10000 -10000
10000 -10000
-10000 -10000
-10000 -10000
10000 -10000
-10000 -10000
10000 -10000
-10000 -10000
-10000 10000
10000 -10000
10000 10000
10000 -10000
10000 -10000
-10000 -10000
10000 -10000
10000 10000
-10000 -10000
10000 -10000
-10000 10000
-10000 10000
-10000 -10000
10000 -10000
10000 10000
-10000 10000
-10000 10000
10000 10000
10000 10000
-10000 -10000
10000 -10000
-10000 -10000
-10000 10000
-10000 10000
-10000 10000
10000 10000
-10000 -10000
-10000 -10000
-10000 -10000
-10000 10000
-10000 -10000
-10000 10000
10000 10000
10000 10000
10000 -10000
-10000 -10000
10000 10000
-10000 -10000
10000 -10000
-10000 10000
10000 -10000
-10000 10000
10000 10000
-10000 10000
-10000 -10000
-10000 10000
10000 10000
-10000 -10000
10000 -10000
10000 10000
10000 -10000
-10000 -10000
-10000 10000
10000 10000
10000 -10000
10000 -10000
10000 10000
-10000 10000
10000 10000
-10000 -10000
-10000 10000
10000 10000
-10000 -10000
-10000 10000
-10000 -10000
-10000 -10000
-10000 10000
10000 -10000
10000 -10000
-10000 -10000
-10000 -10000
10000 -10000
10000 10000
10000 -10000
-10000 -10000
-10000 10000
10000 10000
-10000 -10000
10000 -10000
10000 -10000
10000 -10000
-10000 -10000
-10000 10000
-10000 10000
-10000 10000
-10000 -10000
10000 -10000
-10000 10000
-10000 -10000
10000 -10000
10000 -10000
-10000 10000
10000 10000
10000 10000
10000 10000
-10000 -10000
10000 -10000
10000 -10000
10000 10000
10000 10000
-10000 10000
-10000 -10000
-10000 -10000
-10000 -10000
10000 -10000
10000 -10000
-10000 -10000
10000 -10000
-10000 -10000
10000 10000
10000 -10000
10000 -10000
-10000 -10000
-10000 10000
-10000 -10000
10000 -10000
10000 10000
-10000 -10000
-10000 -10000
-10000 10000
10000 -10000
-10000 -10000
10000 10000
10000 10000
10000 -10000
-10000 10000
10000 -10000
-10000 -10000
-10000 10000
10000 10000
10000 -10000
10000 -10000
-10000 -10000
-10000 -10000
-10000 -10000
10000 10000
-10000 10000
-10000 -10000
10000 -10000
10000 10000
-10000 -10000
10000 -10000
-10000 10000
10000 10000
-10000 10000
10000 -10000
-10000 -10000
-10000 10000
10000 10000
10000 10000
10000 10000
10000 10000
-10000 -10000
10000 10000
10000 10000
10000 10000
10000 10000
10000 10000
10000 -10000
10000 -10000
10000 -10000
10000 10000
-10000 10000
-10000 10000
-10000 10000
10000 10000
10000 10000
10000 10000
10000 -10000
10000 10000
-10000 -10000
-10000 10000
10000 -10000
-10000 -10000
10000 -10000
-10000 10000
-10000 10000
10000 10000
10000 10000
10000 10000
-10000 10000
10000 -10000
10000 -10000
10000 -10000
10000 10000
-10000 10000
-10000 10000
10000 10000
-10000 10000
10000 10000
-10000 10000
-10000 10000
-10000 -10000
-10000 10000
-10000 10000
10000 -10000
10000 10000
10000 -10000
-10000 -10000
10000 10000
-10000 -10000
-10000 10000
10000 -10000
-10000 10000
10000 10000
10000 10000
-10000 -10000
-10000 10000
-10000 -10000
-10000 -10000
10000 -10000
-10000 10000
-10000 -10000
10000 -10000
10000 -10000
-10000 10000
-10000 10000
10000 10000
10000 -10000
10000 -10000
-10000 -10000
-10000 -10000
10000 10000
-10000 10000
-10000 10000
-10000 10000
-10000 -10000
-10000 10000
10000 10000
-10000 -10000
10000 10000
10000 -10000
10000 10000
-10000 10000
10000 -10000
-10000 -10000
-10000 10000
10000 -10000
10000 -10000
-10000 -10000
10000 10000
10000 -10000
-10000 -10000
-10000 -10000
-10000 10000
-10000 -10000
-10000 10000
10000 -10000
10000 -10000
-10000 10000
-10000 -10000
10000 -10000
-10000 10000
10000 -10000
-10000 10000
-10000 10000
10000 10000
10000 -10000
-10000 -10000
10000 -10000
10000 -10000
10000 -10000
-10000 10000
10000 -10000
-10000 10000
10000 10000
10000 10000
10000 -10000
10000 10000
-10000 -10000
10000 10000
-10000 10000
-10000 -10000
-10000 -10000
-10000 10000
-10000 10000
10000 -10000
10000 -10000
-10000 10000
10000 10000
10000 10000
-10000 10000
-10000 -10000
-10000 -10000
-10000 10000
10000 -10000
-10000 -10000
-10000 -10000
-10000 -10000
-10000 -10000
-10000 10000
10000 -10000
10000 -10000
-10000 10000
-10000 -10000
-10000 -10000
-10000 10000
-10000 10000
10000 10000
-10000 -10000
-10000 -10000
10000 10000
-10000 10000
-10000 10000
-10000 10000
-10000 10000
-10000 -10000
10000 -10000
-10000 -10000
10000 -10000
-10000 -10000
-10000 -10000
10000 10000
10000 -10000
-10000 -10000
-10000 -10000
-10000 10000
-10000 10000
-10000 -10000
-10000 -10000
10000 10000
10000 -10000
-10000 10000
-10000 -10000
-10000 10000
10000 10000
10000 10000
-10000 -10000
-10000 10000
10000 10000
-10000 -10000
-10000 10000
-10000 10000
10000 10000
10000 10000
-10000 10000
10000 -10000
-10000 -10000
10000 -10000
10000 10000
-10000 -10000
-10000 10000
10000 10000
10000 10000
-10000 -10000
10000 10000
-10000 10000
-10000 -10000
10000 -10000
10000 -10000
10000 -10000
10000 10000
-10000 10000
-10000 10000
10000 10000
10000 -10000
10000 10000
10000 10000
-10000 10000
-10000 10000
10000 10000
10000 10000
-10000 10000
-10000 10000
10000 10000
10000 10000
-10000 -10000
10000 10000
-10000 10000
10000 -10000
10000 10000
10000 -10000
-10000 -10000
-10000 10000
10000 -10000
10000 -10000
-10000 10000
-10000 -10000
-10000 -10000
-10000 -10000
10000 10000
-10000 10000
-10000 10000
10000 10000
-10000 10000
-10000 10000
-10000 10000
-10000 -10000
-10000 10000
-10000 -10000
10000 -10000
-10000 -10000
-10000 -10000
-10000 10000
-10000 10000
-10000 -10000
-10000 -10000
-10000 10000
-10000 -10000
10000 -10000
10000 -10000
10000 10000
10000 -10000
10000 10000
-10000 10000
10000 -10000
10000 -10000
-10000 -10000
10000 -10000
-10000 -10000
10000 10000
10000 10000
-10000 10000
-10000 10000
10000 10000
-10000 10000
-10000 -10000
-10000 -10000
10000 10000
10000 -10000
-10000 10000
-10000 -10000
10000 -10000
-10000 -10000
-10000 10000
10000 10000
10000 -10000
10000 -10000
10000 -10000
10000 10000
10000 -10000
-10000 10000
-10000 10000
-10000 -10000
10000 -10000
10000 10000
10000 10000
-10000 -10000
-10000 10000
10000 -10000
-10000 10000
10000 -10000
-10000 10000
-10000 10000
10000 -10000
-10000 10000
10000 -10000
10000 10000
-10000 -10000
10000 10000
-10000 -10000
10000 10000
-10000 10000
10000 -10000
-10000 10000
-10000 10000
10000 10000
10000 -10000
10000 10000
10000 10000
10000 10000
10000 10000
-10000 10000
-10000 10000
-10000 -10000
10000 10000
10000 10000
-10000 -10000
-10000 -10000
10000 10000
-10000 -10000
10000 10000
10000 10000
10000 10000
-10000 10000
10000 -10000
-10000 -10000
-10000 -10000
10000 10000
-10000 10000
-10000 -10000
-10000 -10000
10000 10000
10000 10000
10000 -10000
-10000 -10000
10000 -10000
10000 10000
-10000 -10000
10000 -10000
10000 10000
-10000 10000
10000 10000
10000 -10000
-10000 10000
-10000 -10000
10000 -10000
-10000 -10000
-10000 -10000
10000 -10000
-10000 10000
10000 -10000
10000 10000
-10000 10000
-10000 -10000
10000 -10000
10000 -10000
-10000 10000
-10000 -10000
10000 -10000
10000 10000
10000 -10000
-10000 -10000
-10000 10000
-10000 10000
10000 -10000
10000 10000
-10000 10000
10000 10000
10000 10000
-10000 10000
-10000 10000
10000 -10000
-10000 10000
-10000 10000
-10000 10000
10000 -10000
-10000 10000
10000 10000
10000 -10000
-10000 10000
-10000 10000
10000 -10000
-10000 10000
-10000 -10000
-10000 10000
10000 -10000
10000 -10000
-10000 10000
-10000 -10000
-10000 10000
-10000 -10000
10000 -10000
-10000 -10000
-10000 10000
-10000 -10000
10000 -10000
-10000 10000
10000 -10000
10000 -10000
10000 -10000
-10000 10000
10000 -10000
10000 10000
-10000 10000
-10000 -10000
-10000 10000
-10000 -10000
10000 10000
-10000 10000
10000 -10000
-10000 -10000
10000 -10000
-10000 -10000
-10000 -10000
-10000 -10000
10000 10000
-10000 10000
-10000 10000
-10000 10000
10000 10000
10000 10000
-10000 10000
-10000 -10000
10000 10000
10000 -10000
10000 10000
-10000 -10000
-10000 -10000
10000 -10000
-10000 -10000
10000 -10000
-10000 10000
10000 10000
-10000 10000
10000 -10000
10000 10000
10000 10000
-10000 -10000
10000 10000
10000 -10000
-10000 10000
-10000 10000
10000 -10000
-10000 -10000
-10000 10000
10000 10000
-10000 -10000
10000 10000
-10000 -10000
10000 10000
10000 -10000
-10000 10000
10000 -10000
10000 -10000
10000 -10000
-10000 10000
-10000 -10000
-10000 10000
10000 -10000
-10000 -10000
10000 10000
-10000 -10000
10000 10000
10000 10000
-10000 10000
-10000 10000
-10000 -10000
10000 -10000
10000 10000
10000 -10000
-10000 10000
-10000 -10000
-10000 -10000
-10000 10000
10000 10000
10000 10000
-10000 -10000
10000 -10000
10000 10000
10000 10000
-10000 -10000
-10000 -10000
-10000 10000
-10000 10000
-10000 -10000
-10000 10000
-10000 -10000
10000 -10000
10000 -10000
10000 -10000
-10000 10000
-10000 -10000
10000 10000
-10000 10000
-10000 10000
-10000 -10000
10000 10000
10000 -10000
-10000 10000
10000 10000
-10000 -10000
10000 10000
-10000 10000
-10000 -10000
-10000 10000
-10000 10000
-10000 -10000
10000 10000
10000 10000
10000 10000
10000 10000
10000 10000
10000 -10000
10000 10000
-10000 10000
10000 -10000
10000 10000
-10000 10000
10000 10000
10000 -10000
10000 10000
10000 -10000
10000 -10000
10000 -10000
-10000 -10000
-10000 10000
-10000 10000
-10000 10000
10000 10000
-10000 -10000
10000 -10000
10000 -10000
-10000 -10000
10000 10000
-10000 10000
10000 10000
10000 10000
-10000 -10000
-10000 -10000
10000 10000
-10000 10000
10000 -10000
10000 10000
-10000 -10000
10000 -10000
10000 -10000
10000 10000
10000 -10000
-10000 -10000
-10000 -10000
10000 -10000
-10000 -10000
-10000 -10000
10000 10000
-10000 10000
10000 -10000
10000 10000
-10000 -10000
10000 10000
-10000 10000
-10000 10000
10000 -10000
-10000 10000
-10000 -10000
-10000 -10000
10000 -10000
10000 -10000
10000 -10000
10000 -10000
10000 -10000
10000 10000
10000 10000
10000 10000
10000 -10000
-10000 -10000
-10000 10000
10000 -10000
10000 -10000
10000 10000
-10000 10000
10000 10000
-10000 -10000
-10000 10000
-10000 10000
-10000 10000
-10000 -10000
-10000 10000
10000 10000
10000 -10000
-10000 10000
10000 10000
10000 10000
10000 10000
-10000 10000
-10000 10000
-10000 -10000
-10000 -10000
-10000 -10000
10000 10000
-10000 10000
10000 -10000
10000 -10000
10000 10000
-10000 10000
-10000 -10000
-10000 -10000
10000 10000
-10000 -10000
-10000 10000
10000 -10000
-10000 -10000
-10000 10000
10000 10000
10000 10000
-10000 10000
-10000 10000
-10000 10000
-10000 10000
10000 -10000
10000 10000
-10000 10000
10000 -10000
-10000 -10000
-10000 10000
10000 -10000
10000 10000
10000 10000
-10000 10000
10000 10000
-10000 -10000
-10000 -10000
-10000 -10000
-10000 -10000
-10000 -10000
-10000 10000
-10000 -10000
-10000 10000
-10000 10000
10000 10000
-10000 10000
-10000 -10000
-10000 10000
-10000 10000
-10000 -10000
10000 10000
10000 10000
10000 10000
10000 10000
-10000 10000
10000 -10000
10000 -10000
10000 -10000
-10000 10000
10000 10000
-10000 -10000
-10000 -10000
10000 -10000
-10000 -10000
-10000 -10000
10000 -10000
-10000 10000
10000 -10000
10000 10000
-10000 -10000
-10000 10000
10000 -10000
10000 -10000
10000 -10000
-10000 -10000
10000 -10000
-10000 10000
10000 -10000
10000 -10000
10000 -10000
-10000 10000
10000 10000
-10000 10000
-10000 -10000
10000 -10000
10000 -10000
10000 -10000
10000 10000
10000 10000
10000 -10000
-10000 -10000
10000 -10000
-10000 10000
10000 -10000
10000 10000
-10000 -10000
10000 10000
10000 -10000
10000 -10000
10000 -10000
-10000 -10000
-10000 -10000
10000 10000
-10000 -10000
-10000 10000
-10000 -10000
10000 -10000
10000 10000
10000 -10000
-10000 -10000
-10000 10000
10000 -10000
-10000 -10000
10000 -10000
10000 10000
-10000 -10000
10000 -10000
-10000 -10000
-10000 -10000
10000 -10000
10000 10000
10000 -10000
10000 -10000
-10000 10000
-10000 -10000
-10000 10000
-10000 10000
-10000 -10000
-10000 -10000
-10000 -10000
-10000 10000
-10000 -10000
10000 -10000
-10000 10000
-10000 -10000
-10000 10000
-10000 -10000
10000 -10000
10000 10000
-10000 10000
-10000 -10000
10000 10000
-10000 10000
10000 10000
10000 -10000
-10000 10000
-10000 -10000
10000 10000
-10000 10000
-10000 10000
10000 10000
-10000 -10000
-10000 -10000
-10000 -10000
-10000 10000
-10000 10000
-10000 10000
-10000 10000
-10000 -10000
-10000 -10000
10000 -10000
10000 -10000
-10000 10000
10000 10000
-10000 10000
10000 -10000
-10000 10000
-10000 10000
-10000 -10000
-10000 -10000
-10000 10000
-10000 10000
-10000 -10000
10000 10000
-10000 10000
-10000 -10000
10000 10000
10000 10000
-10000 10000
10000 -10000
10000 -10000
-10000 10000
-10000 -10000
10000 10000
10000 -10000
-10000 -10000
-10000 -10000
10000 10000
-10000 10000
-10000 10000
10000 -10000
10000 -10000
-10000 10000
10000 -10000
10000 10000
10000 -10000
-10000 -10000
10000 10000
10000 10000
-10000 10000
-10000 -10000
-10000 10000
10000 10000
10000 10000
-10000 -10000
10000 10000
-10000 10000
-10000 -10000
10000 10000
10000 -10000
10000 -10000
10000 -10000
-10000 -10000
10000 10000
10000 10000
-10000 -10000
-10000 -10000
-10000 -10000
-10000 10000
-10000 -10000
10000 -10000
-10000 10000
-10000 10000
-10000 10000
10000 -10000
10000 10000
10000 10000
-10000 -10000
10000 10000
-10000 10000
-10000 10000
-10000 10000
-10000 10000
-10000 10000
-10000 10000
10000 10000
10000 -10000
-10000 -10000
-10000 10000
10000 10000
10000 10000
10000 10000
-10000 -10000
10000 10000
10000 -10000
-10000 -10000
-10000 -10000
10000 10000
-10000 -10000
-10000 10000
10000 -10000
10000 10000
10000 -10000
-10000 10000
10000 10000
10000 -10000
10000 10000
10000 10000
10000 10000
-10000 -10000
10000 -10000
10000 10000
-10000 -10000
10000 10000
-10000 10000
10000 -10000
-10000 -10000
-10000 -10000
-10000 10000
-10000 -10000
10000 10000
-10000 10000
-10000 10000
-10000 -10000
-10000 -10000
10000 10000
-10000 10000
-10000 10000
10000 -10000
-10000 10000
10000 -10000
-10000 10000
10000 10000
10000 -10000
-10000 -10000
10000 10000
10000 -10000
10000 -10000
10000 -10000
10000 -10000
10000 -10000
-10000 10000
-10000 -10000
-10000 -10000
-10000 -10000
10000 10000
-10000 10000
-10000 10000
10000 10000
10000 -10000
-10000 10000
10000 -10000
-10000 10000
-10000 10000
10000 -10000
10000 -10000
10000 10000
10000 10000
-10000 10000
10000 10000
-10000 -10000
-10000 -10000
10000 10000
-10000 -10000
10000 10000
-10000 10000
-10000 -10000
10000 10000
10000 10000
10000 10000
-10000 -10000
10000 10000
-10000 -10000
-10000 10000
10000 -10000
10000 -10000
10000 10000
10000 10000
-10000 -10000
10000 -10000
-10000 10000
-10000 -10000
10000 -10000
10000 10000
-10000 -10000
-10000 10000
10000 -10000
10000 10000
10000 -10000
10000 -10000
10000 -10000
-10000 -10000
10000 10000
10000 -10000
10000 -10000
-10000 -10000
10000 10000
10000 10000
10000 -10000
-10000 -10000
10000 10000
-10000 -10000
10000 -10000
10000 -10000
10000 -10000
-10000 10000
10000 -10000
-10000 -10000
10000 -10000
-10000 10000
10000 -10000
-10000 10000
10000 -10000
10000 10000
-10000 -10000
-10000 10000
-10000 10000
10000 -10000
-10000 10000
-10000 -10000
10000 -10000
-10000 -10000
-10000 -10000
-10000 -10000
-10000 10000
10000 -10000
-10000 -10000
-10000 -10000
-10000 -10000
10000 -10000
10000 10000
-10000 10000
10000 10000
10000 -10000
-10000 -10000
-10000 -10000
-10000 10000
-10000 10000
10000 -10000
-10000 10000
-10000 -10000
10000 -10000
10000 -10000
-10000 10000
-10000 10000
10000 10000
10000 -10000
-10000 -10000
-10000 -10000
-10000 -10000
-10000 -10000
-10000 -10000
10000 10000
-10000 -10000
-10000 10000
10000 10000
10000 10000
10000 10000
-10000 -10000
-10000 10000
-10000 -10000
10000 10000
10000 -10000
-10000 10000
-10000 10000
10000 -10000
10000 10000
10000 10000
-10000 -10000
10000 10000
10000 10000
10000 -10000
-10000 -10000
10000 -10000
-10000 -10000
-10000 -10000
-10000 -10000
-10000 -10000
-10000 -10000
10000 -10000
10000 -10000
-10000 10000
10000 10000
-10000 -10000
10000 -10000
10000 -10000
-10000 10000
10000 -10000
10000 10000
-10000 10000
-10000 -10000
10000 -10000
10000 -10000
-10000 10000
10000 10000
10000 -10000
-10000 -10000
10000 -10000
-10000 10000
-10000 10000
10000 -10000
-10000 -10000
10000 10000
10000 10000
-10000 10000
10000 -10000
10000 -10000
-10000 -10000
-10000 -10000
10000 -10000
10000 10000
-10000 10000
10000 -10000
10000 10000
-10000 -10000
10000 -10000
10000 -10000
-10000 -10000
-10000 10000
-10000 -10000
-10000 -10000
-10000 -10000
-10000 -10000
10000 -10000
-10000 -10000
10000 10000
10000 -10000
-10000 -10000
-10000 10000
-10000 10000
10000 -10000
-10000 -10000
10000 10000
-10000 10000
-10000 -10000
10000 10000
10000 10000
10000 10000
10000 -10000
-10000 -10000
10000 -10000
10000 -10000
10000 10000
-10000 10000
-10000 -10000
-10000 -10000
-10000 -10000
10000 -10000
10000 10000
10000 -10000
-10000 10000
10000 10000
-10000 10000
-10000 -10000
10000 -10000
-10000 -10000
-10000 10000
10000 10000
10000 10000
10000 -10000
10000 -10000
10000 -10000
10000 -10000
10000 -10000
10000 10000
-10000 10000
-10000 -10000
10000 10000
10000 10000
-10000 10000
10000 -10000
-10000 10000
10000 10000
10000 -10000
10000 10000
10000 10000
10000 10000
10000 -10000
10000 10000
-10000 10000
-10000 -10000
10000 -10000
10000 -10000
-10000 10000
-10000 10000
-10000 -10000
-10000 10000
-10000 -10000
-10000 -10000
-10000 -10000
-10000 -10000
10000 -10000
10000 10000
-10000 -10000
-10000 10000
10000 10000
-10000 10000
-10000 -10000
-10000 -10000
-10000 10000
-10000 -10000
10000 10000
10000 10000
10000 -10000
10000 -10000
10000 -10000
10000 -10000
-10000 -10000
10000 -10000
-10000 10000
-10000 -10000
-10000 -10000
10000 10000
-10000 10000
10000 -10000
-10000 10000
10000 10000
10000 -10000
-10000 10000
-10000 -10000
10000 10000
10000 -10000
10000 -10000
10000 -10000
-10000 10000
10000 -10000
-10000 -10000
10000 -10000
-10000 -10000
-10000 10000
-10000 -10000
-10000 -10000
-10000 10000
10000 -10000
10000 10000
10000 10000
10000 10000
10000 -10000
10000 10000
10000 -10000
-10000 -10000
10000 -10000
-10000 -10000
-10000 10000
10000 10000
-10000 10000
-10000 10000
10000 -10000
-10000 10000
10000 10000
10000 -10000
10000 -10000
10000 10000
10000 10000
10000 -10000
-10000 10000
10000 -10000
-10000 -10000
10000 10000
10000 -10000
10000 10000
10000 -10000
10000 10000
-10000 -10000
-10000 10000
-10000 10000
10000 -10000
10000 -10000
10000 -10000
-10000 10000
10000 10000
10000 10000
10000 10000
-10000 -10000
10000 -10000
-10000 -10000
10000 10000
10000 -10000
-10000 -10000
10000 10000
-10000 10000
-10000 10000
-10000 -10000
-10000 10000
-10000 10000
10000 10000
-10000 10000
10000 -10000
10000 10000
10000 -10000
-10000 10000
-10000 10000
10000 -10000
-10000 10000
10000 10000
10000 -10000
-10000 10000
-10000 10000
-10000 -10000
10000 10000
10000 10000
-10000 -10000
-10000 -10000
10000 -10000
-10000 -10000
10000 10000
10000 10000
-10000 -10000
10000 -10000
-10000 -10000
10000 -10000
-10000 10000
10000 -10000
10000 -10000
-10000 10000
10000 10000
-10000 10000
10000 -10000
10000 -10000
10000 -10000
10000 -10000
-10000 -10000
-10000 -10000
10000 10000
10000 -10000
-10000 10000
-10000 -10000
10000 10000
10000 10000
10000 10000
-10000 10000
-10000 -10000
-10000 -10000
-10000 -10000
10000 10000
-10000 10000
-10000 10000
10000 10000
10000 10000
-10000 10000
-10000 10000
10000 -10000
10000 -10000
10000 10000
-10000 10000
10000 10000
-10000 10000
10000 -10000
-10000 -10000
10000 -10000
-10000 10000
-10000 10000
10000 -10000
-10000 10000
10000 -10000
-10000 10000
-10000 10000
-10000 -10000
10000 10000
10000 -10000
10000 10000
10000 10000
10000 -10000
10000 -10000
10000 10000
10000 -10000
-10000 -10000
-10000 10000
10000 10000
-10000 10000
-10000 10000
10000 10000
-10000 10000
10000 -10000
-10000 -10000
-10000 -10000
-10000 10000
-10000 10000
10000 -10000
10000 10000
10000 10000
-10000 10000
-10000 -10000
-10000 -10000
-10000 10000
10000 -10000
10000 -10000
-10000 -10000
10000 10000
-10000 -10000
10000 -10000
-10000 10000
10000 10000
-10000 -10000
-10000 10000
10000 10000
10000 10000
-10000 10000
-10000 -10000
-10000 -10000
10000 -10000
10000 10000
-10000 -10000
10000 -10000
-10000 10000
10000 -10000
-10000 10000
-10000 -10000
-10000 10000
10000 10000
10000 10000
10000 -10000
10000 -10000
10000 10000
-10000 10000
10000 -10000
10000 -10000
10000 -10000
-10000 -10000
10000 -10000
10000 10000
10000 -10000
-10000 -10000
10000 10000
10000 10000
-10000 10000
10000 10000
10000 10000
-10000 10000
-10000 -10000
-10000 -10000
-10000 -10000
10000 -10000
-10000 10000
10000 10000
-10000 -10000
10000 10000
10000 10000
10000 -10000
-10000 10000
-10000 -10000
-10000 -10000
-10000 10000
-10000 -10000
-10000 10000
10000 10000
-10000 -10000
-10000 -10000
-10000 -10000
-10000 10000
-10000 -10000
-10000 -10000
10000 10000
-10000 -10000
10000 -10000
10000 -10000
10000 -10000
10000 10000
10000 -10000
10000 10000
10000 10000
10000 10000
10000 -10000
-10000 -10000
10000 -10000
-10000 -10000
10000 -10000
-10000 -10000
10000 10000
10000 -10000
-10000 10000
-10000 10000
-10000 10000
-10000 10000
-10000 -10000
10000 10000
-10000 -10000
-10000 -10000
10000 10000
10000 -10000
10000 -10000
-10000 -10000
-10000 10000
-10000 -10000
-10000 10000
-10000 -10000
10000 -10000
10000 10000
10000 10000
10000 10000
-10000 10000
-10000 10000
10000 -10000
-10000 10000
-10000 -10000
10000 10000
-10000 10000
10000 10000
10000 10000
-10000 10000
-10000 -10000
10000 -10000
-10000 10000
10000 10000
10000 10000
10000 -10000
-10000 -10000
10000 -10000
10000 10000
10000 10000
-10000 -10000
10000 10000
-10000 10000
10000 10000
10000 10000
-10000 10000
-10000 10000
10000 10000
10000 -10000
10000 10000
-10000 -10000
-10000 10000
-10000 -10000
-10000 -10000
-10000 10000
-10000 10000
-10000 10000
-10000 -10000
-10000 -10000
10000 -10000
-10000 10000
10000 -10000
-10000 -10000
10000 10000
10000 10000
10000 -10000
10000 -10000
-10000 -10000
-10000 10000
10000 10000
-10000 10000
-10000 -10000
-10000 -10000
-10000 10000
10000 -10000
-10000 -10000
10000 10000
10000 10000
10000 10000
10000 -10000
-10000 10000
10000 10000
-10000 10000
10000 10000
-10000 10000
-10000 10000
10000 -10000
10000 10000
-10000 -10000
10000 10000
-10000 -10000
10000 -10000
-10000 10000
-10000 -10000
10000 -10000
-10000 -10000
-10000 10000
-10000 10000
-10000 10000
-10000 10000
10000 -10000
10000 -10000
10000 -10000
10000 -10000
-10000 10000
-10000 10000
-10000 10000
10000 -10000
-10000 -10000
-10000 10000
10000 10000
-10000 -10000
-10000 -10000
10000 -10000
-10000 10000
10000 -10000
10000 10000
10000 10000
10000 -10000
10000 -10000
-10000 -10000
-10000 -10000
10000 10000
-10000 10000
10000 10000
10000 10000
-10000 10000
-10000 -10000
10000 -10000
10000 -10000
10000 10000
10000 10000
10000 -10000
-10000 10000
10000 -10000
10000 10000
10000 -10000
-10000 -10000
10000 10000
10000 10000
10000 -10000
10000 10000
-10000 10000
10000 -10000
10000 -10000
10000 10000
-10000 10000
-10000 -10000
10000 -10000
-10000 -10000
10000 10000
-10000 -10000
-10000 -10000
10000 10000
-10000 10000
10000 -10000
10000 -10000
10000 -10000
10000 -10000
10000 -10000
10000 -10000
10000 10000
10000 10000
-10000 -10000
10000 -10000
-10000 10000
10000 -10000
10000 10000
-10000 -10000
-10000 -10000
10000 -10000
10000 10000
-10000 -10000
-10000 -10000
-10000 10000
10000 -10000
-10000 -10000
10000 10000
-10000 -10000
10000 10000
10000 10000
10000 -10000
-10000 -10000
-10000 10000
-10000 10000
10000 10000
-10000 10000
10000 -10000
-10000 -10000
-10000 10000
10000 -10000
10000 -10000
-10000 -10000
10000 -10000
10000 -10000
10000 10000
-10000 10000
-10000 -10000
-10000 -10000
-10000 -10000
-10000 10000
-10000 10000
-10000 10000
-10000 10000
10000 10000
10000 -10000
-10000 10000
10000 10000
10000 -10000
10000 10000
-10000 -10000
10000 10000
-10000 -10000
-10000 10000
10000 10000
-10000 10000
-10000 -10000
10000 -10000
-10000 -10000
10000 10000
-10000 10000
10000 10000
-10000 -10000
-10000 -10000
-10000 10000
-10000 10000
-10000 10000
-10000 10000
-10000 -10000
10000 10000
10000 10000
-10000 10000
-10000 10000
10000 10000
-10000 -10000
10000 -10000
-10000 -10000
-10000 10000
-10000 -10000
10000 10000
-10000 10000
10000 -10000
-10000 -10000
10000 10000
10000 10000
-10000 -10000
10000 10000
10000 -10000
-10000 -10000
-10000 10000
-10000 -10000
-10000 10000
-10000 10000
10000 -10000
10000 10000
10000 10000
10000 -10000
10000 -10000
10000 -10000
10000 -10000
10000 -10000
-10000 10000
-10000 10000
10000 10000
-10000 -10000
-10000 10000
-10000 10000
10000 10000
-10000 10000
-10000 10000
10000 10000
10000 10000
-10000 -10000
-10000 10000
-10000 10000
-10000 10000
10000 -10000
-10000 -10000
-10000 -10000
10000 10000
-10000 -10000
-10000 -10000
10000 -10000
-10000 -10000
-10000 -10000
-10000 -10000
10000 10000
10000 10000
-10000 10000
-10000 10000
-10000 -10000
10000 -10000
10000 10000
-10000 10000
-10000 -10000
10000 -10000
-10000 10000
10000 10000
-10000 10000
10000 -10000
10000 10000
-10000 -10000
-10000 10000
10000 10000
10000 10000
-10000 10000
-10000 10000
10000 -10000
10000 10000
-10000 10000
10000 10000
10000 10000
10000 -10000
-10000 -10000
-10000 10000
-10000 10000
10000 -10000
-10000 -10000
-10000 10000
-10000 -10000
-10000 10000
10000 -10000
-10000 -10000
-10000 10000
-10000 10000
-10000 10000
10000 10000
10000 -10000
10000 10000
10000 10000
-10000 10000
-10000 -10000
-10000 -10000
10000 -10000
-10000 -10000
10000 -10000
-10000 10000
-10000 10000
10000 10000
-10000 10000
-10000 10000
10000 -10000
10000 10000
10000 -10000
-10000 10000
-10000 10000
-10000 10000
10000 -10000
10000 -10000
-10000 10000
-10000 10000
10000 10000
10000 -10000
10000 10000
-10000 -10000
10000 -10000
-10000 -10000
10000 10000
-10000 10000
10000 -10000
10000 10000
-10000 10000
-10000 10000
-10000 10000
10000 -10000
10000 10000
-10000 10000
-10000 -10000
10000 10000
-10000 10000
10000 10000
10000 -10000
10000 -10000
-10000 -10000
-10000 -10000
10000 10000
10000 10000
-10000 10000
-10000 -10000
-10000 -10000
-10000 -10000
10000 -10000
10000 -10000
10000 -10000
-10000 -10000
-10000 -10000
10000 10000
10000 10000
-10000 10000
10000 10000
10000 10000
-10000 -10000
10000 10000
-10000 10000
-10000 -10000
-10000 10000
10000 10000
-10000 10000
-10000 10000
10000 -10000
-10000 10000
10000 10000
-10000 10000
10000 -10000
-10000 -10000
10000 10000
10000 10000
-10000 10000
-10000 -10000
-10000 10000
-10000 10000
-10000 10000
10000 -10000
-10000 10000
10000 -10000
10000 -10000
-10000 10000
10000 10000
-10000 10000
10000 -10000
10000 10000
10000 -10000
-10000 10000
-10000 10000
-10000 -10000
-10000 10000
-10000 10000
10000 -10000
-10000 10000
-10000 -10000
10000 -10000
-10000 -10000
10000 10000
10000 10000
10000 10000
10000 -10000
10000 10000
10000 10000
10000 10000
10000 -10000
-10000 10000
-10000 10000
10000 10000
10000 -10000
10000 10000
-10000 10000
-10000 10000
10000 10000
10000 -10000
10000 10000
10000 -10000
10000 10000
10000 10000
10000 -10000
10000 10000
10000 10000
-10000 -10000
-10000 -10000
-10000 -10000
-10000 -10000
10000 -10000
10000 -10000
-10000 -10000
10000 -10000
-10000 10000
10000 -10000
-10000 -10000
10000 10000
-10000 10000
-10000 10000
10000 10000
-10000 -10000
10000 -10000
10000 -10000
10000 -10000
10000 10000
-10000 10000
-10000 -10000
-10000 10000
10000 10000
10000 -10000
-10000 10000
-10000 -10000
-10000 10000
-10000 10000
10000 10000
-10000 10000
-10000 10000
10000 -10000
10000 10000
10000 -10000
10000 -10000
-10000 -10000
-10000 -10000
10000 10000
-10000 -10000
-10000 -10000
-10000 10000
10000 -10000
10000 -10000
-10000 -10000
-10000 10000
10000 -10000
-10000 10000
-10000 10000
-10000 -10000
10000 -10000
-10000 -10000
-10000 10000
10000 10000
-10000 10000
10000 -10000
10000 -10000
-10000 10000
10000 -10000
10000 10000
-10000 -10000
10000 10000
-10000 10000
-10000 10000
10000 10000
-10000 -10000
10000 -10000
10000 -10000
-10000 -10000
10000 -10000
-10000 10000
-10000 10000
10000 -10000
10000 -10000
-10000 -10000
10000 -10000
-10000 10000
10000 10000
-10000 10000
-10000 10000
-10000 10000
-10000 10000
10000 -10000
-10000 10000
10000 -10000
-10000 -10000
10000 10000
10000 10000
10000 -10000
10000 -10000
-10000 -10000
10000 -10000
10000 -10000
10000 -10000
10000 10000
10000 10000
-10000 -10000
10000 10000
10000 10000
-10000 -10000
10000 10000
10000 -10000
-10000 10000
10000 -10000
10000 10000
-10000 -10000
-10000 -10000
-10000 10000
10000 10000
10000 10000
10000 -10000
-10000 10000
-10000 -10000
-10000 10000
10000 -10000
-10000 -10000
-10000 -10000
-10000 10000
10000 -10000
-10000 10000
10000 -10000
-10000 -10000
-10000 -10000
-10000 10000
-10000 -10000
-10000 -10000
-10000 10000
-10000 -10000
-10000 10000
-10000 10000
-10000 10000
10000 -10000
-10000 -10000
-10000 10000
-10000 10000
10000 10000
-10000 10000
10000 10000
-10000 10000
10000 10000
10000 -10000
-10000 -10000
10000 -10000
10000 10000
10000 10000
10000 -10000
-10000 -10000
-10000 -10000
-10000 -10000
10000 10000
10000 -10000
-10000 -10000
10000 10000
10000 -10000
10000 10000
10000 -10000
-10000 10000
-10000 10000
10000 -10000
-10000 -10000
-10000 -10000
10000 10000
-10000 -10000
-10000 10000
-10000 10000
10000 10000
10000 -10000
10000 -10000
-10000 10000
-10000 -10000
10000 10000
10000 -10000
10000 10000
10000 10000
10000 10000
-10000 10000
-10000 10000
-10000 -10000
-10000 -10000
10000 -10000
10000 10000
10000 -10000
10000 -10000
10000 10000
-10000 -10000
-10000 -10000
10000 -10000
10000 10000
-10000 -10000
-10000 10000
-10000 -10000
-10000 -10000
-10000 -10000
-10000 10000
10000 -10000
10000 -10000
10000 -10000
-10000 10000
-10000 10000
-10000 10000
10000 -10000
-10000 -10000
10000 10000
-10000 10000
10000 10000
-10000 -10000
10000 10000
10000 -10000
10000 10000
10000 -10000
-10000 10000
-10000 -10000
-10000 -10000
-10000 -10000
-10000 10000
10000 10000
10000 10000
-10000 10000
-10000 -10000
-10000 -10000
10000 10000
10000 10000
10000 -10000
-10000 10000
-10000 -10000
10000 10000
10000 10000
10000 10000
-10000 10000
10000 -10000
-10000 -10000
10000 -10000
-10000 10000
-10000 10000
-10000 -10000
10000 10000
10000 10000
10000 -10000
-10000 -10000
10000 10000
10000 -10000
10000 10000
-10000 10000
10000 10000
10000 -10000
-10000 10000
10000 -10000
-10000 10000
10000 10000
10000 -10000
10000 -10000
-10000 -10000
-10000 10000
10000 -10000
10000 -10000
-10000 -10000
-10000 10000
10000 -10000
-10000 10000
-10000 10000
-10000 10000
-10000 -10000
-10000 10000
10000 -10000
10000 10000
10000 10000
-10000 -10000
-10000 -10000
-10000 -10000
10000 10000
-10000 10000
10000 10000
10000 -10000
10000 -10000
-10000 -10000
10000 -10000
-10000 -10000
10000 -10000
10000 10000
10000 -10000
10000 10000
-10000 -10000
-10000 -10000
10000 -10000
-10000 10000
10000 10000
-10000 10000
-10000 10000
-10000 -10000
10000 -10000
-10000 10000
-10000 -10000
10000 10000
10000 -10000
10000 -10000
10000 10000
-10000 10000
-10000 -10000
-10000 -10000
-10000 10000
10000 -10000
-10000 10000
10000 -10000
-10000 -10000
10000 10000
-10000 -10000
-10000 -10000
-10000 10000
-10000 -10000
10000 10000
10000 10000
-10000 -10000
-10000 10000
-10000 10000
-10000 10000
-10000 -10000
10000 10000
10000 -10000
10000 10000
10000 10000
10000 10000
-10000 10000
-10000 10000
10000 -10000
10000 -10000
-10000 -10000
10000 10000
10000 10000
10000 -10000
10000 10000
-10000 -10000
10000 10000
-10000 10000
-10000 -10000
10000 10000
10000 -10000
-10000 -10000
10000 -10000
-10000 -10000
-10000 10000
-10000 10000
10000 10000
10000 -10000
-10000 -10000
10000 10000
10000 10000
-10000 10000
-10000 -10000
-10000 10000
-10000 -10000
-10000 -10000
-10000 -10000
10000 -10000
10000 10000
-10000 -10000
-10000 10000
10000 10000
10000 10000
10000 10000
-10000 10000
10000 -10000
-10000 -10000
10000 10000
-10000 -10000
10000 -10000
-10000 10000
-10000 10000
10000 -10000
-10000 10000
-10000 10000
-10000 -10000
10000 -10000
10000 -10000
10000 -10000
-10000 -10000
10000 -10000
10000 -10000
-10000 10000
10000 -10000
-10000 -10000
10000 10000
10000 -10000
10000 -10000
10000 10000
10000 10000
10000 10000
-10000 10000
10000 -10000
10000 10000
10000 10000
-10000 -10000
10000 -10000
-10000 -10000
-10000 10000
10000 -10000
10000 -10000
10000 10000
-10000 10000
10000 10000
-10000 10000
-10000 10000
10000 10000
-10000 -10000
10000 -10000
-10000 10000
-10000 10000
10000 -10000
10000 10000
10000 10000
10000 -10000
-10000 10000
-10000 10000
-10000 -10000
-10000 -10000
-10000 -10000
10000 -10000
10000 -10000
10000 -10000
-10000 10000
-10000 -10000
-10000 10000
-10000 -10000
10000 10000
10000 10000
10000 10000
-10000 10000
10000 10000
10000 -10000
10000 -10000
-10000 10000
-10000 10000
-10000 -10000
10000 10000
10000 10000
-10000 -10000
10000 10000
10000 -10000
-10000 -10000
-10000 10000
10000 10000
10000 10000
-10000 10000
-10000 10000
-10000 10000
-10000 10000
-10000 10000
-10000 -10000
-10000 -10000
10000 -10000
-10000 -10000
10000 -10000
10000 10000
10000 -10000
-10000 10000
10000 -10000
10000 -10000
-10000 -10000
10000 10000
-10000 -10000
-10000 -10000
10000 10000
10000 10000
-10000 -10000
-10000 -10000
-10000 10000
10000 10000
10000 10000
10000 10000
10000 -10000
10000 -10000
-10000 -10000
10000 10000
10000 -10000
10000 -10000
-10000 10000
-10000 -10000
10000 -10000
10000 -10000
10000 -10000
10000 10000
10000 10000
-10000 10000
10000 10000
10000 10000
-10000 -10000
10000 -10000
-10000 -10000
-10000 -10000
10000 10000
-10000 10000
10000 -10000
-10000 10000
-10000 10000
10000 -10000
10000 -10000
-10000 10000
-10000 10000
10000 10000
-10000 10000
10000 10000
-10000 10000
-10000 -10000
-10000 -10000
10000 10000
10000 -10000
10000 10000
10000 -10000
10000 -10000
10000 -10000
-10000 -10000
-10000 -10000
-10000 10000
10000 10000
-10000 10000
10000 10000
10000 -10000
10000 -10000
10000 10000
10000 -10000
-10000 10000
10000 -10000
-10000 -10000
-10000 -10000
10000 -10000
-10000 -10000
-10000 -10000
-10000 10000
-10000 -10000
-10000 10000
-10000 -10000
10000 -10000
10000 -10000
10000 10000
-10000 10000
10000 10000
10000 10000
-10000 10000
-10000 -10000
-10000 -10000
-10000 10000
10000 10000
10000 -10000
10000 10000
10000 10000
-10000 10000
10000 -10000
10000 -10000
10000 -10000
-10000 10000
-10000 10000
-10000 -10000
-10000 -10000
10000 10000
-10000 10000
10000 10000
-10000 10000
-10000 10000
10000 10000
10000 10000
-10000 10000
-10000 10000
-10000 -10000
-10000 10000
10000 -10000
10000 10000
10000 -10000
10000 -10000
10000 10000
-10000 10000
-10000 10000
10000 10000
10000 -10000
-10000 -10000
-10000 -10000
-10000 10000
-10000 -10000
10000 10000
-10000 10000
10000 10000
10000 10000
10000 -10000
-10000 -10000
-10000 -10000
10000 10000
-10000 10000
10000 -10000
-10000 -10000
10000 10000
10000 10000
10000 -10000
-10000 10000
10000 -10000
10000 -10000
10000 10000
-10000 10000
-10000 -10000
10000 10000
-10000 -10000
-10000 -10000
-10000 10000
-10000 10000
10000 10000
10000 -10000
10000 10000
-10000 -10000
-10000 -10000
10000 -10000
-10000 10000
-10000 10000
10000 10000
10000 10000
10000 -10000
-10000 10000
10000 -10000
-10000 -10000
-10000 -10000
10000 10000
10000 -10000
-10000 -10000
-10000 -10000
10000 -10000
10000 10000
-10000 10000
-10000 10000
-10000 -10000
-10000 10000
-10000 -10000
-10000 10000
-10000 -10000
10000
2973 1257
-7609 -5892
-4878 4283
280 -8702
7919 -2256
-7517 868
2497 6550
-235 7418
2208 2330
8852 -9646
-2705 -9381
-854 9312
-533 -6327
-6657 479
-1084 -2425
9135 -6950
9763 -2827
-2071 1825
-8708 150
5834 3220
-4202 4620
6756 2585
-4254 -4716
-2386 9483
-9362 6747
-2685 -334
2774 -566
2089 -6256
6777 -8230
-5159 -4995
9922 -3960
2873 -5886
-319 -4471
-8146 6952
-2501 -2921
-3383 4879
3892 5052
7709 -4380
-8022 -6090
-9122 2460
-9753 2575
1967 -7351
4781 -5799
-7767 -9500
8708 3507
6136 -1263
7730 -4560
8616 1910
6637 -3065
-5509 -8172
3562 5268
6212 4768
-5283 9396
-499 8830
3300 130
6909 7019
-1559 1012
4781 -6432
4734 -6425
3922 3614
-4518 -2268
7637 2739
8645 -4481
-495 -3901
2735 3661
-220 3952
-3656 -4428
-1312 6423
-5586 9182
-4404 919
1571 -5457
1074 -8981
-7447 1147
-3150 -8227
9045 8810
-4158 3073
-1612 -9154
-304 -8932
2 -7641
5368 -701
4384 9012
-1034 5056
6045 -4796
-6455 -277
-9982 -4247
-7649 9492
373 4432
-8100 4267
1339 -4599
3824 9745
2000 3639
-2545 2571
-1220 -6381
-6119 -118
248 -7809
-3135 2891
158 4992
-7130 8994
-3625 -3250
-3343 -3203
-7781 7556
-4336 4677
-9074 -2816
923 -7563
-873 9007
8541 -686
8138 1469
4349 -5078
3335 -5510
-2740 -3106
7837 -6730
4595 6682
44 -5820
-6830 -8902
1030 -3103
-8753 7241
5163 9063
7430 -7653
-3411 1304
23 -1855
-3481 8147
8088 545
-6072 -5968
2192 -5317
5409 -4246
3889 6739
568 4004
-9465 7869
3131 -3632
-2466 -8535
-171 8846
-6629 9611
5911 197
-1360 -1403
-4037 -9871
-2128 -8761
6412 -2788
-4554 5962
-8344 -5282
-6839 -1596
-6433 -1540
-1137 -8843
1747 -9815
-8179 -9271
1201 -2395
473 8876
-1716 -7736
-3943 2688
3185 -3156
-2149 6001
-4271 -1208
-5306 -4644
-9311 2007
-9828 1424
5494 9725
8302 -1269
1514 -3299
-1073 -8589
-2947 -83
-5726 1314
-4757 -7921
-2626 3528
471 -5729
7163 -1682
3333 4982
2210 1146
5537 -7434
-1566 -4332
-4297 -9644
2535 -1576
-7346 4123
-5977 7003
2098 8579
5714 -2777
-4783 5003
-3892 5472
-8878 2756
-6694 6547
1424 -3844
-2158 5584
-1974 429
-4350 7502
-1172 -2177
5840 -9589
5945 4716
-3335 -7298
-9843 7394
8759 -565
128 6093
4019 5798
7726 2703
-3758 -3159
6169 -3816
3355 -9753
-7937 -5675
-5829 8529
-513 -4092
2363 1932
500 7499
-7474 -9678
-6428 -7359
-312 -3779
9013 -2842
-1188 3036
-7391 -1711
-6836 -6857
-8451 6433
9366 -5451
-4055 -9972
-104 -5710
-1398 -1257
-4793 7835
3171 -5657
427 4445
1603 8910
140 6479
-7919 2126
4652 -8907
6773 -6242
6359 3939
-1183 6425
9609 4484
-9607 3401
-2165 5068
-807 2788
5756 5782
-1485 4719
-8421 -1957
-8741 -9188
2173 7461
5389 -8301
4261 -1757
2911 -732
-4649 -6755
-628 5177
-5228 1289
-6335 -1230
1598 8827
-4123 6791
6239 3835
-8452 -4709
7237 9340
-993 344
6205 -5451
-7124 -9736
7517 6377
8117 6931
7499 6884
5563 -4101
8616 2660
3298 -1611
-2913 2398
2944 9022
-2758 -774
3011 9661
1981 5718
4125 1563
-9649 9347
-6409 -217
3303 3534
-4859 -4508
-287 -2009
9282 -5986
-7447 8394
8822 528
-9232 -2360
1700 6098
-5928 -5706
-1226 -1800
19 -7606
-9830 6214
-5062 -2611
-703 -15
3837 -8643
4973 -5689
-435 3350
289 -8942
-9580 -7997
-7060 7095
-5481 3585
6511 -958
763 6493
-8589 -4243
-2391 -3007
-5899 -5250
-9115 1250
-8964 -4970
3937 7274
-9336 6698
5390 -9670
-9497 1612
-93 -2091
-7200 199
-8007 -1041
-7664 -3395
-4701 -9939
-5455 -2826
-9744 -4214
6950 6482
1988 -9385
-6889 4073
1861 -2919
8973 -7041
-2489 788
-9185 -317
7002 -5139
6303 -4434
-3396 -8362
2272 4529
3766 8290
2691 2180
-8302 8266
-3386 2376
8524 -2748
-8595 -1861
9540 325
-4495 -9687
-9567 -9767
-2575 -4919
-6599 -1829
-2016 -7803
-9779 7952
-127 -5292
-5184 -6018
2817 -1065
1480 -2753
-6546 -9777
560 8454
-3808 -7958
7810 -4702
2896 4423
-4754 1971
-60 8896
2013 -7655
374 4530
8259 -1836
2301 981
3603 5700
7253 -4859
-5466 -3697
-8578 -5465
-1477 -6131
-5982 9684
-5467 -9761
3812 -4369
-9411 -1865
960 -4343
9511 3609
-1501 -630
-9478 7977
9647 865
-4102 3963
-4776 -3646
-2735 8609
4916 -4530
3804 5724
6415 5849
7852 2375
8126 5809
1233 9523
-632 -2285
-8732 -5706
9925 -4745
-1942 7550
2920 3833
3598 -2344
-1803 9759
-4616 6168
8515 5022
4968 -4592
-1471 -959
-3987 5726
-357 7933
5928 -5900
9683 -2907
-1902 -8373
5043 8576
-6333 -769
-651 1155
2845 9941
4414 208
-3041 -1813
9714 7564
8795 -8456
3448 7251
-2536 -7710
-4879 -7405
-1821 5329
7793 4327
-1927 -4420
-6045 -8356
-5368 560
7604 2083
7783 7220
-1978 9097
6182 2069
7171 -4192
6633 -9507
4091 -6033
-9048 -140
3951 2473
3206 8538
-2563 9190
5877 -9821
137 -781
977 -5417
-8238 -3950
-9476 9548
-3183 8543
-1093 8702
7237 -7309
-4298 -9681
5802 -2285
2843 5806
5886 -3376
-7009 -5208
5712 277
4189 -606
-5571 -3839
-2020 3791
4204 -7629
5114 -6969
-4862 -6818
-3021 -8811
-1085 -3037
-2646 1661
-3775 2401
-5606 -337
-9318 -4100
231 7805
-9129 4317
5683 4179
-6832 6518
551 -6200
-4596 -807
-7512 1458
6654 -2308
-9675 6060
-2609 -2500
-5077 -7266
9362 -4720
2446 8018
-6110 -6171
2593 -8857
6699 177
3884 -9704
1360 -6755
-8419 -2355
-3802 5547
6602 3462
564 9511
-1993 -8597
-6090 2103
-1758 -9562
6829 5507
-5784 -9721
-719 -9963
9916 4759
-5362 -433
4435 9398
8443 4377
865 8665
-3977 5537
5052 -5414
9338 -3528
2422 -5306
991 -2385
-5139 3321
7141 9972
-2656 8882
-4832 9341
-7188 -6392
5830 9832
9773 -2999
-5484 -567
9528 1854
-7194 -9091
7277 -3763
1593 9474
-9841 -7824
-4027 -2096
9012 -4367
-114 -288
3520 -4734
-2664 6179
-9526 7567
-5350 -8084
-5162 -2920
-9390 -699
6949 -8884
-7352 -9689
9881 -391
6075 641
-2938 -90
-5071 8131
-5747 -1620
-1344 -1881
-9397 5653
3040 1881
6088 -5870
-5910 -7925
3538 6468
7845 5913
-7454 9309
7024 1772
-9612 -4443
4701 7364
-7062 -2372
922 2204
-7773 7398
6326 -6451
-2586 -2775
2240 -6972
-4375 8614
-8054 6850
-8454 2989
8764 5887
4359 -5482
7930 3651
-8553 -8026
-9905 -7039
4317 3520
4586 -2030
-2976 -8142
-4377 6364
-8631 -6874
-8551 6360
5069 -6954
7197 5605
-7227 -4911
6767 7977
5527 9013
5026 -8481
-8351 -6480
5848 9349
-8780 6273
5211 -2307
-5465 -1040
2274 -9393
-1869 -1222
1511 7369
-5057 -404
-5536 -3841
3468 -8626
3705 -217
-464 -7852
4253 -6345
-8293 3022
-6168 465
1446 2456
8177 3743
4974 -4039
-6223 6042
-6135 2345
-4417 7679
5647 -4773
882 7231
7483 1597
6570 -5963
3654 8802
-5766 486
9564 -3133
-9331 -43
-932 7089
6628 -6294
9619 9591
-5885 1316
-3952 2611
8622 -235
-8723 -9291
7110 -2053
2745 -9736
-2895 5358
9316 -1347
1960 2816
-7 7268
7921 5422
-2360 7300
-8360 -905
-3389 1029
-4418 -4075
-9367 4167
2120 -5554
893 -5269
1318 -4284
-5898 8896
9852 1154
1235 -6156
-5883 -3301
7026 -1448
1426 5617
-8472 -4131
-3405 -8107
-3725 -1020
-5655 4526
-5421 5512
-9417 799
-9647 -2284
7050 -7049
3656 3176
-8302 3432
8809 7929
3925 1947
-5307 1467
-194 -4174
-2607 -9122
5882 -598
509 -7363
-3457 5413
5408 -6666
-10 7133
-2602 -6288
3039 -6148
6614 -5268
-5068 4670
2203 -2859
-2953 -199
-9940 5067
-8047 -4692
249 9184
-6844 177
-5852 8232
3870 7624
-2391 8496
-5189 1148
-6008 -9904
6963 -7862
-8356 -3819
-4876 -2645
-5245 4966
4476 4812
-9166 2669
5719 68
-3969 6270
5151 -153
7575 -3449
-3973 2833
-2296 -5661
-215 -682
2009 4453
-6403 4376
1847 -3222
8582 -7405
-6032 9059
-9601 9264
-551 -3681
6010 3045
-4589 -9921
-8034 -6011
9477 -5782
5453 1046
2831 -1098
-5541 6399
4215 -3280
-8557 8882
478 4698
-4565 -6525
-2055 -7600
-6821 5828
-7476 9413
-6241 9369
4978 6735
-4599 209
-3532 6553
539 953
-2064 -5971
822 4670
-9482 5197
8014 4794
8577 -2579
-6595 -9855
2141 7175
5220 6574
-794 6805
5544 5364
-5667 -2759
-6277 -32
-5246 1361
-6928 -7345
5961 5746
6482 -3028
-3037 5779
8350 -5366
-1293 -693
9996 937
7073 -2271
-3851 2509
5019 9057
-2849 -3437
-4823 -5183
-2792 -7303
-2556 -4230
-2287 1300
-1609 8669
9092 -2104
4703 2808
258 4660
5806 -8137
-4091 -4453
-5224 4541
508 3311
2517 22
8110 3427
-5774 7216
1331 -6840
8860 7880
-2948 8838
-4470 -9551
-4904 -8537
-7828 6976
-7188 6285
7150 -9656
-7777 5179
-7652 8891
-5269 6958
842 5920
-6308 -8190
-1477 390
-1369 9691
-6897 -6471
-7717 -9820
1595 5788
-26 -4562
3796 -5861
-7237 2693
-2953 5898
1844 4711
-6092 9173
6622 -1813
6915 217
3552 -1736
-8486 2655
3034 9430
6693 7324
4194 -8639
-1454 1173
-9084 -9695
841 -4467
4313 -5142
6422 4565
-5171 1657
7436 -9044
2207 -5784
1711 5488
-7103 8259
7027 5773
-1914 -7294
2121 4510
-7198 2975
1857 -3274
8283 -7929
6860 -6426
-4276 2720
9366 -5106
-2462 -4927
-5617 1716
-344 9246
7556 3934
6487 9927
-4513 -93
2567 637
3018 -7491
-9192 7308
6498 -8877
5200 8328
2431 9674
-6248 9188
-5766 -2367
-9014 3758
42 -9200
-1204 -5977
-641 -8494
9006 1622
2659 8516
6518 -5499
-9442 5340
-2292 9227
-1157 9463
9278 -4705
8024 5538
5421 -4721
388 1657
4726 9881
-3185 -293
-1205 -3928
-9178 1628
3606 -7987
-5256 2903
5556 -4252
-9164 -77
2372 5519
4138 -4005
-7025 -9813
-9110 3917
-3629 -904
9242 5872
7818 1883
3235 4680
-2666 -7261
2262 895
4988 -7926
5411 8348
-5051 283
-1383 4665
-6856 6286
-8475 4669
-1958 -9945
9553 -2869
-9358 9292
1234 9428
5286 -1574
2818 9111
8895 -1296
-5360 6515
9924 -2841
1482 -2984
-4202 6271
-1630 -5067
2168 -7650
-9672 -8446
-3399 -5311
9228 -5601
8326 1339
2882 -3962
-87 -3593
-9295 -3949
-4171 -3080
5442 -3098
-9367 -440
-8370 7682
-3655 213
8517 -8736
1083 -3705
-7905 -1792
3050 -4523
-9979 861
-9353 7767
438 917
809 5143
4606 3469
8488 6923
9324 -2438
-653 -2925
647 2669
-6173 -5268
-2684 -6112
1470 -7837
3711 -2887
-7218 6255
2636 -60
-5827 -4446
9957 -767
2584 -9722
9609 943
-2248 -5503
3504 3679
630 696
-5277 -8003
6437 -4201
-1649 4141
-5140 -6133
-98 -834
8303 -8880
-7771 482
-930 -2269
1341 2370
-8831 9334
5983 -6353
7397 -7107
6366 -2753
6942 -5467
4807 9730
8510 2453
8173 9883
-4221 9350
4337 3210
-7879 -6448
-3530 8096
5575 3568
-2859 -9724
9563 5656
3728 1707
5386 176
-1618 7582
-9725 7270
-4612 -4314
-2685 -2642
-4987 -7827
6758 100
9665 9153
5300 9751
7985 -6147
1393 -6089
-4118 -2259
-9362 -3572
-9015 8208
-8482 -5634
-328 9357
-5071 7337
-8242 633
-3237 9287
4939 -3269
-1071 -4069
-5679 -3460
2145 3013
3627 7325
-7562 6974
-236 3216
6786 9664
-2264 5119
9571 7642
-5333 -6684
9256 8918
352 8393
-7894 -5293
2671 5681
356 -1121
-8214 8900
-4137 -4024
-2382 -4220
-1966 3525
-1900 163
-1982 -5684
1802 7383
-7898 2750
-7119 1018
-7393 4288
1055 -8461
4564 -9030
-1292 8445
-592 -5424
393 8685
2608 4338
-3436 -5802
-8180 4159
2385 -3364
7979 1734
3440 -4104
617 5877
2001 -7244
6056 -6260
-931 -5705
9791 9969
8229 -3851
8700 3819
-1223 9412
-4 6207
-6317 9383
5579 8937
1930 8122
-2259 -8505
4884 4217
1765 -5042
1061 -5267
3427 3287
5048 9892
-3758 -2935
9970 1169
8769 -9232
-1708 -5070
-7985 3609
-1121 2324
-5072 527
8638 -1155
8506 -128
2873 -9639
-6544 -45
4328 -8410
-1442 -2378
3814 -7810
1221 4163
-7925 2054
668 596
-3438 -3408
-6824 -5495
5969 9614
9646 -9402
5460 -1636
-1558 -772
1443 564
-7499 -2751
3681 4347
-3161 3823
2789 -2793
4176 -1398
5192 2426
5538 9811
-7187 -3764
2576 9637
-3175 9331
-4725 -9440
5677 5849
9504 3329
4159 809
-6928 3568
5606 -9938
2167 9444
-561 680
5076 3376
3670 -7444
-8160 -3931
-6086 6971
4847 6390
697 7813
-8432 -398
-8005 -1202
-1218 8987
8146 -5706
8353 -4660
-8522 -6987
3242 -176
-7275 -9532
4007 -8072
4910 6690
5621 -1309
-2560 -767
-7666 -6825
-5302 -5486
613 1838
6472 9008
4985 -6478
8095 9630
6612 6684
9517 -2835
4103 3570
-9657 -4789
-5521 -7729
7866 -4657
-4664 9428
540 -7956
9612 -573
-3482 -5198
3370 -7678
5166 3720
6660 4760
2891 -2386
-5947 9613
6544 7274
8309 4251
1793 9798
-2233 9955
9153 -6196
8591 -7512
1610 -5683
-9642 6612
-3594 705
3875 709
-1141 -1945
9294 -5469
5446 -2099
9826 -1111
-2061 -7598
-1314 8423
-896 1357
3290 -5524
-7948 7274
-7584 1274
3081 -3752
-9742 -3249
6409 -9482
955 2220
-9478 -1687
959 -6587
9929 4675
9399 3432
8146 -4617
-2423 6608
-938 -8261
6368 -4869
2418 -5667
1205 -8453
1735 -8365
-3023 7663
3557 -8127
-7617 -6184
5344 1903
4077 -5771
-4930 -1416
-2288 -8920
9735 -9859
-7566 -3587
7451 -9243
-5873 -9236
-4020 -3355
-4588 5900
5069 4863
881 5477
-7393 -814
1859 993
9759 447
-8740 9728
-7368 -3868
-8318 1956
7070 5927
1067 4941
4246 4101
4339 5430
-2694 -7340
2588 -1804
-2137 -1276
9581 9251
-6963 6816
4713 -5401
8372 -3934
5490 2469
-9204 6942
-3681 -710
-2616 -3330
7251 -5288
-7349 -4395
-4144 3621
4656 -5771
-6559 4011
1430 5910
-4523 8135
2242 9638
9842 -723
3736 7510
6171 -7057
-3117 -5239
-9050 -9167
276 -8071
-6614 -5362
9071 1431
-3209 -2011
-3401 -497
-8263 -6194
1117 2838
-2667 2669
737 7483
7273 -2030
-9664 -502
5184 -8589
1080 9452
6903 -8808
3254 9701
-4132 -4944
-5475 -8426
7255 4790
-3838 -2992
630 -5491
1825 1544
-6742 2027
1180 -1945
8843 -7220
-2030 4795
-2440 -5700
-4168 -1498
9502 -8457
4074 6637
-9895 1938
6836 4058
-6875 -8046
-6439 -5358
-1777 -9637
5135 -7918
6652 1224
-1095 -2781
7671 7054
-8616 -8389
7143 6721
2532 1766
-3940 -9036
-4420 4786
-2352 504
-9526 -7687
7889 -5149
-7992 9376
3523 4779
9535 -1755
-3291 6559
-5604 -6050
-5142 -215
-8489 -9818
607 5682
-3306 5061
-2955 -6404
-7606 -7969
8922 -6215
-7376 1035
8552 -1092
-5122 3695
9949 -5733
-6674 1200
-1875 -8098
9770 -7676
8316 -2668
9698 891
-3188 -9524
6621 9669
1923 2391
6531 2335
-1169 8944
8936 -778
-8128 -2237
-3673 9947
8796 -529
-8684 -7724
-3954 -5726
-5208 6340
3 -3737
-2376 2998
8430 -1737
-4508 634
1247 -9142
3673 -674
-8469 -5967
5119 9719
-5262 7132
9376 -5539
-8676 -7691
-6180 5274
8128 5937
-2981 -1132
-4025 -9889
-9905 -3513
-8462 -134
-8887 -9516
-266 -3571
-2124 -8730
4120 3885
-4572 -9193
1289 987
-2155 -1440
1854 2908
-1537 6121
-3469 -4039
4784 9176
-3971 -7816
-5152 -8313
6864 -5641
-1029 947
9866 3425
-4168 -993
-2925 -8492
-3485 -334
-7029 5376
261 -4908
9263 -7722
-5284 -5817
5681 -9679
5534 1023
-7589 -106
3728 -9506
-3408 219
-7226 2634
5732 772
-1103 6169
-3542 -2259
6381 9182
2903 -8658
1564 1054
1906 -9482
-967 4611
6731 2034
296 -1324
-2109 5066
5195 6575
7462 2667
9507 9425
-2498 -5940
-2353 8162
6012 8356
-386 -3967
-7487 4755
1145 -5603
7323 5530
-7553 -491
1433 4483
303 -7517
4992 2776
4333 -2319
-1161 3268
6660 -7225
-8292 -5580
2264 6464
2794 -559
-6890 5416
6067 -407
-8226 4512
-815 -6010
2684 -3638
-8711 6590
-8890 5234
8111 6072
5921 -9214
-6632 5402
-2991 4166
5251 633
-2791 -3530
2155 7060
-7086 -5461
-2497 -933
-5542 5556
2241 4859
1535 -4114
-9643 -9985
-4524 -9866
-8849 6733
3069 8233
2960 -6560
9403 -1791
3503 -5167
-6943 1692
-3809 -6865
5644 4799
-3675 -5402
-9791 -175
-1870 -6223
971 -5568
2783 -2017
7176 9177
7895 -6948
-6018 -8154
2793 -5194
8500 1820
-5985 49
-706 2115
-508 7139
-1992 9162
9568 -816
4894 -1633
4551 -3218
-6034 -9318
-1079 4103
-7782 -2765
2290 -3767
7108 -7762
3461 -7632
-5928 -6898
-8742 3364
2823 7775
2872 -672
-8664 6791
8314 -7151
-1389 9233
6620 7764
2327 -6932
8901 6120
-1820 -8382
-5756 -8431
966 -2144
-5835 5689
7038 -2101
-1583 5846
7062 -9550
2082 -5625
5653 -7398
-986 3475
-9369 2977
9608 -1797
-3141 -7789
-9265 2064
-9608 8545
263 -5532
-3286 -7163
-9175 -764
5262 -4530
-4993 9522
2453 -8127
-9211 1420
-3148 -3907
3693 8336
-831 -262
-5494 -3347
-7818 -4184
2216 -4793
-9607 -8073
-5677 -558
-3263 -9571
-2583 -5324
-2936 -423
-8434 -9139
-5231 -5720
1058 -341
2127 -8160
-7830 1732
7807 9294
7632 233
-109 -947
744 577
7567 5526
-6842 5198
-2977 -1424
-2953 1674
-596 -9187
-7258 5697
-8234 379
-1710 8091
2043 322
6531 7521
-375 2314
7761 -9260
129 9355
2508 3412
-7896 -1620
1808 -9442
-7648 9018
-1967 -7051
-5718 6776
8590 4598
-9691 -1508
-722 6273
-8005 7269
-95 2704
-2361 9172
-5951 -2770
-4659 7922
7333 3017
-7435 3607
-2237 -7977
-3973 -9716
-2926 8492
-7659 6052
-1309 4592
3472 5583
-4932 -1368
-1180 -5068
3191 544
9218 1854
1049 -6116
-8608 4462
-8885 -1916
2487 -4655
-763 -3482
-8493 -4994
154 -7091
2753 1092
-8075 3380
-4171 -7927
3682 1694
2970 -1472
-5825 172
4033 9621
222 -5295
-7689 7992
-7099 -4046
-9005 6812
6527 7658
854 288
5331 -5465
-2514 -8748
-1402 2349
-893 6467
9461 7912
-8113 -4870
-7174 8861
-2046 -8214
-6658 -4261
6705 5438
-1254 4616
-7985 -3623
-5033 5603
-5998 8111
-8742 -1314
-7465 3810
-5417 8707
-2980 9599
4022 -1519
194 -9524
-7433 6922
-387 7008
-3266 -234
-8006 -986
-9481 9374
7169 -400
-8802 -4169
3847 -7225
5900 584
-7637 4838
-5366 3676
-9808 5112
-3924 -6032
-9641 6754
-2337 7741
-7891 3215
-686 -3930
1629 2811
328 2534
-9866 -157
6381 -4954
-3296 175
-2701 934
7296 5023
-6360 -484
6941 4093
-861 -977
-3468 -7913
-954 9958
-672 -8990
3235 5706
-3040 7024
-1414 5123
-3719 7995
-3654 2978
7842 9287
-9692 5927
-3165 3035
-8747 -5275
72 6001
3322 -8766
659 4610
4888 4778
1454 -1797
3812 84
-8491 2237
3534 -987
-3197 -425
6570 -536
5200 2996
-6499 6794
7390 4369
-5218 -9101
-3959 -4602
9818 -1604
-146 3413
3362 6999
5208 -1602
3131 -648
-7060 7308
6385 -9094
3476 -4367
-7127 3325
-6887 -6817
2746 -8627
4050 3783
4816 -7767
3446 -5529
3628 5140
451 -8640
2074 -7433
9230 -441
1144 -1620
2314 -7182
7790 -818
3983 6672
-2386 4268
-8625 5975
360 5978
-528 -6840
-7384 3217
4790 -3576
-9243 6198
-883 2326
-3821 -8059
-6077 2512
-7904 6448
-5217 1133
488 -1781
6461 6578
-9872 362
-2672 -3667
-3320 3402
2040 -6817
-7145 4849
-2875 -5650
-1603 3901
3795 -3711
9165 -6869
-890 5303
-8591 5333
-4178 133
6226 1079
3094 -43
-9732 -3741
-7763 -4562
-7133 9168
-5992 -7496
-4740 8766
809 4418
2860 -1691
-8901 8645
-2664 -7927
3700 -1144
-7377 -2751
-5619 6621
-9957 5493
-3628 7401
-6595 -9488
-6600 2799
8226 8416
-1988 5402
-8552 2321
-6491 -6924
3620 5059
-7808 8592
2136 7681
-3364 -7405
9687 304
-6245 -3167
-8870 -5088
-8892 -8139
-7695 -9194
-4462 6774
4394 -4117
9516 9881
8178 -1598
-4923 7712
-3836 2546
8875 -4033
2871 1551
-2611 1566
-2590 -1357
1810 -4193
1484 -1838
2148 6507
4267 -8749
-6682 -8706
9100 -1195
8685 -3400
7707 1233
8759 5657
7999 2728
8857 1852
1533 4148
3904 7316
3659 -9680
-5994 6543
-9803 -2351
1676 1154
-9907 -6580
4119 6782
3967 -1556
-334 8376
-5776 3878
-5598 3628
-8966 -3355
-8308 -1835
-2427 -7240
5026 -5804
-2989 4930
-1470 -2384
-5444 -9437
2447 1206
-5518 -2719
-1088 4146
5935 554
-5398 -1583
-2142 5210
-7326 4747
-6854 -2276
-3764 7237
8728 2766
-6340 -4458
4306 -2667
-5937 -8538
-3521 9555
701 3936
7173 -8651
-8030 -9246
-8777 -10000
5603 -784
-2551 2103
287 -5632
-1343 -9082
5934 5910
1732 -1518
-3964 -515
-8605 -6477
-6929 -8280
-3546 -9721
4180 9205
-710 -65
-7779 648
-7053 1488
-3233 1002
-2819 7959
1873 6109
5130 5190
-3831 6171
-7361 -1756
-4717 4023
5507 -418
3467 -1048
-8702 7384
-2534 6094
2089 -4729
3101 -8992
8981 7411
6055 -5136
7699 7693
-9887 6167
-602 -1827
4457 -5337
-4366 5415
6118 7047
-4453 -5238
-5199 6344
-3270 6547
-9018 4332
109 5984
6138 3402
-8178 -5432
-8832 -3136
5468 -1504
-7886 -9529
7393 -592
-5951 -4008
4907 2412
-8407 -2189
3112 6447
-3482 -496
8870 3606
-4108 5858
-2219 4808
3502 8516
-743 -9951
-1387 -5361
5374 -1694
-575 -9358
-7632 -5890
-6479 -4561
2888 9688
8371 2969
9576 -7284
6014 -6071
-4358 -1895
3237 7559
5910 -6438
-14 -1686
6332 3080
392 -1390
-8906 -3496
982 6454
9016 8934
5230 9709
9131 6037
-4701 4021
5408 -8136
9173 -2187
-8017 5464
-2962 -1084
-3297 -6579
8485 -2747
-8668 -934
6050 -9327
-6248 -3646
3434 -9302
5530 -477
9176 7777
9140 -83
-3224 -1724
1533 -4185
7684 4229
-8348 382
-6977 1594
-3943 8384
-3431 6888
-2875 7210
8523 -4883
-7663 -6983
-9122 -9097
-6887 -2748
9798 -9167
2087 -1404
-358 5138
7560 3332
-7975 -6774
5880 -7182
-5562 -2811
-4416 -8149
-369 7730
-1572 7826
-2355 -9968
-3576 -2562
8194 6823
1050 8056
5092 -1033
-2194 -5876
3254 -5656
5396 -3524
-3766 6120
-3472 9025
6486 9007
1022 -6901
7818 -864
-9725 -9502
-4897 -7726
7022 -5230
-6181 -3156
-9246 4360
5201 8110
7409 -9555
-7795 9911
994 5366
2057 -4567
-5466 -4581
2131 -845
3440 -7123
-7586 2804
-7557 -4090
2015 2275
-541 4607
6974 -9304
9304 1764
-2905 -108
8290 7173
8145 964
-7381 -8498
-8963 7534
4210 2888
8995 1517
-5211 -7762
5786 -6879
-1960 3273
-919 1747
-3716 9943
-5052 -5060
-5744 3803
3194 -7813
-9370 -7893
-7487 7941
-9665 -9828
-4263 -5071
6996 7946
-9524 -8559
-9564 -2176
-8872 -982
8841 -1602
-9046 1383
-9024 3467
-2496 3117
3751 -3456
1027 3276
-1577 -3229
-1987 7544
-2248 -9071
-408 -9945
5628 -3759
4490 -8819
-148 -4691
9812 7573
3777 9585
8586 -5559
-9247 -4365
3544 -8623
8179 4539
4928 2080
-9602 -7463
-4901 5378
5233 -1835
8190 2073
-9843 4796
3993 1652
-2197 -4216
-752 6992
-9471 8812
-8148 -6402
3336 2031
8338 -3651
-3855 -1460
2722 917
-6708 -9394
-7067 -6793
1939 -4148
9646 -6071
1137 -5295
-167 235
-8851 -2251
3835 -8914
2940 -8365
-5281 -3910
2441 5324
6253 -8677
-3874 9007
-3146 -385
-5532 -4640
-6346 6540
5162 2030
5102 -2960
-6163 -1125
-3934 8725
5809 4812
8558 -3389
9133 -5598
9167 2067
-822 701
1472 -7105
4255 -9309
8391 447
-8689 2651
3511 -70
-6650 -691
-3372 -7519
5461 9527
-5390 2693
6807 -6499
-9822 -1830
4414 -8089
6661 7374
-1045 9647
-1125 8113
-5243 2263
9998 8097
2216 -8278
-3743 1895
-2370 8057
-9656 947
-4669 -7792
1262 2175
2807 6666
-1202 1799
-151 -4085
-9257 -9851
5634 9129
312 750
-528 -5537
1470 3138
6415 -2267
-8917 -9831
-8616 8095
4801 -3994
-4946 2421
421 -5731
-8546 9319
-2906 1318
-9750 3165
-738 -3389
8182 -2615
9294 5619
9521 3529
7346 4321
-964 -2948
5973 1448
1260 -2123
4122 -2016
-2839 2266
-9611 -1203
4859 -6932
-5577 -3829
8043 6551
2196 -2303
9113 -5503
-9576 1296
2273 1720
3125 7556
-5576 7678
-9799 5374
-2685 -6592
985 3661
-5519 -1489
3794 -2934
-8159 -3123
9117 4262
-4940 -4072
531 4116
7198 6503
-4701 9033
-7797 -817
-9504 -6071
-1798 952
-1114 -8953
7076 -1934
-1686 -6634
4742 2285
2807 7079
-9370 -8416
-3096 -3091
-3482 -3343
131 1262
-4693 1462
113 -6623
3695 4490
-6714 -1598
-1229 -9563
-9526 -290
-4307 -4022
-1645 7408
6345 -8665
3676 -1038
-9709 6562
-4551 9809
-6993 -9985
8020 4658
543 772
-1161 -8636
1998 -347
-9052 -1970
6401 4952
6287 -7023
-6777 -7812
4063 -9891
9294 -3749
7736 -1137
-5659 -9533
-9391 -6312
-5532 6740
9734 5891
6195 -6355
8994 -4471
-1223 1738
-2504 -9396
-3261 -657
4941 362
6645 -7426
8717 -8230
-758 1328
-6088 -1066
3795 -4927
-927 -9843
8655 5010
-4078 847
5917 5834
-3230 -1868
-7591 2373
-1762 -9231
2066 -405
8410 -9667
9242 6178
-8403 -4416
-2824 -1506
-746 9078
-23 7184
5783 4609
9093 -1292
3152 -8198
-8548 -7731
-422 9491
2289 -1204
-1478 6189
-6392 -6179
-3541 -8010
-4374 -2656
8438 -9361
-8244 5952
-8963 340
4219 -7497
2260 -373
-2345 -6454
-8070 -6947
7597 1614
-5386 2409
9249 4528
2054 -5762
1264 483
1977 4698
-9936 6564
9167 -2691
9497 -2794
1081 3784
6601 1735
9859 -4215
-4339 2383
-4023 -7557
1252 9669
2333 9323
-3106 -2773
-1541 6278
1605 -9469
-7066 -9474
-3898 4504
1478 -8413
4308 4132
118 1017
-6221 -2421
2360 2080
-7319 -6231
-1943 6179
1850 -2231
9093 8559
9776 -6504
-899 2993
551 5214
-1754 4206
-3690 -8857
-1032 4624
7897 -260
8949 7833
2096 3757
-2770 -53
1495 9958
1917 -2286
-2350 -2253
7684 5614
4264 -1525
-4455 5033
-8654 3295
-7899 779
-3583 -8537
-6450 9110
-6052 -5118
6428 2687
-3599 -3028
6929 -898
9156 -6999
-7293 7016
-3557 -9596
5601 4993
9484 -9593
-3118 9404
8136 2686
-3992 3820
-3056 4436
-8145 4755
-8777 658
-3094 -5805
-8764 580
-8897 3339
2984 -2989
-113 6265
4343 -2011
2362 9788
4011 -2092
2811 -72
7357 -7056
-2377 -3247
1639 726
-3703 1395
-3026 7830
3612 -9905
-5870 1864
5282 9632
3859 5844
-8058 7107
-8692 -3208
-290 751
2275 -9298
-1193 -6877
3580 -7223
-1327 -6178
-8648 -4225
-7187 3409
9140 4974
-249 -6424
-1846 -8539
-6702 6594
-6149 -5259
-2159 2828
-2425 -4479
8569 -1744
5242 -1075
-130 -8630
2121 1480
-9787 -5426
-1114 -166
1478 5289
-8814 -6216
-1458 1893
9602 9853
315 -463
8803 -8766
2749 2170
3521 -6944
-3419 -1006
-7394 -1078
-5 -1950
1962 2976
-1853 -4826
2243 -9031
6705 -684
-7287 8354
4574 2094
-198 -105
-5854 -4439
-82 6387
-6390 -2427
151 464
-9802 -7573
-4878 -945
2426 -4039
-8020 -2802
6420 2079
-7419 -363
8217 -1367
3020 9725
-4088 3265
-6424 6082
-722 7520
-5633 2704
5192 -3411
5170 7431
8269 9863
-5895 8417
-8199 -9703
9614 9475
-5210 -1136
-9021 -2140
19 -1831
1897 9980
-9286 2772
3376 -6469
-2393 -5938
3352 4076
-3010 6189
9587 -5377
8226 5676
6185 8509
-3090 156
3234 -9616
-9567 8470
1768 3447
-2725 -4928
6558 -6101
2400 7007
9668 9640
-4486 7506
-9182 -5877
-2726 7880
-4443 -115
2695 -4032
-177 -1661
-5033 -5612
1491 -1370
4622 4729
-215 954
-4949 -3676
4014 -4619
6247 -5290
-9331 7977
-1097 4633
-1118 3070
5256 94
-9712 -6238
-6538 -4707
-8003 7828
9326 604
1549 -4538
-5362 4617
8275 3183
6745 -8010
-3394 8304
-7372 129
2211 9647
9769 2874
821 -1782
5311 6785
-2197 -682
7433 9804
3904 6587
5792 -3684
6275 -9037
-4581 3759
-7529 -1379
-7829 268
-1662 -673
8857 -6077
3463 -4954
8574 -5430
-9093 7071
-4179 -5083
-3211 -7412
-7467 -1259
6034 -7248
-4809 -8737
9140 8443
-1573 2048
9209 -4228
-5601 5410
1957 6608
-4797 -4318
1975 -1412
-8133 -2352
9409 -9620
2052 -3715
-8009 -9855
6120 3607
-6681 9332
1388 -4843
-7724 666
8801 -3848
2553 -415
-1288 8572
-1158 -2895
2265 9620
-871 4915
7552 4738
8438 5030
-4714 -9496
-4141 -5447
344 -5837
-4663 3229
6456 -3065
-9330 4254
-2076 2774
-425 8543
-452 -7057
-3639 -1818
1806 8246
-9142 8735
8754 -1435
-3987 -8604
9491 7472
1870 6917
1233 19
1666 -9207
-154 -9034
-4459 2939
102 -6389
5211 1309
6564 -9103
-7945 7693
2105 -2289
3297 -892
847 1228
7401 1758
-9292 4900
-630 2170
-4451 -4414
-5252 -3805
-7449 2379
682 7643
-1429 3042
6706 -5638
-3551 -7844
-1404 -5995
-2693 -4862
6777 -6178
-816 -7440
3860 1211
-2233 -8391
-8526 -6585
-368 4317
1040 1652
5845 8813
-3601 -4812
-1767 -985
3960 7805
-6626 -5028
5026 3958
9051 -9781
2226 -6167
2300 1367
931 6361
-2890 -9645
4843 9409
4453 6174
8674 5430
4746 3273
-7356 -10000
-3018 -3392
-530 1182
6833 -1068
-6466 -5265
-368 4394
1495 6825
322 952
-2927 -6054
6623 4034
9335 4302
-7514 1160
-2566 -1715
3611 -1560
7019 1530
-4733 6422
212 -8553
9951 -4440
3501 -7718
-4245 -9183
7659 -9824
5098 -231
-5015 -6342
6430 2444
-3796 -9435
-6331 -4062
6088 2000
1076 9237
-7246 7368
-6114 -6563
-8242 326
8201 358
-2803 2671
-1241 -8902
408 157
8420 5205
9938 17
-1105 1323
-2978 2249
-7214 4913
765 -7881
1732 4054
-1095 3102
6797 -5320
8774 -5404
3377 5778
5367 833
-283 7751
-3081 9720
-9139 9164
-7805 -1187
753 -954
-5084 -2270
4433 -9729
-182 -2081
-4615 1569
-5584 -514
-5421 -5407
-1867 -1088
-6310 6153
1650 -424
4616 5624
9836 5973
-3047 2635
4550 -3270
-3138 2029
3446 -9171
-2147 6982
7309 9794
5110 3855
439 -6804
8610 -3959
-5715 -4708
-2179 4753
7861 7231
-428 4230
8046 -2307
4590 -8366
377 9635
-4567 -166
2685 -2936
167 -1884
8688 -7526
7153 1162
7760 -1446
-5504 -1717
-9783 6738
2156 -5115
7135 -6861
-7404 4382
3910 -35
-5176 -1070
-1521 6284
5746 -9419
1464 -2803
9465 -3625
2347 -4215
1416 -7925
299 5807
-1946 -8894
1724 7821
2375 5174
-6219 -6517
-9514 -2286
881 6445
-5180 307
-5576 6469
-5157 -5106
-283 -2243
6110 -2890
2408 -2090
4418 4352
-1353 -6953
-1845 6459
1104 2869
-5666 5056
172 -4640
-6466 -2864
6346 -263
-4435 -3343
9693 1039
3261 4336
-579 6255
5647 -6163
-5644 2161
-6618 8930
-2893 -8247
-3144 2966
-8950 -4433
9417 -5345
6272 646
-1583 4766
-2502 -5199
-1932 9019
-3865 794
9657 -5549
5104 -920
-9706 -9765
3434 -8803
-4556 8747
5259 125
8375 -7632
54 -950
-2915 -6251
-465 -1515
-5155 -8040
1395 -2769
8831 3266
4113 -9304
84 -2634
-968 7093
3817 9205
-3474 3934
8570 -4459
5397 104
-9729 6068
-4177 9725
-532 -3825
-2214 -9853
964 3758
9244 -9090
-2277 8182
-4334 -3506
-8393 841
-7686 2881
6466 -4244
8240 6810
-1232 -641
-5715 1320
6361 8340
-3509 6737
-7238 -8615
-2353 5699
-6251 -2378
-3074 -8908
1808 4306
5865 7088
7828 4136
-8232 9306
-5394 -9953
-5696 5620
1832 -3189
1562 -434
-3630 -9011
4815 413
3305 1567
-726 -5438
-5588 5660
-330 8906
998 -7414
1885 -9974
2763 4959
9380 9400
7923 9837
-9732 7089
-9788 -2084
-4956 4676
-53 4307
9890 -490
-8476 -2185
472 4460
5061 -3718
-3152 -9984
-8498 -3756
6413 1217
1185 5087
3187 -4560
-2628 2194
8474 3544
3636 2789
-6697 750
5207 -2751
-7560 8438
-3148 -3466
-3299 -3718
-4994 -9604
4894 -3307
-2096 6509
97 5975
3182 4494
-7616 -8415
-1455 3780
-9595 -8245
-638 -5532
4398 -6049
2932 492
2427 3552
1963 -3185
-5617 7471
2657 7493
51 8532
535 -3235
-2938 9136
6139 -1939
-118 -9467
-8870 -1916
-9033 5108
9286 6596
3341 -4740
-2446 16
1960 2497
-3385 4266
79 198
-45 1589
904 -9424
-2291 2351
1468 4752
-5609 -8517
-7055 4824
1392 -3602
8736 261
-2073 8568
-2176 -4611
-9363 -6035
9229 -6297
-829 5104
9956 6288
2268 -7569
-3637 -8819
8903 2938
-546 1709
-7879 -9500
-9230 -474
-9492 -6413
8242 -2178
447 4790
3311 7324
924 5842
3934 7937
5890 -6453
8118 -3428
-3812 2965
-9048 -8024
7239 5177
-6997 8862
-9398 3033
2398 1271
-6404 3042
-2244 -1347
-5110 8207
2886 9112
-3433 -9631
7091 7375
-4315 1381
-8225 3084
-9504 2896
4987 -9703
7537 -566
-4099 1165
7889 -2260
-6072 -6020
-1373 5033
4627 1843
-5756 7983
-1775 -343
4999 -1129
3630 7466
6844 8798
-6788 -4943
6898 7793
-3162 1554
-3264 8473
9233 -9862
8049 9688
418 4713
-3843 3034
-5321 5123
-4242 -1374
9291 -2665
773 -5297
-5323 8720
902 -1270
6198 8931
-198 8030
-9245 9449
5105 -2030
6512 -8930
-2186 3696
3065 2581
-8323 -8840
903 8664
3191 -6983
6115 4879
-9233 1004
-1222 7214
-9134 5450
-7774 -7848
9308 2233
3626 -9781
432 6856
5546 4988
7394 5457
84 8814
4734 -4330
-4774 8397
7742 2243
7169 -1036
-6273 3431
-4927 -7721
2362 -7988
-9195 627
1907 2443
-5777 4448
8994 3083
-4689 -8309
2152 8641
230 6687
-703 3239
-118 -130
1426 -409
-9455 -5407
2416 5052
-9636 2086
6322 -2843
3687 9530
1257 4217
3563 -1183
-9190 -6729
9662 1151
1505 4744
6336 8533
-1428 4212
854 -940
3548 8851
2920 5251
-3966 3616
9513 7180
-8642 -661
7859 -4460
7204 -7490
9665 -3960
-1404 6529
5252 -2066
772 -5497
5397 9278
6918 -9970
-4010 9929
4985 -3965
6225 -7560
4169 304
-4504 -806
-8341 -2955
9344 -2843
8134 -7619
2793 1700
3596 3284
9987 5972
7979 7668
8197 2760
6484 5573
-5475 1645
8405 -8706
-1524 -6437
7432 7824
-1671 9668
-2235 -3115
-5798 1270
4980 640
7834 -1321
-7422 8195
5310 -7931
7328 -9075
-9194 7860
-8494 7002
6753 -6913
-2967 -9903
-8003 -3753
2865 -3047
5506 -7292
-1874 -4843
5659 494
-951 442
3269 -4455
700 -5808
-3953 6607
3500 -2818
-6990 7658
6607 3077
-1810 -288
-4031 2501
-5264 -2326
626 2652
-8533 -9928
-7487 2441
-9681 -1455
5032 -2617
-5526 952
-7088 4054
4349 -4613
-6242 9279
1116 -3129
-2179 -2881
-7525 -4236
-3280 -289
-741 -6637
6898 5306
1466 4029
-100 4296
5700 1615
2100 3788
-7410 -1513
7982 6453
7010 3867
-9962 -2067
3975 7474
-6953 7530
3693 3808
531 2554
-1664 3688
3534 3814
-9171 7654
-8951 -9730
-8941 6074
-9250 -7036
-8000 -5400
-3868 -4307
5905 -804
-514 8480
-7086 4803
-7390 269
-3366 -6726
7574 -6678
6213 -691
6391 -805
-270 -4694
-2557 -8037
8251 -7677
-7132 -834
9792 -7839
3883 5026
-1052 993
-1101 2580
-5868 -2406
3707 9356
2359 -8623
8633 -3006
3373 -301
886 692
283 5508
-1646 -7933
5542 -4693
7763 -6831
-7903 -2587
8416 -2024
-6748 -5590
5637 -7652
-8104 6928
-4575 1918
4533 -5905
8606 -7412
4174 -4472
-8238 -7461
2481 5103
-778 -1957
5574 -9527
-2371 -7126
-3960 -4521
6634 8118
-5254 -8201
-5645 -9670
-765 7540
-2954 -799
-5477 -8613
9240 -1707
-9462 5509
-2287 -5069
1261 7752
-5482 2606
-8076 -8674
-2189 -7089
8240 7843
495 -1501
-248 -4184
-7841 -1684
6020 3025
8364 -5229
6800 -7172
9302 6939
-7872 -6098
6190 -7315
-1145 -9270
-5492 2681
3521 4486
1936 -5116
2102 4456
5752 4070
-8127 9832
1034 834
7210 2254
7416 4444
-1657 -3455
-9882 -9500
-992 -5966
8027 3715
-8792 -8249
-4547 -7467
7690 2626
-3200 -6392
5967 -2874
194 -961
-8857 4840
-9191 1618
728 8505
-9819 -2866
9647 -3637
-4068 4680
4295 5283
140 3439
-3642 -1783
1529 2281
6674 -16
-1157 3506
5955 -3690
1798 -3617
7714 -3229
4310 -8490
-2306 497
-9009 5181
-5835 6113
-229 2908
8296 -591
-6393 1743
3743 9009
4061 2500
-4250 9056
5714 -1062
2283 4178
4374 -7050
-1 -7089
-3255 -7999
9960 3307
7201 -3490
-2791 -3577
3876 2447
-1947 7803
-8181 3277
4054 9825
-2936 -181
9011 -9132
-5402 -6690
6561 -6142
-1104 -7152
9020 -3709
-5840 -4151
-4360 2586
-2918 6021
5521 4061
-7467 -4556
-5598 3433
9031 8836
6504 5923
-5665 4069
5353 8637
8977 -1934
-9634 -7882
9053 2731
5467 -1384
2380 6906
2249 -5970
5850 -8663
9031 2239
9828 4710
-4321 1957
-4549 4232
-7747 7538
-2123 7694
5618 -8685
6831 -176
-6444 -5023
6909 9922
843 -163
5800 6560
4481 936
2058 -6845
2758 -9184
-5332 6072
-7801 -1138
4457 -4449
-4413 8256
2463 1286
5731 849
-18 -499
7219 6253
-7013 2293
7146 -3010
-76 7846
-7168 -5237
-2815 -4388
3269 5863
8287 -6233
3472 1503
1558 -2625
-9855 394
6232 8983
2954 7572
-900 7880
7681 -1667
6689 1296
-4417 8067
-4921 -6936
-4354 -5440
2011 -7359
-1422 -6088
5504 -1273
4019 -7384
3276 -4832
1985 7757
-4916 -4857
2529 -9732
-5751 6943
2126 -4079
-6247 5307
7555 7866
-7212 2490
-2035 2098
2602 -5700
-2021 2973
-7887 58
8940 -1773
-8686 3604
-8944 7985
3842 9944
-3880 1640
-641 2691
9442 -1594
3706 5455
-8674 -2737
2104 9339
2065 4266
8754 1373
-9801 -2201
5180 6779
2059 6381
4345 9559
9346 -9482
3741 -6256
6412 -2920
-7425 -7895
-6442 -3575
5658 9728
8450 4656
3263 -7441
7385 -3529
-8462 -4626
-6486 8925
3617 6119
7943 4687
3296 -5241
3933 9769
-4356 -2620
8227 8912
-2492 -7435
-9416 923
-8843 9344
1310 1059
3695 -408
-9685 3202
-9353 1080
6915 -5517
-9425 5578
507 -3732
-748 -6793
3600 -4339
-3639 990
9203 8283
-8446 8733
-7200 -7934
1137 4399
-4755 3185
6313 -9904
-7381 -1011
803 -1195
-5581 -1182
-548 6419
1093 -8736
-3660 -7580
-3285 -5303
-4278 9329
-4304 8803
-536 -2756
-2184 -8634
9780 -9050
-5794 363
9820 1888
9298 650
-7561 -9246
2306 1456
-7103 -373
9534 -2629
4978 9142
8174 -7187
3302 2811
2475 1379
-2321 -9638
183 -4321
-1479 1807
-4903 4727
-2067 -9906
-5857 -5543
24 -7882
-2649 567
2586 3357
8185 1972
9643 -5240
475 -1997
-4729 1863
1612 1618
-9560 372
7257 -4350
-3327 5554
-6007 9792
-7237 621
-1637 -2197
3596 8133
-1376 -1378
-6709 -1909
-2561 -9872
-7692 -9521
-3225 6898
4588 5658
-7636 4877
-2545 1498
4596 1766
4980 -1452
4388 999
-4245 -8186
-3694 8898
3641 -1314
-5506 1649
9074 -6073
4608 9344
-6216 2827
-6029 7122
2901 -7644
4109 4045
-9742 -5829
-4813 -3251
-2581 3835
8998 -5154
7362 6432
556 3529
7941 -4840
33 -7563
-9015 4574
9373 6018
458 257
-1391 2052
6007 8041
-4602 -2747
-8455 -4703
-9212 6898
4542 -1310
-3169 3123
-8271 -4688
4048 -3062
-7664 -9105
8368 -7520
-3078 7552
9295 -6881
7025 4700
-5171 7152
3223 -1771
794 5405
-214 8481
9516 1728
2277 -5864
6940 -3260
-7294 -1828
3593 7465
-5720 1888
-835 1531
4198 9162
1773 9637
7502 -4927
-3835 -3574
2062 -9855
3039 6722
7053 3596
8965 4596
7500 -2787
-67 -3348
4262 4209
1285 -1818
-4632 5100
5796 8963
-5883 5407
9328 -7559
-5497 -8824
1946 -2896
-3578 -4884
-6525 -7798
-3789 4834
9404 1496
-8555 4640
665 5560
8235 5381
-4698 -6940
-8923 -3252
-5926 -5960
9692 5431
5273 -6572
-9707 -7127
-6771 6709
6964 -4905
-1891 9264
-5337 -6277
-7135 1719
5153 -3693
-3141 2254
-3786 -4766
-2526 -8240
-4594 6178
-5955 -4811
-4085 -4770
9890 9110
3579 2891
4054 127
-5657 -1135
6304 -8599
-182 4211
-4783 2231
-684 -7105
-2934 2702
-3717 523
-576 -3019
-1153 -9341
-7014 2485
-8461 7886
-3716 -4325
-2417 -6284
-4074 -9537
394 -9243
646 -471
1868 490
-7359 2283
-7947 -5735
-7212 -3712
5894 -3672
-1037 -8360
-2402 -5092
3815 8702
3744 1613
6532 -3873
-2919 -2157
-5221 -447
-4537 3162
3665 -2096
-1251 -8977
7224 -2706
4756 -447
722 9760
666 6846
-2607 -9204
-8700 6407
-7608 -5019
-3294 9895
-4142 8714
949 -344
7135 -1609
-5326 6980
-9541 6802
5881 -5497
-6216 -2036
-5617 7523
7016 671
-9295 -6718
9417 3644
6406 234
2211 8845
-2934 8016
-1367 -1679
6809 -6432
4922 -163
-2957 844
1198 -6549
1250 -6433
6327 -5977
-5680 9097
9008 1168
-4589 -9478
4580 5926
-4514 9592
-8140 3737
-9211 -8882
-7066 7802
8987 3004
-2157 -1432
-153 -1663
2411 -7274
9555 -2157
4480 7853
-948 -6579
-3002 440
-1859 5469
9673 9724
4105 -7459
-9324 9273
5129 5183
-3569 -9996
-7398 4765
6873 5009
3014 9335
-9693 1988
-8736 449
-5998 1737
-3971 -5753
-8808 -5245
-7555 -1738
4397 -8924
-3693 5502
417 -5544
-4387 936
-777 -3838
-5233 -3598
-3323 -4025
-2004 -565
7517 -6635
7279 -7673
4684 -9651
8876 8185
-6896 8942
-9809 -1538
-4279 -569
2543 356
-7735 5884
-5174 -3889
-8353 -6397
-7371 -8366
5436 -7597
-5019 1311
-3524 -2563
-9707 -8620
406 7797
-7833 -6761
5218 7620
6335 -3939
6830 -1156
-2371 -2977
-6787 3447
8897 -2492
3103 1175
7077 -2961
-3065 -9891
9971 3439
7470 8549
-7754 2669
4971 8001
-5198 5437
-368 -8829
811 8873
-7070 -9220
9842 -8285
-6018 6914
-23 -5829
-6976 3255
-3787 3116
-3867 5429
9453 -4849
1994 3053
-5027 9231
-7181 -8529
8146 -7027
290 -1654
-3232 -6287
-5258 2584
9168 -9689
-195 4169
-2843 -4276
7144 -9087
1183 -4987
3428 -887
-3200 -1341
-8169 -8300
-2110 8607
8444 4321
-8783 -5479
8976 -6241
-2444 9880
-8938 -4900
8031 -6494
4780 7151
9354 -7102
2912 -7279
-4038 -1928
3890 -7814
7471 9098
-8520 4712
-6752 -6972
4487 -7107
545 -4164
5089 -3400
9935 -7787
3503 -1966
-8081 -4135
8827 6064
-6777 1347
8564 -6284
-3037 -1206
-6798 8523
-4321 2061
6341 6809
6051 -5136
2425 -6089
-5362 -1513
3034 -2215
7994 -5384
-5318 -4163
1030 9984
-5288 -4285
-2324 6818
5730 3362
4777 6579
2245 -5500
9823 4159
7264 4671
1631 -3693
3926 6900
-9419 4031
5174 5964
5718 4374
4540 8899
-7338 -6398
-9112 1671
6332 7286
5641 -4564
567 -4451
7318 -7723
7875 -2848
-8819 9855
-9981 5975
2054 2641
-5436 4725
6823 4358
-928 -8125
-2724 -4060
-9879 -2891
9225 1535
5162 4777
-6973 8803
2649 8757
3836 7342
-3604 9057
1688 643
4383 -6785
-363 -5158
4596 -7672
-2309 -1549
-6817 1375
1030 -2601
687 2565
-9652 -4243
-2501 1070
3031 -2661
-1603 -4524
-6724 -9445
-8242 -2216
-2933 6638
-6229 -8042
4552 -7381
4901 -6805
-5926 -7422
-9383 1565
9912 4532
2291 -8587
5787 -755
7016 -346
-4992 2143
-7796 8702
8341 5160
581 -3517
-2947 395
-4733 7022
-8828 -1805
-1961 -9723
-3959 8204
5588 -9292
6839 -6769
-7255 7495
2020 9288
-7189 4948
-712 -4361
-4096 -8276
-7678 4254
1464 8985
7140 -6182
4728 1523
-6906 9352
869 -5725
-4548 7755
5266 -5554
4535 4188
3825 5245
8307 -7696
9929 -4578
4623 -3690
6671 -6984
2824 -2550
8875 4453
-704 4470
5797 4210
-7041 -6098
5422 2748
5296 -8230
6300 -5262
-6899 -4283
249 5358
3133 -4365
9967 -4982
-7200 -7038
-4341 6056
-9873 2119
9059 2868
-9814 -2737
-7675 1258
-3380 -9694
5553 -191
1789 -4146
9044 -7223
-3809 -2440
776 4846
-9338 91
9524 -2215
9668 5646
-1353 3263
4831 9050
-2492 1234
-5630 3048
9909 4485
5793 3632
667 -2389
-3383 6051
1115 -246
-4353 -9966
4068 282
7030 2862
-4244 -4179
9760 6506
5710 4926
-5168 -6751
-3521 6699
8915 -3380
-4530 -24
-1759 4221
5577 -3304
1351 -7984
-2013 -1149
-3327 -1714
-9186 -3097
1636 -9050
4460 7986
-2179 4196
-4465 1264
4361 2677
1800 1923
3592 -4112
1193 -6863
-7324 -1237
8460 2365
6352 -9816
4667 1267
1005 1256
2753 -6849
-1592 -1393
6545 -3486
1258 7467
3671 -6360
5436 -5602
-4355 4481
7992 -4122
-9267 9825
-2083 9157
8373 -2196
4763 -6797
-4332 440
2635 -2934
-676 -4142
8989 -671
5660 -6819
2968 -6459
8635 -1592
-8170 6448
8014 3096
-2740 2166
6944 3558
3139 -2316
990 -6441
7131 -9425
-5065 -4606
-7343 8054
4651 -6238
6664 -5118
7723 806
6871 -2478
3174 7049
3378 2256
-8851 6474
2838 -7588
-5720 8251
-6415 -4252
-8035 -5474
7294 -2277
-5634 7803
7243 2336
6320 3459
-3701 -7605
586 4736
9571 -1679
5572 9561
-8998 -6616
-5368 -9596
-6280 7889
-9623 8830
2144 6013
2059 1875
9967 -2184
3538 4045
9838 -9088
-824 9282
-4547 4100
4642 -3831
1536 -9038
1266 8844
-2190 3977
-8682 -1076
4819 3110
-939 -1844
7914 9281
-6295 694
-1069 195
-8897 -1491
743 3923
-5305 -4753
-1998 -6498
4343 5206
2165 1114
3568 -8591
4425 -1252
-1094 -8292
5118 9308
-555 2043
-7980 -2966
3756 -7106
-9965 6348
-6836 -2958
-6791 -2913
-8065 9950
-4004 6322
-5163 -8932
5810 4919
-5990 9814
-7620 6800
-6750 1992
2761 -3784
-3121 -1528
5692 2613
-2258 107
7787 2270
-1080 -7932
-4566 9042
-8683 -3018
-5055 -2132
-4967 7413
-7580 7714
5366 -880
-4900 -5609
7907 -1051
-1526 -2724
-4421 938
-2281 159
-8880 57
833 -2098
-5244 1964
936 -8254
-2993 3503
5558 5866
-9604 3071
6973 -2561
2909 -2398
7455 -1667
6191 -4264
-7469 968
799 -5579
-2499 975
-3200 -6598
9000 -3715
-5326 581
7176 554
2472 -6549
5581 -7646
6260 -6434
346 4658
-5450 1690
-200 -2262
1593 9600
787 729
996 -9995
530 -4080
1086 -7177
-1368 -8907
-7056 -3395
-3133 -9985
3191 9615
-2433 -2285
7210 492
407 -5716
4526 7952
6290 -846
-300 9089
6932 1629
-3985 -7770
7027 -2633
-5875 2623
-9792 2875
5541 8711
-991 957
-5267 1200
8625 2483
3360 -7627
2293 -9814
2183 -6521
-8516 -7256
-7058 2622
-9066 -3903
-8771 3764
-6634 -8943
-2186 8931
-8518 6954
-5699 8736
7670 -3367
9431 3425
-3671 -7270
-6768 5614
1813 2231
-6579 6548
-7900 -7404
-157 -9894
-6090 -6260
-1549 3390
579 -6752
-2924 -3999
-4364 -8816
-823 3022
-8852 5614
-4500 4340
-5520 1005
-6323 3947
-1197 3699
-1926 -304
5389 7067
8630 -3583
-2290 -2893
5834 -7387
2608 -6516
9621 5765
9866 6857
-2350 -9990
366 -643
3554 9799
5260 -9926
-3536 969
-6502 -4074
2325 58
-3743 7840
5494 -8745
1134 9719
2728 -5249
6590 -7333
5946 3539
-7451 -6819
7597 -6468
7497 2983
8512 -8815
-9963 -9539
-4067 5063
-1199 4380
2842 925
-2499 7491
-8132 -1453
4894 651
9795 1505
-3465 -6726
-2567 -3794
7405 -8908
8724 -6294
8851 4608
3970 -5582
9149 1272
7246 -4993
-4642 -8982
597 -6805
-796 1758
6362 -2440
-6648 -7333
1518 5212
6882 1375
-7100 -9474
-99 -9257
29 7300
-9179 7627
5427 -5764
9058 -2887
-9213 -4758
368 -9292
494 8671
-2722 1183
9995 1241
1590 -3643
-8040 8675
6140 -2471
-2583 -8049
-2099 9678
3826 -5310
2712 -6260
7895 -9788
-6966 -7328
1285 -2074
-7538 4541
5246 -3327
7974 8927
-6669 -2555
6906 5826
-4512 -1054
105 -4082
594 8584
-3466 7424
6081 6426
3674 -7819
6764 -3009
-2897 -7837
5657 -3645
-2059 272
2619 5289
4570 -3688
-9750 2229
-3066 9740
-8520 6554
-4495 -5278
1646 -2659
-4141 714
4536 2457
-9503 7038
9694 -6311
2371 299
-249 -9101
-4560 623
-3038 -4744
1955 -3457
6375 -8287
3909 -3411
4693 6073
-8727 2756
4856 5256
-6557 7118
8464 -2146
-1481 9849
4011 -3687
-8073 8158
7795 952
-2135 881
1163 1303
4186 3003
6357 -844
-9412 1279
4899 3506
935 4868
-9251 -6822
-9160 -7300
2483 -8320
5009 2358
-5749 911
5421 2384
-2037 -9482
-5176 4787
-2979 -4620
-5144 9010
-1528 5818
7085 9538
4279 -8766
-3700 -6757
4312 -5386
8323 2297
-2369 -8832
-8297 8066
-9725 7261
-6313 4438
-9584 4336
-8882 -1234
-2182 -2218
-7030 -3465
-3788 -1139
6237 648
-7282 -8703
-435 1383
4156 3280
4103 -7983
-8341 724
43 -3275
4574 -8005
-6333 4714
-7837 -2739
124 -8815
1851 1429
3284 -4957
2983 838
677 7724
3043 -3668
-4462 8905
224 6801
5124 -8817
-2140 6425
-7871 -5529
-220 -218
-9197 -5958
-7444 5934
9135 2979
-8533 6225
6544 2133
1783 1205
9993 405
4030 6500
-6362 -7776
7570 -2459
8432 9756
-1722 -8498
-2863 -805
3751 3938
2859 -955
4208 9808
-6922 2949
5938 2355
5813 -7516
8357 -8075
222 -8840
4500 -612
785 6008
-928 8733
5812 -9082
-786 -3074
5727 7813
2858 2326
-8001 8200
6818 7167
5348 -8530
32 -9892
-5056 5014
-9518 -2985
8893 -9345
4837 -8544
6964 -3321
-1526 -1350
-4858 -5858
642 -5484
-6432 -2
7548 5029
-4570 -4762
-855 1826
4017 -8568
-2410 3564
-7616 5938
-1726 -6131
-1894 -4368
8900 -6636
6728 -8911
-2586 -6488
-2170 9389
-5597 1284
-75 9502
-8854 1073
909 1490
-3295 -1138
-8479 3823
2114 7544
-8052 6027
-9575 -5749
-4381 -7717
2478 -7324
4248 7762
233 7228
-399 -5799
140 -4618
-9279 4984
-5725 7907
-5593 -5765
-7537 -8250
3944 -8690
-1256 9414
-850 8010
151 -6865
7401 3941
-1177 -4775
6 -6037
-4256 2848
6485 -1691
-4143 -5554
-7145 -140
4599 -3259
-4595 9089
-9487 1758
-4859 -7479
180 -2712
7170 5706
3774 9731
-4851 8114
-7510 1145
8208 8474
1516 -4799
-7953 6875
-8788 2387
3855 -3130
-5253 -2318
-2651 292
4157 8786
-109 8944
2250 3298
-6880 -8391
-148 5644
1566 -7733
-1321 9507
861 -9756
-9184 6204
1274 -3986
6649 4901
131 1344
13 2092
-213 -1891
513 1235
-4861 9802
8881 9492
-4632 4743
1226 3376
-4924 4494
-6201 -3702
4164 8045
-4867 267
8056 2326
-2284 8907
-2218 -8056
-6238 7000
-863 5734
2767 5301
5391 -5197
-834 -223
-3451 3142
-673 9212
-584 -5146
2579 -5702
-7248 -5484
-2335 9939
3943 -6338
7229 3083
-9639 -7352
-5012 -3000
-4231 -6883
-7104 -5699
5246 -5075
-4465 -2595
8039 -8973
-3386 215
-796 -1499
5398 -6061
6402 -4527
-1015 -92
-2725 9758
5742 3872
743 3159
-5738 -6591
-8872 -7674
5052 1066
-3490 -8931
-624 -4103
-1762 2121
3544 9434
5401 873
7509 7488
-566 -7826
882 5163
-3565 -4921
5763 -6893
-9237 7356
2245 -3574
1432 -3367
-530 -7301
6692 -4769
8849 -5131
2116 8715
6907 2632
-7607 -3338
-9365 1558
-3760 -2580
-5266 -194
4280 8716
-5978 -3399
5005 -8150
8439 7964
465 -1711
2988 1190
1647 -9993
8879 3456
-828 9047
5013 4568
-7373 -9512
1137 -5236
3272 -8786
2846 -5788
7954 2199
-3710 5404
-5117 98
8265 5699
1386 -6840
6638 5946
6408 167
7439 -1140
2811 -8779
7818 -1417
-5216 8478
6010 -3544
2834 -2349
8392 -978
-9414 6100
2148 3272
-2217 -7743
3187 -1244
6286 -6274
-1878 -3573
9673 -5160
8167 -8764
-9801 -9708
5287 9800
-9445 1252
-4773 1749
1451 6282
-5918 5915
-2818 -8405
-5149 2506
-5963 -8364
-4679 -3389
-328 -6364
-2783 3819
-1954 7515
7615 -5097
-2725 879
9391 7959
-1103 -780
7086 1491
9764 -5199
-305 3124
-8307 -22
9257 -3934
-48 8259
-561 -4042
9915 7430
3737 2862
-9901 -2300
2475 284
-8034 7164
9569 9767
8262 -1386
1863 -249
-7697 311
8859 5508
-500 -8058
-4928 131
6626 9069
1586 -9207
-2147 -8681
2468 9363
-7713 -3374
-1313 885
-6065 9258
9946 -346
362 -7369
7546 -9736
5156 -3221
9970 5973
-1581 5395
8424 -5103
1671 898
-5230 2872
-4549 9802
2263 -552
6827 622
1810 5865
-6392 -1796
-5315 4326
-4092 398
-1006 6351
4050 5947
-4318 -9959
357 7374
-3194 -4195
397 -8951
-4288 -1295
700 7724
2592 -529
2622 4302
6480 -5770
1235 6998
2078 1615
8772 4106
3334 -985
-3294 -3555
7584 -4276
-9474 9322
5919 -4078
3911 -5838
4797 -7418
3852 -3692
-2536 -6536
4924 7766
7887 -4581
-2076 -1730
6411 3207
9210 -3044
2376 7131
-8215 -9985
2480 -2243
-5147 -7460
670 -596
-4846 -7247
-4364 -9977
7445 9442
-1815 -633
7156 -3036
5522 -9717
6856 -7379
4900 -7746
8842 170
-960 8264
5954 -6265
4603 4423
1405 4502
-6667 -1155
-146 -3412
-1845 2814
-2101 -3946
-3935 -9053
989 3884
-9535 5955
2923 -7973
6825 -5582
5354 -6719
4442 -2513
-1509 810
3581 4306
6333 -937
1378 2515
-9141 1190
3808 -154
-720 3302
7247 -7390
-1887 7006
-5385 8473
5467 5254
6761 -358
3313 9881
-333 7614
8478 -8859
-3101 -4483
66 8323
4048 -4687
-800 -7127
8665 -6991
3361 2653
-5707 -6571
6823 -4209
-8990 -8228
4219 -2918
-2896 -1768
-1620 8638
2634 -9183
-5562 6429
7016 -374
-7473 8314
4013 -5823
8987 -2650
499 -935
4630 -2036
323 -1727
1540 4141
-3148 6140
6062 4153
-936 8602
5283 -3195
1402 8997
3182 3488
-878 -325
-9966 -6000
-9078 -4815
-1134 -4256
2984 -2878
-6691 -9368
-3782 9544
-2079 -2575
-758 2017
6 -645
7483 1672
-5920 -7248
-1959 1639
-5810 -5112
6252 -5959
-5150 8768
7810 418
4819 3129
2373 -1606
4286 -3942
-2427 -6905
-6052 9354
-6921 699
-7886 -9309
89 1659
-4899 4495
6983 -6532
-2509 6522
8643 -9992
-491 -8076
3394 -4167
9921 -8658
9211 -3212
978 4032
-7951 -7648
9475 -4653
1839 -7502
-1429 5471
4789 7624
657 -2025
-9952 3662
6262 8503
-9005 661
-7067 -8374
-7595 -5070
9296 1725
-5228 -7682
6359 -7794
-2820 -8020
-3649 2516
8422 8057
-5989 -8167
2918 -8909
-3942 -2641
3986 6242
4346 -8476
-9968 8530
-5181 7793
5512 -4893
7177 4124
-4094 7727
5693 9678
386 -5677
8172 -5560
9089 3977
186 2568
8280 -8662
-8357 9487
-4106 5674
-7259 2423
5744 2087
3179 -6505
-8993 -9698
-2673 4795
-7478 -1069
-584 -4746
-4028 5634
-8207 -7741
6734 8906
-6942 468
-7968 1173
-5078 -5119
-8276 9109
-1335 -3200
7316 48
-3538 -9203
-4655 9057
-3723 6222
8138 -109
9924 -4771
-897 8963
5635 6386
-7481 1891
4398 -4851
-3989 6053
4451 9001
-7879 -9501
1801 -6327
8845 -6461
-695 -8464
-2164 -6063
-8356 -9657
-673 -144
-7270 -5340
-1757 -4300
-780 -3801
-3686 -5900
2958 2667
2290 5935
-74 644
5389 5497
6212 9697
4522 1823
8687 6981
-7136 9791
650 4336
2598 -2020
5603 -8398
-3794 7887
-1110 5762
-2399 9678
-7998 -2349
2676 -1343
949 -7036
2738 1490
2478 -3704
6600 6630
-7746 -5594
-1158 -3521
5449 -3045
1236 8887
-8980 8984
5410 -7456
6276 -1907
2228 7877
-944 5226
-4037 8434
228 -8732
-4181 6779
247 2027
414 1475
-3264 1816
4428 5825
-7478 -2239
-3345 8083
-2305 -8404
1411 8760
-4943 8542
-1646 8902
2599 8215
6015 6676
-1090 -9031
9757 991
-3150 5307
-3532 -2589
1552 -9068
-393 -4381
8421 8819
2939 6508
5580 -6149
-5486 -8838
-2022 -1610
6386 9908
4885 5671
5400 -7344
6683 8774
836 4528
5268 -3170
-7209 -2478
-3032 -4053
-9523 -4869
-1794 -7808
-5329 -3322
4689 -3627
4476 -4977
-6688 5167
7546 1545
-528 -81
-3664 7150
8346 -4738
119 7470
-3189 -5842
7119 2928
-60 -5207
-4078 -392
8959 -8547
-1877 5509
38 -7064
3631 6257
9075 -1824
5292 3062
-6341 -5241
-178 -1496
9186 2884
5659 8477
5096 -3654
-8454 -5681
1518 -4985
9222 -3877
-3247 -2510
-8875 2041
4676 -7101
6121 -4806
5765 6715
2646 -1989
-3578 -7358
1039 2141
6339 2198
-1728 1946
-3958 6923
7242 -9326
-5738 -8078
-8151 8961
4901 9580
-8903 -5326
8812 -3263
2330 -9109
-7435 2016
-4440 3424
-1777 4924
3166 -4335
1444 -3736
4582 5172
6061 9533
-1086 5925
6782 -1871
-2248 -9198
2883 2064
-2168 -7416
-1064 9034
8604 -920
-1350 -5896
-7198 -4145
-3573 -7054
-169 -4399
-4748 2148
-8591 4938
-8873 9761
-6915 3975
3726 3439
9546 -2498
3104 1298
-7242 3
1524 5775
-3438 7827
-5492 -303
-941 -6406
-8274 243
4550 4298
2161 -8687
273 -9915
3607 1512
4238 9607
3710 -4504
3149 -3606
3155 9702
-2977 7426
3914 -9973
6412 -7115
-4246 5068
-3070 -671
7013 -3387
8094 -9725
5249 -9906
-6157 1213
3670 -29
-7322 4084
9159 -8123
-100 9873
5475 8280
2590 6876
-838 9419
-1206 -1875
8587 -4082
7632 6991
-6143 -4658
2638 9309
7156 -2909
4438 -5528
-6915 8288
2141 -7726
-8832 4632
-8055 7411
5799 8808
-6801 -5358
-647 -1442
-4928 2372
6843 -1607
-9558 4894
-7888 -986
-2509 -9585
-9862 -8710
-8386 -5243
7014 -3730
-7538 2114
2771 6965
-6822 6336
-4301 -9110
5946 1729
1333 -2765
9566 -9035
-7774 781
8330 -8323
8064 3414
-413 -9045
122 9033
-7583 -6385
-1284 9263
3857 4966
416 5092
-7693 -4734
2868 6132
-5733 -3939
-9327 2683
-3651 2282
5171 -3613
-5246 322
-6831 8912
7742 -5132
822 9478
2589 5582
3879 -3193
1344 -7576
1237 -6138
-4584 -8407
-1174 -4492
-2298 6649
-3637 -8572
4182 -6066
-2630 -1585
9186 7255
-3027 -8605
-2959 -3102
2541 5645
4552 -5883
-7665 8475
-5048 3045
3314 8046
595 -908
7441 -7217
-5682 1706
-703 8080
-6696 -4812
7678 3042
5940 8658
-8960 -5595
3233 -5811
6587 -9562
7121 -5435
-5806 -8074
-3838 -9492
-721 856
-5360 -3784
7748 -6259
4367 8166
8733 5715
4666 -3664
7913 5807
8527 -3124
4982 -3716
9373 8073
-2454 -3273
-3275 5601
4309 6390
6227 -650
8102 3491
-9076 8722
5236 -9073
-6443 -1691
413 5882
3943 -2727
-215 1037
-3339 9473
-7072 -4823
-5092 -2174
1051 3706
6600 -2799
-4110 -269
4054 4655
9736 8633
-2552 6754
3981 6413
9666 -8050
-7445 707
-3710 911
7784 -8362
674 6561
3766 -8521
6298 7105
1217 9058
-4866 4023
-8320 -6438
9762 -7482
-9655 9025
1047 9812
-7278 2768
6275 -1733
-7821 5555
823 -7659
1997 -9805
-5015 -2920
-8498 6918
5562 -2644
5050 -3382
9893 -8308
5743 -7646
-4411 -1145
8857 -2921
9049 -4464
-4425 -9103
-7030 9871
-1131 -5353
913 -638
-604 6505
2966 -1212
-4921 -6593
4538 6454
8568 8788
3222 -7692
-3981 5095
-4051 -4578
-5547 -4242
4445 6200
3464 4522
9027 -9312
-5720 5564
6803 -1348
9548 6112
-1627 -150
-5715 -6706
9700 -7462
8142 -8942
-5704 3810
1190 2849
-6991 5572
-8701 -6188
5361 -6114
8320 4410
5159 2992
-674 138
-289 1742
1090 572
8530 6986
6969 4245
-4820 -7770
-7945 -121
7061 2914
-6058 9322
-5068 3349
5949 -7323
-648 1620
-6661 9215
9406 7343
-6521 475
7495 3534
-1670 -7304
-2009 -5919
3881 4008
-5449 -4502
-9163 8974
-2012 4453
-1423 -5377
-1990 5516
8834 4469
-2673 -1702
-7427 -7069
-7254 -7774
-2163 -3823
6845 -4208
4407 -4439
-3513 726
-8223 -5429
-7103 -4224
-659 -9236
1228 6437
6847 2151
5334 9957
-8986 -2823
8926 5341
2245 9118
-7704 5435
-9654 -4751
9587 538
7261 1913
9159 1574
-6380 -460
-119 -1342
-7328 1557
6792 7980
-9841 8634
4506 2505
-7091 6948
-8062 -4713
9621 773
-4499 -2060
-8020 -3313
7510 -9432
-5242 -8374
-7988 4670
-4789 3207
4437 -1728
8770 -8100
628 -5654
8151 5745
-1189 -8247
-4311 423
9576 5163
-5061 8315
-3297 -1614
-2524 4143
-8563 5900
8208 -3440
7428 2268
1164 -527
-2113 3374
-7280 -7629
212 -322
6621 9901
-6005 -1556
7837 6611
9105 -7286
-8434 879
2720 -7615
8079 1581
7355 -3325
5239 1138
-2962 -1030
-2849 5944
-3736 -6732
1748 -8802
7693 -4147
-7899 -3247
-3749 -205
6246 -7603
-545 -4986
-766 -7732
-9795 8587
-2514 8974
-9374 4190
-5031 -6506
-3472 -9774
8309 8486
-607 -2268
9333 -5247
-3036 -3389
2870 -8560
-4873 -3534
-1405 4176
5233 2485
4806 3418
4799 -900
-2101 -532
919 4930
6787 947
-8831 -1835
1866 2637
-2676 959
6203 -4841
8354 6517
-333 8039
3495 6964
-506 3834
-7144 -8864
6428 9399
-7273 4671
5210 7112
9502 7627
-2464 5023
122 -7577
-994 -1145
-27 -3465
-5590 860
-4216 -3923
-7791 -8995
-1464 -7489
2423 -3662
142 -239
7460 9097
-9869 2917
9609 -4591
-3451 -9995
4796 -2922
5805 -3189
-6924 209
9825 234
-2744 -9200
-993 -5049
3217 -3387
-6992 833
3968 -6991
4412 4213
9252 -3254
839 168
-9522 4921
-1874 1862
-4033 -1951
-3142 3160
317 -7510
2398 -2570
-7626 -357
1750 1898
-5574 -3292
8259 8700
-9129 595
7412 3844
-7253 3804
1897 6523
9671 -1318
-7652 -6897
7107 -5948
3268 7293
-1386 -4171
-8341 -2674
-8676 9666
-401 9437
7329 2654
3193 -5913
8675 8653
5600 2257
-6946 2302
2067 -7262
1591 -6432
966 7744
-7639 -9680
-6649 -4891
-4405 -7541
-1996 5800
2532 6263
9625 648
6988 6769
-9293 2120
-9630 1536
-4653 -1140
-6060 8146
5227 7652
886 7132
8582 8137
1848 -6402
-3876 -1842
2657 -967
-8830 1098
9244 -8761
3818 -6360
-8847 9550
-2671 -9048
9117 -3363
665 -773
5351 -1074
9902 7692
5153 4447
-1545 -2427
7189 9777
5085 -9506
-6249 -2125
-3063 6663
-7118 532
6423 4833
-2483 -145
5477 4836
-9326 -3298
-6705 -8178
387 -7442
-323 4594
464 -6849
6674 2749
779 9859
3817 3289
-115 -1532
-6099 -5863
-3939 9572
-2895 3489
-721 -4447
1153 1880
-9271 -4476
-3950 -2221
7982 1349
-4906 -2476
-7402 1964
3428 -4051
-8265 -6804
9462 -4327
-4169 4338
-3840 -9209
-149 -2794
9113 -4875
9127 -7937
2329 -1800
2770 3015
-4060 -2735
4533 717
9248 2701
6897 -5483
-3337 -119
6466 6099
-5956 6590
5015 -6127
-3815 -5909
2036 -5680
-4167 8441
1747 2458
-1016 -8570
-5501 -2442
-1877 8479
-9765 5607
9779 5308
-6836 9008
-2231 -5922
-2634 1577
-6016 7656
61 786
-3375 -7090
2193 -7613
-4277 6162
-388 -9227
-6415 -9647
-7094 -1950
-2171 3333
-7927 -8668
2051 -1437
5480 -4085
4709 1900
1927 -8648
7250 -124
1665 -8704
-6232 658
-3309 -6388
5219 9144
50 -8932
1327 3602
1519 8005
-7888 2109
7145 4866
-7446 -297
9402 7249
-8882 2342
-5638 -8272
-9524 -8131
805 6246
4503 4184
-9623 1197
-1196 -7024
727 -3544
-2766 -7174
-8524 -7843
-1627 2877
3247 -6994
9453 -2815
-9829 7308
-4330 -5062
5127 -8481
-4713 6476
1553 -3047
5865 443
342 5863
-3518 -6384
-2706 -4147
-2205 -2413
-1872 -2137
-5660 -5371
-8910 4204
8288 -1123
3588 1220
3017 3458
-3920 2614
8890 -6243
-5571 6466
-9612 2318
6753 -7516
5576 7363
7164 6508
3176 -5007
-797 1247
402 -7710
4053 -4755
-7275 6463
-4036 5555
6006 -1892
-4168 -1336
-7318 3492
-5740 363
8143 4562
-76 -7637
5835 -9343
-190 4097
1169 4033
6834 -7367
3692 9668
5742 5405
-4629 -4287
508 6759
6014 -7665
2529 3350
2679 -5772
-850 3188
-7872 5452
-842 6571
-7081 8856
1381 -3752
7220 -3204
9999 -2122
-3868 -3292
-5449 4214
3699 4432
9846 6444
1487 6652
-3988 -1167
6973 915
-2723 -6565
-4980 1151
-5101 -9163
-4240 9061
-4787 -1892
-8705 -3599
3689 -4501
2806 9505
9268 9951
-8614 -6235
-8456 -8489
4735 -1259
-5063 -8499
-4993 1042
4928 271
5113 -7126
-3819 -1645
5416 194
-4115 2866
8331 7044
-1592 6900
-4778 7756
4243 751
74 -1638
-3825 4876
-9811 -1687
-5436 -2809
-6181 2539
2570 -8377
-1285 1949
5530 1366
-5550 394
3352 6510
4919 -3163
7078 -3201
-14 -6311
7140 3755
4062 4903
331 -2781
-7276 -5127
684 926
-3402 -2184
1935 7763
-3433 3644
4421 2898
-3976 -7607
-7777 -8324
-2945 -9053
-6435 -9526
-3046 -2652
-4271 -901
-4399 -6398
517 -5087
-6427 4298
3018 -9734
4536 4348
7887 8790
7948 -959
-7213 9294
-7657 517
-9479 -4763
6181 -8266
5423 9283
-8045 -383
5725 3046
9894 8550
-5824 -7918
-6379 -9422
-1445 6770
159 8402
2416 8826
1380 -739
2890 -2083
-7299 -9154
-8206 1108
-7438 -5148
5697 -1937
7200 -4002
-9402 -7603
-8005 6109
-1508 -93
1732 -3647
-9925 -395
-1555 -6711
-2594 4308
228 -3135
-7735 -2882
-1131 3001
5730 -3396
5773 9378
5156 -6939
8756 6670
-5679 -7983
4271 -5397
959 -9990
6919 -7608
5951 -5180
8503 -789
3608 9285
-1861 8250
-8588 8176
-8454 -2208
-4999 -2693
-6352 3036
8561 2923
-6377 -6093
-4661 -1190
-3490 311
-9244 -8439
-2685 6431
-4720 -1337
5699 6447
-5436 7177
4530 1296
3369 -1225
3364 -7082
3533 9397
-9688 3661
197 386
1339 3756
8164 6806
-9402 1340
-6668 -9960
-5785 1403
-2846 -8308
2277 -5888
386 -3149
-3259 -6632
-6139 -9945
-8346 -3638
4135 332
-1368 9362
-9666 -2351
-8781 6013
-8999 -435
-7634 466
5473 7090
9598 8328
2609 -8296
-2350 2751
-821 -6109
-8021 -1747
-7993 7406
-7167 8694
-3919 -8594
5654 2306
-504 1377
-3424 -8598
-6764 -2086
1300 4117
4115 6591
3329 3564
5829 5282
-6030 -1249
2541 2909
4630 6916
7471 -946
4366 -563
3143 -5245
-3250 -8828
-3555 -1563
5565 1415
3026 -2006
1311 -1299
-4897 -9439
5599 -4063
-7778 6449
-7193 -301
-9581 -7488
-6922 -3229
9722 -7627
-6276 -2715
544 6092
-3363 5813
2312 5302
3934 4581
9780 7410
994 -1351
3985 7692
-7852 8816
6518 -6876
5807 -4333
5649 -7544
-1478 902
-8404 -9027
5512 -7524
4683 6444
-6375 -3529
-3667 7003
-35 266
-4221 -5236
-6565 7548
-3746 -9793
-9675 -757
-5331 8512
1815 4509
-7908 3241
589 -1754
3531 -5772
-1394 3522
-6281 2724
-9951 1432
5032 -7403
9077 -2259
-2921 6794
-4245 -4970
5595 8452
393 -3014
4502 -970
-6393 9284
-2677 6293
4676 -7337
-6495 -2011
-4481 6842
-8506 6778
-2290 -8808
-8882 -6017
-3560 9732
7596 6316
7185 -8085
-2220 66
-1256 -4114
2786 7113
2000 -3882
-2482 -346
-5093 39
2686 -6619
8524 -9180
3070 -6984
-2062 6751
-378 -249
-2828 2948
3022 4224
-7811 8104
-2454 -629
7483 180
9285 3540
5978 8363
-8756 -5639
6214 -8931
5670 2184
5688 -3441
7764 4012
9273 4617
5200 9073
-5290 5183
-1260 -2178
4519 170
-4005 -4826
7217 7359
-8407 -6836
-3647 6446
-8794 -9606
-807 -6635
29 7389
-4661 -4394
6063 8454
7582 3253
4091 5091
6325 -8120
1739 -2017
2833 3468
-7146 4604
7343 953
6122 -2216
-5912 -7716
-560 5332
-9093 6462
3241 5674
-6447 2909
3866 5225
419 -2353
3684 -4076
8364 -511
9239 1935
8188 287
-1446 9370
9475 -3189
-6091 2420
4843 -693
-8999 -7161
-5259 9593
-3613 9320
-2865 7389
8452 9158
-9446 1795
9045 -28
-5682 1559
-5429 455
-931 2861
-4835 4726
3617 8834
-2967 -1922
-5591 9129
3247 4754
9808 -9786
-1217 5536
-2415 9228
-420 1191
-7978 -7594
-374 -7469
7314 -2057
113 8521
6999 -7424
-6718 1990
-5186 6274
-3307 -5250
-6106 6851
-7561 -3694
-9540 7274
896 -3765
8828 -5034
-3188 8136
1755 4366
5701 8429
-5403 -2809
9240 -3040
1457 -1944
5506 -5908
-2393 8300
9275 -2712
4797 5443
-9338 -2199
1789 -8922
-698 -3255
-132 -9600
-9829 5644
-3533 3588
-3960 -2081
-492 4308
3007 -8269
8645 2361
-5194 -4876
-1460 -6136
3661 -2798
4736 -6204
3871 -5923
-4486 9372
-5231 7942
4094 -500
-6480 -6986
6810 2162
736 6272
3031 971
2163 5400
5634 -3915
-5733 -7526
1110 -9536
-6731 -5658
-5093 -3267
6061 -3341
3555 -3660
-5221 2207
9188 6370
2844 9649
2171 -8192
2618 2778
-9995 706
-5156 -4018
-153 -6569
6779 8384
200 8509
-4924 4866
977 2469
-7962 8395
465 -4447
5724 -9550
-8141 -3174
-4331 7961
6526 -6927
8457 -6343
7945 2616
5178 3422
-1796 8772
-9468 9371
7236 -7839
952 212
-4484 -9920
7691 -1111
3749 -9910
-3610 -8296
7000 4505
-689 9356
-4894 8424
-3457 -2065
795 -9263
-9189 -8149
2552 7237
9326 -4178
8402 -3886
-1757 9178
7191 -8609
1132 -4183
1240 2908
-139 -3042
9667 -560
5110 7421
4469 -6297
-8846 -7073
-1536 -9538
-2627 1163
819 -6629
3339 3603
2881 -3173
8733 226
-1059 3070
2283 8948
4885 2210
-4125 -8401
-5592 -9699
-743 328
-3168 3607
-6593 5466
-5344 4427
-6744 -6688
4225 -1368
7346 8241
7305 -1921
8835 -1149
5363 -6379
5807 6478
-3668 3381
9630 -8338
4723 7357
1643 8783
2048 -1222
7253 -1518
-387 -5726
5923 5638
5721 3161
-4777 -6801
-2324 -6661
933 820
-8301 -1457
3868 8637
-8137 7081
6502 -9823
7824 4040
6800 -2592
7660 6161
2957 -3555
-229 -3968
2650 152
-3814 -2617
2250 3492
-8296 -3645
-7058 7113
-999 3178
-5757 8799
7841 -8888
-8308 -3189
-2957 -6480
-860 -705
8794 9155
8230 -4911
3617 8098
8914 2460
-8940 7805
6675 2904
5632 8717
3482 -2879
-8642 -3508
1794 4837
-2377 1827
6821 -9703
78 8899
2430 -9150
718 -5368
-4856 2752
-5849 2865
-4642 -5414
3614 962
-3565 5848
6059 6442
3210 9952
1476 -45
-9324 6077
3772 3506
8959 8111
5967 6909
-9990 2123
683 -4189
1071 -3983
-2256 6687
-9345 640
3103 -1314
9051 5338
-9916 -2912
9784 8746
2650 -4954
827 -4914
-2297 1023
9305 -1386
-7595 7100
-4137 8785
6398 -1065
3400 -1836
-8092 -2798
9884 9202
3799 -7292
-799 -63
-6491 -2023
2886 6088
6836 5016
5543 6333
2839 -1778
-8333 7025
7039 -5749
-7311 -914
6692 -8107
-4377 -3189
9984 -6129
-2673 5946
-7001 -2116
-9518 -450
6259 3506
5641 -6944
-1101 -7614
4143 -2440
5419 9686
2412 -8664
5083 3331
-2667 2409
3642 -6344
4802 -2447
3540 -2252
-5795 2391
6264 6517
2847 4037
-8289 -3047
7455 4101
6065 1084
6267 -5477
-7990 733
9876 30
9126 8838
-2276 -2040
-1446 3488
9388 -1235
-9020 7587
-8278 -4843
5589 9576
839 -5401
-1682 8199
1711 5608
7799 4641
7413 -2511
3488 -720
-5916 7732
282 -4197
9713 -2179
9131 -2858
6987 2930
7957 7767
-4553 4219
-8445 -3302
5811 9818
8160 5103
-7424 -4778
1086 5182
7360 -1828
-4907 -1411
864 -7495
-3649 6488
3127 6703
-2869 3022
8691 6275
-2715 3353
1880 -3538
-6137 -3367
4570 4822
-1649 54
2094 -6343
4967 -1892
6412 -7863
2446 2551
-6596 -6126
380 7358
-3057 -4332
-6804 -1573
-4724 3943
1924 -1815
-9237 -1044
-332 345
-214 8452
1314 1913
-4775 8251
1326 8211
-2072 -9857
-2559 -474
-6031 7608
-7728 5140
4040 316
-6667 -1365
9571 8960
-3635 -1583
-2305 6034
7861 -643
-2108 -9642
-5648 8976
-93 -3253
-2376 -3407
8667 9462
-9284 5736
-695 9911
-9788 -3061
-5071 -9843
-8274 9055
7015 -9162
639 459
4962 5937
4777 -1542
-607 6200
5792 -4877
1940 6759
6962 9607
3741 5038
-3021 -8950
9213 6124
7724 -3611
8162 7760
-4743 2978
-3551 -6033
5954 8586
2009 -3411
7769 -7025
7638 9546
-3209 -1349
7087 -4913
7526 3754
-8043 -3266
-3729 -9041
3158 1619
52 8496
-9540 -2077
1424 8304
-9964 -8887
2037 2685
-8284 5395
-6410 -8329
-336 -4523
873 1933
-9403 -9520
3002 -316
-4436 -7584
8709 703
6284 -9438
2895 -6572
2349 8780
9986 8310
5264 1791
7959 -5393
-1785 -7161
-7477 -1043
-8110 105
-6845 8263
-7337 9961
-1687 -2940
3588 -834
-5617 -3209
-123 2348
8212 -5874
2766 7993
-1137 8515
-643 -5540
4541 -3167
-6829 7209
8841 6534
-8269 986
3374 -9819
-2298 -7779
-9153 7203
-553 -3787
3433 3771
6492 6538
-3618 -200
7687 -9864
1579 -21
4458 7710
-6352 1652
-991 -5106
-8984 -448
8167 3495
4011 7759
5110 7203
7402 -7673
2910 6924
-212 7639
3536 -5306
-4736 -5854
-2186 7774
2222 -6949
3335 7685
7331 -8832
-2419 -7573
4346 -8404
-3814 3909
-6805 3650
529 -6926
3312 -6728
2937 1955
4803 -1597
8357 -629
-3989 362
6759 -965
-8911 -9921
-3246 -5975
-1941 -23
-4278 -4072
4298 7494
-7544 1004
824 -1526
-3264 3290
3845 6952
-963 -6466
-4894 9179
-2586 -3152
1828 9925
-1939 -2138
-6085 1950
7825 2621
1253 4280
-6725 9781
-2412 -2324
-4160 6466
6048 -6178
5124 5318
-34 -8023
-8221 4860
-8824 6014
-9206 1776
1914 7925
7779 3474
6098 -875
-6941 3445
-8757 588
1243 2778
-1614 961
5109 26
-767 8351
7194 -6088
8133 7571
-9542 -5042
6918 -8353
-3831 -2434
1591 -8414
-4683 -1456
-5926 -6601
1304 5542
-1188 -5276
3067 -1574
8941 4175
-6268 3032
2419 170
-7481 -477
3232 -2799
-6683 2546
-2859 2486
-7185 -6530
7850 -970
-9465 2478
-180 9359
5594 -1249
-673 -7920
9076 -7242
-2238 2994
-3848 2322
4830 -5974
-4839 -3651
-5678 8162
-8142 9443
6364 -636
-1570 4519
9570 5758
-7746 -6559
-3436 -932
6251 -3524
-8262 -7766
-5277 -8742
-7485 -503
-3242 1666
-306 -7474
4288 -3836
-6414 -187
-6660 8096
7737 -759
1974 441
8948 -9647
-8188 -8776
96 -1975
-1842 -3383
1855 -4768
1662 -4202
6406 4211
-5261 -73
-2835 -2075
-7859 264
-2469 9103
8542 -4470
6782 -1682
-3191 -4982
-148 -5637
1498 8807
2690 2305
-7416 5066
9370 3487
-5393 1596
3463 3745
-2528 -8722
8029 -5826
-3130 9629
6403 1984
6602 -2747
-3365 -9789
7544 5614
6629 446
-4213 993
-3559 -3568
-8746 1105
5546 6296
-3777 -1837
4658 -7325
-8417 -55
-1160 4120
3496 -6150
-2429 2718
-3782 -546
-4766 -3874
9971 6723
1548 6705
-6599 -8053
-6319 -8558
8290 -9817
-9471 -6150
1809 -2714
1226 -8683
2516 -5497
4336 -5245
-8820 -7446
-4772 -8865
-9601 4763
5025 -2951
7245 -9269
-5898 2919
959 3423
4226 5205
-2258 -5787
6483 5712
1277 -9700
4952 9303
-5387 -5329
4701 -4734
8768 7445
-8430 -5731
-6694 7764
4434 -5529
-1836 -1946
-6584 -4410
7697 -310
-6921 -579
8672 420
2193 -4406
-5048 -2731
-8742 6223
-2089 -9235
-2923 -4544
-883 -6918
8375 -9861
1632 3890
-8371 -1773
-9436 4204
-4512 -8438
-2283 -1953
3658 1980
-3144 4276
-4723 219
4962 9058
-2240 4253
-5019 -9911
6896 -7619
575 -320
-4582 -7472
143 123
-7178 5221
4431 -5656
9056 2952
-5472 6506
9994 3782
-3814 9324
6562 -3900
8916 -8773
-5488 -6527
9158 -7059
8926 2493
-7827 1916
-3776 5218
-4572 1261
2409 -5093
527 898
4410 -2041
-715 6191
8572 5196
1012 -1806
-2116 6910
8339 -15
-4754 887
6001 2088
-3908 4309
2267 2876
-5443 7694
-5607 -3621
-6936 -6653
-214 8630
7137 -780
2846 -3963
-94 1766
-4506 2138
9591 3374
-2836 -2304
-6151 -5738
-6658 1133
-1510 -9102
-6255 8619
-3939 -5639
4903 -4963
-1900 -4
-210 1752
1780 5623
-4593 -417
2203 352
-5899 7778
3379 4941
5748 -7532
4197 7129
5911 -290
5708 4840
-2960 9124
4154 922
-4414 -1731
2962 6159
-2007 -7091
-4359 6106
-4889 -9883
403 769
1173 8518
-5282 5977
3605 -7311
1231 -8080
544 -5391
-2357 7323
6276 1471
3857 8352
188 -2288
6360 -555
3080 7897
-4798 3229
6358 -7685
-112 3886
8426 8156
-4270 -5449
8323 -9012
645 1135
7531 -8955
-9618 -6114
-887 -9816
9402 7507
-5293 1105
-3900 8351
1004 -6790
8051 284
1019 -4012
1878 -7468
-865 -8153
848 -2845
-7615 -4206
987 9125
9333 -3641
506 -7774
-35 7719
-6159 3867
305 6446
8221 6020
-5174 -9190
-2242 2099
-7713 -2414
-8813 -236
329 -5445
-9477 -2297
-846 4508
-466 -4430
6429 2143
8670 -9849
7830 2931
1318 -145
933 629
-619 7684
7087 -8511
617 7336
-6473 -1104
7054 -1584
-541 3039
-2290 -414
-639 3194
2590 927
-2695 -5035
-7705 -4141
1493 -6858
-9667 5908
8747 -9797
-24 -1385
-6200 4181
-3386 -3071
-987 3486
-9191 5029
6849 9765
1278 -6631
-6896 8966
8740 -9206
3052 6932
-2450 -454
8988 -5018
-3325 7826
7901 -329
-4542 -869
-4558 -8207
6232 -7526
9217 1841
-7702 -2297
-5328 -3730
9115 2254
5019 8482
3026 3266
-9923 -3252
7841 1553
-2914 -1302
-1556 1298
9581 919
482 -4167
-8241 7109
-1810 8944
-8180 -1653
3501 -306
-8283 -7719
-1635 4990
-659 4687
-6305 5027
3376 1353
3374 -9565
3057 6043
8369 -759
9118 7964
2229 -7468
-5044 -5019
-6912 -7856
2983 518
8382 -8888
-7004 -157
1962 -2068
6583 5784
160 9158
8324 6020
-5810 8315
-6242 5301
1663 -8953
-4988 -9084
-665 5715
9241 3569
-1328 -5241
-7613 1477
7464 2312
-9849 9664
1802 -9680
6912 5388
-2065 5246
-4992 162
-8503 -2439
8033 -1
6119 2240
1942 -7384
8561 -8586
6452 4893
-5859 9068
-613 1162
6042 -2686
3919 -5578
9480 -314
3706 5943
1034 5446
2846 -2807
-8136 6145
-4611 -512
7827 -2038
-504 -4999
-9818 5800
-3273 4174
4715 -1771
3932 3007
9568 2614
-5640 800
381 -3572
8508 571
-4837 -1733
5049 470
-2348 -4254
9428 -4369
7635 -5634
-5452 -1081
9376 -7093
3860 -2775
-9271 -6432
7810 7887
8024 383
-3340 -1759
6867 2696
2223 -4281
9948 6407
-5698 5316
-127 1316
-4089 9877
1015 -2325
-8391 9766
-2268 -8250
2471 5117
-3594 9336
6688 -3652
3060 -3783
-8541 3179
-2152 5020
8568 -7065
9941 4796
-4831 9486
-9634 8947
2223 -1960
7352 -3752
-464 9954
-7064 -8906
6897 -3880
1713 9758
-2724 -6017
-5989 5919
6968 7688
-2955 -8931
3018 3629
1213 -3881
4245 -24
-179 -7592
7034 7411
-9424 6752
-255 -2258
-3341 9833
-1158 572
5462 6770
-2735 -4056
8006 234
-5219 -2938
-7753 2193
-1015 5500
483 -7478
-5223 -8627
5377 -8550
5816 -2279
-4291 -7203
-748 -6617
2098 7019
-2962 1249
503 -2376
7327 -2792
9888 -4129
-2209 491
-1933 411
9129 8043
-1702 4369
3735 5281
-3221 -8293
-6789 8669
9080 5592
5769 1591
194 3603
8922 -495
6349 4259
289 211
8924 -6029
-2473 8803
-1160 -8485
5521 6429
-1681 -3496
1323 -1650
-8011 -1156
9 -5357
-9418 1346
-7990 -6714
-110 -5534
2761 -7208
-4112 690
961 5715
-1910 4670
-841 -8273
2122 -7367
-1154 6542
4584 -2741
7833 6320
7527 -9110
7736 3693
-3703 -1669
-64 179
-3808 -3264
8472 9897
-3876 4857
1830 -5833
9406 2868
-3368 -2316
5083 8596
1644 4630
-3958 9695
7318 4283
-7928 6901
-5215 -999
5919 -4628
-7146 -1869
-4093 9774
6237 -3309
-2764 -9052
-6463 -2010
6039 -851
-1432 -2280
-3308 -7302
-7227 3861
279 -2427
7684 -8463
7842 -2877
8494 -4633
8982 2367
5329 5518
7245 -9015
-6688 -8093
3284 -991
-7429 -6947
-758 -6052
3030 -8808
-7533 -6370
-3279 -2182
9503 8680
9549 3413
-7999 -8430
6450 -53
-7212 -3324
-6702 -6985
-394 -4285
5014 -5145
-6812 -4618
504 2694
-490 -1617
7639 -1723
-2838 -8740
2800 -8952
-7659 -1890
-6301 -3683
9031 -7889
9649 -1949
1601 -8351
-7851 -7276
-5346 7570
-1375 3682
5634 361
5119 -987
-4231 -1350
-4780 -6940
-2524 -9214
5020 -6417
6124 327
4175 -4478
-5755 -2977
-2311 -5460
5453 -960
1072 411
4275 4284
-7190 4708
-8139 518
-9319 -1106
-523 -6218
-4419 6971
2103 -7967
-5519 -1593
-1949 -5382
2632 9786
5959 9510
-2495 1489
5777 777
2930 -4660
-7129 8646
-5447 -4992
1486 -4979
-7979 4373
-9633 2346
-4118 5292
5206 -4745
-1179 -6501
-449 -1273
382 -4502
-1974 -4846
-2557 1938
-6903 6635
3305 9697
2387 7518
-1535 216
6216 5102
-2071 4951
487 -8282
-7579 -7206
8740 7790
-3874 256
-8086 6357
-869 -4525
3404 -1107
-3211 -9441
1225 -7456
-1480 5016
-7632 -9212
-8576 -1339
-6050 5174
6902 7588
-1019 3390
-874 524
-6081 3354
-5478 4348
-1566 -2296
8474 -820
-4414 5157
6205 -2610
-3572 -555
-9133 8649
-8628 2067
-9180 -4754
4134 3277
-4737 1798
-6604 3207
-5279 -3756
-6642 6524
-105 -3765
-6156 8531
-8493 -7239
3204 1601
7822 9470
6821 -8105
-6629 2639
7943 3203
-7056 8346
2026 2335
214 -658
7758 8854
-564 5408
-359 -9575
8610 -2467
-9116 -749
6470 -4059
-8793 -2689
5588 4967
2192 4830
4396 8012
-2875 7752
3614 -3365
-6568 -5669
5908 1790
3705 -7296
5997 8989
5613 -3200
4639 1075
-8954 1266
3539 4460
-835 5132
-9185 -5841
8895 -541
-4458 4692
5285 6777
5331 7663
704 -4587
8403 -3396
-8547 -6450
-5035 9357
7733 8218
-9815 -4437
5823 8116
-2933 -5311
6653 -22
6936 -6493
4526 7207
1070 -34
7394 2256
-3825 -9758
-4762 6669
-726 66
305 -7010
5467 5787
1887 2456
-9884 4278
-9163 2645
1432 -9668
6807 -4192
2164 3252
369 -899
-443 -1887
-4766 2982
195 -3443
-9410 1125
-8977 -6194
-1933 2436
1036 3244
-3928 -4882
5974 -3989
-8106 1237
19 7631
2837 1922
1303 -3007
-7231 5583
-9687 -8795
-8431 2647
-8364 2707
-8275 -2043
4471 4341
6793 9029
6137 -3893
-180 -1715
5354 4881
-1844 -4424
3800 -5502
1040 3328
-6818 2508
-1344 683
1665 4645
4972 -9363
5307 1910
2703 -8145
7304 4449
-6346 -4813
-962 -5687
-8571 447
783 6736
2435 972
-1699 -6481
-7534 2105
4773 4319
6529 8673
4199 -7272
-3181 -6694
8980 -8023
2785 -5253
-2938 -6353
7644 8156
-5556 2204
6815 7315
-3293 6563
4850 -8083
2243 9449
-4598 8688
-9921 -9565
-2902 2449
7758 -9568
-5442 1724
-3973 2607
7549 -9041
-8925 -1974
1492 8110
-8511 -2221
2166 8948
-2942 1979
9569 9157
9140 9561
2284 -6239
2119 3966
-8188 -7688
8900 5968
-2497 2139
-4389 9528
9378 121
9751 6926
3253 -6039
-352 9408
8250 5579
9545 1082
3431 -8382
5002 -70
8327 -2696
-9170 -3742
4376 1276
-4059 -9399
7449 -962
2860 -94
-5121 2191
2285 -1789
-5442 4074
-9286 3795
-7236 2399
590 -2422
-7286 3865
6759 -8144
-5027 3046
5663 3369
-1472 6430
-8043 5320
8633 6175
1076 -9530
-7998 700
-8254 6619
-1599 -1084
9304 -3391
3307 -1658
9723 -2620
9047 -9436
6674 -1999
-8704 710
687 3450
2811 -8849
2779 -8728
2030 -4036
7346 8705
8829 -4626
-280 5507
8653 8906
-4878 1437
-2727 -4932
9747 -9841
3724 1363
3846 8972
-76 2646
9027 -4357
-5532 -3863
8859 5172
-1990 2715
-5304 5857
-5299 -4383
-2988 7639
6544 8461
-9531 -409
3050 -8193
-3880 -5571
-8647 -4022
3524 -1261
588 1740
7660 1550
-1962 7374
-2162 -2757
1033 -5302
3252 4478
-2706 9747
9995 -8395
9462 -4043
-901 4989
-399 9149
-3716 -7935
6760 -8361
-304 -1542
-6445 -8664
1714 -4565
7702 2849
500 -659
4051 -2756
-1855 -8185
8533 -1364
2406 1327
-6159 9760
-6492 -6841
-6955 -5941
-6650 7366
3622 -6991
5810 1340
1164 4002
2210 -5559
-1807 -557
4413 -2161
7903 7557
-8678 3853
1221 5764
-3096 4703
-1571 -7706
-8661 1388
-8105 6263
-1952 2913
6250 5100
7995 9737
-4028 -1190
1600 3848
-747 886
4347 -6698
8429 2459
-1908 24
1641 2402
-4268 1680
7523 -6485
-258 -5710
-4858 7215
-4158 3801
9082 -1728
3752 6790
-1335 724
-1805 -7825
-6970 -6064
-5273 -17
-1446 2462
-125 9465
3829 654
-238 3550
591 -3892
-4004 4425
-8197 2891
4279 571
6760 -4639
-5943 -7191
6279 3435
4139 -2298
5200 4824
1132 -6451
8717 -7727
-9667 -4801
-9046 -319
2468 -7256
6378 -6858
-335 -8603
6018 -2879
7112 -1873
2114 -4300
1356 -2466
6044 -6020
-1073 -5651
-9366 2267
9853 4456
-3195 6149
-3319 5263
4929 9298
7754 -6788
-3143 9316
3021 2181
-1484 7325
4111 -8641
4668 8571
-1883 -2924
4896 -2169
-5833 6488
-6578 -251
-6190 2859
214 -2109
-3108 6356
-9944 -3526
-2381 4293
7639 733
-2288 9976
-6833 477
4855 4707
-2685 -5785
3048 7975
-3275 5412
-36 7777
-7423 4340
1072 -4479
5791 8900
7188 -3354
151 -4193
-6893 -7646
-3978 3895
2369 6703
-5776 -7049
-5696 8153
9395 -6267
735 -5770
-5871 -4452
7687 -8811
2640 -882
-5250 5904
9496 4130
4703 -240
5384 -4242
-1637 1602
-8595 74
5076 -7651
-1485 2815
-2149 -7660
1272 3214
1340 -628
-2342 -4522
8126 1805
-5704 -9217
-3116 7483
-8541 950
-4879 -8644
-6816 664
5458 2728
-8019 -1098
1999 9081
5746 7238
-7302 5500
7272 1342
-6245 -1215
-3784 8446
7720 1355
5507 -3997
216 1593
-2679 -5100
2991 5083
-9194 2636
-8414 7210
2631 -487
8431 -7369
1444 -8405
7304 4438
4479 7227
9033 -9041
4920 7632
-6491 -5919
-9835 -8237
-7036 -4342
1273 -4400
-796 -9906
-9390 7044
-8170 -9222
-783 9122
2636 8853
-7329 10000
-5356 -9016
8065 7002
-1541 -7055
-9562 -9104
-620 6769
-358 5079
-8758 7585
7329 -1787
-456 2878
2491 -8274
2078 -2122
-7973 3059
5839 -1206
-8183 1477
-4549 -6976
-1771 9729
9142 1990
-4304 -5351
864 -9362
-2478 1306
5628 -4788
1879 1706
-7774 -3020
-7940 -9706
1441 -2155
-6396 -1982
6693 4709
-1792 -6643
-730 5009
2911 190
9152 3202
6413 -3718
2502 -1608
-6434 -129
-9045 9224
3245 -2929
-4399 3691
-1962 -6840
1991 1845
9989 4428
-8915 1808
-8708 -4088
6027 9878
8087 4541
-5054 -5261
2379 -2897
53 5527
7461 -4884
3414 9762
6462 1349
1979 -3934
-7480 -3595
-6817 -1326
8541 7941
6221 -7404
4094 3893
7999 -1949
-3482 -4106
4643 9355
653 -3076
4669 9305
5821 -5347
-5123 -7238
1434 -6375
-4907 1322
-7988 -5832
7270 -610
2712 3701
-2310 -3316
-7559 4793
8291 4574
9342 4637
8935 -5148
1077 -7377
-9604 1750
-1354 6171
9871 -8394
8060 -4031
9325 6915
4526 -8915
-4180 5409
4248 5619
6575 -4914
7357 6246
-6464 -3817
8458 9673
-1668 -2364
-7266 -993
-7576 772
4931 8511
8114 7070
8925 -7268
-9254 8998
-3077 -1969
1944 9111
4263 3624
8395 1301
9367 -9701
3036 5215
2636 4622
9493 7243
3637 7392
21 -2378
-8025 -141
-173 8133
1768 4551
8607 -3280
-2066 4375
-4398 8775
-4657 -9755
6340 9223
6745 -4698
-1340 -9219
-7416 5620
6777 -665
9939 -4072
-9659 -4563
6711 2689
-8991 7123
-2596 -3967
8048 8926
-1990 1217
-4921 -1933
-6832 5127
-953 252
951 5960
9132 2879
3143 2291
3807 -737
7504 4663
-8037 4738
9037 -9343
-936 8858
1533 -583
-4025 983
-2090 -4867
9990 3792
9418 9740
-4127 1148
-5666 8081
-2846 6295
-3460 -9425
-2983 -2835
-8802 -3263
9633 -5204
-2093 7866
-959 -7050
4389 5593
-7108 -2265
9581 -1122
-8638 -6271
-4202 129
-3987 -8896
-2714 6476
8549 -1822
-1966 -3647
5917 9217
-153 -9477
8692 9810
6314 5317
-4326 -395
7620 -8908
4399 1277
-3197 -5284
724 109
6285 -653
8365 -6691
4349 -3424
-8322 -5062
4156 -659
-1995 -2580
-9121 8275
1346 -1272
-4398 -349
-743 578
-9329 -9254
-8367 5546
-1900 749
4951 7929
-5628 -7788
-4442 1106
9187 -541
6211 5179
-7571 -6037
6968 3212
4944 8964
-2965 9241
-6160 -4395
-8987 6394
669 -633
-2670 -6181
-4215 -2312
-8000 7342
-4109 -2257
-5612 3521
119 4469
-3818 -6341
2394 6877
7584 -5488
-8877 -5241
-2087 -2747
8052 -348
-2252 -3048
-9117 -2381
3849 1966
7618 -8010
-410 -8692
-6714 1525
-3703 7239
-7444 -2126
-5532 -8907
8251 -9579
194 4423
-1125 7737
8879 -8504
2889 -5838
2771 5527
-7326 3817
8757 6861
-4279 -6996
5342 -9105
803 4255
1150 -2642
-2773 -9980
-4256 -9608
4770 -7315
-2923 3699
-5937 1597
-5176 -5841
-4785 8745
7039 3353
-7377 2753
-8151 -5409
-1362 4096
-622 -8740
-1744 3575
-6553 -4970
-7971 -7126
-3709 9329
-2511 -3497
724 -4049
-2478 -6572
-1550 4527
-9276 -2963
5372 3477
8405 4406
-997 -2342
-5494 791
-5511 -552
-5803 4991
490 4143
-9557 1333
-492 -9060
-8953 3661
-8303 -9919
-2400 -453
4670 -3683
8854 -2826
422 1573
126 -5140
-1414 -3305
9094 -9447
3196 -4883
-5776 -6647
247 2025
7799 4869
-6227 -2496
8633 5682
6513 -3919
5584 1552
2861 7610
-4648 -9066
6025 -4158
1897 2974
8682 -3626
-7227 -3808
-4557 -8485
-732 -5778
-8895 6350
-5675 -3228
-9133 -8142
4937 4125
1091 -8744
-8187 -7402
433 4932
6603 -878
-8046 9551
3178 -7465
5204 2332
1608 5570
-5006 7373
9884 -3556
-4695 -8324
-9659 -9798
-2209 7311
-2333 -918
-4260 4087
7594 4739
-5725 1748
-4167 3959
-2527 -9024
-2938 -4493
-8392 8284
-5858 -6636
-3899 -4068
4332 6281
9457 6152
-8451 149
2192 -56
3679 -4306
9868 -4034
-8014 -4684
2235 -9276
436 -5964
7479 -3832
-8499 2464
7629 2516
-4974 -3896
8180 2494
-4185 2522
-1787 4210
-933 -6510
-903 -8907
3464 1977
-5937 8366
4008 -6616
6783 6034
-3164 -4911
-9068 988
-316 -5833
4744 2281
2845 -8479
5943 -5706
-4880 5852
-1825 -8775
9504 -5070
-1659 5664
4461 -8494
-8040 4258
2167 -6114
-6739 -2544
8173 -7669
-1749 2141
-2702 -8607
927 -6992
4268 7581
-2123 -8503
-8980 7038
-34 -8104
-6484 8617
-6106 7873
-1243 6325
7056 6536
-771 4125
7151 8413
1034 2102
-258 9656
-6269 -7897
-8197 -5533
9222 7140
-9906 6870
7681 -5820
5989 -4078
-2013 -4715
-2225 -9276
3390 9544
-1206 -6437
-2304 1741
6453 277
8160 -8594
9512 276
-1578 -9671
1368 5622
-3717 -7615
9425 -4480
-7310 -8953
-338 4317
633 9696
-6108 -6586
-7891 8543
-5414 -9677
-1369 7286
9299 -8858
4483 -7512
7187 -4080
3808 -7399
-5703 -5888
8767 7965
-7016 8985
-9984 -4935
2252 139
-3214 9861
-194 6286
8665 7643
-3354 6168
2577 1993
5520 8107
7006 8788
6655 155
-4729 -2202
3762 -1536
7308 2815
7159 -4655
1035 1341
4477 -4223
8418 183
6080 2797
-9539 2937
-5400 -5267
-7379 6170
-5329 -4705
-9059 -414
4743 79
2030 2439
9835 9933
2823 -2459
6981 -1300
-8039 6057
5196 -4452
-7328 -2935
5106 1773
-736 8518
9925 -5121
-1613 -9608
2845 -9471
6864 2555
4279 -1144
8559 -1130
5885 -1511
67 -4050
2638 -8614
3016 -5035
-9070 -8670
-8258 -5315
-5526 -6511
-7186 1774
5567 7954
-4203 -5517
-1949 2357
2686 -544
2205 -6219
-8829 -7907
7326 -3533
1446 2135
9858 6700
-9607 2269
-6327 6957
9502 8029
5156 -1436
6357 6533
-9797 -5832
-3270 -7911
-362 -6775
-8865 -9965
-3017 4608
-7038 -3794
6722 -9024
8013 3090
-3949 -2818
2225 -2130
9101 -4838
-7475 -8224
5596 -7447
-5489 2759
-309 -8648
4165 -4781
4002 7902
2775 6929
-1533 6054
-1477 -2885
777 5371
-8152 -1123
9331 5502
-9468 -4976
4577 -117
-155 5887
9038 -838
4411 -3721
-2272 2436
5278 4037
5092 -4832
4650 7807
-4635 4775
-285 4820
-2538 -4086
-7801 -6677
-5162 6503
2751 6140
6832 -9286
-7745 1004
-6939 -9807
-3980 2810
-1432 -5265
60 -7814
5950 3093
7312 -4435
-3333 1299
7734 -5045
-2377 6937
8076 9544
5559 1325
2461 -1776
-1684 9348
-6915 -8013
-5371 -1665
8621 -2132
4744 7459
-8056 -3964
5157 -4336
-7400 -5081
1797 367
-4893 6275
-2806 -2825
2661 -6742
1640 -3995
-1408 -3875
-8063 4515
7202 -7868
518 9207
2534 6532
6549 2185
-3253 -4700
-3790 4029
4610 4222
8027 6128
-5593 6321
6898 -5816
-9533 -682
4245 -3378
-3572 -5317
-2930 -4245
6887 9077
-1616 317
8510 -9270
2252 6455
3091 -9599
2408 -6516
-6953 8678
6372 -1682
5301 5774
-818 -1066
8597 492
5376 3840
-6373 8499
7903 2865
262 5257
3018 5792
7133 -2807
6318 6905
1614 -3017
-7548 -6668
8264 9435
-8604 -8829
2735 4206
9147 -9533
5231 -4026
5189 -3556
3085 -171
8863 8358
2667 -3305
-9058 7853
3760 7269
-6569 1953
-1505 2903
-1968 -293
-4589 -7319
-321 9501
3353 628
1385 7298
-3359 4840
2876 -6706
-5449 -6516
-2339 6909
3200 -5718
4154 7123
-1245 6206
-6154 -4875
-8728 1351
-8684 2567
-5171 -1093
-4167 5153
3427 9178
-6681 7011
4423 5406
-5876 -3924
-5965 -2142
357 5066
4218 -7018
4182 -6685
6964 -4722
9929 -3387
992 7245
-8236 5728
-6428 1659
-6341 -1831
-6397 3632
-2719 4409
-678 4673
-7035 -1420
-5026 -1135
-7469 6356
515 9025
-7225 51
9300 6828
7185 -3744
6177 -6311
-9246 -1275
5958 -5322
869 5533
-8640 7493
5558 -7622
-1327 4266
-9360 -1854
4225 -6667
-1232 -279
-1748 -3141
-7831 9377
-8528 8080
9268 -1913
8127 4178
7719 9850
3316 -8656
-4498 -7521
-1317 530
-1121 -7537
3618 2736
3419 3432
6562 -1331
-2895 178
2927 -97
-6643 271
6051 1945
8969 4884
-3698 9798
3300 392
-1028 1851
933 -9151
2130 2111
5022 -718
-3826 6836
-8820 -6233
-3402 5624
-6677 8966
9518 2135
2471 845
-1024 2531
-6697 6710
-3847 2368
5502 2145
6203 5880
-6666 -5534
-7162 -9754
-5414 1956
7484 8089
-4786 2330
8382 -7486
-5071 4619
1839 -72
-8543 9669
-9747 1244
1494 5154
4127 -5743
-3586 597
6902 -1548
5081 1373
-431 8574
9938 1112
-4544 7327
6830 3745
-6039 2467
-8774 9151
-2070 4706
7739 3226
9884 6647
-2782 -3949
-8020 -4101
-1043 6246
5340 -6931
7906 9810
-9209 -3397
-8092 537
1752 8094
8262 -495
-1385 3067
-2642 725
-572 -2281
-8532 5109
-6354 2984
-4364 3163
-9850 -866
104 2506
-6882 9121
-9570 2996
-1160 6512
4827 3646
8132 262
4879 -7772
-6828 -3054
-752 5017
6353 7534
-1941 -2451
5214 1491
4450 9822
-6349 -9037
-7749 -3102
5731 3914
3574 128
6364 596
7450 6085
-7750 -648
4237 2695
-8644 -6653
-8369 1595
-4742 6259
-928 -2655
9464 -7933
4240 -8991
-1329 -1585
1292 -1101
-758 1291
4701 -4637
8975 4012
-4943 -3593
-1362 6540
-8090 -7073
-2910 -5060
-1026 218
7789 4253
-9343 4648
-8636 -9411
4037 -8493
-4787 -1421
8832 5132
-8059 8026
5854 -6874
-8093 -4938
-1744 -3340
7693 9903
8699 -9790
-9309 3494
3193 1325
7270 877
-9330 -3674
-9055 -1613
-80 -2152
8464 -9433
-3440 -7307
-9539 -2398
4897 -8904
3497 -8152
208 -2000
936 8890
-313 8169
-7725 -5445
-2737 -7676
-4222 1955
-4843 -6648
-7963 1855
7323 -5720
-1293 6027
2066 7015
-1378 -8837
456 7247
-9202 -7461
8640 -4969
5944 -9154
6267 -8275
4266 -3542
4043 -7508
2347 48
491 -272
2454 -8992
1023 7559
-6067 -7553
-585 6828
-3614 3438
4400 -7414
-6675 9261
-244 4354
9389 4032
-2538 4226
6788 1359
-8195 -1388
-1712 6005
171 3062
-3793 7847
1931 -3843
-3830 -9980
-4390 1169
-952 1136
-5410 992
8418 2973
734 -3300
-3996 6291
1402 -5235
-3341 -3319
1779 -1212
-7014 5416
9353 393
-6256 2575
5535 1982
-8305 8803
3760 -5217
-9276 594
6127 -4514
-9029 -3992
4980 -1805
7632 -5304
-3935 9164
2304 6699
-5192 8224
-7972 -9235
-7223 -985
6098 3610
6328 -1814
2777 9173
-5456 -560
-7258 -8451
-1644 -7279
7462 2537
-9892 3253
-5114 -5676
-9439 883
-6243 -8394
-8791 -8761
1349 -283
-7042 8213
-7033 3857
1190 3570
3478 3426
-4029 7115
8009 -882
8258 -94
-3436 -3824
-6692 -8675
-440 -4763
251 9338
-3044 -1151
-7178 7541
7152 -6308
-7008 -4968
2866 -162
6781 -1374
4845 1245
-4284 5725
-5027 4251
-2046 270
3967 9676
5203 5090
5588 3480
-2953 9607
3441 2668
3157 3379
9554 -7814
2687 -4965
2115 9839
-3541 5618
-4727 -4012
3245 -9431
3757 -6598
-7598 -5405
3602 8877
-6269 -7083
-7933 -1583
9370 9320
8855 -2427
-8082 3555
4771 3632
-6613 -4734
9942 1512
-552 -4173
8123 5033
-8887 -8585
-6176 -2246
6887 -1544
6309 2109
-1822 -1743
-783 -2328
3728 2306
-4160 -1026
1060 9863
-4071 4772
4374 -9917
-5498 -7885
3887 -3746
8480 2004
-1847 -1830
-1504 -9454
-3948 -6031
9754 2558
871 -6188
2264 -2462
6093 2765
3683 5951
-2605 -5755
-9863 6277
5536 -9389
260 1645
6234 -109
7765 -76
2697 -2261
637 -2251
-3916 -5737
-3032 -9282
2251 5583
9278 -9070
8865 -1357
8993 -9831
-7787 -6662
-2243 7573
5483 -3916
-4004 -7632
-9624 4219
-2946 -489
8784 415
2526 4241
3841 -4805
-1069 2181
-4386 7439
943 190
-6365 1635
-6565 -4396
-4025 7164
-6635 9324
6459 6648
8646 -5366
4665 -4894
3291 3559
-1014 1618
-4542 2710
-6388 -4252
-9590 9842
2858 -3587
-4799 -8782
3370 -8949
7398 -7637
2666 -6440
5408 -6355
-3952 -4697
-1649 -8824
-5567 -3157
3883 -9032
3469 4131
9156 -7598
-4779 1745
262 -314
9856 8898
7408 7377
4409 -7244
-537 7883
1741 -4477
-3415 6816
-8823 5706
2609 2856
2438 8416
-4886 -2821
-6716 -8487
8235 8940
6228 7718
3704 1805
-1144 7625
-5094 1969
-5684 -4426
-3900 3618
-180 -5069
704 -1296
3143 2214
-7660 -6151
-9366 4012
1716 -8971
8346 4380
-1803 7969
-7111 2939
31 -7533
-2830 -5442
-1744 -3509
-5445 7112
-2243 -901
-6942 -5934
4785 -2460
3920 -7152
-1219 9660
-9029 -8067
-6969 -8470
-6147 -7129
6615 -2263
3245 -194
-5689 4216
-2723 -9707
-2372 4440
6289 -3210
-1002 6763
3714 -3842
8475 9797
-9871 2411
-8593 8931
9486 6726
-6925 -4195
-2487 5715
6483 -9597
-9536 9235
8141 -9790
7261 1884
-4068 3925
1937 9629
-1304 -6235
5967 -1824
428 -9689
1173 7368
8911 1087
6667 2829
-1806 8996
-8132 -1399
4761 -3682
-4883 8101
-1701 7196
-2075 1636
-4679 -3260
3617 -2612
3122 3913
-8049 -211
707 -6857
-4071 -7053
-2471 -5664
6764 5996
9437 -1141
-6443 9663
7030 -8600
5620 -4
-5171 7150
-7090 8143
5865 -6313
-9301 9688
244 -6754
2307 -2681
5081 -3514
9967 6531
-4250 -9327
2062 -5069
4337 -5152
-7510 4929
-585 -5656
467 -8192
-2880 702
-7057 -5122
2955 -3535
7175 9848
8934 5498
-4229 7540
-5399 6391
2618 -7369
-8327 2142
9094 7562
7776 -6724
8790 -3131
2817 4814
-380 -931
8466 6571
2851 9749
9116 3338
441 255
-8053 1685
5357 -4730
-3394 1307
-9925 1950
4135 -2951
-1403 9254
9021 -9201
-8738 -5045
1186 -1871
3338 9618
-3013 -672
3188 -3841
-6050 7598
5473 -3492
4696 -4730
8258 -5688
5091 5009
3387 8081
9059 -3245
-5992 -9780
-7262 6164
-7011 -5354
-9306 -180
6338 -5430
-716 -426
-401 4400
-300 -2022
-6204 379
-6850 -33
-311 9173
5057 -324
3996 -4329
-4818 -8152
-7195 3864
-1172 4440
3453 -2299
5703 7632
-2176 5633
-488 -5391
-2089 -9867
-3270 3928
8858 -2900
-2937 -5963
898 8819
-1111 4269
-5392 140
-954 -7999
4098 2201
2563 -1461
-3262 -5142
8962 3503
-7861 2809
-6947 -7669
-8953 3280
340 -5108
-9310 -9285
-4955 1001
8791 5075
2817 -3782
-9404 -5216
2874 -2666
-201 -1013
-1256 -9235
-2714 997
-3590 4643
3646 -172
932 948
2669 -9563
-5560 7493
-9979 4734
-1293 4864
8182 2056
8091 4377
1928 -9764
9834 6703
9741 -9952
-9744 8798
-7275 2022
-2644 -7607
-603 -3453
916 -2882
-4190 -6238
9126 -5683
-4347 -9427
-9099 4446
2692 -8818
-4587 -5711
9623 -5625
-10 1878
-4142 293
-1520 -5495
6193 -4447
9193 -8046
-2408 -7767
8627 6104
-5265 -8919
-6100 -6556
-4795 8680
-8616 -6860
-9635 -6414
-1296 -5735
-3505 -2297
4432 9180
3437 1256
-9208 2888
-915 -4538
-10 -2934
4226 -3835
-8671 3274
4946 -3976
-2212 6403
1367 1593
-2415 -8076
-2900 -5679
5211 2275
2430 -8272
-6279 -4673
-5663 6006
33 -6966
7209 -400
-2995 -5526
-8920 7183
-6944 6571
-8346 6310
-6327 -2292
5596 -6372
914 738
-4058 2956
1003 2911
742 5178
2193 -7145
-7879 9270
8858 2006
8854 -7969
-2606 -9799
-4470 7431
-7577 -7837
-4726 -6592
-3251 5737
-3446 -4045
-4243 6394
5225 6869
-5364 -2080
1165 4230
-6531 9175
1132 -8134
-5242 1521
7695 -179
6177 358
-7072 9432
3750 566
2746 9141
-5326 -8332
3538 -9109
4563 8378
-4446 -4627
4231 -4903
2159 261
6746 2444
6948 -266
7228 727
-5871 7467
1072 -2714
2443 7430
-8548 -9809
3183 2028
-6009 8324
147 -9134
1185 -2849
-8413 -4560
-2985 11
-4887 2556
-3473 -1784
-7076 -8071
5624 -4648
5763 7164
1960 4086
-8691 20
9143 1345
-3746 -3516
9389 -711
2397 5352
264 155
2476 -9500
-703 -6171
-3639 1589
9013 -6480
-9463 -9620
433 -1322
-9429 4437
2406 -9999
9083 5310
9307 8156
-7999 -9385
1306 9023
758 4801
385 -5414
-1243 7806
-1721 -5574
-9573 7476
-1647 -5188
3879 -9931
3968 -6052
1603 6496
-7708 1406
253 -1552
-398 -9193
5471 -6587
2499 -738
6754 -8447
1237 -8958
4196 -1080
3836 7912
8299 9457
-4922 -1798
6336 -8825
5093 -7012
6785 5070
-6028 -7526
-8009 6452
-4063 4815
-5779 7313
1384 -9343
1345 -1360
-4564 -142
-3067 -3817
-1033 -4451
9174 4063
4978 -5574
4878 -3633
8265 5575
2139 -323
-9680 6438
551 8907
-1797 9142
787 8546
7609 2950
7984 6625
-6071 6691
-5058 -1156
5371 8305
5169 6077
-1271 -76
-7245 -7913
8096 -6334
2756 6123
-1693 -8634
-8323 -4210
-8020 -1534
-6152 -2876
-7964 4392
6257 9664
4704 3043
7281 -4179
-6421 7402
1118 5060
4784 -3916
-1890 4870
-4593 9224
6427 -7746
6630 -6844
4468 4058
1146 6489
995 -6225
-9275 -8903
8461 1752
1883 -2810
6312 -9856
4871 9060
-1888 -4861
-5043 -9879
-2392 3096
172 -8322
4420 321
-6059 -1345
5840 9955
-4157 9018
4479 -8150
4863 9296
119 3586
8815 -4944
884 4111
6267 9946
1321 6370
-7511 -2752
4446 -1467
-5559 -1334
-1769 -5130
3553 9548
2816 2330
-6045 -3678
-3377 -9582
-6847 7940
1096 4356
-8715 77
9126 -6152
2195 -8057
7931 -4574
-409 2553
561 -9854
-3454 421
-3671 764
3697 745
-5591 7509
-5043 6512
6346 -8321
-4829 2474
-6786 7314
-1780 -1895
6158 -6010
-8693 -1201
7661 -5862
2557 -8174
9499 -399
8162 9919
-8340 -6109
2797 2590
4669 -7819
-3023 -9959
-7993 -35
6884 3914
9133 8857
4766 6704
-3687 6798
8098 5549
5572 -9496
3233 -9542
-293 -8138
8650 -9207
6076 7055
-1647 153
-5870 9121
7659 -436
-4323 -548
4089 7582
8578 -6824
-868 -239
-1298 5944
1476 -2878
-9844 1329
-2552 -5321
-7330 -2385
-789 2398
-3905 -7722
7954 5840
-7268 -8605
1880 589
-3663 -8940
-4521 -4129
-2258 1078
-2991 -1024
-1262 -3101
-2445 3661
8865 6177
1918 -7191
-4085 8651
-4013 -9572
4697 -8679
-1852 -902
-381 4342
-2728 -5854
-6914 3513
-9971 -6731
-7510 9644
-281 7256
4560 -3046
5631 62
786 213
932 4839
2239 7226
-8256 6068
3527 -6949
2270 -7134
-7173 3052
-44 6937
-4711 6959
-802 -2308
87 -6293
7528 4659
-611 -8481
-8988 6093
5018 -5478
3091 9227
-1925 -731
-6695 -7219
-3946 -5892
-1172 1961
2879 6672
-4703 -3344
-3452 8772
9524 3816
4248 -4348
-651 4902
-8989 7217
-5017 -2594
5695 -4003
-6300 2373
9481 5983
8778 -6742
6635 274
-5715 1630
-6364 601
-2294 -6489
-9195 3991
-4654 -4983
2730 -8063
-3010 2633
6489 9257
-1467 8606
6223 -6537
-9185 -6535
-7288 6937
7313 4289
2993 7070
-3004 2363
-9497 7449
8999 -6514
-4651 -9944
1024 -8373
5599 -6346
9545 9811
-5199 641
-1417 9080
-8886 -3644
-2895 -2842
9528 -158
6782 -4165
8728 9603
-7823 3490
3789 -9447
1934 -9410
2712 -7133
8003 -399
-9791 -2882
3486 2469
2407 -6363
5774 5534
-6556 7273
-353 9387
9252 3055
2034 7456
-9586 7366
-8267 -1280
6252 -9583
672 5797
6409 7945
7585 -5066
6954 -9944
881 -1108
9957 -2742
-3614 7258
-1495 9606
-6788 -9369
2497 5049
-5051 -8146
-8595 1255
7623 2726
9826 -4877
-5890 5662
2820 2892
-9036 9165
3200 -400
4604 9499
9384 8006
6503 -3588
-2944 -5111
7209 4438
1506 -6416
785 691
417 -4556
-6170 -2779
-6831 -3611
-9459 6652
-4044 3218
6727 2712
-8621 -9246
2091 -8527
-3526 -6235
-5023 2144
7257 -9139
3070 2267
-7073 1613
-1713 -5128
-9739 -5605
-5975 8349
-8927 -1944
4795 -7981
3843 1733
-8736 7604
7521 4052
-420 -447
-8178 1172
3998 1031
-9154 -9764
3323 -706
6189 8934
-9480 9676
-6272 -4442
-9615 109
-5135 -1515
-3088 -7731
-5722 2483
2091 2365
5161 -8728
-2801 2484
-9698 -6754
-5063 8973
-5240 9024
2404 588
-5527 -204
3083 7616
-555 7671
-9447 -6758
4667 -6670
7951 -8375
-183 6852
-7371 -980
5841 -8320
6396 4964
-1156 -2872
-3836 5756
-239 -5088
2024 -2033
-4629 968
-9523 5369
-667 1552
555 3994
2007 1822
-3818 6167
-5661 9714
7118 7855
4517 8185
-2056 4146
-695 -6022
-2282 3253
5228 -8235
-6817 3502
3279 -3942
-5950 -5746
8047 -5302
-3321 -2796
-9316 -7153
8392 5475
-3963 57
4455 -7627
-8407 -6293
368 2322
-60 1024
-8713 5976
1895 -5546
-1725 2154
-3646 -7005
-5626 5912
5740 -7949
934 9612
6917 -4309
-5497 9264
9226 -2541
6905 6817
-7328 9408
-3426 -5228
104 -6939
-9128 -6198
-3657 9920
7220 9164
-8209 -6992
-3100 4914
1445 6012
3443 -1270
-1534 -7592
7473 -7822
4718 2874
1805 -8727
-1271 -3733
-7012 9513
-370 8335
-7424 6903
8468 8445
-7260 -9452
-9916 4252
9588 -1973
9950 9391
-1624 7744
9078 -4849
6228 3508
2952 -9628
-3890 -7120
-9234 9195
-3952 -999
7756 -3201
-3742 -3099
2756 -3437
-3363 -8511
8278 -7063
4474 9358
-5704 4232
8335 2777
-1364 -3633
3262 -2862
7120 7588
1568 2089
3896 6013
-6685 -6764
-2922 9607
-9121 3029
2483 -2358
807 6750
-8655 -6119
-1076 -4531
-3840 -8705
-7251 4728
-1518 5106
-7838 -2835
8827 3118
-6450 -1087
-3305 354
-3542 2495
3395 9083
3721 6747
3124 -4369
-9720 6422
-5730 2109
-2850 6335
-7184 -2222
-1850 -6807
9947 1636
2086 0
5729 -5117
8000 -7144
5882 -5502
7574 -3355
7038 -2322
-5103 -897
3760 5652
-165 4829
-2627 -7067
-2888 3193
-1096 -6236
-2371 3107
1586 6489
2015 3942
6651 -6752
-9174 -580
4146 1049
3153 -1187
4319 8192
-8762 -4976
-5905 7014
-3644 4503
7288 -7697
1893 7071
-9680 -8368
-1851 9504
5651 -8757
-881 -533
4930 3586
-4893 -1113
6891 -6944
3936 7853
-2504 6469
639 690
-2597 6717
129 9346
-7860 5442
-8666 -4647
-9626 -2503
8446 3870
-3543 -651
-4650 -8419
-7500 8688
-2887 7267
9982 -9485
-8821 -3180
4450 4529
-358 -6932
-3330 -5319
2963 -4947
-4740 -6605
-2632 -5121
7816 -750
6377 -6075
8313 -3667
1232 9801
7226 8853
167 -4380
2533 -8832
-933 -3096
-6760 6756
-3529 -5632
-1136 7659
4495 -575
366 3114
-1662 -678
6201 9732
-7375 -8244
-1323 8186
4285 -666
-791 -191
-2443 -3662
2846 9496
-6097 5417
-6977 8578
2988 -4875
2101 -8140
-6413 -1525
5851 9903
-6324 2831
-7914 7730
-4491 -2048
836 939
9411 -5158
5113 9165
-7786 -4208
-9591 -9563
3119 -6485
4089 4117
-6435 -5283
3554 -5154
-4163 2401
165 -2035
7823 9296
-6316 -6226
-4706 -3941
8687 2042
4184 -4275
7658 8321
9529 4762
-6219 -4696
-7172 2742
-5692 -3196
-3827 -4645
-1558 790
5654 -1107
-134 2103
6425 3097
-8495 690
-1529 5670
-542 -9994
408 4310
-4339 9117
-3091 -162
2561 9295
-2954 -7186
7438 5906
341 9909
8476 694
4581 2912
1797 5088
9735 -8902
9157 -1385
1174 -3687
4186 6207
3960 870
-4728 7313
-3872 -9509
6370 6908
6706 3931
-7940 2944
3228 -3816
-7561 -3111
95 938
-4242 -2536
-4754 5085
-5946 -5345
2037 9166
6548 -7212
-9194 3908
3662 9078
8217 1865
-7244 -3224
6951 2718
-1333 -677
647 -3815
-8438 -5481
8637 -6500
7669 7748
9420 -2663
5177 7771
5035 -9868
-1198 3637
40 -8644
1370 -8422
-4906 685
8692 -8283
7671 3010
-1447 9437
-3074 -9429
6923 -7263
-2255 -8297
-5372 9994
8449 -7847
7598 2680
-5092 -3040
-840 3247
880 4536
2124 -3341
-2082 -1073
408 -4760
-4063 -8753
-7123 -7838
2349 -2483
1883 7782
1106 -7666
2380 6658
-477 -91
8412 1142
7774 2194
-9483 -8727
9722 -2925
-7635 5772
5624 9511
-275 -2243
3141 -8115
3955 -8491
-4104 7440
-197 -4065
1284 6961
9933 9285
-8504 9217
-3075 -981
3922 -6321
8152 -1353
-7309 245
-937 -5516
-4360 6234
-2635 2753
-5524 4671
2939 -4115
7517 -3065
2757 8124
394 2355
9258 1493
-1697 -7209
-5846 -6988
6768 6472
8453 2732
3596 -8881
-6085 1593
-4122 -6028
-940 6522
-8294 9509
-5400 1068
-6328 8174
-2904 -5766
4209 6982
-3429 9778
8696 -5803
-3655 -6859
-5392 277
5461 9082
-8324 360
-2375 3266
2754 -8613
5627 -6171
4577 4492
4430 5228
-4148 -2557
7139 -4149
-5984 8413
7075 3121
9467 -2989
-617 -1295
-1509 -7878
6104 -2378
-4166 9103
-8676 -9661
-8866 8238
7164 -7542
7043 3989
-7180 -3192
-8654 -2568
2774 3085
9572 6292
6247 -1088
7875 -2650
-3163 -7252
-2557 8989
-8599 4343
-5416 -4210
-3261 -6347
8933 -1292
-4326 6138
-7728 4434
-4872 -3403
67 4024
7515 277
-7069 -6875
-5204 -6721
4135 5805
1603 8272
155 -9821
-9706 3826
1805 -3760
77 -1031
4293 -3644
-6696 -7789
4799 -2961
9367 -3028
8759 -9627
-2410 -7065
8745 2972
-5934 -9836
-1616 -7077
2394 354
1600 -1688
-3277 2220
1011 7807
4088 -8756
7885 -8660
2254 -1947
-3157 5930
-8905 7761
3972 1870
1043 -8970
-701 7093
-5731 -9653
-7674 -2415
-1286 -5583
-4352 -6080
-7402 -6511
5446 2601
630 1681
6593 -9427
2969 -4641
8400 3510
1622 -5393
-225 4968
4813 2229
-3548 -1793
6414 4466
5924 -2446
-5031 -3026
7691 6904
4021 -3938
7979 5656
-2868 -2027
-3702 6458
-1581 9477
1875 4903
9561 8662
-5561 9051
8977 2640
-958 -6593
-213 -8793
-4962 5039
4916 -7066
438 -7967
4274 -7665
-8074 -1920
145 -7487
-238 -523
3372 -4120
-6807 -5046
-2867 8750
8247 -900
-11 3141
-7725 -3012
-2872 1354
2146 -5019
-4494 -9959
8099 5557
9855 6770
-6446 8150
-5153 9351
-7688 -8000
-3019 6970
-8069 -7496
-9259 1425
-628 2022
-6286 -6237
-4469 511
1968 -7068
1560 4024
9689 -4886
9846 -1962
-4408 -1135
8030 4138
213 6158
-1995 -3253
-7930 8333
-7390 -2146
-4896 -1552
-1747 2460
-4379 5367
7916 3313
8020 8534
5829 4697
5957 3607
9935 -4796
-1714 8136
7305 8949
-1682 4056
4327 -9941
-6436 -4969
-8695 4381
4669 682
6688 973
-4993 8793
6532 8256
-3640 1830
-4628 -7269
-7246 6772
716 2754
4261 -5244
-6093 -3130
-2183 -7902
-9933 -6450
-2886 9329
5709 2125
3161 3818
5598 -743
-120 757
6991 -9381
-3891 6664
814 4251
3057 3577
-1479 -3159
2126 -6583
-8155 -3938
4523 5041
-6267 6679
-6351 6064
-2853 7703
8109 4302
3356 -4956
-6341 -8380
3094 1829
-7666 2003
-9004 4875
-8226 3069
-9442 1103
-8279 8461
4544 6531
-6862 3380
-5926 5747
-4830 7396
6901 5059
8085 4823
7295 2284
6513 9116
-4270 -1548
-1121 -5644
-3716 -2888
4614 -7691
8621 -4003
-5736 -729
7910 793
-6196 8682
9615 4724
1078 186
349 -1525
-1340 2795
2503 5427
-7227 -2081
-7990 8245
-5099 7980
2901 -5446
2653 -3615
3062 -9979
9316 -6783
9721 -5559
4187 354
-1049 -7050
9475 -7726
6224 8110
8445 6201
-7694 -5026
-2129 6536
-8140 1585
-4518 -2525
2046 4060
3489 -7529
-6701 5979
1649 -6471
7511 6374
-3066 -3465
9900 -9728
6831 -9458
-4972 -6344
4333 9513
-6236 -1301
-2654 4221
7396 1529
-4721 -3690
5766 2341
2170 -3989
797 4871
-6327 -4337
-8753 -8793
6035 7925
-378 -5796
4439 -7726
8550 9925
-4997 -2824
-8186 -7845
-8692 -2097
-181 5795
-3608 4153
-6751 5564
6728 -8890
1999 7398
6165 8151
7001 8213
3822 -9164
-8081 2906
3668 6242
8407 -6378
215 2534
1020 4354
-5359 493
1621 -7674
8027 968
5037 -1503
3588 7543
7937 5655
-6638 -9708
7070 -9438
9628 -5117
-2051 -3887
4571 3826
-3038 -3493
9138 -6216
8897 -3966
2042 -683
1842 5167
8856 -7126
1885 4750
5625 4658
7836 -7896
-1394 2998
4231 -1563
6885 -8101
8236 3031
-4953 3674
2124 -2066
8248 5389
-7 748
-2542 -4651
-749 6958
-3877 9514
-2883 -7891
3613 5100
-3072 4798
-9800 9009
295 5906
-2820 8187
-1209 6877
9435 3790
-1235 -9762
-1626 -7827
1241 -45
-951 9082
2566 4512
-9013 -8158
-3726 -1033
-8172 -2511
1911 7622
4303 -2864
-8408 8027
4381 -2065
8803 8438
1209 -5898
-3058 -6396
4197 -4220
-6085 -1332
7610 9807
4497 -8552
-3776 -9379
4646 9971
330 5818
-6042 3957
-9562 8213
-7384 3855
-2470 -133
1659 9999
-680 -5414
-6019 2136
-5769 -9783
2773 -6057
4205 -7398
-3485 8437
-9484 8186
6936 4091
1960 -8166
-3811 1209
5568 -3287
3468 1887
-3144 8388
4159 -880
-5739 7985
-4711 1028
9362 9042
9807 -4677
-4300 5837
445 9502
8817 4040
215 -7089
-6156 -7345
-6817 -8775
383 989
5362 -8161
8601 -7330
6422 -3560
8636 -4655
6840 -1644
9569 -6496
-9980 -4409
3038 7538
-2505 930
7861 1717
7645 7273
792 6236
-2564 -1089
7904 -6771
-3092 -8786
-7306 9620
-3364 7932
8094 -726
-5958 -3756
5104 7671
-4267 -235
-3545 1534
321 -6964
-8044 -49
3822 -5080
7090 8417
-5709 105
-5541 9259
8716 -7907
242 3211
-8281 5023
9109 -4204
-4261 -3601
-6419 5349
-9499 -2804
3570 -9112
7625 -6271
1231 9451
491 -7098
-4869 3049
3065 6125
3454 8505
-3534 7959
-1593 -1431
-5291 2274
6581 -2914
1742 -913
9016 -148
8733 -3917
-9414 3573
5033 8381
-2334 -6585
-3629 -7399
1101 -1790
5857 -9133
2766 4015
8985 169
-6315 -7626
8631 -5461
-4865 -5083
4318 -9821
4448 -2715
-569 5615
-4773 -6628
7663 -9835
-4823 8429
7552 -5101
-195 7649
6393 -8617
7560 -2279
-6515 -8157
2999 -9054
8615 -2980
5242 3788
5727 1690
-4704 -9709
4486 -557
2806 -7557
-5116 9816
-2767 -6761
5135 7579
8808 297
4549 -178
-1704 448
-7900 9760
339 -9218
6699 -3497
7229 2648
-5466 9792
6293 8469
-5221 3854
-7818 9999
3053 8146
-9427 -2045
2418 1099
-1705 501
-4415 -2477
1414 8287
-1278 -8502
-5958 -1364
4484 3931
-2808 -6228
7993 5929
3927 285
-9894 1018
-5478 -8346
5767 5539
-71 4005
-2086 -6577
-7600 -8589
4910 1340
-6563 -3422
7322 -5212
-5636 -2348
-3094 5006
7337 3448
-2920 7327
7998 4683
5352 -8912
7904 4453
-2035 -3135
-4773 8340
-1360 1026
1109 475
-392 5554
8539 9917
-3155 -2934
9739 -6305
-7075 -5811
-2122 5455
-7088 -5554
-6201 -3230
-4308 -1025
-7642 4313
-1494 -3949
-6471 -2266
9571 -7939
2245 -6556
2369 -5304
5799 5597
6399 1462
8076 1999
-8341 -3086
9896 -8839
-625 -1594
1091 -1959
2194 8166
-332 -615
-1301 7730
1057 1512
7758 -6554
-9551 1876
-2992 -9331
-7158 6
-2410 -2255
-8060 2720
-8979 -584
6054 -8761
2819 5783
-7215 -4791
-8832 -8129
-1230 -4749
8600 -7608
-6205 -2519
6592 8434
-6240 7503
-8463 -8980
-4453 1156
-5687 -4442
-7196 -3544
-6996 4388
1154 -6084
9074 -8804
-138 3644
1526 -6910
-411 -2744
-651 -4830
-2643 3198
-9396 9485
-4437 -6553
-5185 501
8927 -5285
7360 9548
-1260 3849
3529 -847
-9420 -8274
-6611 -8858
-6702 9649
5245 -3834
-1249 9318
-268 -5282
6220 -1399
1736 922
-2053 605
6538 5581
-8039 -4834
1030 5714
7720 3540
6792 -5311
-7668 1415
-7856 8554
-860 5521
-4235 9235
2828 -8426
6971 -2747
-351 -4737
-2944 -7441
5332 -7615
1290 -644
-6156 -5136
-3988 7971
2082 -8763
6845 2505
8516 -7715
5563 -6597
-1035 -4473
-6618 413
-2435 -249
-1620 -1854
-3717 2142
8652 -9348
-8214 -2184
3132 2298
7315 -6175
-7927 -1634
9153 -3903
-9978 1533
764 -8169
6986 -8455
3455 3039
-6069 9191
9435 -3118
-147 -3848
2057 1339
1443 7658
-7143 2684
-4307 -5958
5665 6369
1858 -4145
6975 -5876
3257 4806
-6708 -4299
9504 5994
-3889 -978
-7312 1800
992 7519
4578 5740
-3255 -9328
4676 -9314
-8467 9288
7135 138
8705 7438
-6413 5234
9369 7385
-9916 -2019
1974 -3475
-7080 5989
2479 -3011
-8688 7433
-1599 -5937
-7318 734
-4649 6048
5556 452
-4877 8935
7070 2678
1609 -785
-3476 7443
-7098 1107
7572 -3941
8044 -4556
-2549 9959
-1050 1903
544 2151
838 1765
6844 8055
1942 4233
6584 2752
-6631 -5424
1339 -4853
2766 -7911
-5733 -9182
5655 6887
6739 1473
9049 -3784
2119 -1062
4523 3297
-2102 5679
-6409 -457
-9827 -86
-345 -2080
-61 6539
9543 -1548
5536 5222
-7167 -6961
-8750 -7880
-6634 -2025
-3407 -7467
6777 -8664
21 -7744
-1028 3390
1964 5699
9595 -5236
117 -6574
-5869 -1019
-6399 8743
-5815 3218
8000 1064
-7200 -9121
3660 3582
-378 6374
-9865 3750
-9531 -1824
6736 9713
-3585 4082
-3413 7919
4049 2437
-1722 -3909
5617 -762
-8870 -8976
9212 -1685
1070 9205
-5253 -1894
1709 9981
5600 -4495
-2363 -8220
3262 -4829
-3510 9623
-5766 -3961
-4172 -4261
6438 -3908
3922 789
8545 4965
4110 -6192
-2246 2677
-2351 -356
1985 1229
108 -1715
-755 6361
-5403 -1795
-8604 -5479
-3611 6771
-4023 127
1014 -528
2787 -9676
7442 -888
-9949 -7764
-1126 1280
2676 -4263
61 6715
-8510 3765
-2052 -8075
-9520 8858
4377 -2560
-3972 9465
-816 -524
8425 -9322
-7901 -8779
-397 2101
7275 -8121
9753 -6844
6979 5800
7784 -9180
4637 -6311
3050 1246
-5514 -4924
9446 -145
-6520 4063
-8222 -6297
884 7053
-1057 -7961
8424 4341
6561 104
-2668 5205
9526 4792
-1299 -5875
7733 -8725
-8508 -4202
-8092 629
-8343 9971
-8574 9171
274 -7723
3326 -2266
3750 -6445
-9445 1935
-8615 -2031
-5985 -6547
-3805 7741
9658 -2295
-5742 1384
6229 2299
-310 2082
-7048 6201
6 -6926
-5158 8094
-2331 9489
5311 -7568
8391 -1711
898 4192
-2507 9523
-6617 5037
1632 -5942
5892 6930
2470 7493
8866 -4554
6994 -5326
9085 -428
-1919 8051
-6281 -5299
-4032 8618
-5032 5623
-6400 -9760
7816 2568
-1552 2223
-4584 2986
-7714 -1574
-4362 6244
-5883 -7690
1940 7923
4984 8841
1756 -7287
-7289 -2408
6291 -289
-4736 5117
-1473 7333
-9449 -5920
6351 2136
8770 -1663
-7848 598
2085 -935
437 -4644
-9496 -3275
3965 5838
8928 -866
-1189 6658
-9893 -1372
-3659 1319
646 -8844
7461 -7200
9431 -9373
-9462 1027
7814 -3780
621 -4572
-8684 8874
-1349 4882
3150 -7698
3665 -9919
4092 -1680
-6285 9805
8583 -1475
8606 -8990
1949 -9945
2888 -2996
-4705 3774
6607 -6354
-5321 4929
-4753 8447
-1085 2113
4831 -3523
4603 -3946
4462 5741
3394 9053
-8460 5788
3796 5963
-22 -4053
-4888 -5815
-7428 8901
6566 462
-5878 -2940
-4549 -9434
8804 -7836
-7926 -1720
-6745 7153
8947 592
-7818 988
-3001 2506
6001 1835
2266 -7413
-1280 3441
3803 7929
-3851 -9636
9169 -17
-4599 -9260
-1652 -3184
-1774 -3310
3034 907
-465 -3348
-316 -6603
-1842 9851
6592 7202
2998 9874
-8379 3094
-9959 -522
-1668 4286
9213 4919
-4068 -8675
4759 -8714
-7624 -3529
4457 4752
7951 -7002
8356 -9829
9832 6225
6896 -9212
-602 -7132
3644 -2138
3123 -9371
4863 3170
5728 3434
-8592 -9986
5223 -9013
-1779 -4860
-4519 -8774
6759 -926
1376 7061
4577 -8784
1764 9497
2911 2522
-4605 -4967
-1808 -8724
7066 -7867
9918 9591
6023 -4965
-9409 3654
-6179 -4336
2512 1348
-1223 8476
5196 -8406
5634 -9267
-5475 7808
8569 -8958
-4378 -4984
-5002 2981
1847 -5681
-9727 -6750
588 -947
8553 5900
1623 -9439
8338 1859
5944 -1091
-3332 -5221
4117 -4123
343 -1761
-5511 4179
-2273 -2172
7924 672
-7828 -4309
-9379 -7610
2749 9241
-3330 -3256
-2126 -639
-7419 -4142
-8639 -1004
-3733 9677
9091 8444
1770 -3079
4295 -2412
-7318 -9894
-3132 -6718
3538 4683
3755 -6385
-4203 988
4149 -3475
-970 -2328
-4749 -1494
-3395 704
-4605 3100
-3802 -7001
-3966 -977
-8201 -566
-2289 9526
-458 6913
-4681 -4857
-9874 -1702
-6453 5713
-4317 2720
4953 -7526
4954 6989
7266 8829
-3246 -6557
-2630 -1518
-2549 -6307
-5092 -9917
-8840 9212
-303 -6903
3205 -8249
4209 -4773
2523 700
695 -4955
-1736 5615
-9335 -835
7930 9025
-5801 2341
9814 -7477
8616 -7189
-1788 -4605
576 -5022
5293 4026
6752 8083
-1055 1965
-1309 7690
-1757 -5640
8575 2697
-5283 -3925
-256 1788
-5162 4215
-8214 2095
-1666 -2222
3909 -5090
-1791 -4238
4181 9012
-2456 7821
-6899 -3789
-4917 6346
-7822 -222
-6414 -2149
4395 7961
-4524 20
3346 -4263
-8275 5014
-9255 1796
1333 3561
4313 -3306
6245 -7105
1562 9864
-8469 -4421
639 -6192
2396 9050
-6782 -5244
1817 188
-1013 8034
7758 9477
5159 -6198
-9913 -8061
-8975 1268
-5955 -2282
6101 -1736
1205 -7952
-9770 2942
-1820 5698
-3429 -4805
1500 4070
2853 4016
-5760 -6251
5762 6607
-3836 4111
9221 -8532
-8315 9975
8741 3979
-5866 625
-3492 98
-9915 2433
-5858 -26
1852 -5909
7805 9247
1685 8512
-947 -4717
7293 -2027
9027 4674
1852 -6036
2576 6743
-8677 4397
-6160 7913
9045 -8511
-9860 6650
5994 9399
7537 5000
7718 5723
4894 -8998
-2958 7285
-8547 -4739
3487 3099
-6318 6629
9408 4507
68 -3411
4374 7672
-6528 -6909
3345 8906
-6851 -3397
4453 -4747
-876 7149
-2491 8013
6136 -978
444 -8137
3424 515
7038 -5426
2120 -286
-3583 -8506
-2407 -4838
2488 -1222
-9709 3934
-6931 -7100
8695 7927
-6903 6755
-8383 -3438
6513 6122
6620 3634
-2802 2024
3911 330
-3335 -4736
-676 2388
5067 -7183
-1305 -8705
-1824 -4888
-5283 -7814
6591 -100
-8026 1000
2945 7022
1143 1818
-8018 8483
8931 4230
2542 2799
-8643 -4014
1752 -35
2495 3283
419 -1127
-7209 -6036
-9862 -7402
-5495 -6573
8119 7023
4896 4546
-814 -8839
6631 -7240
3213 1660
6014 8820
-1169 -6004
8817 4507
-4592 3309
7349 -8941
169 3014
9540 4695
-126 -2642
9654 -7927
-3670 384
-3152 -5186
-8145 1849
-5756 2638
-7310 3494
8903 6974
-5551 -7331
-410 -6114
733 8556
-8052 -1689
302 3499
-1007 979
-3759 4929
-288 4541
-8096 4728
2523 5126
2986 7445
2798 8143
1903 -6628
-844 -3370
-8782 -5503
-2802 -5158
-5350 -5210
-9617 -4874
-1617 -4197
6066 2145
1483 -7686
-8344 6278
7208 8670
9890 2909
8533 -5267
732 -5977
-5132 1177
-7529 -718
5251 517
2942 7776
6028 6279
-5072 -9595
43 -9017
-7879 2948
-4997 -9353
-7042 9531
-1326 -9438
-4291 6433
-4959 3207
3906 8731
-4535 4416
6735 -8
-5747 8536
9558 8800
6448 -3224
4413 5674
219 -6599
3268 55
967 -6445
9158 -2139
-7014 -785
1123 8671
-4426 -2880
-7580 -8766
-1747 -4349
5124 7030
6735 2942
-5462 -2614
-6129 -4323
-5247 -1523
-9643 2477
1545 -9840
-992 7231
6235 -9569
6823 3678
7586 4020
-9763 8701
-4585 -7614
-3068 -2624
-5083 4899
-5704 -2572
8553 72
1721 5719
-6930 -1412
1164 5644
-2769 -2130
8719 -7401
9885 1476
-4856 -3267
7522 3365
-4383 6368
7305 -3716
-9533 2170
-3644 -501
8822 -6232
4437 -3130
-4124 559
-7103 -8816
7670 9819
-6411 4747
3890 -6691
7660 -2800
6623 9334
-7455 -6501
-2644 6602
430 -2680
2174 184
-6262 -3733
4880 -6006
5122 1870
-4354 7949
-8786 -8115
-287 -2547
9688 -5402
8210 2813
9946 9532
-4907 386
3499 -7318
9074 7484
311 -2061
-9466 -514
1189 8551
899 4189
1493 2865
-7948 9917
-1399 7679
-8237 -1100
7375 5264
9032 5950
-983 3400
-9882 -3037
-2418 -2328
-6944 7099
4834 -9988
711 6679
-4756 9915
1440 -959
8364 -7385
2340 7239
1510 7352
-3233 7794
6071 8806
4182 2264
6167 -6590
-4692 6139
8125 -7028
-5104 -5422
1047 -1183
-5796 1319
-5180 -9071
3339 -2293
6854 -5300
-1316 -3646
-7955 -9706
7146 -1446
-399 5231
-4951 5703
5046 5045
-4914 3190
4659 -8841
-5091 -2200
473 8189
9695 -4409
1480 9332
-4842 5401
-4778 6961
8114 8916
-3194 8367
-8575 -8155
5270 5315
-628 -4473
-756 -3115
-7093 -6332
-8755 -6962
-4707 -601
-8085 -1946
8531 -6616
3681 5407
-1457 139
8365 -9627
5832 5944
7065 3368
3105 6108
7093 -2321
5920 1010
2200 -4274
9933 -8499
-8616 6003
4030 6058
-4087 -6332
381 -3644
6996 -6973
9728 3908
-6597 7679
6763 -2257
-8534 -9048
-8707 -5272
4673 -5586
-667 8948
790 2557
-935 8211
-1189 -6373
3514 856
4648 -2964
7533 8424
4560 -3639
4711 -8246
2081 -3983
-1361 9561
-1970 -4693
2803 -3109
7493 -5146
4625 1144
8519 -3268
-64 5298
9180 -4483
5254 2761
1570 333
4738 -7979
4445 1821
-4954 2907
-7753 -2604
6033 -515
9835 -3946
8916 5676
6049 7612
6850 5595
202 -1333
-2073 -2851
7399 6586
-9295 -344
2972 6859
-2460 -2306
2785 -5809
-6672 -6822
8892 2461
