10000
7945 3125
-1921 3125
-8069 3125
-4862 3125
-5965 3125
7629 3125
-2229 3125
-2305 3125
2271 3125
-8047 3125
-8438 3125
-8141 3125
2093 3125
-237 3125
4547 3125
9511 3125
-4144 3125
-653 3125
7174 3125
9020 3125
308 3125
-2493 3125
2352 3125
-5638 3125
-4441 3125
-1320 3125
1001 3125
9570 3125
-317 3125
1075 3125
5078 3125
-3075 3125
-6313 3125
5616 3125
3821 3125
9410 3125
793 3125
-3180 3125
-4880 3125
929 3125
-1859 3125
-9715 3125
-7038 3125
2037 3125
-6252 3125
-6158 3125
-4976 3125
3053 3125
-322 3125
3807 3125
-3111 3125
7808 3125
-5983 3125
-4892 3125
341 3125
9642 3125
-3337 3125
5569 3125
-7416 3125
-4963 3125
-3487 3125
4205 3125
-4867 3125
3424 3125
-5644 3125
-6135 3125
-8646 3125
4821 3125
-8522 3125
-2656 3125
-2876 3125
-4050 3125
6978 3125
5666 3125
-7889 3125
-4290 3125
-1644 3125
5012 3125
1961 3125
-3314 3125
1868 3125
7659 3125
3368 3125
-5768 3125
-9919 3125
-8645 3125
-6926 3125
-8535 3125
-4534 3125
4332 3125
-8464 3125
462 3125
-7334 3125
-358 3125
-6703 3125
6737 3125
9129 3125
-8811 3125
9409 3125
-7303 3125
-9894 3125
3070 3125
-8439 3125
2184 3125
833 3125
8228 3125
-4619 3125
1077 3125
-4219 3125
-1441 3125
7738 3125
4443 3125
553 3125
776 3125
9934 3125
4175 3125
3030 3125
-1353 3125
351 3125
-5013 3125
5674 3125
8428 3125
7389 3125
509 3125
-3019 3125
9768 3125
684 3125
-1744 3125
4137 3125
-3310 3125
-5409 3125
6597 3125
7119 3125
-5851 3125
-5104 3125
4859 3125
9391 3125
6336 3125
-36 3125
5241 3125
-3718 3125
6300 3125
-4748 3125
-4595 3125
-6802 3125
-347 3125
2296 3125
-5935 3125
-7679 3125
-8167 3125
9006 3125
-3020 3125
-4002 3125
-4960 3125
6569 3125
9501 3125
-4009 3125
-8256 3125
-9817 3125
3460 3125
-7730 3125
-581 3125
8054 3125
-6152 3125
2446 3125
2943 3125
-8742 3125
-1775 3125
376 3125
6893 3125
9573 3125
1167 3125
3115 3125
7246 3125
6507 3125
-6744 3125
2499 3125
6369 3125
-3527 3125
-5701 3125
-1038 3125
8156 3125
-1128 3125
-9790 3125
6427 3125
9971 3125
-8 3125
9542 3125
3977 3125
-3992 3125
7344 3125
-6023 3125
-6593 3125
3300 3125
120 3125
-3341 3125
6117 3125
-8318 3125
-5157 3125
6747 3125
-6833 3125
-5077 3125
-1461 3125
2612 3125
-2431 3125
-3519 3125
3553 3125
-476 3125
-1759 3125
9898 3125
6213 3125
8116 3125
2903 3125
3986 3125
-3032 3125
6857 3125
5671 3125
8526 3125
-4865 3125
-2348 3125
-1504 3125
-6101 3125
-3082 3125
-720 3125
-1049 3125
-892 3125
2767 3125
6092 3125
-4361 3125
-6435 3125
8969 3125
-9334 3125
6497 3125
-5875 3125
-3630 3125
7660 3125
4440 3125
-3928 3125
359 3125
-3853 3125
-8880 3125
9044 3125
-9982 3125
-5055 3125
2474 3125
-7843 3125
1891 3125
4772 3125
-3355 3125
-7218 3125
-1831 3125
-5743 3125
-4130 3125
2013 3125
-5457 3125
796 3125
2955 3125
6735 3125
4295 3125
-591 3125
2723 3125
-2265 3125
7941 3125
6856 3125
-8082 3125
3965 3125
2419 3125
-5067 3125
2661 3125
4196 3125
-2275 3125
-4847 3125
-7604 3125
4461 3125
4204 3125
-3619 3125
5520 3125
-6236 3125
9792 3125
6127 3125
3823 3125
1015 3125
-6980 3125
-8791 3125
-999 3125
-4085 3125
4828 3125
-132 3125
-4989 3125
1065 3125
3711 3125
-580 3125
-5945 3125
6962 3125
1117 3125
-621 3125
58 3125
761 3125
4378 3125
-9875 3125
2395 3125
-1119 3125
-3220 3125
1708 3125
8600 3125
9477 3125
-6575 3125
5637 3125
-6504 3125
4858 3125
-2911 3125
9003 3125
7089 3125
730 3125
1743 3125
-821 3125
5457 3125
3590 3125
4874 3125
4980 3125
346 3125
5263 3125
8291 3125
5404 3125
-9909 3125
2106 3125
-330 3125
-6886 3125
-9804 3125
7861 3125
4736 3125
8105 3125
-6003 3125
5528 3125
-4230 3125
-4746 3125
5094 3125
6406 3125
2157 3125
-4615 3125
-10000 3125
-1679 3125
-213 3125
1985 3125
-9473 3125
9527 3125
2035 3125
-8324 3125
6184 3125
-2973 3125
-6035 3125
-8973 3125
-4486 3125
-5220 3125
-9972 3125
-6174 3125
5286 3125
2755 3125
7982 3125
-8169 3125
-7895 3125
-6864 3125
-7522 3125
2410 3125
131 3125
-965 3125
6011 3125
6252 3125
-6454 3125
-6995 3125
9963 3125
3132 3125
-858 3125
4641 3125
-3221 3125
-6278 3125
-185 3125
-3136 3125
7738 3125
-3971 3125
-7223 3125
4833 3125
8315 3125
-6032 3125
-3339 3125
5391 3125
5290 3125
1392 3125
600 3125
-7216 3125
-5995 3125
8045 3125
-4223 3125
-9388 3125
-1082 3125
8599 3125
-7667 3125
9297 3125
4285 3125
8099 3125
8186 3125
-6613 3125
647 3125
7478 3125
-1209 3125
-9306 3125
-7443 3125
7694 3125
-6603 3125
1396 3125
9678 3125
4451 3125
-7096 3125
5872 3125
8233 3125
-1303 3125
8724 3125
137 3125
3295 3125
4458 3125
8311 3125
-8294 3125
-6466 3125
-8701 3125
-3020 3125
72 3125
-831 3125
2972 3125
-4001 3125
1999 3125
1786 3125
-4177 3125
5901 3125
4884 3125
-2678 3125
-8908 3125
-5302 3125
-3674 3125
-220 3125
-3724 3125
-7059 3125
9134 3125
9180 3125
3268 3125
-2482 3125
-6152 3125
4454 3125
-7138 3125
5377 3125
-9204 3125
4566 3125
-4952 3125
-6769 3125
-2305 3125
-6884 3125
-8177 3125
-1874 3125
-7996 3125
-9170 3125
-7361 3125
-5852 3125
94 3125
-4718 3125
-1171 3125
-7368 3125
1197 3125
-9471 3125
1164 3125
2019 3125
-7897 3125
-5641 3125
-4852 3125
-1492 3125
-2110 3125
-9676 3125
6318 3125
5388 3125
-4428 3125
-6020 3125
211 3125
-5295 3125
6447 3125
4457 3125
5384 3125
1799 3125
4761 3125
3611 3125
-6425 3125
-6558 3125
2968 3125
1511 3125
4557 3125
2883 3125
-1604 3125
7031 3125
4212 3125
1258 3125
-7702 3125
9854 3125
-727 3125
-3946 3125
-2777 3125
-2017 3125
2040 3125
-4433 3125
3271 3125
-1123 3125
8162 3125
4766 3125
3595 3125
-2988 3125
-5072 3125
9636 3125
-6564 3125
-6344 3125
6866 3125
-5887 3125
-4874 3125
6812 3125
2738 3125
-8719 3125
-7860 3125
6112 3125
342 3125
4437 3125
9812 3125
9669 3125
-1977 3125
-6571 3125
3993 3125
-4467 3125
2779 3125
-3520 3125
-216 3125
5827 3125
-1803 3125
-6975 3125
9157 3125
9612 3125
6181 3125
6079 3125
7487 3125
5861 3125
408 3125
7239 3125
4780 3125
4564 3125
5829 3125
-5698 3125
8037 3125
9875 3125
-1765 3125
5485 3125
936 3125
3391 3125
-8384 3125
8615 3125
-878 3125
-5807 3125
9032 3125
1817 3125
-7210 3125
-4426 3125
2182 3125
-6308 3125
23 3125
2644 3125
-3072 3125
3891 3125
6546 3125
-2003 3125
-9619 3125
8678 3125
-8424 3125
-2774 3125
1093 3125
8731 3125
-9396 3125
-5527 3125
1008 3125
-1367 3125
-6386 3125
7452 3125
5876 3125
6688 3125
8559 3125
-8826 3125
8335 3125
8859 3125
2303 3125
-1338 3125
-5903 3125
4094 3125
-9772 3125
2718 3125
-2369 3125
-4523 3125
-3470 3125
8371 3125
-3334 3125
-9683 3125
-8363 3125
6127 3125
-8508 3125
257 3125
-8032 3125
511 3125
-5743 3125
-4962 3125
-7950 3125
-7845 3125
-1456 3125
-8564 3125
-4410 3125
349 3125
-5218 3125
1747 3125
3580 3125
7640 3125
-5508 3125
1158 3125
-4643 3125
-4301 3125
4800 3125
-8989 3125
-3163 3125
816 3125
-3981 3125
-3580 3125
-6462 3125
-830 3125
-213 3125
-9459 3125
-530 3125
1772 3125
-1664 3125
3328 3125
6520 3125
-6376 3125
6606 3125
-5443 3125
-8482 3125
2697 3125
-4526 3125
-9297 3125
2846 3125
-773 3125
6233 3125
-7348 3125
-7324 3125
4425 3125
96 3125
-5274 3125
-4561 3125
-997 3125
-9673 3125
-5145 3125
-2331 3125
-5280 3125
-6752 3125
-8270 3125
5738 3125
7435 3125
6314 3125
-9698 3125
5614 3125
745 3125
1225 3125
-466 3125
7967 3125
-6484 3125
6670 3125
4583 3125
-5993 3125
-6099 3125
-7054 3125
-812 3125
-2403 3125
9300 3125
5822 3125
-6234 3125
1989 3125
572 3125
4320 3125
7757 3125
8355 3125
9185 3125
-8619 3125
-9945 3125
4223 3125
-7440 3125
1147 3125
9253 3125
1569 3125
-676 3125
-8222 3125
-1283 3125
3910 3125
-3290 3125
6363 3125
-686 3125
4974 3125
4971 3125
-802 3125
5013 3125
-6425 3125
5981 3125
4434 3125
4521 3125
1344 3125
-9030 3125
7148 3125
-5077 3125
7840 3125
-942 3125
8595 3125
-2766 3125
1305 3125
-5376 3125
5524 3125
8658 3125
9413 3125
669 3125
150 3125
1001 3125
-4039 3125
-5562 3125
-2018 3125
-2947 3125
-7753 3125
3860 3125
5290 3125
-8050 3125
2258 3125
-2221 3125
-4805 3125
-2336 3125
-8702 3125
-3030 3125
4859 3125
3236 3125
-6372 3125
5505 3125
4565 3125
-1163 3125
-9271 3125
2780 3125
2888 3125
-2600 3125
6463 3125
3782 3125
-5105 3125
-6495 3125
-9310 3125
-7554 3125
1657 3125
-7104 3125
2232 3125
9242 3125
-2720 3125
-5864 3125
9411 3125
-543 3125
3091 3125
2298 3125
7246 3125
-8351 3125
-3194 3125
9513 3125
1146 3125
6515 3125
2369 3125
-318 3125
8652 3125
8189 3125
3690 3125
4373 3125
8384 3125
-5304 3125
8126 3125
-5426 3125
9167 3125
4683 3125
-4464 3125
4553 3125
9692 3125
-976 3125
7308 3125
6660 3125
4796 3125
-3219 3125
1084 3125
-591 3125
243 3125
5604 3125
-5079 3125
-4154 3125
-5801 3125
-4101 3125
-1999 3125
-7400 3125
2949 3125
3810 3125
3214 3125
-4537 3125
74 3125
9628 3125
6598 3125
-9655 3125
-4847 3125
1944 3125
3402 3125
9941 3125
6199 3125
-2497 3125
4822 3125
1813 3125
-6545 3125
-6843 3125
-125 3125
8132 3125
7037 3125
1429 3125
-9127 3125
7515 3125
-7627 3125
736 3125
-9561 3125
-5385 3125
-9328 3125
-7626 3125
-5107 3125
-394 3125
4068 3125
-3621 3125
-9451 3125
8033 3125
4578 3125
6806 3125
-3775 3125
1331 3125
-2302 3125
-436 3125
9889 3125
7634 3125
7993 3125
2359 3125
-5714 3125
8865 3125
7320 3125
-7699 3125
2501 3125
6265 3125
4843 3125
6680 3125
4439 3125
4004 3125
5888 3125
-9715 3125
3566 3125
-3760 3125
-8627 3125
6710 3125
3840 3125
1034 3125
6925 3125
9527 3125
6243 3125
-8663 3125
6545 3125
5170 3125
9023 3125
3386 3125
-2102 3125
-616 3125
-3102 3125
-5465 3125
-6919 3125
7298 3125
7230 3125
-916 3125
-3561 3125
-4226 3125
6794 3125
2022 3125
3595 3125
-4053 3125
2280 3125
2903 3125
2876 3125
-925 3125
1094 3125
-1333 3125
4113 3125
-4604 3125
7906 3125
-110 3125
9007 3125
-6098 3125
-3708 3125
3756 3125
2286 3125
-2868 3125
-5266 3125
-1771 3125
9497 3125
2857 3125
-8600 3125
-3979 3125
5266 3125
-9042 3125
7707 3125
-9185 3125
3110 3125
5536 3125
3091 3125
-9965 3125
-6879 3125
4523 3125
3812 3125
5577 3125
3993 3125
-3722 3125
-1388 3125
486 3125
9016 3125
-1939 3125
-2180 3125
3366 3125
-4465 3125
4866 3125
-3760 3125
-492 3125
4697 3125
9538 3125
-6075 3125
-7181 3125
-5807 3125
-935 3125
205 3125
-1075 3125
-2802 3125
-257 3125
-2172 3125
-5787 3125
347 3125
1579 3125
5154 3125
-2727 3125
-5284 3125
7849 3125
6923 3125
-4639 3125
9854 3125
-8239 3125
-1828 3125
-6893 3125
-5759 3125
-4370 3125
-2402 3125
9915 3125
1667 3125
7802 3125
-4941 3125
1106 3125
7932 3125
5894 3125
-2064 3125
3341 3125
6812 3125
6899 3125
-5530 3125
4921 3125
-163 3125
4692 3125
4134 3125
355 3125
-7105 3125
-479 3125
5185 3125
6623 3125
-794 3125
6309 3125
-2636 3125
6108 3125
-1098 3125
3413 3125
-8165 3125
5760 3125
-9449 3125
1497 3125
2045 3125
-6738 3125
-9057 3125
8907 3125
-1710 3125
-9176 3125
-4881 3125
5882 3125
-7562 3125
7311 3125
-7367 3125
3248 3125
-4978 3125
1641 3125
1764 3125
-3548 3125
1106 3125
4213 3125
-4058 3125
2626 3125
-2736 3125
8365 3125
2799 3125
-7131 3125
-2354 3125
2669 3125
-3352 3125
-7961 3125
9243 3125
-9860 3125
7199 3125
9266 3125
2799 3125
3090 3125
-2611 3125
-115 3125
-8345 3125
9617 3125
6394 3125
2248 3125
-9586 3125
3108 3125
-4371 3125
5807 3125
5051 3125
4706 3125
-9080 3125
-2396 3125
1978 3125
2387 3125
1794 3125
-1758 3125
5542 3125
-8355 3125
-3767 3125
-3636 3125
2955 3125
8481 3125
-499 3125
-5697 3125
-4091 3125
-3438 3125
6909 3125
-1560 3125
-7250 3125
-5828 3125
-4734 3125
-1942 3125
3920 3125
-2241 3125
-9856 3125
-5124 3125
1473 3125
-5737 3125
-4581 3125
4409 3125
402 3125
-7272 3125
-6059 3125
8787 3125
3178 3125
9578 3125
4637 3125
-2557 3125
-2760 3125
-8138 3125
9038 3125
-865 3125
-7816 3125
-4647 3125
8224 3125
2471 3125
-6923 3125
6147 3125
-195 3125
-3721 3125
8989 3125
-7392 3125
2311 3125
-494 3125
-2677 3125
222 3125
3470 3125
4107 3125
9998 3125
1592 3125
9578 3125
4964 3125
-8709 3125
9347 3125
-4777 3125
3775 3125
-8259 3125
7585 3125
-6604 3125
-2831 3125
254 3125
-2226 3125
1279 3125
677 3125
-8709 3125
4116 3125
9688 3125
-5112 3125
311 3125
-1075 3125
8407 3125
-5326 3125
-4914 3125
9184 3125
5007 3125
6081 3125
4108 3125
1612 3125
-9063 3125
-8028 3125
-3478 3125
-776 3125
-5907 3125
-3983 3125
-8291 3125
7059 3125
-9335 3125
4455 3125
4959 3125
-7523 3125
328 3125
8830 3125
791 3125
5324 3125
-8345 3125
2364 3125
-2778 3125
-9164 3125
9558 3125
457 3125
-4866 3125
8247 3125
9878 3125
4673 3125
-9382 3125
6738 3125
-6822 3125
7316 3125
8892 3125
-7846 3125
4035 3125
-4934 3125
-7039 3125
3077 3125
-6897 3125
-358 3125
-1708 3125
9966 3125
-2158 3125
7825 3125
-346 3125
-4142 3125
-2477 3125
4397 3125
-7957 3125
-3854 3125
4930 3125
-1175 3125
-9678 3125
-9265 3125
7259 3125
-3862 3125
9879 3125
7146 3125
9973 3125
5632 3125
1050 3125
1240 3125
6247 3125
3319 3125
8528 3125
6896 3125
8843 3125
-8966 3125
547 3125
-4239 3125
-4522 3125
-8608 3125
-4559 3125
6477 3125
6459 3125
1885 3125
6549 3125
4050 3125
8591 3125
-9152 3125
-7252 3125
2002 3125
-3785 3125
2744 3125
1437 3125
6384 3125
9193 3125
9068 3125
3112 3125
7845 3125
-1562 3125
-2924 3125
-9288 3125
5202 3125
-2831 3125
-8869 3125
5006 3125
9993 3125
-7786 3125
-9189 3125
-4483 3125
-5776 3125
4202 3125
-4228 3125
-5651 3125
780 3125
2643 3125
2071 3125
-6608 3125
-8050 3125
-2662 3125
682 3125
-247 3125
-7232 3125
6922 3125
2794 3125
4114 3125
2632 3125
-8833 3125
-5091 3125
6771 3125
2539 3125
7818 3125
5437 3125
-877 3125
-3449 3125
8502 3125
5133 3125
1218 3125
9725 3125
-6452 3125
-6554 3125
1452 3125
-1274 3125
8460 3125
287 3125
3208 3125
-774 3125
7697 3125
7573 3125
7570 3125
8864 3125
1170 3125
-7872 3125
8243 3125
6408 3125
-9170 3125
2217 3125
5114 3125
3509 3125
7768 3125
-9678 3125
6148 3125
1517 3125
6897 3125
-3654 3125
-7557 3125
-6341 3125
4810 3125
-5161 3125
-6962 3125
-348 3125
-9731 3125
-9334 3125
9159 3125
-7937 3125
-451 3125
-3677 3125
3166 3125
9059 3125
-4036 3125
-3516 3125
-4855 3125
6620 3125
-8675 3125
1798 3125
-72 3125
8239 3125
1230 3125
1173 3125
-3246 3125
-1842 3125
-741 3125
-2334 3125
-6346 3125
9188 3125
9568 3125
-8571 3125
-9653 3125
-6801 3125
-5691 3125
6692 3125
-6845 3125
7885 3125
-415 3125
-7411 3125
-6813 3125
362 3125
-2432 3125
-1339 3125
8297 3125
-6218 3125
2958 3125
916 3125
6209 3125
-1205 3125
550 3125
2909 3125
-6402 3125
7129 3125
6540 3125
-9636 3125
9966 3125
-4353 3125
-4215 3125
-5699 3125
2439 3125
-3177 3125
771 3125
-6079 3125
8010 3125
1288 3125
-1549 3125
-6912 3125
1038 3125
-4079 3125
5422 3125
7195 3125
2481 3125
1163 3125
3560 3125
-9507 3125
7602 3125
4330 3125
8313 3125
-4930 3125
-3008 3125
-9492 3125
-8054 3125
-8788 3125
1173 3125
6192 3125
6424 3125
416 3125
4156 3125
-5240 3125
4934 3125
4476 3125
5091 3125
9673 3125
5902 3125
6114 3125
-5892 3125
7960 3125
710 3125
7113 3125
-5446 3125
4405 3125
-188 3125
-429 3125
1176 3125
-9221 3125
4239 3125
-5444 3125
-2990 3125
1239 3125
-9983 3125
9074 3125
3479 3125
-4271 3125
1603 3125
-2278 3125
4156 3125
913 3125
-8443 3125
-1621 3125
-843 3125
-2888 3125
-5558 3125
-2495 3125
7678 3125
5811 3125
1968 3125
-5512 3125
6033 3125
-4847 3125
2849 3125
-579 3125
9425 3125
-1586 3125
7288 3125
980 3125
-8442 3125
8863 3125
-8561 3125
8456 3125
-7903 3125
6693 3125
3357 3125
-4766 3125
6106 3125
1695 3125
4120 3125
-8856 3125
7058 3125
-3601 3125
9649 3125
-3357 3125
-6376 3125
-1877 3125
8269 3125
-4302 3125
9475 3125
-3560 3125
5229 3125
6101 3125
-8762 3125
6344 3125
-3646 3125
-7067 3125
-1606 3125
-7065 3125
97 3125
-6440 3125
8569 3125
-4415 3125
-309 3125
-1495 3125
-4928 3125
-2688 3125
9177 3125
1484 3125
-3571 3125
-3543 3125
-3165 3125
-1886 3125
-2067 3125
-4283 3125
-400 3125
-2661 3125
2696 3125
-1668 3125
9436 3125
-3482 3125
-2875 3125
-8383 3125
-7805 3125
3706 3125
2618 3125
-85 3125
7552 3125
-4744 3125
5956 3125
3317 3125
8189 3125
6209 3125
6824 3125
-4563 3125
7220 3125
-1725 3125
969 3125
-3694 3125
3890 3125
-7787 3125
-8613 3125
-1909 3125
4313 3125
3620 3125
-4150 3125
-7722 3125
-4592 3125
-8410 3125
8426 3125
-3875 3125
-962 3125
-7538 3125
-4652 3125
4931 3125
3452 3125
-7592 3125
-8277 3125
-1495 3125
-4942 3125
-9645 3125
6885 3125
-6172 3125
-3460 3125
-52 3125
-5913 3125
2620 3125
-5636 3125
-4337 3125
3672 3125
6685 3125
9633 3125
7759 3125
-1585 3125
-8535 3125
3107 3125
-5366 3125
2805 3125
-5384 3125
-9399 3125
5006 3125
8049 3125
4301 3125
-7032 3125
6301 3125
-7352 3125
-5698 3125
5137 3125
652 3125
1756 3125
8611 3125
-7377 3125
-3088 3125
1318 3125
6704 3125
-2791 3125
4712 3125
-4104 3125
-3740 3125
2217 3125
6462 3125
2700 3125
1039 3125
2038 3125
-6623 3125
5339 3125
-3277 3125
-73 3125
-8647 3125
384 3125
-3653 3125
7218 3125
-2307 3125
-254 3125
5765 3125
6867 3125
2195 3125
5963 3125
-5567 3125
-389 3125
-288 3125
804 3125
-941 3125
-7268 3125
-4390 3125
4667 3125
-2793 3125
-8748 3125
-9615 3125
5597 3125
5273 3125
-9733 3125
-2528 3125
4837 3125
2457 3125
1258 3125
-5351 3125
3977 3125
3204 3125
9950 3125
-7467 3125
7031 3125
-9394 3125
-8098 3125
8863 3125
-4272 3125
4988 3125
3083 3125
6495 3125
690 3125
3593 3125
4960 3125
-5690 3125
1258 3125
-1890 3125
-8012 3125
556 3125
-5780 3125
-2849 3125
-772 3125
-890 3125
-3143 3125
-2356 3125
2131 3125
4801 3125
-6026 3125
7316 3125
-3359 3125
2013 3125
-8019 3125
-6265 3125
-4742 3125
4153 3125
-2956 3125
4863 3125
8295 3125
97 3125
7401 3125
-8900 3125
1126 3125
6885 3125
-1865 3125
5394 3125
6476 3125
2279 3125
-6030 3125
4648 3125
9279 3125
5847 3125
-1740 3125
-1027 3125
-1445 3125
-6458 3125
5161 3125
7887 3125
4743 3125
-5340 3125
1832 3125
-621 3125
-2376 3125
5939 3125
-8672 3125
-803 3125
-3335 3125
-4128 3125
-3359 3125
-9890 3125
4791 3125
3911 3125
6721 3125
-5202 3125
-2073 3125
6728 3125
-213 3125
-3843 3125
8189 3125
7077 3125
9390 3125
8653 3125
9472 3125
-2652 3125
4946 3125
-7780 3125
1360 3125
387 3125
-4591 3125
-4273 3125
-1518 3125
5173 3125
9667 3125
-3024 3125
-2946 3125
6155 3125
-290 3125
-2288 3125
2096 3125
2414 3125
2859 3125
5410 3125
-9342 3125
5146 3125
4126 3125
-2092 3125
8034 3125
6976 3125
-7374 3125
-6337 3125
2230 3125
-2308 3125
8802 3125
546 3125
-6161 3125
7063 3125
1644 3125
4440 3125
6518 3125
6516 3125
2350 3125
-9583 3125
-16 3125
900 3125
-2367 3125
-3552 3125
2128 3125
734 3125
-2260 3125
-3592 3125
-7236 3125
251 3125
2972 3125
166 3125
-4356 3125
-6189 3125
4532 3125
-2292 3125
4777 3125
6485 3125
-5647 3125
-3080 3125
-6166 3125
5141 3125
-4794 3125
886 3125
-3871 3125
9586 3125
-946 3125
2505 3125
-7389 3125
1609 3125
-9738 3125
-8258 3125
-8531 3125
6419 3125
-255 3125
-9581 3125
4618 3125
7159 3125
9801 3125
-9631 3125
3060 3125
6154 3125
-5928 3125
-2679 3125
4373 3125
-8702 3125
5276 3125
-7898 3125
2564 3125
8325 3125
-74 3125
-9875 3125
7944 3125
-6486 3125
1965 3125
-9119 3125
-1753 3125
2785 3125
1683 3125
-2080 3125
1377 3125
-7186 3125
-3848 3125
-5326 3125
-9884 3125
2220 3125
1451 3125
5195 3125
9850 3125
9751 3125
937 3125
-6321 3125
-4255 3125
7115 3125
9723 3125
3698 3125
-566 3125
5186 3125
-1636 3125
-2621 3125
1268 3125
2504 3125
6887 3125
137 3125
29 3125
8489 3125
-6961 3125
-1415 3125
6121 3125
7129 3125
4040 3125
-2027 3125
-4436 3125
8497 3125
5035 3125
-5513 3125
-9176 3125
-3222 3125
2800 3125
-4019 3125
9008 3125
-2597 3125
792 3125
-674 3125
-1181 3125
-6455 3125
-5938 3125
9855 3125
-1165 3125
243 3125
-498 3125
-3708 3125
2162 3125
5015 3125
752 3125
457 3125
8014 3125
8591 3125
7354 3125
4804 3125
-5054 3125
-8483 3125
-8375 3125
4613 3125
-1646 3125
-7708 3125
-2851 3125
6242 3125
-7391 3125
-5770 3125
6538 3125
4027 3125
-6820 3125
-6107 3125
5286 3125
-7597 3125
-5685 3125
-2078 3125
1757 3125
-445 3125
-676 3125
-2563 3125
6100 3125
-8420 3125
3844 3125
3558 3125
-4070 3125
7205 3125
2679 3125
3102 3125
2913 3125
8443 3125
-1559 3125
2026 3125
872 3125
-1847 3125
-8344 3125
2456 3125
-8811 3125
9787 3125
-3997 3125
-8268 3125
-9447 3125
2053 3125
-8022 3125
346 3125
313 3125
-1012 3125
2990 3125
-7748 3125
9620 3125
-945 3125
-580 3125
3974 3125
8318 3125
-784 3125
6268 3125
4416 3125
2500 3125
6862 3125
-8256 3125
6430 3125
4940 3125
4308 3125
-3982 3125
-7261 3125
6964 3125
-7085 3125
333 3125
-5461 3125
-8348 3125
-3497 3125
-2540 3125
-4927 3125
5192 3125
-3847 3125
-3955 3125
-3900 3125
-2478 3125
5078 3125
6889 3125
4753 3125
-6530 3125
-5940 3125
1721 3125
7903 3125
8053 3125
8644 3125
7243 3125
2620 3125
-2549 3125
9827 3125
246 3125
6122 3125
-6943 3125
7491 3125
7290 3125
9212 3125
-3724 3125
-3050 3125
1508 3125
7817 3125
-5326 3125
-7951 3125
5134 3125
-6696 3125
-8465 3125
-7564 3125
5348 3125
8500 3125
6273 3125
-9405 3125
1877 3125
4674 3125
6841 3125
-6494 3125
-6587 3125
-2623 3125
-5129 3125
-3554 3125
9236 3125
-2932 3125
4609 3125
2381 3125
-7761 3125
5096 3125
1247 3125
9994 3125
-5562 3125
3808 3125
3866 3125
5906 3125
8151 3125
-4788 3125
5407 3125
-1793 3125
-6256 3125
1399 3125
-3083 3125
8932 3125
3815 3125
-8074 3125
-2272 3125
9658 3125
7216 3125
-9569 3125
-8026 3125
2745 3125
-8598 3125
5618 3125
1769 3125
544 3125
3463 3125
1892 3125
1905 3125
8291 3125
8238 3125
-7025 3125
-4659 3125
-6840 3125
3637 3125
-6486 3125
2707 3125
-6820 3125
6032 3125
-4205 3125
-4907 3125
-815 3125
-323 3125
-1236 3125
-1146 3125
-4244 3125
-6234 3125
-3903 3125
7622 3125
1494 3125
9174 3125
-264 3125
-2188 3125
-5233 3125
-2022 3125
-8189 3125
-3064 3125
4337 3125
-1511 3125
-8189 3125
-47 3125
8683 3125
-1921 3125
-6883 3125
-5453 3125
-9084 3125
-1641 3125
-7812 3125
-1333 3125
6979 3125
5431 3125
7530 3125
-2086 3125
-3003 3125
1698 3125
6903 3125
2632 3125
5772 3125
-9442 3125
8629 3125
6205 3125
-9596 3125
-6223 3125
317 3125
5828 3125
3815 3125
6329 3125
-4773 3125
855 3125
-9143 3125
5657 3125
5121 3125
9806 3125
6169 3125
9778 3125
-8499 3125
7659 3125
3312 3125
1509 3125
6228 3125
-6914 3125
-6698 3125
1875 3125
9732 3125
6791 3125
1994 3125
8677 3125
1535 3125
6881 3125
3948 3125
2965 3125
359 3125
-70 3125
6442 3125
-9715 3125
-1217 3125
5178 3125
1212 3125
-2736 3125
-6533 3125
4311 3125
6536 3125
2518 3125
-5358 3125
-1928 3125
3838 3125
-7783 3125
-5718 3125
-9608 3125
-8457 3125
-3702 3125
5398 3125
-5834 3125
-3962 3125
-474 3125
-3751 3125
-1698 3125
2636 3125
-9787 3125
-93 3125
9460 3125
-4074 3125
-5497 3125
7203 3125
-4155 3125
-2377 3125
7561 3125
-9049 3125
8921 3125
-8331 3125
-2831 3125
7678 3125
-3975 3125
8123 3125
3016 3125
-3172 3125
9628 3125
3289 3125
-766 3125
-2928 3125
9525 3125
8822 3125
-7995 3125
3268 3125
4563 3125
9402 3125
-221 3125
-5455 3125
-3549 3125
-6564 3125
-8846 3125
6773 3125
-3575 3125
-4323 3125
8214 3125
-9590 3125
-7000 3125
2054 3125
-2449 3125
8345 3125
-6597 3125
-3807 3125
-8391 3125
9472 3125
-6984 3125
-2477 3125
-7978 3125
-163 3125
-2437 3125
-1337 3125
-6325 3125
1339 3125
4853 3125
3291 3125
-409 3125
2290 3125
9333 3125
-8692 3125
-3617 3125
-8749 3125
-7964 3125
-9163 3125
-7183 3125
1120 3125
5229 3125
-7398 3125
4315 3125
4740 3125
6913 3125
5601 3125
3494 3125
9832 3125
-1314 3125
-3022 3125
-4795 3125
-1488 3125
8128 3125
6156 3125
1582 3125
-4535 3125
-9995 3125
697 3125
-3417 3125
-2229 3125
-6472 3125
7212 3125
-9257 3125
-3576 3125
1770 3125
8096 3125
7821 3125
784 3125
9345 3125
9390 3125
-4319 3125
7624 3125
1150 3125
3231 3125
-6763 3125
241 3125
-7230 3125
1378 3125
-3832 3125
5949 3125
2606 3125
-8109 3125
5788 3125
4438 3125
6725 3125
1501 3125
841 3125
-4816 3125
4616 3125
-8567 3125
-9218 3125
-3387 3125
7978 3125
-3701 3125
-2614 3125
8296 3125
-3575 3125
3628 3125
944 3125
-6255 3125
1354 3125
6398 3125
-831 3125
3256 3125
-4120 3125
8942 3125
-9933 3125
5650 3125
-1924 3125
-6158 3125
4058 3125
-3412 3125
-9341 3125
302 3125
4743 3125
157 3125
9135 3125
5566 3125
-6673 3125
7477 3125
-272 3125
-1456 3125
-8333 3125
-5715 3125
-506 3125
6569 3125
-4745 3125
7301 3125
1435 3125
-3491 3125
-4666 3125
-3776 3125
-8352 3125
-9062 3125
7760 3125
6671 3125
3834 3125
-2394 3125
-4876 3125
3210 3125
831 3125
-9425 3125
2519 3125
8321 3125
8480 3125
-6421 3125
-5748 3125
-8141 3125
2039 3125
717 3125
8783 3125
-6494 3125
-7474 3125
-6488 3125
8387 3125
4894 3125
-8952 3125
-3635 3125
-3795 3125
9588 3125
7013 3125
-4559 3125
-4325 3125
4374 3125
1847 3125
2707 3125
-8868 3125
-4654 3125
6194 3125
2425 3125
3885 3125
6715 3125
6015 3125
2287 3125
-7933 3125
-4430 3125
5131 3125
-4800 3125
4542 3125
-1456 3125
-760 3125
-4983 3125
-5724 3125
6607 3125
-9514 3125
8874 3125
9254 3125
1731 3125
5615 3125
-2467 3125
-5176 3125
4671 3125
-4048 3125
5051 3125
-4919 3125
8893 3125
-7917 3125
-8008 3125
-9796 3125
2179 3125
2039 3125
5071 3125
7888 3125
227 3125
9523 3125
4469 3125
-893 3125
6085 3125
4052 3125
9669 3125
-9988 3125
2979 3125
-9632 3125
6557 3125
-6139 3125
1856 3125
931 3125
-3538 3125
-8537 3125
-7274 3125
-4797 3125
4518 3125
-3397 3125
5508 3125
6255 3125
8254 3125
-5125 3125
-2573 3125
-5012 3125
8753 3125
9829 3125
-5265 3125
8979 3125
-9109 3125
-6320 3125
2389 3125
2799 3125
866 3125
-3676 3125
3612 3125
4466 3125
8533 3125
-6323 3125
-5908 3125
-3287 3125
-9195 3125
-1018 3125
7390 3125
458 3125
-5978 3125
3236 3125
460 3125
7593 3125
1094 3125
-5786 3125
9377 3125
7768 3125
5875 3125
8190 3125
5502 3125
1208 3125
-9609 3125
-2556 3125
-2227 3125
6172 3125
-6873 3125
-487 3125
8359 3125
-2886 3125
-6933 3125
6119 3125
-4824 3125
3095 3125
-9691 3125
1350 3125
-9422 3125
6770 3125
8032 3125
9511 3125
6237 3125
2751 3125
-9756 3125
-2758 3125
-4163 3125
-6254 3125
5771 3125
-1764 3125
-1902 3125
122 3125
2182 3125
-2936 3125
4443 3125
4600 3125
-375 3125
8872 3125
-5302 3125
3759 3125
6311 3125
9713 3125
4571 3125
-5983 3125
-4236 3125
-1079 3125
-3538 3125
7758 3125
6770 3125
-7067 3125
5325 3125
8338 3125
6902 3125
-5739 3125
-8466 3125
2096 3125
-9521 3125
5414 3125
-4167 3125
4395 3125
-8637 3125
-2954 3125
-1762 3125
-8392 3125
-4206 3125
5942 3125
-2980 3125
4246 3125
-9713 3125
1457 3125
-8163 3125
-6790 3125
2723 3125
9316 3125
6427 3125
-2869 3125
3368 3125
-5031 3125
-3759 3125
5998 3125
5391 3125
3513 3125
-6010 3125
-203 3125
8539 3125
5146 3125
-4938 3125
-6333 3125
4373 3125
-2259 3125
4460 3125
7869 3125
-6529 3125
1384 3125
-7090 3125
-8145 3125
-6045 3125
1 3125
-302 3125
-6305 3125
-2695 3125
981 3125
1055 3125
628 3125
-8170 3125
-3447 3125
3613 3125
-3005 3125
-9433 3125
9648 3125
-1299 3125
2600 3125
-2634 3125
-229 3125
5281 3125
4263 3125
-4198 3125
-7312 3125
4500 3125
1630 3125
1304 3125
-7270 3125
-3574 3125
7468 3125
-2530 3125
1193 3125
-6851 3125
539 3125
-3010 3125
1055 3125
3181 3125
-1990 3125
718 3125
3104 3125
6476 3125
2729 3125
-738 3125
-3091 3125
-2076 3125
-1027 3125
-7183 3125
2724 3125
3077 3125
5517 3125
2084 3125
-6064 3125
-1884 3125
-2559 3125
-1054 3125
7933 3125
-5688 3125
2378 3125
3034 3125
8718 3125
4681 3125
3279 3125
-8193 3125
-7872 3125
-2775 3125
-555 3125
1135 3125
-5627 3125
4917 3125
3589 3125
-8673 3125
-5451 3125
8753 3125
263 3125
8582 3125
-4781 3125
-5812 3125
-874 3125
-7952 3125
-8247 3125
-3724 3125
7182 3125
6071 3125
-3097 3125
3002 3125
-573 3125
6149 3125
7248 3125
-2242 3125
2708 3125
-4655 3125
-7038 3125
4941 3125
-3784 3125
-6818 3125
695 3125
-9486 3125
-4501 3125
264 3125
-430 3125
4390 3125
1329 3125
-6040 3125
70 3125
-1194 3125
5043 3125
-7033 3125
-3004 3125
-667 3125
-593 3125
1560 3125
-2067 3125
-8459 3125
1814 3125
-1930 3125
7847 3125
-8353 3125
-8511 3125
2905 3125
2206 3125
5612 3125
6184 3125
705 3125
-9851 3125
-8078 3125
6849 3125
-7649 3125
-1034 3125
1127 3125
2316 3125
2118 3125
9598 3125
-3290 3125
1943 3125
4940 3125
5219 3125
-547 3125
2680 3125
-5817 3125
7406 3125
-7137 3125
5078 3125
-4074 3125
-8821 3125
-7076 3125
7043 3125
2909 3125
6259 3125
-62 3125
5624 3125
7386 3125
7261 3125
-5439 3125
392 3125
-9421 3125
3931 3125
90 3125
1345 3125
4965 3125
8594 3125
7164 3125
3507 3125
-2322 3125
-7890 3125
-8265 3125
7689 3125
1302 3125
6013 3125
1295 3125
-1570 3125
-3740 3125
5571 3125
-5665 3125
-9678 3125
1663 3125
-8244 3125
-4615 3125
6684 3125
3268 3125
7136 3125
-7736 3125
-8971 3125
-6554 3125
2135 3125
-4278 3125
167 3125
7922 3125
-2995 3125
9419 3125
3562 3125
-1228 3125
1443 3125
8444 3125
7606 3125
6939 3125
-5439 3125
-2848 3125
7734 3125
5730 3125
-9371 3125
2550 3125
-5215 3125
2862 3125
-1957 3125
-8851 3125
3150 3125
-377 3125
-4150 3125
-388 3125
-5865 3125
7619 3125
9255 3125
5623 3125
-1622 3125
-3122 3125
-2874 3125
4681 3125
-9940 3125
-8515 3125
944 3125
6490 3125
1548 3125
6176 3125
-2759 3125
2763 3125
-5320 3125
6950 3125
-8986 3125
5979 3125
6029 3125
-9779 3125
2918 3125
752 3125
3814 3125
7577 3125
1927 3125
-9839 3125
4362 3125
-8799 3125
-542 3125
9177 3125
-3657 3125
-6042 3125
1535 3125
1051 3125
-9183 3125
1890 3125
-4777 3125
-1341 3125
-120 3125
-6906 3125
-3440 3125
7550 3125
6235 3125
3236 3125
9334 3125
-9304 3125
-776 3125
7482 3125
3916 3125
-629 3125
7064 3125
-4168 3125
3701 3125
9971 3125
-5166 3125
-8028 3125
-9911 3125
-4553 3125
1916 3125
8818 3125
-328 3125
3618 3125
-3111 3125
-6947 3125
-4991 3125
677 3125
2900 3125
4794 3125
-9369 3125
354 3125
-2324 3125
-1791 3125
-6391 3125
-7720 3125
6166 3125
-6986 3125
5371 3125
8513 3125
-4237 3125
-3714 3125
-6867 3125
-3765 3125
-8122 3125
6919 3125
7071 3125
-5580 3125
-6084 3125
5325 3125
-5644 3125
3270 3125
-9732 3125
-7962 3125
-4651 3125
9287 3125
-369 3125
1399 3125
-7661 3125
-4718 3125
6683 3125
-19 3125
-178 3125
3718 3125
442 3125
-8357 3125
3066 3125
2230 3125
-5998 3125
4251 3125
-8246 3125
-360 3125
9387 3125
1038 3125
7169 3125
5444 3125
-519 3125
4799 3125
4465 3125
-4088 3125
-9740 3125
949 3125
8048 3125
5186 3125
2342 3125
-7409 3125
7651 3125
8322 3125
5619 3125
969 3125
-1752 3125
8822 3125
4750 3125
577 3125
-7605 3125
-3140 3125
9285 3125
8185 3125
-7224 3125
1361 3125
6788 3125
-8041 3125
8221 3125
7822 3125
-6826 3125
-1733 3125
-4833 3125
-1645 3125
-1007 3125
-6213 3125
4246 3125
-5586 3125
3109 3125
5506 3125
1143 3125
5901 3125
-373 3125
-3497 3125
-5333 3125
4205 3125
-2987 3125
-1794 3125
1569 3125
-6256 3125
-776 3125
-5755 3125
-6435 3125
1252 3125
-3095 3125
-2704 3125
1302 3125
1267 3125
-2914 3125
-7157 3125
7523 3125
-3533 3125
7712 3125
6898 3125
9908 3125
2974 3125
1068 3125
6337 3125
8035 3125
1078 3125
-9464 3125
-6742 3125
-1499 3125
-1126 3125
4319 3125
7728 3125
7529 3125
6531 3125
9691 3125
-9956 3125
-7864 3125
1897 3125
9274 3125
-4304 3125
-8263 3125
-5875 3125
6254 3125
1770 3125
-6297 3125
7297 3125
-3964 3125
-6032 3125
2545 3125
-8634 3125
-7920 3125
-3443 3125
3897 3125
2532 3125
5825 3125
3167 3125
-507 3125
-8727 3125
8009 3125
7186 3125
9923 3125
-9 3125
5110 3125
1284 3125
-6528 3125
5647 3125
4948 3125
3530 3125
-8736 3125
4342 3125
9209 3125
-675 3125
4566 3125
7487 3125
-6173 3125
-763 3125
1681 3125
7139 3125
-9045 3125
5809 3125
-1425 3125
-9004 3125
4837 3125
49 3125
-9777 3125
1695 3125
-4821 3125
9152 3125
-7832 3125
-2570 3125
2689 3125
9691 3125
227 3125
1859 3125
-3292 3125
5866 3125
-3356 3125
-2924 3125
5349 3125
5683 3125
1921 3125
-5543 3125
-7594 3125
-2431 3125
2219 3125
4704 3125
-2402 3125
1741 3125
3658 3125
-8518 3125
7357 3125
2797 3125
-9362 3125
-6590 3125
-8723 3125
1310 3125
-2532 3125
-2467 3125
112 3125
-4009 3125
4769 3125
-7814 3125
90 3125
-3387 3125
4061 3125
-161 3125
-4310 3125
3306 3125
-5666 3125
9221 3125
-5401 3125
-194 3125
4939 3125
1343 3125
-4685 3125
6031 3125
896 3125
-4322 3125
4943 3125
-8858 3125
5410 3125
-2583 3125
3109 3125
-8907 3125
4903 3125
-4861 3125
9474 3125
-7336 3125
-5121 3125
-8814 3125
7677 3125
-5099 3125
-4519 3125
-7180 3125
3890 3125
1753 3125
3973 3125
-4954 3125
6134 3125
6221 3125
-6430 3125
7679 3125
7330 3125
-3166 3125
-4109 3125
-2049 3125
-9367 3125
-6169 3125
1322 3125
-2252 3125
-6856 3125
-9962 3125
1298 3125
4327 3125
4027 3125
2896 3125
-6573 3125
-586 3125
3163 3125
-5135 3125
7167 3125
-7509 3125
-7425 3125
-7781 3125
1158 3125
528 3125
-5113 3125
6899 3125
151 3125
-6349 3125
9605 3125
-6011 3125
-9042 3125
947 3125
-7419 3125
5863 3125
-1179 3125
930 3125
-5235 3125
6661 3125
-2327 3125
-8484 3125
-5754 3125
6240 3125
5231 3125
-1579 3125
-8532 3125
-6454 3125
7727 3125
-4027 3125
-4230 3125
7081 3125
6881 3125
4285 3125
9775 3125
3177 3125
8765 3125
356 3125
6854 3125
-4299 3125
8426 3125
-6875 3125
-8065 3125
-6184 3125
-9258 3125
-5796 3125
6743 3125
599 3125
-1333 3125
-9337 3125
-5112 3125
4473 3125
-6845 3125
4878 3125
8659 3125
-1256 3125
-9748 3125
207 3125
-4578 3125
4238 3125
-6439 3125
-4681 3125
1957 3125
4822 3125
-3104 3125
553 3125
8066 3125
-5687 3125
-2032 3125
-9955 3125
-3901 3125
6370 3125
3210 3125
6303 3125
-2013 3125
4404 3125
-8838 3125
-5096 3125
-9216 3125
-3085 3125
4743 3125
-1190 3125
6024 3125
3262 3125
-7973 3125
5334 3125
8 3125
5650 3125
6201 3125
-3023 3125
-1724 3125
-3979 3125
-5461 3125
8013 3125
6056 3125
-968 3125
1636 3125
8433 3125
554 3125
-2194 3125
-921 3125
2883 3125
-7994 3125
-1916 3125
-6404 3125
-9315 3125
-9442 3125
7147 3125
9929 3125
7081 3125
1043 3125
999 3125
133 3125
4947 3125
5648 3125
-4390 3125
-590 3125
-8101 3125
5585 3125
-9023 3125
2406 3125
-9066 3125
-352 3125
7677 3125
4732 3125
-2925 3125
-4204 3125
-692 3125
-3609 3125
4751 3125
-257 3125
-8331 3125
-7916 3125
-9429 3125
4291 3125
-468 3125
-440 3125
3204 3125
-5281 3125
-3840 3125
7343 3125
-6701 3125
-8779 3125
8938 3125
-9528 3125
7429 3125
-8640 3125
-7146 3125
9833 3125
-7821 3125
7915 3125
-1382 3125
4561 3125
7619 3125
-2976 3125
-2445 3125
-7873 3125
-1879 3125
7433 3125
1309 3125
-5374 3125
1172 3125
6765 3125
2981 3125
4092 3125
-8760 3125
-8745 3125
1982 3125
-6337 3125
-7296 3125
3519 3125
1558 3125
1123 3125
-3512 3125
6105 3125
2585 3125
-1251 3125
-2248 3125
-3958 3125
-6337 3125
-7727 3125
2799 3125
-3806 3125
-9343 3125
447 3125
-8794 3125
2545 3125
-900 3125
-6716 3125
-5888 3125
9700 3125
-8189 3125
5368 3125
1566 3125
3541 3125
1980 3125
8924 3125
-4145 3125
4760 3125
8745 3125
6701 3125
8170 3125
-3724 3125
7562 3125
8537 3125
-5465 3125
-887 3125
6263 3125
6548 3125
-936 3125
-3107 3125
-9790 3125
-4845 3125
2446 3125
-7606 3125
-2097 3125
-9239 3125
-5081 3125
-1406 3125
-7613 3125
7773 3125
4592 3125
9051 3125
-7546 3125
-7229 3125
-4825 3125
6712 3125
-8552 3125
-6903 3125
-4808 3125
-5287 3125
-2949 3125
-9780 3125
-5990 3125
-1112 3125
-2389 3125
-2049 3125
3747 3125
-6256 3125
7018 3125
-3278 3125
6213 3125
3410 3125
5094 3125
-3224 3125
-3356 3125
-4061 3125
-65 3125
9405 3125
-9440 3125
-5060 3125
3916 3125
1850 3125
1826 3125
2727 3125
-7958 3125
7685 3125
8219 3125
-443 3125
-9099 3125
2894 3125
493 3125
4908 3125
-774 3125
77 3125
-2346 3125
-8700 3125
9433 3125
4193 3125
3278 3125
-9314 3125
-5903 3125
-5208 3125
4798 3125
3891 3125
-3478 3125
2925 3125
3886 3125
-5589 3125
6028 3125
8230 3125
-1052 3125
-7247 3125
-8623 3125
-7215 3125
-334 3125
9899 3125
-2245 3125
4331 3125
393 3125
1974 3125
5607 3125
-9458 3125
579 3125
-5359 3125
-834 3125
-7087 3125
4699 3125
243 3125
-2552 3125
-1587 3125
-2962 3125
6047 3125
1711 3125
8866 3125
7904 3125
-4648 3125
-1968 3125
5836 3125
-7504 3125
5395 3125
-8709 3125
1552 3125
2396 3125
5962 3125
2402 3125
-4776 3125
3366 3125
-2186 3125
-6167 3125
2477 3125
3972 3125
7955 3125
5778 3125
-169 3125
-7090 3125
-444 3125
-2448 3125
301 3125
5032 3125
-7029 3125
-9814 3125
6754 3125
3318 3125
-390 3125
-7418 3125
6488 3125
6373 3125
627 3125
-6365 3125
-3796 3125
-9742 3125
-1789 3125
1493 3125
7275 3125
-3749 3125
-7562 3125
-7975 3125
7323 3125
7747 3125
3206 3125
-8015 3125
-7690 3125
-1863 3125
-9839 3125
-2397 3125
6936 3125
1189 3125
8289 3125
9914 3125
5115 3125
5317 3125
6368 3125
6804 3125
3539 3125
5347 3125
7391 3125
1513 3125
-1421 3125
-3016 3125
-2001 3125
-2781 3125
-1092 3125
6975 3125
-6530 3125
-6114 3125
8118 3125
-3296 3125
3570 3125
-21 3125
-1598 3125
1140 3125
-8812 3125
-4604 3125
-4424 3125
7906 3125
4253 3125
-302 3125
1068 3125
9611 3125
9585 3125
7665 3125
6703 3125
-7692 3125
1673 3125
-4759 3125
-7744 3125
-5421 3125
-2634 3125
-2996 3125
6471 3125
-9949 3125
104 3125
-4824 3125
-815 3125
-9244 3125
-5238 3125
-8868 3125
7444 3125
1339 3125
9696 3125
8145 3125
3314 3125
8372 3125
-3366 3125
1369 3125
-3177 3125
7927 3125
438 3125
4009 3125
-2965 3125
6237 3125
714 3125
-4783 3125
-8410 3125
-2352 3125
-4842 3125
-1756 3125
2316 3125
-5083 3125
-7290 3125
-2935 3125
-8373 3125
-4431 3125
-809 3125
8090 3125
1842 3125
8026 3125
-5707 3125
9182 3125
7033 3125
830 3125
1304 3125
5055 3125
9454 3125
1719 3125
-66 3125
5361 3125
-839 3125
7984 3125
-5270 3125
8230 3125
-7826 3125
7720 3125
-6901 3125
-6315 3125
3562 3125
-6942 3125
6785 3125
2412 3125
-1766 3125
-4313 3125
7475 3125
-6700 3125
-4600 3125
-874 3125
5120 3125
3631 3125
-7997 3125
9698 3125
-9902 3125
-5875 3125
9031 3125
3770 3125
-9848 3125
1281 3125
-3827 3125
5237 3125
3713 3125
2150 3125
1012 3125
-1640 3125
9965 3125
-5461 3125
-5912 3125
209 3125
1901 3125
-295 3125
-2497 3125
-8865 3125
-4266 3125
8076 3125
-5190 3125
-3227 3125
7722 3125
9992 3125
6136 3125
6875 3125
-6054 3125
9627 3125
9091 3125
5419 3125
-9403 3125
1641 3125
9122 3125
6486 3125
-7672 3125
5334 3125
673 3125
2868 3125
-713 3125
-9466 3125
8260 3125
8783 3125
3427 3125
-7626 3125
5045 3125
-4489 3125
-8631 3125
8847 3125
-3607 3125
4621 3125
495 3125
-8235 3125
9114 3125
5936 3125
-1010 3125
-6077 3125
9270 3125
6829 3125
-2590 3125
2326 3125
1590 3125
-1770 3125
-8627 3125
-8068 3125
-3162 3125
-4391 3125
7645 3125
8558 3125
5843 3125
-379 3125
-1100 3125
-5226 3125
968 3125
1485 3125
-3047 3125
-5613 3125
-8518 3125
-9659 3125
-9993 3125
3450 3125
-7314 3125
1415 3125
-8349 3125
-4460 3125
-1090 3125
5837 3125
3207 3125
4443 3125
9919 3125
-1091 3125
-6058 3125
8003 3125
-5738 3125
2349 3125
873 3125
-4810 3125
1793 3125
320 3125
6281 3125
-6856 3125
6297 3125
-519 3125
2125 3125
3802 3125
7683 3125
6873 3125
5707 3125
9971 3125
5254 3125
1398 3125
-5476 3125
-6184 3125
18 3125
-2023 3125
2436 3125
7472 3125
-4107 3125
-808 3125
2065 3125
9016 3125
-6315 3125
-761 3125
3497 3125
-6988 3125
6395 3125
-7927 3125
-900 3125
-7236 3125
1707 3125
1798 3125
2753 3125
3842 3125
585 3125
9635 3125
462 3125
-3142 3125
979 3125
-495 3125
8898 3125
-7019 3125
3825 3125
-4675 3125
3674 3125
-8190 3125
-1484 3125
-3303 3125
-8113 3125
-6183 3125
-1370 3125
2681 3125
4819 3125
-435 3125
3647 3125
8541 3125
7516 3125
-8288 3125
6941 3125
2896 3125
3939 3125
1668 3125
-6403 3125
3776 3125
-4965 3125
6535 3125
-2839 3125
8066 3125
-8045 3125
9531 3125
2352 3125
-4647 3125
9499 3125
9248 3125
-6188 3125
-4693 3125
-5375 3125
4178 3125
862 3125
4055 3125
7362 3125
-51 3125
1719 3125
-3343 3125
1235 3125
4811 3125
4647 3125
-8180 3125
3163 3125
1708 3125
-5878 3125
7590 3125
2798 3125
1319 3125
-3944 3125
5756 3125
5426 3125
9432 3125
1185 3125
-119 3125
-8872 3125
1932 3125
-5140 3125
-7354 3125
-2033 3125
1879 3125
-9203 3125
-3443 3125
-9577 3125
5407 3125
-6321 3125
5960 3125
4276 3125
8076 3125
1409 3125
9348 3125
6543 3125
8416 3125
9805 3125
-2643 3125
7010 3125
-7544 3125
-1261 3125
-9100 3125
9680 3125
-2834 3125
-9804 3125
3750 3125
4118 3125
-3178 3125
-7789 3125
-8754 3125
9044 3125
-1936 3125
-7938 3125
-9565 3125
-6246 3125
3962 3125
-8794 3125
-6987 3125
-7172 3125
9336 3125
-8584 3125
4565 3125
-8148 3125
-987 3125
3991 3125
-2710 3125
-6891 3125
-7975 3125
-2296 3125
-3230 3125
-7415 3125
-429 3125
-4505 3125
-6812 3125
4356 3125
5233 3125
9820 3125
7721 3125
4717 3125
-1251 3125
-7164 3125
-8575 3125
9480 3125
2123 3125
-2756 3125
-441 3125
-9643 3125
-3659 3125
4571 3125
-2664 3125
4131 3125
-8597 3125
-9989 3125
7781 3125
-5305 3125
1385 3125
-6520 3125
357 3125
7646 3125
2361 3125
5271 3125
-3103 3125
-474 3125
9254 3125
-1411 3125
6211 3125
-5246 3125
4207 3125
2596 3125
-2242 3125
2862 3125
-5119 3125
-3113 3125
739 3125
2107 3125
4144 3125
-1623 3125
3773 3125
-7343 3125
-1747 3125
-7194 3125
-8792 3125
-6188 3125
-5230 3125
1819 3125
-1644 3125
3760 3125
-599 3125
-7221 3125
-1663 3125
-5583 3125
-2656 3125
-7221 3125
-245 3125
-9128 3125
4564 3125
-4422 3125
-1084 3125
-6977 3125
7602 3125
9790 3125
9921 3125
566 3125
-2709 3125
-8736 3125
5290 3125
1375 3125
-488 3125
3271 3125
-2549 3125
9453 3125
6777 3125
-2526 3125
1074 3125
-9872 3125
1023 3125
-3311 3125
369 3125
-4320 3125
-9301 3125
6652 3125
3643 3125
7962 3125
8465 3125
1880 3125
7622 3125
-4379 3125
9159 3125
-41 3125
-7004 3125
-652 3125
-4751 3125
6941 3125
-1826 3125
-466 3125
6452 3125
-9092 3125
6889 3125
7714 3125
-2713 3125
237 3125
-5851 3125
-4225 3125
-1946 3125
-7307 3125
-7187 3125
6679 3125
4554 3125
7599 3125
1471 3125
-436 3125
8337 3125
2111 3125
6759 3125
101 3125
-8108 3125
3277 3125
9293 3125
5784 3125
-2808 3125
9227 3125
9798 3125
3648 3125
2251 3125
-1335 3125
7890 3125
3996 3125
-4709 3125
-9798 3125
-3283 3125
5533 3125
5394 3125
9710 3125
320 3125
-8807 3125
5988 3125
1048 3125
6733 3125
-5951 3125
4282 3125
4455 3125
-1347 3125
4885 3125
6253 3125
-9817 3125
-4042 3125
4797 3125
-700 3125
8892 3125
-1583 3125
3743 3125
-6480 3125
6896 3125
-3480 3125
-657 3125
6010 3125
621 3125
-7810 3125
7800 3125
-6574 3125
-529 3125
-2098 3125
984 3125
9638 3125
782 3125
-1601 3125
-9934 3125
2227 3125
-6612 3125
-8029 3125
8304 3125
-9141 3125
1389 3125
-8556 3125
80 3125
8575 3125
-7769 3125
-3574 3125
1728 3125
4646 3125
9606 3125
-5974 3125
-7948 3125
200 3125
-5612 3125
-7794 3125
2316 3125
3363 3125
3379 3125
-5119 3125
7403 3125
-8092 3125
4838 3125
-4018 3125
2258 3125
4674 3125
-1898 3125
3620 3125
-993 3125
-7136 3125
-177 3125
3572 3125
-8878 3125
-9438 3125
-4018 3125
-4393 3125
3170 3125
-1299 3125
-1949 3125
-4313 3125
3628 3125
-9943 3125
1184 3125
330 3125
2520 3125
-1789 3125
-6694 3125
3389 3125
8546 3125
5413 3125
4489 3125
-8658 3125
-6359 3125
5902 3125
1639 3125
8723 3125
-821 3125
2526 3125
7955 3125
-6150 3125
-8657 3125
2689 3125
-9249 3125
-8306 3125
-3691 3125
7736 3125
-9588 3125
-7310 3125
-7232 3125
-3637 3125
149 3125
-2157 3125
-263 3125
-9170 3125
9889 3125
8010 3125
4521 3125
-6271 3125
9860 3125
4231 3125
5425 3125
6654 3125
4529 3125
2533 3125
4847 3125
6070 3125
4058 3125
3335 3125
4439 3125
-1731 3125
8865 3125
5675 3125
5221 3125
-4250 3125
-7674 3125
-7844 3125
1419 3125
5679 3125
9726 3125
9689 3125
-1501 3125
-1281 3125
-5382 3125
-2871 3125
-9369 3125
-1039 3125
-1989 3125
2443 3125
-5840 3125
-5283 3125
6441 3125
2060 3125
2713 3125
-6818 3125
5790 3125
7785 3125
1920 3125
5560 3125
-2007 3125
-6978 3125
7724 3125
1747 3125
-1118 3125
-9651 3125
-9634 3125
-3592 3125
-9074 3125
-888 3125
4742 3125
5893 3125
-16 3125
-1984 3125
1895 3125
9407 3125
1266 3125
-6183 3125
-472 3125
5013 3125
2591 3125
-8924 3125
4690 3125
1595 3125
-3240 3125
-2606 3125
8543 3125
4911 3125
-2692 3125
5198 3125
2351 3125
1090 3125
3899 3125
105 3125
-5929 3125
-1886 3125
4028 3125
8391 3125
-7165 3125
9905 3125
2143 3125
7107 3125
-5793 3125
8507 3125
2386 3125
5830 3125
9590 3125
7712 3125
7329 3125
7790 3125
-5448 3125
-1848 3125
1051 3125
-9204 3125
-8214 3125
3678 3125
5851 3125
2190 3125
-3123 3125
-4250 3125
6434 3125
9446 3125
1935 3125
3914 3125
7466 3125
7988 3125
8740 3125
3989 3125
7594 3125
-1624 3125
4803 3125
8597 3125
-8178 3125
-1897 3125
-8276 3125
3442 3125
-4306 3125
8775 3125
6521 3125
5798 3125
-3121 3125
-1888 3125
-2210 3125
-7563 3125
-322 3125
-5247 3125
-4424 3125
9521 3125
6225 3125
8612 3125
-4478 3125
-2362 3125
5644 3125
-4793 3125
4535 3125
-3504 3125
8444 3125
1557 3125
-5847 3125
-8369 3125
3355 3125
308 3125
606 3125
-3384 3125
-2358 3125
4830 3125
4022 3125
9627 3125
2093 3125
-6875 3125
-1618 3125
2324 3125
-3674 3125
-8985 3125
3573 3125
-5324 3125
5344 3125
3880 3125
-3441 3125
1408 3125
26 3125
-525 3125
2131 3125
7812 3125
-2048 3125
-8183 3125
-191 3125
1695 3125
-7011 3125
2885 3125
-9922 3125
8072 3125
-5127 3125
-7836 3125
-2889 3125
-3474 3125
9295 3125
6553 3125
5300 3125
-5134 3125
-1149 3125
-4425 3125
2038 3125
6154 3125
-8984 3125
-173 3125
-8118 3125
-985 3125
2555 3125
809 3125
1376 3125
6556 3125
1630 3125
-5893 3125
8163 3125
8751 3125
3403 3125
-9164 3125
3246 3125
-8163 3125
1116 3125
-3757 3125
2804 3125
1160 3125
6457 3125
452 3125
-862 3125
977 3125
-5334 3125
-7851 3125
3084 3125
3428 3125
987 3125
-4266 3125
-9968 3125
-8515 3125
-3459 3125
3898 3125
-841 3125
5332 3125
-4570 3125
-4878 3125
-624 3125
-2632 3125
-4752 3125
9745 3125
6617 3125
-1502 3125
3713 3125
4089 3125
-4635 3125
6406 3125
-8235 3125
-5619 3125
662 3125
-5450 3125
4848 3125
-4129 3125
-8509 3125
-2594 3125
-9679 3125
6089 3125
5425 3125
3309 3125
-4357 3125
8991 3125
-3467 3125
6686 3125
5142 3125
8028 3125
8081 3125
-9198 3125
8287 3125
2279 3125
2268 3125
8102 3125
-2501 3125
-328 3125
-8644 3125
4265 3125
6704 3125
-2855 3125
3787 3125
-2860 3125
-3989 3125
686 3125
1354 3125
6841 3125
3476 3125
-1790 3125
-9782 3125
-3835 3125
3347 3125
9536 3125
4112 3125
-9170 3125
-4601 3125
-8602 3125
-4965 3125
-4568 3125
-9293 3125
8141 3125
-9428 3125
486 3125
8409 3125
-2502 3125
-5949 3125
8463 3125
-2646 3125
-2621 3125
-1092 3125
-8903 3125
7880 3125
-4608 3125
-9874 3125
785 3125
4609 3125
5153 3125
2553 3125
-5581 3125
8958 3125
9872 3125
9369 3125
-2977 3125
-9063 3125
6543 3125
-4405 3125
3180 3125
-1097 3125
1527 3125
3101 3125
-705 3125
7890 3125
-7152 3125
-8047 3125
3305 3125
-9489 3125
-9634 3125
-767 3125
-7241 3125
9484 3125
-5884 3125
6091 3125
6628 3125
5527 3125
1284 3125
9785 3125
-6259 3125
5151 3125
3894 3125
-8236 3125
-4894 3125
2633 3125
-7382 3125
-9402 3125
94 3125
-8025 3125
2826 3125
9548 3125
-308 3125
3911 3125
619 3125
-1886 3125
-3266 3125
9478 3125
-9609 3125
6941 3125
-9520 3125
-5805 3125
-7325 3125
-9937 3125
-9258 3125
-5746 3125
632 3125
-9329 3125
-219 3125
-3667 3125
5934 3125
-6662 3125
9202 3125
5047 3125
-6093 3125
9535 3125
2117 3125
7906 3125
279 3125
-254 3125
-4562 3125
-6555 3125
-6373 3125
-6430 3125
9848 3125
6638 3125
7024 3125
293 3125
14 3125
-3282 3125
-3613 3125
8261 3125
4442 3125
888 3125
507 3125
5031 3125
-8241 3125
-5369 3125
-2639 3125
896 3125
-1642 3125
4843 3125
-368 3125
-8968 3125
2845 3125
-871 3125
6265 3125
3182 3125
2705 3125
4531 3125
-6927 3125
-4927 3125
-4288 3125
-4340 3125
-3913 3125
-9231 3125
-8537 3125
-7415 3125
7320 3125
6770 3125
-8696 3125
8640 3125
1931 3125
-7486 3125
7330 3125
-9202 3125
7470 3125
4729 3125
6746 3125
891 3125
5925 3125
5255 3125
8436 3125
-9471 3125
2655 3125
-8979 3125
-1372 3125
3292 3125
-6885 3125
-9344 3125
-543 3125
-720 3125
-2271 3125
-2154 3125
-3855 3125
-1048 3125
-7508 3125
2563 3125
-2150 3125
9490 3125
9462 3125
9782 3125
3853 3125
-3163 3125
7219 3125
3579 3125
-8084 3125
9083 3125
-539 3125
-7520 3125
-1543 3125
2685 3125
7584 3125
876 3125
-4424 3125
-7859 3125
-1993 3125
-5648 3125
7682 3125
8810 3125
-2353 3125
4567 3125
9764 3125
8408 3125
-524 3125
2837 3125
-265 3125
3911 3125
3091 3125
8136 3125
4548 3125
649 3125
-6879 3125
-6989 3125
554 3125
860 3125
-4572 3125
-2051 3125
9811 3125
-1630 3125
4763 3125
-2398 3125
-8499 3125
3107 3125
-375 3125
-3850 3125
660 3125
3629 3125
8458 3125
-4203 3125
9150 3125
-3249 3125
-6479 3125
4662 3125
4948 3125
5548 3125
-5199 3125
1039 3125
-2318 3125
-4063 3125
1203 3125
6245 3125
3967 3125
-5058 3125
688 3125
5694 3125
813 3125
2209 3125
-9059 3125
9188 3125
805 3125
-8865 3125
5978 3125
-3055 3125
-7705 3125
3611 3125
-4216 3125
7754 3125
-3615 3125
-896 3125
66 3125
-7729 3125
1202 3125
2577 3125
7106 3125
-7641 3125
-2811 3125
-593 3125
-4890 3125
-666 3125
-3314 3125
-7564 3125
-9240 3125
-440 3125
4272 3125
4153 3125
-5129 3125
4928 3125
9373 3125
2268 3125
1544 3125
-2543 3125
8007 3125
2153 3125
9789 3125
4423 3125
7056 3125
-207 3125
-5956 3125
-4630 3125
-2219 3125
-8764 3125
2428 3125
-7699 3125
-2639 3125
2293 3125
5555 3125
2127 3125
-3165 3125
4296 3125
-695 3125
-3921 3125
-5319 3125
-1355 3125
-9081 3125
3270 3125
6258 3125
2589 3125
7279 3125
8555 3125
347 3125
7242 3125
-8556 3125
2905 3125
2134 3125
-5231 3125
5872 3125
9624 3125
1166 3125
-1865 3125
876 3125
7403 3125
9113 3125
4754 3125
-6831 3125
-6651 3125
-7742 3125
-8474 3125
-1550 3125
-2146 3125
695 3125
1230 3125
-5619 3125
-5008 3125
4416 3125
1011 3125
-2538 3125
-9376 3125
2831 3125
-9756 3125
5040 3125
7042 3125
-7985 3125
-5965 3125
6307 3125
7625 3125
-5234 3125
-5123 3125
3565 3125
-5280 3125
6951 3125
1736 3125
8652 3125
-897 3125
3367 3125
-2996 3125
401 3125
-6416 3125
-49 3125
-9202 3125
2367 3125
2678 3125
-8568 3125
-35 3125
362 3125
2656 3125
8464 3125
1187 3125
-6551 3125
-1223 3125
-1792 3125
7968 3125
5248 3125
-3783 3125
6191 3125
1346 3125
5340 3125
-6581 3125
6334 3125
-4322 3125
8954 3125
-3751 3125
-883 3125
-9887 3125
5321 3125
-4357 3125
-2388 3125
6952 3125
6660 3125
6685 3125
1908 3125
1073 3125
7136 3125
-2003 3125
-1450 3125
-3328 3125
-7554 3125
3352 3125
-9615 3125
-8062 3125
718 3125
8050 3125
7531 3125
-3896 3125
-2841 3125
2457 3125
720 3125
-1231 3125
9651 3125
-6192 3125
-8448 3125
-1818 3125
-131 3125
8659 3125
6350 3125
8719 3125
-5205 3125
-689 3125
-5556 3125
-4696 3125
5392 3125
-3129 3125
-4397 3125
-4003 3125
-1715 3125
8167 3125
8969 3125
8032 3125
8841 3125
1667 3125
720 3125
-5323 3125
-1082 3125
-7615 3125
9025 3125
-3673 3125
-4879 3125
-4254 3125
-5688 3125
5403 3125
-8375 3125
2911 3125
-5688 3125
9947 3125
1904 3125
9756 3125
-3951 3125
555 3125
8106 3125
-4309 3125
-9641 3125
-8123 3125
-4454 3125
1214 3125
-5410 3125
480 3125
-3276 3125
7949 3125
1637 3125
-986 3125
-1960 3125
7205 3125
-8941 3125
9782 3125
-2237 3125
-9079 3125
-1016 3125
2941 3125
-8441 3125
-1205 3125
1987 3125
-1655 3125
10 3125
-9573 3125
-3527 3125
-2082 3125
5871 3125
4631 3125
1500 3125
2821 3125
3851 3125
5343 3125
-5575 3125
-6316 3125
2077 3125
6029 3125
-3029 3125
-4915 3125
3111 3125
-2665 3125
4523 3125
-4384 3125
1827 3125
2481 3125
-1155 3125
-9842 3125
2508 3125
9943 3125
-2246 3125
8242 3125
-8880 3125
-2275 3125
4497 3125
-5810 3125
-9306 3125
-959 3125
-2520 3125
5345 3125
701 3125
-670 3125
-8516 3125
-1854 3125
9448 3125
-1696 3125
455 3125
4221 3125
-5427 3125
-4464 3125
-5275 3125
86 3125
7169 3125
4066 3125
6482 3125
-1173 3125
-2466 3125
-2892 3125
677 3125
-5331 3125
8671 3125
-7635 3125
-7152 3125
9773 3125
9179 3125
4549 3125
-6574 3125
4828 3125
-8150 3125
9306 3125
-9556 3125
-9313 3125
4639 3125
-3187 3125
-9601 3125
-3678 3125
838 3125
-2495 3125
6295 3125
434 3125
4063 3125
3179 3125
-5659 3125
8902 3125
-4848 3125
-7599 3125
7873 3125
3711 3125
754 3125
-2616 3125
-6902 3125
-4493 3125
-2714 3125
-4278 3125
-1039 3125
3350 3125
-5458 3125
-8971 3125
2539 3125
-8234 3125
875 3125
-8999 3125
-3976 3125
-9308 3125
4343 3125
8746 3125
-9858 3125
4084 3125
-2754 3125
-1894 3125
2704 3125
6045 3125
-5823 3125
6363 3125
3954 3125
-5849 3125
-9927 3125
9662 3125
-7809 3125
3008 3125
-5687 3125
-2584 3125
4917 3125
-3904 3125
-8329 3125
4510 3125
-3888 3125
3546 3125
8271 3125
7233 3125
8801 3125
6227 3125
-2392 3125
5034 3125
1562 3125
7919 3125
-6189 3125
-7874 3125
-5879 3125
6640 3125
4009 3125
-1713 3125
6372 3125
-4831 3125
6342 3125
8468 3125
-5125 3125
-6585 3125
-3850 3125
4348 3125
-7135 3125
-7772 3125
914 3125
6921 3125
-1310 3125
7273 3125
2978 3125
6472 3125
8911 3125
-3348 3125
3729 3125
-9007 3125
8781 3125
1474 3125
-3542 3125
-5536 3125
-4081 3125
-3224 3125
5903 3125
-8541 3125
6111 3125
8443 3125
9375 3125
-5398 3125
-1796 3125
9441 3125
-6195 3125
-2897 3125
-1245 3125
1332 3125
-2772 3125
8198 3125
2827 3125
-3271 3125
-8552 3125
6492 3125
-8831 3125
-9109 3125
5429 3125
-4912 3125
-4655 3125
8746 3125
-241 3125
-314 3125
-380 3125
290 3125
486 3125
-5587 3125
3138 3125
1243 3125
-4946 3125
-1479 3125
-4471 3125
8579 3125
7361 3125
3205 3125
-3877 3125
-8689 3125
2021 3125
-2866 3125
6039 3125
2271 3125
-7383 3125
6708 3125
-1391 3125
-2346 3125
-9535 3125
4221 3125
-1891 3125
4130 3125
2950 3125
9777 3125
499 3125
3988 3125
-1769 3125
-9625 3125
4055 3125
-9409 3125
8234 3125
-9928 3125
5076 3125
-7764 3125
6569 3125
-5858 3125
-5582 3125
-8680 3125
-9829 3125
2828 3125
-848 3125
-2563 3125
-9245 3125
-8888 3125
-6455 3125
-5434 3125
404 3125
4135 3125
97 3125
9137 3125
-1467 3125
5746 3125
-9884 3125
-3733 3125
8917 3125
1948 3125
8866 3125
-8105 3125
-8680 3125
5406 3125
7379 3125
-2848 3125
-1209 3125
-6259 3125
1229 3125
410 3125
2290 3125
-659 3125
6727 3125
8343 3125
6796 3125
4843 3125
8135 3125
456 3125
-3459 3125
2230 3125
-3762 3125
-5041 3125
-7663 3125
-1963 3125
-5146 3125
7340 3125
2037 3125
-1276 3125
-2026 3125
-8335 3125
9316 3125
5723 3125
-7931 3125
6411 3125
-6484 3125
-5122 3125
9592 3125
-2958 3125
2191 3125
2620 3125
-278 3125
-3847 3125
8182 3125
9998 3125
-5086 3125
-4621 3125
9870 3125
-6654 3125
-195 3125
-5644 3125
-347 3125
-2673 3125
1526 3125
-7133 3125
-6874 3125
-6765 3125
4059 3125
9330 3125
-4967 3125
9740 3125
1775 3125
-1395 3125
-1603 3125
-139 3125
3411 3125
8052 3125
3153 3125
-7188 3125
-9046 3125
-1246 3125
-7536 3125
-1488 3125
-7357 3125
1444 3125
1762 3125
-9289 3125
-643 3125
5700 3125
-2069 3125
4707 3125
1632 3125
1501 3125
474 3125
8391 3125
-6035 3125
-4007 3125
7653 3125
88 3125
-4791 3125
-6791 3125
6869 3125
-4330 3125
-6416 3125
9480 3125
3304 3125
-5054 3125
-8563 3125
1377 3125
-888 3125
2517 3125
1399 3125
9367 3125
3489 3125
-5299 3125
7735 3125
-5129 3125
-7684 3125
4707 3125
-1960 3125
-6614 3125
-8744 3125
-16 3125
-4242 3125
4341 3125
7917 3125
764 3125
4438 3125
9779 3125
761 3125
-9578 3125
5275 3125
-9773 3125
-8279 3125
-338 3125
4166 3125
8733 3125
4112 3125
8981 3125
4253 3125
-2305 3125
7528 3125
-3835 3125
882 3125
-3061 3125
-532 3125
1130 3125
-2447 3125
4722 3125
4350 3125
-246 3125
6575 3125
-9105 3125
5300 3125
3942 3125
7299 3125
2280 3125
2542 3125
-9860 3125
8053 3125
6064 3125
7916 3125
-3312 3125
-5819 3125
-9865 3125
-6579 3125
7348 3125
9207 3125
-451 3125
-7848 3125
2387 3125
9071 3125
-2954 3125
-9015 3125
-4055 3125
-8533 3125
8804 3125
5594 3125
-2089 3125
3510 3125
8039 3125
8161 3125
8901 3125
4707 3125
-5949 3125
-9185 3125
8278 3125
-2261 3125
9324 3125
9463 3125
431 3125
378 3125
-4105 3125
9528 3125
-8145 3125
8771 3125
-8676 3125
6265 3125
-9605 3125
5901 3125
-9566 3125
3184 3125
-3052 3125
7768 3125
-6616 3125
-6347 3125
3950 3125
-436 3125
-7495 3125
2972 3125
7634 3125
-1240 3125
902 3125
8816 3125
-793 3125
-2797 3125
3559 3125
8010 3125
-1170 3125
-5758 3125
-4435 3125
6426 3125
7011 3125
-8415 3125
1856 3125
2126 3125
-4966 3125
591 3125
2285 3125
9169 3125
3752 3125
663 3125
5361 3125
-605 3125
3337 3125
-5209 3125
5491 3125
5510 3125
-8490 3125
-7518 3125
-5109 3125
5401 3125
4842 3125
-2136 3125
-6550 3125
-9260 3125
8606 3125
6139 3125
-8573 3125
-3660 3125
-1874 3125
8011 3125
-7239 3125
-449 3125
-4953 3125
5091 3125
-1150 3125
-5137 3125
2104 3125
4801 3125
4710 3125
8933 3125
-2356 3125
555 3125
-4686 3125
-9338 3125
4759 3125
660 3125
8508 3125
-3857 3125
-8594 3125
9346 3125
-3901 3125
5864 3125
1562 3125
-4665 3125
2613 3125
-4837 3125
1892 3125
6955 3125
-2567 3125
8938 3125
-9783 3125
-2553 3125
-5590 3125
-260 3125
7346 3125
-6956 3125
-5916 3125
6809 3125
6412 3125
-3691 3125
1017 3125
7336 3125
1718 3125
9739 3125
196 3125
-8939 3125
-2810 3125
7525 3125
-2883 3125
9874 3125
-2400 3125
-2666 3125
4566 3125
1788 3125
7942 3125
989 3125
3697 3125
8278 3125
4227 3125
7989 3125
3054 3125
6123 3125
879 3125
6929 3125
9580 3125
-5851 3125
4933 3125
-1154 3125
-4446 3125
-4730 3125
-4688 3125
-9836 3125
-4788 3125
2987 3125
-3929 3125
8110 3125
3572 3125
-3905 3125
9816 3125
1181 3125
7365 3125
9216 3125
-1954 3125
-9483 3125
2237 3125
-5518 3125
479 3125
-5569 3125
-5514 3125
-3998 3125
-512 3125
6869 3125
-9302 3125
6466 3125
-5379 3125
-9775 3125
-9548 3125
-3189 3125
-1099 3125
3703 3125
-7492 3125
-5136 3125
-1124 3125
506 3125
-8457 3125
7726 3125
6693 3125
-9309 3125
-2926 3125
-3674 3125
-5165 3125
-4368 3125
-1089 3125
7466 3125
8385 3125
3485 3125
-5344 3125
773 3125
3109 3125
-3810 3125
8848 3125
-2965 3125
-7152 3125
9116 3125
-2732 3125
6337 3125
3856 3125
-3405 3125
5051 3125
8005 3125
2341 3125
-3852 3125
5995 3125
7108 3125
-1143 3125
4214 3125
-5986 3125
-3409 3125
-9949 3125
9075 3125
-8063 3125
-3688 3125
-5246 3125
4004 3125
-7356 3125
2165 3125
-9982 3125
-5375 3125
7547 3125
6411 3125
5066 3125
6555 3125
3192 3125
-1939 3125
-6500 3125
8839 3125
7499 3125
1189 3125
-5910 3125
-2731 3125
4737 3125
3267 3125
587 3125
-2837 3125
-807 3125
6536 3125
-446 3125
7010 3125
9899 3125
834 3125
-2819 3125
7016 3125
9298 3125
-9436 3125
-4935 3125
2408 3125
-5357 3125
2590 3125
6716 3125
4783 3125
5528 3125
1570 3125
-9419 3125
-5379 3125
-5748 3125
-8810 3125
-8115 3125
-5690 3125
2725 3125
-974 3125
-6919 3125
5734 3125
-3487 3125
-8013 3125
1195 3125
-8088 3125
2071 3125
-582 3125
795 3125
-3113 3125
4182 3125
5696 3125
727 3125
1012 3125
-1739 3125
3406 3125
-3003 3125
7323 3125
-8145 3125
3951 3125
6955 3125
1463 3125
-6166 3125
8761 3125
7497 3125
180 3125
-3468 3125
9532 3125
-5465 3125
-5575 3125
4977 3125
-2544 3125
1884 3125
-2049 3125
-6583 3125
5074 3125
-8993 3125
-3974 3125
205 3125
-6226 3125
2554 3125
-7558 3125
1429 3125
-3562 3125
-1796 3125
-3867 3125
7014 3125
-6227 3125
9172 3125
-884 3125
1494 3125
4081 3125
-9642 3125
-1160 3125
6970 3125
-9500 3125
187 3125
4227 3125
4395 3125
-9121 3125
-6853 3125
4820 3125
-6922 3125
2273 3125
-8118 3125
-627 3125
7531 3125
-7355 3125
6444 3125
2296 3125
8028 3125
-9040 3125
4434 3125
-8318 3125
-6955 3125
-6294 3125
-7880 3125
9119 3125
1523 3125
4382 3125
-1671 3125
6755 3125
6144 3125
4276 3125
5428 3125
-6386 3125
-4710 3125
5861 3125
-574 3125
-569 3125
-3571 3125
-4386 3125
6034 3125
799 3125
-7360 3125
4908 3125
-911 3125
352 3125
-103 3125
39 3125
8377 3125
8057 3125
5375 3125
-9155 3125
3782 3125
-4739 3125
7979 3125
-1959 3125
3086 3125
-4056 3125
-8206 3125
-6312 3125
2676 3125
-3737 3125
-6750 3125
-3373 3125
-1283 3125
4348 3125
2354 3125
617 3125
9266 3125
4252 3125
-8995 3125
-7536 3125
6119 3125
-3817 3125
9289 3125
4544 3125
5360 3125
-185 3125
493 3125
-4989 3125
-9092 3125
-707 3125
7766 3125
1385 3125
-2931 3125
8474 3125
8534 3125
4855 3125
-4883 3125
3300 3125
5434 3125
3399 3125
8696 3125
-3753 3125
5739 3125
4968 3125
3161 3125
-1648 3125
-9624 3125
6331 3125
6418 3125
-5055 3125
4597 3125
5896 3125
7238 3125
1747 3125
9707 3125
-1988 3125
5314 3125
-7523 3125
5379 3125
8836 3125
-3707 3125
5693 3125
-7664 3125
6886 3125
4113 3125
8507 3125
-6091 3125
-8412 3125
5227 3125
-4734 3125
-2476 3125
7178 3125
4928 3125
4314 3125
9192 3125
852 3125
-941 3125
-1491 3125
-3904 3125
-4681 3125
-7810 3125
-7995 3125
-5170 3125
6247 3125
-1872 3125
-6816 3125
-8908 3125
-9290 3125
7872 3125
-9202 3125
-3372 3125
-5035 3125
1406 3125
1302 3125
-386 3125
7639 3125
-4350 3125
2953 3125
-4302 3125
-6305 3125
142 3125
-824 3125
7657 3125
6754 3125
-3952 3125
-9810 3125
2366 3125
-4061 3125
354 3125
4661 3125
-6756 3125
-8409 3125
2109 3125
7526 3125
-644 3125
-9779 3125
-2845 3125
9704 3125
9536 3125
-2705 3125
8162 3125
749 3125
1165 3125
-37 3125
4358 3125
7119 3125
2238 3125
9836 3125
2591 3125
-8281 3125
-4086 3125
4792 3125
-8533 3125
4173 3125
-186 3125
-8026 3125
-6344 3125
-4436 3125
-9734 3125
-6517 3125
4635 3125
-4621 3125
-5997 3125
4065 3125
-9459 3125
-2000 3125
1770 3125
8175 3125
-751 3125
-1625 3125
-6596 3125
-7848 3125
6532 3125
5572 3125
6657 3125
-811 3125
-1056 3125
6491 3125
-3442 3125
-3480 3125
1 3125
8504 3125
7749 3125
6200 3125
-7023 3125
-8920 3125
-1837 3125
6897 3125
5266 3125
2480 3125
-2814 3125
4939 3125
-2030 3125
9764 3125
7730 3125
-8009 3125
-1400 3125
1108 3125
-6184 3125
-6583 3125
-9600 3125
3087 3125
746 3125
6168 3125
9388 3125
-1758 3125
-8885 3125
7059 3125
-7138 3125
9592 3125
-1490 3125
-7073 3125
7575 3125
5557 3125
808 3125
-9006 3125
-3805 3125
-3828 3125
5581 3125
-8587 3125
-4622 3125
-3831 3125
-8711 3125
-3084 3125
5090 3125
-1709 3125
6437 3125
214 3125
-9845 3125
3117 3125
-1887 3125
-4916 3125
8971 3125
2793 3125
3160 3125
7072 3125
9494 3125
8835 3125
1205 3125
-3185 3125
3471 3125
617 3125
-5155 3125
7219 3125
-9899 3125
5670 3125
2354 3125
-8306 3125
7104 3125
7258 3125
-9118 3125
8958 3125
-9114 3125
4052 3125
5129 3125
-9402 3125
1507 3125
-4080 3125
7805 3125
-3599 3125
6880 3125
-9526 3125
1854 3125
-7131 3125
5829 3125
-7008 3125
9691 3125
4340 3125
7834 3125
3277 3125
-4162 3125
2165 3125
-8032 3125
-3959 3125
-3364 3125
9482 3125
-1955 3125
9366 3125
-9088 3125
6690 3125
3944 3125
-1335 3125
6860 3125
1595 3125
2896 3125
2888 3125
6164 3125
844 3125
9169 3125
6106 3125
-5665 3125
-8548 3125
-1097 3125
3841 3125
6916 3125
1162 3125
-2326 3125
-314 3125
-3524 3125
-7897 3125
-5567 3125
-688 3125
9387 3125
-4025 3125
-9564 3125
3516 3125
-2357 3125
3039 3125
1314 3125
4912 3125
-3326 3125
-4923 3125
7909 3125
-463 3125
-5461 3125
2529 3125
-8451 3125
2976 3125
4947 3125
1199 3125
8354 3125
-3985 3125
-6676 3125
-2051 3125
9879 3125
-5258 3125
392 3125
2000 3125
-5149 3125
8108 3125
2772 3125
3188 3125
-1136 3125
-5056 3125
-9462 3125
9579 3125
9028 3125
7122 3125
8456 3125
-3817 3125
2897 3125
-8517 3125
7366 3125
-7130 3125
9370 3125
4472 3125
2702 3125
-1019 3125
9950 3125
2396 3125
2721 3125
-9652 3125
-9216 3125
7240 3125
-9841 3125
8157 3125
5770 3125
7025 3125
3959 3125
-8347 3125
-4784 3125
7314 3125
-5606 3125
7059 3125
-3862 3125
-4136 3125
6674 3125
9207 3125
2340 3125
4947 3125
-2434 3125
2279 3125
-838 3125
-6695 3125
-6882 3125
-766 3125
1344 3125
4481 3125
-8492 3125
3051 3125
3863 3125
8558 3125
-7151 3125
-7020 3125
-2981 3125
-5218 3125
-6833 3125
-7600 3125
8595 3125
1421 3125
4718 3125
-4233 3125
6568 3125
7330 3125
5752 3125
-1007 3125
8167 3125
-7148 3125
6327 3125
-4944 3125
-5237 3125
4436 3125
7839 3125
-3936 3125
5570 3125
-4630 3125
-2108 3125
9757 3125
-377 3125
-6476 3125
-6207 3125
2911 3125
-3047 3125
-4658 3125
1758 3125
7613 3125
3720 3125
-7104 3125
-5882 3125
188 3125
7628 3125
-6573 3125
9210 3125
-5859 3125
7022 3125
-764 3125
-9947 3125
7622 3125
-7752 3125
8072 3125
1037 3125
-2697 3125
4482 3125
-8540 3125
-5088 3125
983 3125
-5677 3125
-4781 3125
920 3125
-4573 3125
-459 3125
-5599 3125
-8734 3125
-1065 3125
7090 3125
2274 3125
3853 3125
2922 3125
4554 3125
6226 3125
-9275 3125
6372 3125
7031 3125
-9365 3125
-3978 3125
-9284 3125
-7075 3125
-8926 3125
3950 3125
3367 3125
-673 3125
8393 3125
5197 3125
4429 3125
8454 3125
9843 3125
9716 3125
-6577 3125
7167 3125
-9505 3125
1635 3125
-739 3125
684 3125
-9082 3125
-7176 3125
-5731 3125
-1536 3125
5702 3125
3706 3125
-2441 3125
-3969 3125
-6768 3125
3445 3125
-3581 3125
-7567 3125
-144 3125
-2782 3125
-9658 3125
5571 3125
-2318 3125
-9390 3125
-5938 3125
-9449 3125
-8545 3125
-1179 3125
-8530 3125
-1429 3125
4501 3125
-113 3125
-8872 3125
7303 3125
1371 3125
7945 3125
-1704 3125
4723 3125
-7639 3125
-8114 3125
5572 3125
-6541 3125
8755 3125
3483 3125
-8721 3125
3857 3125
7897 3125
-4713 3125
-2165 3125
5090 3125
-142 3125
-9354 3125
2919 3125
-6893 3125
1297 3125
-8954 3125
4246 3125
8646 3125
5733 3125
5096 3125
-3192 3125
2264 3125
2261 3125
-1747 3125
1458 3125
-2737 3125
6612 3125
-2503 3125
-4537 3125
-8357 3125
8277 3125
-5160 3125
6217 3125
-6876 3125
9569 3125
3431 3125
-4033 3125
5390 3125
6454 3125
-2247 3125
-8226 3125
4811 3125
-5278 3125
-1202 3125
8066 3125
9640 3125
-5999 3125
-4901 3125
-29 3125
364 3125
5743 3125
1274 3125
1121 3125
-1588 3125
-3939 3125
-5631 3125
2753 3125
4589 3125
6948 3125
-2662 3125
-2548 3125
1765 3125
-5059 3125
1553 3125
6513 3125
2688 3125
1407 3125
-2595 3125
-2540 3125
-6004 3125
-2394 3125
-6055 3125
-8055 3125
8175 3125
-1052 3125
4485 3125
9063 3125
6868 3125
1277 3125
1010 3125
7698 3125
402 3125
-1479 3125
-6391 3125
-83 3125
-2531 3125
7394 3125
8176 3125
5178 3125
2125 3125
6498 3125
8610 3125
8952 3125
-9888 3125
-5723 3125
-5705 3125
-2066 3125
-4258 3125
-2851 3125
619 3125
-7868 3125
-4852 3125
6488 3125
-2897 3125
3025 3125
-9256 3125
-2907 3125
-4141 3125
-7431 3125
5933 3125
2851 3125
5688 3125
9615 3125
-8048 3125
1336 3125
9466 3125
-8787 3125
-8096 3125
2751 3125
9557 3125
3949 3125
5593 3125
2316 3125
8645 3125
5876 3125
8984 3125
-6577 3125
8936 3125
-1976 3125
6071 3125
9266 3125
-3284 3125
5911 3125
692 3125
-293 3125
5408 3125
-799 3125
4645 3125
8019 3125
8829 3125
-3523 3125
-1718 3125
-6878 3125
-8628 3125
1956 3125
-2824 3125
-5547 3125
562 3125
7928 3125
-1265 3125
4695 3125
7768 3125
3519 3125
-104 3125
6971 3125
-3062 3125
-8760 3125
7750 3125
-1873 3125
8274 3125
1271 3125
4408 3125
-3627 3125
-2572 3125
3211 3125
-6789 3125
-2325 3125
-1362 3125
3721 3125
4194 3125
1927 3125
9176 3125
9919 3125
-5068 3125
-9244 3125
-9706 3125
-3395 3125
-3121 3125
-29 3125
3818 3125
-9287 3125
741 3125
-8030 3125
9876 3125
9057 3125
4311 3125
8643 3125
537 3125
-3626 3125
-5159 3125
610 3125
-7958 3125
-5100 3125
-8640 3125
-6571 3125
1343 3125
-3620 3125
-2741 3125
-7606 3125
1952 3125
5007 3125
7550 3125
-6544 3125
-6996 3125
4940 3125
1770 3125
-2086 3125
-7109 3125
1091 3125
1503 3125
-7822 3125
3989 3125
-4584 3125
-1949 3125
-6133 3125
-9276 3125
7690 3125
891 3125
-7730 3125
7608 3125
-2253 3125
-2153 3125
9297 3125
-2692 3125
7201 3125
3362 3125
1423 3125
8605 3125
5134 3125
-3078 3125
-8974 3125
762 3125
9237 3125
45 3125
205 3125
-7973 3125
9526 3125
-8639 3125
-6441 3125
-1587 3125
2319 3125
3218 3125
-6162 3125
-7424 3125
-9931 3125
6686 3125
-2307 3125
-203 3125
-2470 3125
-4917 3125
-1700 3125
-2503 3125
-3728 3125
-3448 3125
9285 3125
211 3125
-5237 3125
2147 3125
-1123 3125
-9027 3125
2694 3125
8772 3125
-5147 3125
1079 3125
-6507 3125
-5923 3125
-4524 3125
-6418 3125
9011 3125
8216 3125
6263 3125
-1689 3125
-1289 3125
-6738 3125
-2188 3125
5752 3125
5092 3125
-9879 3125
-4598 3125
-4648 3125
-8985 3125
9894 3125
-7630 3125
-4933 3125
9297 3125
-8945 3125
2448 3125
-8418 3125
-3142 3125
-9880 3125
-8641 3125
2074 3125
-4871 3125
8090 3125
361 3125
-1195 3125
9714 3125
7433 3125
-8884 3125
-7396 3125
4537 3125
-8259 3125
-6723 3125
-6008 3125
-3460 3125
-8077 3125
-8791 3125
-7354 3125
3429 3125
-666 3125
-9208 3125
4392 3125
-5749 3125
1641 3125
-2042 3125
5012 3125
-8626 3125
8309 3125
2602 3125
-8963 3125
-4805 3125
2060 3125
-4076 3125
6830 3125
33 3125
7163 3125
-1631 3125
2285 3125
-7086 3125
-7029 3125
7048 3125
-7840 3125
7093 3125
-8997 3125
-1742 3125
5343 3125
5372 3125
-541 3125
-970 3125
9943 3125
4876 3125
-8916 3125
-9561 3125
6020 3125
-3259 3125
-8837 3125
5195 3125
-1326 3125
7709 3125
-6860 3125
7399 3125
-3884 3125
-5491 3125
5824 3125
-3772 3125
-2493 3125
-2690 3125
7991 3125
5015 3125
-6645 3125
1155 3125
-1882 3125
-5835 3125
-5911 3125
5095 3125
-2338 3125
-6310 3125
5468 3125
-8889 3125
6273 3125
44 3125
7506 3125
8871 3125
-5796 3125
-5546 3125
8412 3125
-6933 3125
-2277 3125
-2494 3125
1024 3125
2647 3125
-7090 3125
2146 3125
3169 3125
1068 3125
4071 3125
-5192 3125
-6889 3125
-8791 3125
-7669 3125
-5756 3125
-7952 3125
-2043 3125
-8201 3125
-5416 3125
8901 3125
-6548 3125
-9183 3125
-9282 3125
997 3125
-729 3125
2287 3125
-7350 3125
-242 3125
2778 3125
1269 3125
-9740 3125
9195 3125
630 3125
-8426 3125
4314 3125
4959 3125
7523 3125
7060 3125
-3007 3125
9145 3125
3057 3125
1985 3125
-4864 3125
4299 3125
5373 3125
4907 3125
172 3125
-1077 3125
-5185 3125
-5306 3125
830 3125
-6257 3125
-5530 3125
-3383 3125
5204 3125
8267 3125
5630 3125
-546 3125
-9987 3125
-6616 3125
-9601 3125
-8105 3125
4933 3125
-1503 3125
7286 3125
-2057 3125
-8366 3125
3875 3125
2254 3125
1465 3125
3508 3125
-8123 3125
-4866 3125
-9245 3125
-9094 3125
-9214 3125
4241 3125
-7010 3125
4314 3125
3967 3125
-7971 3125
949 3125
-8863 3125
-5828 3125
4595 3125
-2520 3125
-9880 3125
-4208 3125
-9632 3125
1820 3125
-1922 3125
-8356 3125
9778 3125
-6064 3125
6417 3125
-3292 3125
6631 3125
9645 3125
-1104 3125
4011 3125
-2883 3125
8579 3125
7224 3125
-5795 3125
6585 3125
8857 3125
4171 3125
-2050 3125
-7326 3125
-6391 3125
-1427 3125
9826 3125
-9950 3125
-3131 3125
1514 3125
2808 3125
-4962 3125
-4789 3125
5355 3125
-7912 3125
719 3125
-31 3125
-8515 3125
-2404 3125
-5973 3125
156 3125
-2731 3125
-6802 3125
6366 3125
-324 3125
5021 3125
7376 3125
-7250 3125
1320 3125
6987 3125
5748 3125
7401 3125
-7473 3125
-2785 3125
-4765 3125
4047 3125
-5939 3125
4594 3125
5920 3125
3398 3125
8030 3125
7133 3125
1560 3125
-4678 3125
-1719 3125
-456 3125
-1155 3125
-8182 3125
-9722 3125
2715 3125
-3596 3125
4969 3125
-2315 3125
-7560 3125
-6554 3125
-7827 3125
-3485 3125
7155 3125
-1303 3125
-4183 3125
8761 3125
7728 3125
5821 3125
-8096 3125
3782 3125
7814 3125
3397 3125
5204 3125
-3575 3125
5477 3125
-4100 3125
-1398 3125
2850 3125
1402 3125
4896 3125
-2719 3125
-3664 3125
1862 3125
9793 3125
667 3125
-372 3125
6062 3125
-2051 3125
-9357 3125
2953 3125
-3786 3125
-6413 3125
1211 3125
9265 3125
4939 3125
1116 3125
3401 3125
5837 3125
8474 3125
-8078 3125
-7948 3125
5569 3125
2057 3125
-2559 3125
3266 3125
2537 3125
8324 3125
-6699 3125
1887 3125
9763 3125
7347 3125
1897 3125
9607 3125
-8092 3125
5191 3125
-9673 3125
-374 3125
3851 3125
2548 3125
-9581 3125
-9610 3125
1393 3125
-134 3125
-4613 3125
452 3125
-82 3125
-2793 3125
9021 3125
8867 3125
1292 3125
-7169 3125
-5303 3125
-9849 3125
445 3125
4372 3125
-1608 3125
2323 3125
8171 3125
2960 3125
7190 3125
-9355 3125
-565 3125
-2741 3125
7779 3125
7954 3125
-6469 3125
-7715 3125
-2507 3125
628 3125
3242 3125
-9205 3125
-366 3125
-9130 3125
155 3125
5197 3125
460 3125
-8452 3125
-6812 3125
-1686 3125
4686 3125
-7265 3125
-1005 3125
-5169 3125
-3009 3125
5262 3125
2822 3125
3648 3125
6103 3125
-8556 3125
5379 3125
7089 3125
-2419 3125
1025 3125
-6811 3125
-1160 3125
-7413 3125
-3311 3125
-2383 3125
-1740 3125
5117 3125
9813 3125
4157 3125
-6400 3125
-22 3125
9163 3125
-4976 3125
-9062 3125
-7821 3125
-8991 3125
-6630 3125
-3598 3125
7589 3125
-6643 3125
-1781 3125
7608 3125
-3624 3125
-6328 3125
2138 3125
4630 3125
-940 3125
-5076 3125
3386 3125
2185 3125
-1135 3125
-5428 3125
6589 3125
8602 3125
-1376 3125
2294 3125
-195 3125
9507 3125
3122 3125
-1799 3125
-2997 3125
8158 3125
-3950 3125
7519 3125
9499 3125
-8707 3125
957 3125
3949 3125
-292 3125
8590 3125
9902 3125
-8165 3125
7472 3125
6306 3125
9350 3125
-2634 3125
7097 3125
-5293 3125
96 3125
-5579 3125
-7505 3125
-6636 3125
847 3125
1027 3125
1541 3125
-6817 3125
6193 3125
-7336 3125
-5714 3125
-2697 3125
-2180 3125
8486 3125
4573 3125
6574 3125
-8429 3125
-3261 3125
-3222 3125
3399 3125
4213 3125
9042 3125
3702 3125
-4387 3125
-8820 3125
718 3125
2814 3125
-9407 3125
1999 3125
-9463 3125
6947 3125
2225 3125
5873 3125
3007 3125
-6858 3125
-7330 3125
1167 3125
-6765 3125
2306 3125
2225 3125
8030 3125
4614 3125
-5147 3125
4179 3125
-7501 3125
-9129 3125
-3978 3125
1892 3125
6358 3125
-1245 3125
1278 3125
6234 3125
3834 3125
1933 3125
7080 3125
2350 3125
3310 3125
3332 3125
-1368 3125
4343 3125
471 3125
9779 3125
-3827 3125
2278 3125
496 3125
1947 3125
4377 3125
5525 3125
7636 3125
8433 3125
-671 3125
7943 3125
9050 3125
-4429 3125
3016 3125
-4463 3125
-5762 3125
-9186 3125
2347 3125
584 3125
-6516 3125
-9362 3125
3215 3125
20 3125
-3067 3125
-3348 3125
760 3125
-6207 3125
2753 3125
640 3125
2024 3125
-7483 3125
-8144 3125
6512 3125
-4237 3125
3342 3125
-6395 3125
3373 3125
9487 3125
1209 3125
3159 3125
892 3125
-7056 3125
-7050 3125
7737 3125
8787 3125
-1234 3125
-5050 3125
-6556 3125
3153 3125
-5743 3125
6458 3125
775 3125
9949 3125
9342 3125
-1199 3125
-3819 3125
5797 3125
-6083 3125
7794 3125
5933 3125
-2404 3125
9153 3125
9958 3125
-6283 3125
-8662 3125
377 3125
443 3125
-2945 3125
-8185 3125
-6355 3125
1521 3125
3778 3125
5602 3125
1253 3125
8976 3125
-7596 3125
5681 3125
8679 3125
-8595 3125
1656 3125
-9806 3125
3506 3125
5315 3125
6740 3125
-5103 3125
8379 3125
-6376 3125
-9942 3125
-747 3125
-8892 3125
-9258 3125
9238 3125
4500 3125
5262 3125
-9698 3125
9125 3125
-7453 3125
3801 3125
2602 3125
-9067 3125
9339 3125
107 3125
9528 3125
3341 3125
5265 3125
1861 3125
6290 3125
-9650 3125
8144 3125
-5176 3125
6146 3125
1422 3125
-5745 3125
-9218 3125
-7703 3125
9745 3125
8156 3125
-5510 3125
-5942 3125
-8998 3125
-6943 3125
63 3125
-2814 3125
-6994 3125
-3069 3125
2313 3125
7066 3125
8374 3125
7097 3125
-6938 3125
-2123 3125
9204 3125
-4283 3125
4790 3125
-5730 3125
533 3125
-6441 3125
7774 3125
-9088 3125
-7004 3125
-4999 3125
8500 3125
51 3125
9127 3125
3981 3125
-4066 3125
9803 3125
8757 3125
7233 3125
4474 3125
-3904 3125
-1939 3125
-6278 3125
-7238 3125
-2221 3125
-1836 3125
-2383 3125
-9162 3125
-8746 3125
-6839 3125
9219 3125
-9247 3125
-2335 3125
5431 3125
-4565 3125
-8144 3125
-2402 3125
-9941 3125
-6139 3125
-8402 3125
-702 3125
9063 3125
8526 3125
3873 3125
-7469 3125
-5057 3125
5953 3125
5872 3125
-4257 3125
1623 3125
8685 3125
-381 3125
-7329 3125
-4273 3125
9366 3125
8102 3125
-7572 3125
9353 3125
-1854 3125
-3358 3125
-7064 3125
4422 3125
6626 3125
4727 3125
-2664 3125
-6409 3125
1951 3125
7622 3125
-8079 3125
2734 3125
5007 3125
4662 3125
-8747 3125
8002 3125
-305 3125
-112 3125
-3280 3125
486 3125
4970 3125
931 3125
303 3125
-6056 3125
-3167 3125
8947 3125
3117 3125
8194 3125
3300 3125
4014 3125
-2924 3125
-93 3125
4704 3125
2411 3125
9355 3125
-2173 3125
-1560 3125
6959 3125
218 3125
4971 3125
9423 3125
-2573 3125
9960 3125
6478 3125
-2650 3125
7116 3125
-2438 3125
2965 3125
-7487 3125
7563 3125
-7376 3125
1032 3125
-711 3125
-301 3125
7401 3125
-8935 3125
-2877 3125
-2602 3125
-5343 3125
7809 3125
6718 3125
-786 3125
450 3125
542 3125
7670 3125
7935 3125
-8665 3125
11 3125
6326 3125
-4594 3125
4069 3125
7859 3125
-9950 3125
5967 3125
-4533 3125
5496 3125
-564 3125
431 3125
367 3125
7047 3125
8927 3125
-1489 3125
-4283 3125
9157 3125
-6902 3125
5470 3125
-1152 3125
-4494 3125
-1569 3125
-3562 3125
6243 3125
-8433 3125
-3580 3125
-2061 3125
5338 3125
7477 3125
-4919 3125
-1102 3125
3854 3125
-2329 3125
-6421 3125
-5199 3125
427 3125
-8756 3125
-1343 3125
-913 3125
-9538 3125
-3001 3125
4105 3125
-5556 3125
-7223 3125
-2454 3125
-4768 3125
-6239 3125
-9359 3125
-4664 3125
4912 3125
193 3125
-7123 3125
-250 3125
2936 3125
-5237 3125
3265 3125
-5153 3125
-2623 3125
6816 3125
6182 3125
-3051 3125
-6620 3125
3276 3125
8002 3125
3942 3125
252 3125
-7494 3125
-8220 3125
-2806 3125
-7166 3125
-2012 3125
1282 3125
2364 3125
2738 3125
-8480 3125
-6745 3125
-4012 3125
2040 3125
87 3125
-8505 3125
4319 3125
-1791 3125
-922 3125
4343 3125
-7305 3125
322 3125
1952 3125
-1949 3125
6313 3125
6957 3125
-1194 3125
9513 3125
-1420 3125
2389 3125
844 3125
2100 3125
5317 3125
-3131 3125
371 3125
9375 3125
-8872 3125
-5945 3125
7271 3125
3244 3125
-1124 3125
3092 3125
-9959 3125
-900 3125
-258 3125
6280 3125
7081 3125
-137 3125
-4714 3125
-5715 3125
-2518 3125
-4550 3125
-4755 3125
-6321 3125
3086 3125
7224 3125
1816 3125
8166 3125
2614 3125
-1634 3125
9894 3125
-7695 3125
-2295 3125
4110 3125
-4932 3125
4202 3125
-5562 3125
983 3125
7669 3125
-1850 3125
-8743 3125
5753 3125
-4205 3125
9961 3125
2437 3125
-9407 3125
6715 3125
6669 3125
-3038 3125
6323 3125
97 3125
-60 3125
-5181 3125
1861 3125
-2000 3125
-7670 3125
-4028 3125
7499 3125
1121 3125
-3753 3125
-321 3125
5571 3125
-3023 3125
-3523 3125
8639 3125
3521 3125
-3036 3125
-6568 3125
-9335 3125
2883 3125
6464 3125
2692 3125
6752 3125
904 3125
-7221 3125
855 3125
-2585 3125
-6714 3125
-1347 3125
-7019 3125
4421 3125
5654 3125
3839 3125
7189 3125
598 3125
4134 3125
6744 3125
-2242 3125
-8565 3125
-1760 3125
-925 3125
-7866 3125
-5646 3125
-8531 3125
-4893 3125
9326 3125
6070 3125
6888 3125
-1975 3125
-2619 3125
-5825 3125
-6930 3125
-5306 3125
-5610 3125
-6499 3125
4845 3125
1299 3125
-6820 3125
9662 3125
4089 3125
-1795 3125
8384 3125
-204 3125
6084 3125
8151 3125
-3287 3125
9194 3125
5623 3125
5109 3125
8681 3125
-172 3125
-5098 3125
-9248 3125
8101 3125
-8508 3125
-2030 3125
-7862 3125
-2523 3125
-6254 3125
-652 3125
1441 3125
-1617 3125
9017 3125
-7670 3125
-5733 3125
1139 3125
1960 3125
-7649 3125
-611 3125
-558 3125
3685 3125
-4240 3125
-1113 3125
680 3125
6938 3125
5532 3125
9426 3125
1013 3125
8405 3125
-9972 3125
9758 3125
-5491 3125
-4513 3125
5917 3125
7878 3125
3862 3125
7938 3125
-6239 3125
-4030 3125
4639 3125
-8088 3125
8775 3125
-3083 3125
-8384 3125
-4105 3125
8274 3125
5538 3125
1553 3125
-1502 3125
1274 3125
2487 3125
9160 3125
-9783 3125
9470 3125
-2895 3125
-1495 3125
-9426 3125
-7699 3125
-9463 3125
-91 3125
-9770 3125
-2735 3125
6978 3125
7760 3125
-2700 3125
2542 3125
-668 3125
2177 3125
4190 3125
2282 3125
2193 3125
8688 3125
-8286 3125
-6907 3125
-1381 3125
-7725 3125
7725 3125
4432 3125
1120 3125
-7949 3125
-4388 3125
5368 3125
3325 3125
5696 3125
1037 3125
-2200 3125
-3725 3125
3310 3125
-686 3125
4188 3125
-6878 3125
-3470 3125
8791 3125
-659 3125
-2778 3125
8609 3125
5800 3125
-1591 3125
9170 3125
7594 3125
-2032 3125
-1848 3125
-3057 3125
7011 3125
-5611 3125
-2113 3125
-2144 3125
4112 3125
-8567 3125
3689 3125
-9414 3125
6503 3125
4701 3125
-6767 3125
-6708 3125
312 3125
-6389 3125
1331 3125
-9922 3125
-7082 3125
-1144 3125
2540 3125
4056 3125
873 3125
3752 3125
-9358 3125
7482 3125
2909 3125
-4685 3125
-3012 3125
-7068 3125
-4174 3125
2350 3125
-6072 3125
3349 3125
758 3125
-3655 3125
-8516 3125
7554 3125
-3457 3125
-4711 3125
935 3125
-8728 3125
66 3125
-1219 3125
2726 3125
8678 3125
1489 3125
-5018 3125
7093 3125
-1307 3125
-9915 3125
-6005 3125
1839 3125
2474 3125
2365 3125
9107 3125
-770 3125
-1128 3125
-2848 3125
293 3125
26 3125
-7049 3125
1155 3125
2027 3125
2131 3125
9349 3125
2551 3125
-8590 3125
5401 3125
9298 3125
-7273 3125
9169 3125
-5024 3125
3818 3125
-8591 3125
-958 3125
6046 3125
-7951 3125
-1519 3125
-5678 3125
7558 3125
3360 3125
-9291 3125
5339 3125
9965 3125
7427 3125
4799 3125
36 3125
1469 3125
-1840 3125
8088 3125
2262 3125
1288 3125
-2422 3125
8546 3125
4361 3125
4389 3125
-3702 3125
3591 3125
-5101 3125
-4063 3125
-2848 3125
-1967 3125
5203 3125
6171 3125
6723 3125
-1619 3125
-6691 3125
2763 3125
-999 3125
-6699 3125
795 3125
-2879 3125
-5177 3125
-4993 3125
-8539 3125
-4804 3125
8193 3125
2273 3125
-9258 3125
3632 3125
8047 3125
8192 3125
4540 3125
1708 3125
978 3125
6466 3125
187 3125
7931 3125
7927 3125
7231 3125
-4011 3125
5988 3125
-5714 3125
-4171 3125
-5098 3125
-521 3125
6978 3125
5533 3125
7591 3125
4093 3125
5274 3125
-3695 3125
8014 3125
-5122 3125
8085 3125
-8783 3125
-7639 3125
-932 3125
1245 3125
-7314 3125
4355 3125
6418 3125
-5496 3125
5767 3125
-8792 3125
7114 3125
-8414 3125
5292 3125
-1794 3125
-9495 3125
-8591 3125
-5955 3125
6061 3125
7588 3125
5545 3125
8042 3125
3456 3125
-9215 3125
-3342 3125
-3087 3125
-7460 3125
5378 3125
8897 3125
-3262 3125
-2611 3125
3220 3125
5384 3125
994 3125
2240 3125
8963 3125
7853 3125
-8334 3125
-2151 3125
4293 3125
4472 3125
6217 3125
5000 3125
-7165 3125
-2992 3125
7442 3125
1600 3125
-2031 3125
9319 3125
-6027 3125
8489 3125
-1906 3125
-7072 3125
-157 3125
-8545 3125
6689 3125
1034 3125
-8960 3125
7657 3125
6567 3125
6709 3125
-3132 3125
2909 3125
1957 3125
-5432 3125
-5136 3125
-9599 3125
2498 3125
-6928 3125
5864 3125
8708 3125
4691 3125
-1487 3125
720 3125
1541 3125
-379 3125
-8374 3125
-5278 3125
649 3125
-2926 3125
-8452 3125
6326 3125
2552 3125
-5783 3125
9747 3125
263 3125
-384 3125
-6624 3125
-2464 3125
4168 3125
8031 3125
-7130 3125
-3009 3125
7016 3125
-1902 3125
-3829 3125
2729 3125
-5598 3125
-4395 3125
-2192 3125
1433 3125
7824 3125
-9887 3125
9336 3125
5961 3125
9482 3125
-6635 3125
883 3125
-4963 3125
3483 3125
-4019 3125
9543 3125
1743 3125
1808 3125
1167 3125
-1034 3125
939 3125
-6227 3125
-4281 3125
-9927 3125
-1012 3125
8095 3125
-3789 3125
-1206 3125
3223 3125
2762 3125
8586 3125
-3572 3125
551 3125
-7677 3125
8865 3125
-8505 3125
8475 3125
8284 3125
9339 3125
-4125 3125
5967 3125
-6886 3125
-6990 3125
7586 3125
-7490 3125
7749 3125
3267 3125
-5891 3125
6010 3125
3909 3125
2646 3125
-6860 3125
-424 3125
-1744 3125
-4998 3125
5249 3125
-2961 3125
-9503 3125
9809 3125
-973 3125
195 3125
6453 3125
8164 3125
-1112 3125
7717 3125
1254 3125
5212 3125
-9268 3125
-6814 3125
-718 3125
-4392 3125
7646 3125
-3948 3125
722 3125
9082 3125
9712 3125
6265 3125
-4819 3125
-1606 3125
-93 3125
-7920 3125
-8833 3125
6843 3125
-6482 3125
-9409 3125
-3762 3125
-6281 3125
4237 3125
6796 3125
4425 3125
2427 3125
4906 3125
-7550 3125
-7343 3125
-3683 3125
823 3125
-5371 3125
-5135 3125
-1339 3125
8987 3125
502 3125
2578 3125
-9440 3125
-887 3125
-4363 3125
6287 3125
-8626 3125
3986 3125
5624 3125
-8588 3125
-7297 3125
-5817 3125
497 3125
-4055 3125
-7200 3125
-9641 3125
9914 3125
5857 3125
-5295 3125
9303 3125
1373 3125
5815 3125
-2687 3125
-5087 3125
4262 3125
770 3125
8932 3125
-2074 3125
8940 3125
365 3125
8944 3125
-2648 3125
8067 3125
705 3125
937 3125
-137 3125
-5778 3125
-7369 3125
-1195 3125
7369 3125
9031 3125
2078 3125
453 3125
6960 3125
6045 3125
771 3125
-1360 3125
-8794 3125
-7816 3125
3065 3125
5284 3125
7223 3125
6098 3125
1275 3125
-80 3125
1134 3125
-8153 3125
1453 3125
-7071 3125
4191 3125
4416 3125
9961 3125
-2147 3125
-8595 3125
6135 3125
3523 3125
-6786 3125
-6715 3125
2705 3125
9627 3125
36 3125
-8337 3125
120 3125
-1407 3125
8714 3125
2999 3125
2499 3125
-7601 3125
2188 3125
-1999 3125
2248 3125
5100 3125
7215 3125
-171 3125
-8581 3125
-9639 3125
-3898 3125
-4863 3125
7632 3125
5073 3125
955 3125
-8074 3125
2412 3125
5807 3125
-5111 3125
-3076 3125
7964 3125
-7432 3125
-5165 3125
-2820 3125
-4171 3125
-4314 3125
-8908 3125
6147 3125
5869 3125
-7220 3125
-3343 3125
-516 3125
-68 3125
59 3125
-4146 3125
7968 3125
2738 3125
-1589 3125
1620 3125
-1025 3125
-9293 3125
6886 3125
-8930 3125
-3122 3125
-1171 3125
247 3125
-8663 3125
1956 3125
-8867 3125
8971 3125
2989 3125
-9120 3125
-3157 3125
1032 3125
9768 3125
7212 3125
-7186 3125
-8174 3125
1115 3125
5639 3125
-7277 3125
4335 3125
9837 3125
7991 3125
81 3125
-5736 3125
-9765 3125
4067 3125
-5549 3125
8840 3125
5248 3125
-9556 3125
-3515 3125
9780 3125
-9676 3125
-633 3125
7902 3125
-5679 3125
-2873 3125
2775 3125
6557 3125
-2735 3125
1828 3125
7080 3125
-7352 3125
8231 3125
-1587 3125
-4795 3125
2488 3125
8647 3125
-9082 3125
2072 3125
8302 3125
-7739 3125
-3537 3125
8348 3125
-7390 3125
-3502 3125
-4514 3125
9456 3125
-2954 3125
6749 3125
-3954 3125
-1092 3125
3884 3125
-5341 3125
2350 3125
-2040 3125
9686 3125
-8077 3125
2041 3125
8788 3125
5731 3125
-595 3125
4424 3125
9965 3125
-7078 3125
6725 3125
-5323 3125
-8921 3125
-4198 3125
6608 3125
-3409 3125
435 3125
-6450 3125
4159 3125
419 3125
-3735 3125
-6754 3125
1731 3125
-5663 3125
6492 3125
-1988 3125
-4694 3125
6835 3125
-2038 3125
7490 3125
-7103 3125
3231 3125
-5186 3125
-2718 3125
3725 3125
4922 3125
3876 3125
-7160 3125
2245 3125
7189 3125
809 3125
4723 3125
2215 3125
-9371 3125
-6148 3125
-409 3125
5227 3125
-7139 3125
-8495 3125
-7584 3125
6831 3125
2409 3125
-7218 3125
1185 3125
1930 3125
4217 3125
-1598 3125
-8130 3125
-1824 3125
-9006 3125
-7736 3125
-3950 3125
-3076 3125
7668 3125
-17 3125
-6120 3125
7484 3125
148 3125
4652 3125
-4622 3125
2365 3125
1178 3125
-1322 3125
-793 3125
569 3125
5415 3125
-6304 3125
-4236 3125
-3837 3125
-5523 3125
-6308 3125
7498 3125
-9659 3125
-8397 3125
7523 3125
3940 3125
-2257 3125
-3043 3125
6085 3125
-6435 3125
570 3125
8060 3125
1452 3125
7196 3125
5907 3125
4936 3125
2460 3125
-3736 3125
5664 3125
-5019 3125
-704 3125
-3944 3125
1077 3125
6507 3125
-8220 3125
1347 3125
2125 3125
-4339 3125
-8773 3125
9376 3125
-3447 3125
-2604 3125
-6170 3125
8612 3125
-4592 3125
2409 3125
8132 3125
4040 3125
8821 3125
-5206 3125
4102 3125
-6675 3125
207 3125
5071 3125
-1593 3125
-7333 3125
-9677 3125
467 3125
-3795 3125
-2581 3125
6543 3125
8123 3125
-456 3125
-3157 3125
9003 3125
706 3125
9312 3125
-7537 3125
-7740 3125
-1721 3125
3986 3125
4105 3125
-3009 3125
-3483 3125
-7308 3125
3580 3125
7061 3125
-2123 3125
-657 3125
2904 3125
4442 3125
9593 3125
-435 3125
2851 3125
-2237 3125
-5864 3125
534 3125
-8559 3125
-6029 3125
2018 3125
-976 3125
-3005 3125
-7103 3125
-3140 3125
-8628 3125
7624 3125
-3121 3125
-361 3125
763 3125
7390 3125
6850 3125
-2160 3125
-5508 3125
-3751 3125
-2548 3125
-6956 3125
-2292 3125
5407 3125
-4580 3125
2590 3125
-9220 3125
-7284 3125
-1041 3125
-1373 3125
-6210 3125
-8262 3125
-9941 3125
8297 3125
-5359 3125
-4261 3125
-2410 3125
-2106 3125
-5933 3125
-3409 3125
-6971 3125
-6234 3125
-3677 3125
6636 3125
-7299 3125
-1253 3125
7589 3125
4980 3125
-1892 3125
-8707 3125
5685 3125
-7252 3125
5952 3125
-2846 3125
5439 3125
-83 3125
-7782 3125
-7851 3125
7098 3125
-3757 3125
2999 3125
-4620 3125
-5402 3125
-5316 3125
-7338 3125
-9014 3125
9891 3125
952 3125
-9822 3125
5469 3125
1668 3125
-9795 3125
-9934 3125
-5197 3125
-8777 3125
-3948 3125
256 3125
1242 3125
-6406 3125
-9593 3125
8069 3125
-7174 3125
-7832 3125
560 3125
-3750 3125
-1924 3125
7535 3125
-3172 3125
-2385 3125
-7877 3125
-3033 3125
5669 3125
-3208 3125
-132 3125
9252 3125
-1502 3125
-9703 3125
-1346 3125
271 3125
4187 3125
401 3125
1238 3125
-4919 3125
856 3125
-960 3125
2674 3125
4259 3125
7656 3125
-507 3125
-4478 3125
4496 3125
-5514 3125
9466 3125
-9470 3125
-4773 3125
8837 3125
-4946 3125
43 3125
7224 3125
6583 3125
8418 3125
-9212 3125
-5785 3125
3993 3125
2552 3125
8619 3125
-4543 3125
-5140 3125
-1805 3125
-561 3125
5100 3125
3291 3125
5219 3125
9296 3125
-2741 3125
4426 3125
-4081 3125
-5884 3125
-3884 3125
-2812 3125
4924 3125
-6433 3125
-5958 3125
2938 3125
-2776 3125
-5077 3125
-5520 3125
-4135 3125
9872 3125
7748 3125
-7041 3125
8391 3125
-5239 3125
-6679 3125
-8706 3125
-5418 3125
4883 3125
-5528 3125
1523 3125
8279 3125
627 3125
3078 3125
-3061 3125
3718 3125
5911 3125
-3522 3125
-2204 3125
-5634 3125
646 3125
7642 3125
749 3125
1754 3125
2532 3125
-1491 3125
1267 3125
1421 3125
-4567 3125
9257 3125
9751 3125
-8393 3125
1410 3125
-3714 3125
-7574 3125
148 3125
-1433 3125
-2410 3125
-5233 3125
-174 3125
9797 3125
-6067 3125
-1161 3125
2441 3125
-5539 3125
6225 3125
-828 3125
-3908 3125
-4134 3125
571 3125
6437 3125
6724 3125
-2081 3125
5902 3125
-5498 3125
-9721 3125
5098 3125
6178 3125
-1147 3125
7125 3125
764 3125
-9874 3125
-8907 3125
137 3125
-5670 3125
-8601 3125
-319 3125
8108 3125
9081 3125
-4386 3125
6496 3125
-4862 3125
-374 3125
-3733 3125
-5836 3125
928 3125
-9522 3125
-1429 3125
3520 3125
-8449 3125
-3662 3125
3437 3125
1957 3125
1656 3125
-6600 3125
-4249 3125
4725 3125
9444 3125
2417 3125
372 3125
-4397 3125
-8561 3125
1767 3125
-3577 3125
7424 3125
-4394 3125
-8476 3125
3689 3125
2420 3125
5040 3125
8667 3125
1 3125
958 3125
-9133 3125
-5086 3125
6906 3125
-5174 3125
5851 3125
8362 3125
-477 3125
7564 3125
7726 3125
-6209 3125
8870 3125
-1424 3125
2030 3125
999 3125
3610 3125
-2676 3125
6307 3125
3967 3125
-6491 3125
-4040 3125
-1759 3125
7597 3125
-877 3125
-6889 3125
1830 3125
-9495 3125
-3426 3125
-4349 3125
-2500 3125
5764 3125
875 3125
-6412 3125
5760 3125
1838 3125
3989 3125
-3055 3125
-4402 3125
-5226 3125
2125 3125
-8282 3125
8888 3125
4244 3125
7057 3125
1905 3125
-8222 3125
-6995 3125
9318 3125
5191 3125
4815 3125
3842 3125
4703 3125
6215 3125
7314 3125
-6808 3125
8604 3125
7882 3125
-8441 3125
296 3125
6481 3125
-9397 3125
-2710 3125
-7513 3125
6878 3125
2543 3125
-9666 3125
-1683 3125
-7238 3125
5645 3125
-9498 3125
7808 3125
-4854 3125
311 3125
-7761 3125
-2287 3125
6645 3125
-8827 3125
46 3125
-7725 3125
-7582 3125
4927 3125
-7719 3125
6697 3125
-4294 3125
4412 3125
-3727 3125
-7551 3125
9251 3125
6616 3125
9265 3125
5399 3125
2027 3125
5722 3125
-2076 3125
3403 3125
-4805 3125
-9558 3125
8729 3125
6408 3125
2006 3125
6099 3125
3811 3125
-1859 3125
-8035 3125
6492 3125
-7555 3125
9918 3125
8897 3125
-644 3125
-1360 3125
9877 3125
-7703 3125
-8546 3125
-5206 3125
3710 3125
-2086 3125
-8774 3125
-6734 3125
3139 3125
7081 3125
8774 3125
175 3125
3987 3125
929 3125
4068 3125
1447 3125
2972 3125
-7194 3125
8487 3125
9262 3125
-70 3125
4693 3125
-5539 3125
-5870 3125
-4687 3125
-3149 3125
-7709 3125
-6405 3125
2024 3125
9564 3125
-136 3125
-1742 3125
-5406 3125
1469 3125
1684 3125
8401 3125
-8228 3125
2554 3125
9268 3125
-3032 3125
-2140 3125
-692 3125
-417 3125
3326 3125
-4193 3125
-3103 3125
9693 3125
-8067 3125
769 3125
5665 3125
-6661 3125
1672 3125
8704 3125
-9626 3125
-343 3125
1430 3125
5669 3125
-7539 3125
-3243 3125
6207 3125
8043 3125
-6759 3125
5372 3125
-8749 3125
-5272 3125
-106 3125
2444 3125
3269 3125
5233 3125
-1259 3125
-1414 3125
3283 3125
-3800 3125
4012 3125
3317 3125
9121 3125
-6511 3125
7738 3125
-2071 3125
-5656 3125
7311 3125
5523 3125
1036 3125
6940 3125
-7519 3125
3147 3125
-4476 3125
1148 3125
3750 3125
-1637 3125
-9974 3125
2891 3125
7589 3125
-8082 3125
-8417 3125
-9394 3125
9350 3125
-8563 3125
913 3125
4679 3125
-3503 3125
-6556 3125
4652 3125
6269 3125
-7188 3125
5045 3125
8813 3125
-5453 3125
5022 3125
9833 3125
-1153 3125
-9602 3125
-4485 3125
-7727 3125
-4523 3125
-9473 3125
4089 3125
3923 3125
8745 3125
-5202 3125
3222 3125
-8511 3125
-5993 3125
6040 3125
-2118 3125
-6655 3125
-9034 3125
-1765 3125
-7270 3125
9377 3125
7873 3125
-6890 3125
8901 3125
-9431 3125
1820 3125
3377 3125
3879 3125
5434 3125
-7983 3125
-6198 3125
1429 3125
-9526 3125
-6803 3125
-5960 3125
-8531 3125
-1818 3125
8937 3125
-9980 3125
1252 3125
2939 3125
7567 3125
7328 3125
8964 3125
3273 3125
1237 3125
8278 3125
-9026 3125
-905 3125
-6034 3125
5484 3125
9652 3125
9492 3125
-7375 3125
6026 3125
240 3125
5443 3125
3911 3125
-7139 3125
-8094 3125
-5552 3125
-6020 3125
-1550 3125
-8976 3125
6263 3125
-2234 3125
8073 3125
4964 3125
607 3125
-3537 3125
-7199 3125
-7865 3125
3410 3125
6803 3125
6253 3125
8516 3125
1384 3125
5087 3125
9856 3125
-8087 3125
5441 3125
-6438 3125
5605 3125
-3709 3125
-8884 3125
-4407 3125
2043 3125
3518 3125
-8994 3125
2568 3125
-1817 3125
-497 3125
6145 3125
-5314 3125
-8328 3125
-1312 3125
5181 3125
-4045 3125
8696 3125
-2404 3125
2674 3125
8005 3125
3943 3125
8838 3125
-8606 3125
-9788 3125
3028 3125
3600 3125
-2495 3125
-7303 3125
1864 3125
6350 3125
7665 3125
6861 3125
-5686 3125
3909 3125
-5071 3125
-5455 3125
1252 3125
-1100 3125
7730 3125
-9808 3125
-5527 3125
1268 3125
-1412 3125
7029 3125
-5252 3125
-6865 3125
-8889 3125
-6139 3125
-7528 3125
6856 3125
7111 3125
3011 3125
7047 3125
-8958 3125
7749 3125
-6270 3125
2528 3125
3157 3125
-9029 3125
2217 3125
-7948 3125
-5673 3125
6270 3125
2172 3125
-1541 3125
-6506 3125
-3304 3125
7290 3125
-9197 3125
905 3125
-2944 3125
-8706 3125
-6915 3125
9033 3125
8553 3125
4509 3125
6688 3125
3043 3125
-4182 3125
6466 3125
-664 3125
8884 3125
-9472 3125
-8018 3125
-7355 3125
-4009 3125
-8409 3125
3416 3125
-1804 3125
3860 3125
-7469 3125
-9375 3125
-403 3125
6719 3125
-5034 3125
8186 3125
7804 3125
-7949 3125
1194 3125
-3087 3125
-6622 3125
-8127 3125
6795 3125
-1604 3125
-4907 3125
-7394 3125
-6178 3125
1907 3125
4093 3125
5629 3125
6441 3125
-6074 3125
471 3125
-1079 3125
6500 3125
1195 3125
-9622 3125
5803 3125
-1509 3125
-8911 3125
-2229 3125
-404 3125
1527 3125
-1233 3125
-3011 3125
7013 3125
3803 3125
469 3125
3728 3125
-745 3125
9947 3125
9654 3125
-4576 3125
5358 3125
-8133 3125
5668 3125
-1788 3125
9426 3125
-2128 3125
1373 3125
8994 3125
-3345 3125
-8160 3125
2682 3125
7317 3125
3633 3125
-2161 3125
-9989 3125
1139 3125
3631 3125
-4187 3125
6347 3125
-524 3125
-878 3125
2669 3125
-7091 3125
7411 3125
7904 3125
-4332 3125
7557 3125
1830 3125
5422 3125
9944 3125
7726 3125
829 3125
-4724 3125
6690 3125
-6379 3125
1343 3125
-963 3125
3502 3125
-3359 3125
-3380 3125
-5705 3125
-284 3125
97 3125
-7985 3125
-3095 3125
6142 3125
-8780 3125
1489 3125
6484 3125
4929 3125
7281 3125
-4991 3125
-3262 3125
-6626 3125
-3099 3125
7549 3125
2463 3125
4159 3125
4251 3125
-1567 3125
-8495 3125
-5741 3125
-35 3125
3793 3125
6322 3125
2162 3125
-1814 3125
-3785 3125
8709 3125
-9280 3125
-3553 3125
6697 3125
-196 3125
4135 3125
3611 3125
1164 3125
2994 3125
-2807 3125
-3420 3125
197 3125
-1015 3125
-35 3125
-2607 3125
7851 3125
2410 3125
-6760 3125
1537 3125
9521 3125
-3325 3125
5856 3125
-427 3125
3038 3125
7714 3125
816 3125
8640 3125
-2168 3125
26 3125
245 3125
-6245 3125
912 3125
2553 3125
950 3125
-4954 3125
3497 3125
-9573 3125
-2813 3125
-4689 3125
-6006 3125
-1348 3125
5940 3125
-2163 3125
7712 3125
9 3125
-1728 3125
-7791 3125
1628 3125
3283 3125
4923 3125
1255 3125
4471 3125
7703 3125
-4357 3125
6006 3125
395 3125
4650 3125
7461 3125
8818 3125
9395 3125
-9661 3125
-6933 3125
6054 3125
9534 3125
2350 3125
5925 3125
6205 3125
3566 3125
-6866 3125
-4368 3125
4890 3125
-3886 3125
-2406 3125
6472 3125
8164 3125
5349 3125
2233 3125
-5413 3125
1707 3125
-4617 3125
-3853 3125
-9199 3125
3392 3125
-8672 3125
9679 3125
1982 3125
1307 3125
-6169 3125
-7409 3125
5427 3125
-8275 3125
6092 3125
9283 3125
-3686 3125
-6189 3125
3026 3125
-365 3125
-7307 3125
-328 3125
-2653 3125
1663 3125
-8944 3125
4893 3125
-1392 3125
1060 3125
-1525 3125
7676 3125
-7439 3125
-727 3125
-859 3125
1259 3125
-3950 3125
-1390 3125
6724 3125
193 3125
3363 3125
9072 3125
-6959 3125
7898 3125
2823 3125
1808 3125
-1879 3125
3371 3125
9802 3125
-2341 3125
-4296 3125
7559 3125
-153 3125
-6829 3125
7608 3125
-7219 3125
-7754 3125
7481 3125
4019 3125
-1216 3125
-5540 3125
-3952 3125
4711 3125
833 3125
-4988 3125
9843 3125
-7955 3125
-2320 3125
971 3125
-9627 3125
3697 3125
9339 3125
5057 3125
2223 3125
-7018 3125
6347 3125
2947 3125
3655 3125
725 3125
-4266 3125
-4121 3125
-3302 3125
-8698 3125
9131 3125
2183 3125
7939 3125
-6917 3125
-9016 3125
-7718 3125
-2559 3125
-8066 3125
3548 3125
-6227 3125
3897 3125
5366 3125
2853 3125
4336 3125
2957 3125
1792 3125
-4962 3125
6572 3125
-2970 3125
8150 3125
4396 3125
-881 3125
6074 3125
-3162 3125
-9823 3125
7920 3125
5943 3125
-6950 3125
8164 3125
-4698 3125
-734 3125
6457 3125
-1257 3125
-3217 3125
302 3125
-223 3125
-7868 3125
-1385 3125
121 3125
-667 3125
-1867 3125
9086 3125
-4073 3125
8426 3125
-4006 3125
-8152 3125
4738 3125
5556 3125
7653 3125
-7531 3125
-6250 3125
-7923 3125
9126 3125
-6109 3125
-9419 3125
-4718 3125
-9770 3125
1641 3125
1843 3125
6049 3125
7482 3125
-7364 3125
-131 3125
-1905 3125
-2589 3125
-5638 3125
679 3125
7544 3125
-6537 3125
-1150 3125
713 3125
9095 3125
5073 3125
-6016 3125
-2422 3125
-115 3125
-6035 3125
1694 3125
7548 3125
2189 3125
2997 3125
-1528 3125
5441 3125
-7547 3125
947 3125
2526 3125
-9283 3125
4962 3125
-3998 3125
-3147 3125
960 3125
919 3125
-6148 3125
-9208 3125
-6891 3125
6132 3125
-9206 3125
-7648 3125
-6631 3125
-2133 3125
-6831 3125
7036 3125
4897 3125
-3831 3125
5001 3125
4434 3125
5804 3125
-1851 3125
1459 3125
-9559 3125
-7179 3125
-7972 3125
-7471 3125
-3742 3125
2174 3125
9011 3125
-5484 3125
-2880 3125
8607 3125
-6707 3125
-6487 3125
-3383 3125
7544 3125
5360 3125
-2394 3125
713 3125
3605 3125
2822 3125
-2363 3125
-1735 3125
7810 3125
6076 3125
5347 3125
3472 3125
2850 3125
6109 3125
2283 3125
-8398 3125
-7526 3125
1241 3125
-1149 3125
6498 3125
-5018 3125
-886 3125
1263 3125
6796 3125
5101 3125
9619 3125
5912 3125
-177 3125
-9072 3125
-8631 3125
547 3125
-8547 3125
-9750 3125
-6698 3125
-2543 3125
-6889 3125
6717 3125
8172 3125
4551 3125
8327 3125
2211 3125
6087 3125
5165 3125
5305 3125
330 3125
441 3125
5019 3125
-4587 3125
-825 3125
6139 3125
-7485 3125
-4606 3125
-7016 3125
4809 3125
8393 3125
-6961 3125
6022 3125
1200 3125
9931 3125
-7192 3125
7740 3125
4231 3125
-5788 3125
3080 3125
8564 3125
1517 3125
-5980 3125
-2286 3125
4095 3125
-8556 3125
-575 3125
9912 3125
-7951 3125
-1979 3125
-468 3125
8702 3125
7196 3125
-2087 3125
6613 3125
6808 3125
-2899 3125
-4809 3125
-1501 3125
-432 3125
6695 3125
-8043 3125
-5047 3125
-9936 3125
1752 3125
-478 3125
-9113 3125
-1656 3125
-5553 3125
1337 3125
9149 3125
-1374 3125
7235 3125
-1765 3125
4718 3125
-3272 3125
-4221 3125
-1558 3125
8361 3125
-6923 3125
-9679 3125
9740 3125
1305 3125
-4081 3125
-9816 3125
-3368 3125
3776 3125
-4733 3125
-4764 3125
-7415 3125
2123 3125
-7555 3125
3737 3125
6441 3125
1785 3125
-7374 3125
-8108 3125
-5801 3125
-9629 3125
9351 3125
-5004 3125
-5102 3125
1839 3125
-7069 3125
-2197 3125
-9261 3125
6370 3125
1888 3125
-259 3125
1346 3125
-8960 3125
1480 3125
1213 3125
-2874 3125
-9240 3125
210 3125
8122 3125
5506 3125
-6091 3125
8052 3125
-3481 3125
9135 3125
-2894 3125
-1847 3125
9324 3125
-43 3125
279 3125
-9681 3125
-7854 3125
4743 3125
9020 3125
-7916 3125
-2244 3125
-281 3125
4415 3125
7051 3125
5718 3125
3579 3125
-4506 3125
2929 3125
-1979 3125
-9471 3125
-7165 3125
-3800 3125
694 3125
5 3125
-2797 3125
6944 3125
-3318 3125
-2480 3125
-2458 3125
7593 3125
7296 3125
9391 3125
1432 3125
1182 3125
-6337 3125
5140 3125
2741 3125
-5509 3125
-6663 3125
6804 3125
8614 3125
8384 3125
6695 3125
-4415 3125
89 3125
-1221 3125
-8353 3125
3081 3125
-5441 3125
-9273 3125
5295 3125
-3259 3125
-2072 3125
-6309 3125
4149 3125
-5602 3125
378 3125
-876 3125
6933 3125
-5662 3125
820 3125
-5682 3125
-7215 3125
-8532 3125
8020 3125
-6107 3125
3582 3125
7752 3125
1852 3125
4684 3125
-3568 3125
-1767 3125
-2765 3125
989 3125
2361 3125
3208 3125
7321 3125
9718 3125
-5901 3125
-515 3125
-8340 3125
-5380 3125
-8987 3125
728 3125
-4468 3125
9679 3125
4471 3125
7780 3125
-6648 3125
-7023 3125
-8046 3125
-7655 3125
887 3125
-2557 3125
-8113 3125
8463 3125
2299 3125
-2955 3125
-8254 3125
-8111 3125
7051 3125
-8310 3125
5476 3125
2842 3125
1463 3125
-9630 3125
4540 3125
-483 3125
9249 3125
3773 3125
9786 3125
2105 3125
1489 3125
-4146 3125
-6092 3125
-899 3125
-380 3125
-6688 3125
1686 3125
5046 3125
5891 3125
-678 3125
-391 3125
-3091 3125
8386 3125
-4565 3125
-9365 3125
1639 3125
-6309 3125
-6010 3125
-7022 3125
1593 3125
-5291 3125
-2097 3125
-1063 3125
-7808 3125
1048 3125
-7544 3125
2111 3125
5066 3125
3081 3125
8226 3125
2190 3125
5646 3125
4659 3125
-7399 3125
9292 3125
8747 3125
-8452 3125
-7943 3125
5628 3125
-7011 3125
-827 3125
618 3125
3285 3125
-6521 3125
-1745 3125
3564 3125
3983 3125
3423 3125
3718 3125
-750 3125
-2567 3125
-3033 3125
7181 3125
6931 3125
-2947 3125
-4456 3125
-7787 3125
-6216 3125
-5305 3125
-3273 3125
6659 3125
-8431 3125
8596 3125
-2552 3125
1422 3125
-5641 3125
9338 3125
-9038 3125
158 3125
-4424 3125
-427 3125
-1796 3125
-8371 3125
-2560 3125
6905 3125
-4328 3125
-6417 3125
-1601 3125
-930 3125
-5330 3125
4614 3125
-3710 3125
-5019 3125
-1308 3125
521 3125
-6307 3125
4025 3125
769 3125
1521 3125
-1269 3125
-4325 3125
-7148 3125
2329 3125
-8111 3125
2124 3125
-5705 3125
-812 3125
-4934 3125
990 3125
-3035 3125
416 3125
6705 3125
-2896 3125
-5006 3125
-5414 3125
-6514 3125
-7224 3125
8564 3125
617 3125
-9625 3125
259 3125
-1614 3125
-5311 3125
-7540 3125
9113 3125
-281 3125
7282 3125
6306 3125
-9889 3125
9825 3125
1853 3125
9013 3125
-5022 3125
1987 3125
-8652 3125
6040 3125
-1179 3125
5137 3125
2126 3125
4281 3125
-901 3125
6798 3125
-7818 3125
-1661 3125
-1313 3125
-2645 3125
-3358 3125
-4506 3125
-5422 3125
-8586 3125
3536 3125
-1145 3125
1143 3125
-5135 3125
9236 3125
8606 3125
1843 3125
-9807 3125
4641 3125
-6233 3125
8115 3125
-9919 3125
-7198 3125
360 3125
-4455 3125
8730 3125
-854 3125
-7407 3125
-2338 3125
9437 3125
-3756 3125
4414 3125
4698 3125
3518 3125
5515 3125
7103 3125
-895 3125
3806 3125
4522 3125
6614 3125
-6014 3125
-7491 3125
5709 3125
-5913 3125
3076 3125
-4767 3125
-8109 3125
3348 3125
1994 3125
-3607 3125
4924 3125
-4083 3125
-4935 3125
-1674 3125
7113 3125
6017 3125
-2971 3125
-2319 3125
-3992 3125
6918 3125
-6565 3125
5120 3125
-5982 3125
6057 3125
8297 3125
6735 3125
4548 3125
-9176 3125
2740 3125
-4102 3125
5202 3125
2895 3125
-8533 3125
-6824 3125
-1468 3125
7241 3125
-8428 3125
-7796 3125
-1032 3125
-7943 3125
-8944 3125
-1299 3125
-4694 3125
-3310 3125
6513 3125
-214 3125
5619 3125
-5270 3125
-7180 3125
-2781 3125
-8513 3125
-4767 3125
2094 3125
-3465 3125
-2764 3125
77 3125
943 3125
-3959 3125
-6485 3125
-1247 3125
3645 3125
-9390 3125
3490 3125
2971 3125
3872 3125
-9523 3125
-636 3125
-9887 3125
-9510 3125
-5432 3125
-621 3125
4885 3125
1856 3125
915 3125
-4330 3125
5043 3125
-7705 3125
-3847 3125
1959 3125
9238 3125
6308 3125
8642 3125
-9848 3125
5943 3125
1662 3125
-4007 3125
1475 3125
3855 3125
1246 3125
-61 3125
-183 3125
5776 3125
4172 3125
-4139 3125
-7511 3125
5155 3125
5075 3125
-7440 3125
4047 3125
1528 3125
6371 3125
-9848 3125
-301 3125
-9333 3125
-3098 3125
-1978 3125
8376 3125
-7482 3125
-7172 3125
9784 3125
8333 3125
9524 3125
-1306 3125
-5426 3125
-7077 3125
-5094 3125
-6345 3125
-7149 3125
1085 3125
6591 3125
5128 3125
2114 3125
-927 3125
-591 3125
-8263 3125
-3961 3125
-6421 3125
7887 3125
3704 3125
-9846 3125
-3213 3125
4602 3125
-3915 3125
-9557 3125
-706 3125
-760 3125
-5842 3125
698 3125
7715 3125
-6224 3125
-6995 3125
5785 3125
-900 3125
-7512 3125
-392 3125
-9668 3125
-1834 3125
-4240 3125
-8049 3125
-1832 3125
-3402 3125
1871 3125
-4113 3125
8205 3125
-6231 3125
-8242 3125
-2838 3125
-7879 3125
8990 3125
9429 3125
6958 3125
-7820 3125
-5490 3125
7519 3125
7348 3125
-326 3125
5493 3125
-2488 3125
-1571 3125
1066 3125
2367 3125
-6730 3125
3878 3125
-9532 3125
3634 3125
7003 3125
255 3125
6741 3125
5506 3125
528 3125
8892 3125
4278 3125
5751 3125
335 3125
5277 3125
4643 3125
-5266 3125
1586 3125
-7777 3125
924 3125
8612 3125
937 3125
-8273 3125
-9005 3125
-5823 3125
6719 3125
-6852 3125
-7171 3125
-9807 3125
3593 3125
-7705 3125
-2173 3125
5504 3125
-5414 3125
6919 3125
-4304 3125
9105 3125
8074 3125
-860 3125
-8810 3125
-1975 3125
7012 3125
7641 3125
-4155 3125
6822 3125
3907 3125
-645 3125
-5955 3125
1958 3125
-9504 3125
8734 3125
7770 3125
5948 3125
-3014 3125
3641 3125
4152 3125
8807 3125
3178 3125
-9078 3125
7497 3125
-7647 3125
-2607 3125
-1654 3125
-1227 3125
6365 3125
-65 3125
-9481 3125
2195 3125
2062 3125
-6706 3125
7358 3125
-4859 3125
-6741 3125
6727 3125
8849 3125
8389 3125
8959 3125
-6674 3125
-9953 3125
9650 3125
1024 3125
-6325 3125
5500 3125
7668 3125
3701 3125
4690 3125
-8473 3125
-378 3125
-5811 3125
-524 3125
-2664 3125
-6651 3125
-9164 3125
-81 3125
-1482 3125
-2650 3125
642 3125
1250 3125
-6181 3125
2574 3125
4367 3125
-4638 3125
-3506 3125
8488 3125
5383 3125
9481 3125
4717 3125
1015 3125
-5514 3125
7739 3125
2321 3125
8323 3125
-5372 3125
-6839 3125
809 3125
-5423 3125
-5976 3125
9708 3125
-8366 3125
-6378 3125
7120 3125
5344 3125
9561 3125
-4167 3125
-186 3125
-8125 3125
5224 3125
3886 3125
551 3125
1407 3125
-173 3125
9288 3125
7505 3125
-105 3125
2302 3125
-4599 3125
3263 3125
3992 3125
6517 3125
-4282 3125
-7682 3125
3341 3125
-8805 3125
2805 3125
-3409 3125
-7523 3125
-6004 3125
-5466 3125
8307 3125
5207 3125
-8010 3125
9771 3125
-1359 3125
-6993 3125
8290 3125
-645 3125
-1157 3125
-5276 3125
7900 3125
8603 3125
4605 3125
9909 3125
-7379 3125
-2986 3125
-8157 3125
-4354 3125
-138 3125
-1311 3125
8082 3125
-8167 3125
-9164 3125
9563 3125
-4286 3125
9345 3125
-4988 3125
6586 3125
-4432 3125
-4253 3125
-8909 3125
1111 3125
1396 3125
-2478 3125
4480 3125
352 3125
-4431 3125
-7540 3125
2470 3125
6266 3125
-2440 3125
-1410 3125
5450 3125
-9561 3125
-186 3125
2681 3125
-1723 3125
4292 3125
-5674 3125
-8151 3125
-9539 3125
-8467 3125
-4972 3125
3164 3125
246 3125
5154 3125
1495 3125
-8035 3125
9645 3125
6429 3125
-4525 3125
-7477 3125
-977 3125
-3870 3125
3110 3125
-3125 3125
-1217 3125
4126 3125
-4343 3125
-1813 3125
6823 3125
-3245 3125
3564 3125
7006 3125
-4147 3125
-1973 3125
-10 3125
-6421 3125
9089 3125
-4233 3125
2789 3125
-3053 3125
-3405 3125
7304 3125
4160 3125
9525 3125
9903 3125
8312 3125
-7736 3125
-1509 3125
4540 3125
562 3125
-3915 3125
-6928 3125
2495 3125
5286 3125
6371 3125
962 3125
9965 3125
-3655 3125
7180 3125
-5113 3125
-1190 3125
1671 3125
111 3125
-5319 3125
9223 3125
7437 3125
-2688 3125
-4889 3125
-7782 3125
-2540 3125
9078 3125
-1913 3125
8067 3125
9263 3125
-8206 3125
-1860 3125
4964 3125
-9969 3125
3586 3125
-4784 3125
-6102 3125
-4419 3125
-7164 3125
4261 3125
9564 3125
5490 3125
-1173 3125
8255 3125
-8437 3125
-9532 3125
-9024 3125
-3177 3125
3734 3125
2728 3125
-3642 3125
-5268 3125
-3590 3125
2294 3125
4850 3125
-2939 3125
6268 3125
-5051 3125
-8293 3125
5568 3125
4089 3125
4845 3125
1438 3125
7850 3125
-264 3125
8275 3125
7359 3125
8148 3125
4809 3125
-7573 3125
6154 3125
7202 3125
-9040 3125
2246 3125
6681 3125
-6686 3125
-3302 3125
5794 3125
-5179 3125
-3442 3125
-9614 3125
-1535 3125
9236 3125
-9372 3125
8189 3125
-5099 3125
-4494 3125
-8914 3125
-764 3125
1246 3125
6227 3125
4586 3125
3470 3125
9328 3125
-3157 3125
-2058 3125
-6815 3125
5611 3125
1066 3125
-7456 3125
9532 3125
9255 3125
8829 3125
-5602 3125
5895 3125
-8245 3125
-6597 3125
-5386 3125
-8001 3125
-5121 3125
1795 3125
-6878 3125
863 3125
-2129 3125
6666 3125
-8258 3125
-2759 3125
7762 3125
3838 3125
-5960 3125
9632 3125
-8764 3125
-9334 3125
7143 3125
-527 3125
-7985 3125
10000
3295 -8545
3295 9885
3295 6489
3295 2355
3295 -1390
3295 9950
3295 7772
3295 9080
3295 -5336
3295 -4607
3295 -9516
3295 -494
3295 -5094
3295 7146
3295 2012
3295 6392
3295 -8129
3295 1693
3295 -86
3295 5208
3295 -337
3295 5924
3295 -7862
3295 5274
3295 -372
3295 1106
3295 -3747
3295 7233
3295 3522
3295 4396
3295 -4499
3295 5713
3295 5771
3295 5481
3295 1103
3295 -8884
3295 -7812
3295 -3157
3295 2987
3295 -6720
3295 3703
3295 841
3295 -3384
3295 -3154
3295 -6974
3295 2989
3295 4630
3295 -5780
3295 -5301
3295 -3516
3295 -5788
3295 8833
3295 -6411
3295 -9359
3295 3711
3295 -5314
3295 7425
3295 -3254
3295 -7867
3295 -9666
3295 4660
3295 3129
3295 -4371
3295 9298
3295 337
3295 5520
3295 -1136
3295 1548
3295 -6522
3295 -8175
3295 9904
3295 -8387
3295 2287
3295 5123
3295 -7488
3295 1079
3295 -5397
3295 4999
3295 2079
3295 -7707
3295 -9428
3295 3096
3295 -4002
3295 -4100
3295 6970
3295 404
3295 -7858
3295 -3459
3295 6615
3295 8489
3295 -6033
3295 -7598
3295 -9107
3295 -2102
3295 -593
3295 2130
3295 -920
3295 5624
3295 9982
3295 -2654
3295 -3561
3295 -5493
3295 6118
3295 7982
3295 8490
3295 5774
3295 -197
3295 -5021
3295 8509
3295 5928
3295 -3789
3295 3330
3295 -6185
3295 -5067
3295 -9888
3295 3651
3295 -5523
3295 5913
3295 3767
3295 -1753
3295 5524
3295 6805
3295 4477
3295 2814
3295 -3836
3295 3239
3295 901
3295 -6628
3295 7399
3295 -4295
3295 -6262
3295 -6014
3295 5947
3295 6924
3295 7339
3295 2111
3295 -4681
3295 -597
3295 3812
3295 -2781
3295 7190
3295 -6131
3295 -1970
3295 8980
3295 -3050
3295 -1842
3295 -3412
3295 9001
3295 2041
3295 5956
3295 2509
3295 3559
3295 5371
3295 -4325
3295 9138
3295 6343
3295 5923
3295 -3332
3295 -3532
3295 961
3295 -4531
3295 -5488
3295 687
3295 -5065
3295 6519
3295 1639
3295 1076
3295 9962
3295 2032
3295 -5002
3295 -6498
3295 -4505
3295 8845
3295 -1863
3295 -7798
3295 2471
3295 9862
3295 1735
3295 7501
3295 7711
3295 4992
3295 -1252
3295 9867
3295 -8876
3295 6469
3295 5125
3295 -2150
3295 -4622
3295 -5617
3295 -2541
3295 1317
3295 4970
3295 352
3295 5078
3295 -8660
3295 -5005
3295 -784
3295 -456
3295 4064
3295 4309
3295 5516
3295 -3724
3295 688
3295 -5607
3295 8132
3295 4592
3295 969
3295 9587
3295 -5805
3295 7514
3295 -4238
3295 874
3295 -2825
3295 9981
3295 179
3295 3540
3295 645
3295 9198
3295 -2639
3295 4051
3295 4365
3295 6988
3295 -8749
3295 -5095
3295 -1750
3295 -3506
3295 6636
3295 -4081
3295 4087
3295 1213
3295 8849
3295 -4472
3295 -4247
3295 9870
3295 3239
3295 9779
3295 3452
3295 8864
3295 -5674
3295 -5822
3295 1079
3295 -3293
3295 9587
3295 3537
3295 1133
3295 1334
3295 4737
3295 6391
3295 582
3295 1619
3295 6617
3295 981
3295 -2033
3295 9370
3295 -345
3295 9449
3295 -3744
3295 4413
3295 6889
3295 3980
3295 8384
3295 -8026
3295 -457
3295 2074
3295 -4383
3295 896
3295 -183
3295 -5527
3295 2991
3295 936
3295 3526
3295 3746
3295 -9507
3295 1944
3295 -6130
3295 -592
3295 6002
3295 5300
3295 -5779
3295 836
3295 9005
3295 -6874
3295 3662
3295 -271
3295 3188
3295 844
3295 -3563
3295 -7509
3295 -7943
3295 -1302
3295 9174
3295 8576
3295 -891
3295 1880
3295 9587
3295 7899
3295 -3282
3295 -4939
3295 8640
3295 -9130
3295 2836
3295 -6748
3295 -5927
3295 -5292
3295 2478
3295 -774
3295 9455
3295 6416
3295 2739
3295 -5303
3295 -35
3295 -4463
3295 1712
3295 8496
3295 -847
3295 1195
3295 2809
3295 5112
3295 -2439
3295 250
3295 -6107
3295 -4275
3295 -4347
3295 5149
3295 -5299
3295 5317
3295 -549
3295 9787
3295 -5552
3295 -7402
3295 -1823
3295 -40
3295 -9242
3295 -2198
3295 6366
3295 4412
3295 -9075
3295 6490
3295 -2486
3295 5916
3295 8889
3295 -8201
3295 9350
3295 2718
3295 -112
3295 9157
3295 -4902
3295 1538
3295 -716
3295 -5737
3295 5971
3295 -7883
3295 1053
3295 -8600
3295 -4613
3295 4130
3295 -9357
3295 9871
3295 -9974
3295 2295
3295 765
3295 -2612
3295 -1846
3295 -5749
3295 9243
3295 1893
3295 2
3295 -8053
3295 -1869
3295 -2700
3295 7621
3295 1920
3295 1306
3295 -541
3295 4653
3295 3025
3295 1590
3295 -2745
3295 8391
3295 4604
3295 2884
3295 -8488
3295 1051
3295 2112
3295 -3334
3295 -1829
3295 9162
3295 -8106
3295 1681
3295 -1463
3295 8258
3295 6545
3295 9557
3295 -1761
3295 -7062
3295 7112
3295 -5957
3295 -3106
3295 6298
3295 -3536
3295 9837
3295 -3368
3295 448
3295 6981
3295 793
3295 44
3295 1399
3295 -6195
3295 -7558
3295 -4426
3295 -275
3295 5772
3295 2723
3295 9563
3295 -6933
3295 -9871
3295 -1811
3295 -8774
3295 9222
3295 2582
3295 894
3295 -2319
3295 -9559
3295 -4484
3295 553
3295 9524
3295 -84
3295 -1694
3295 -3314
3295 -4325
3295 -7660
3295 -5713
3295 1304
3295 5989
3295 -3021
3295 5407
3295 -2840
3295 4691
3295 2595
3295 -2930
3295 3394
3295 6352
3295 -305
3295 8999
3295 -3060
3295 -9101
3295 -2506
3295 -5890
3295 6895
3295 6521
3295 -6770
3295 700
3295 5923
3295 5460
3295 -5740
3295 -1306
3295 4743
3295 2646
3295 -7746
3295 -7243
3295 9823
3295 1662
3295 -5476
3295 8919
3295 8428
3295 1935
3295 -5447
3295 4081
3295 1670
3295 -7038
3295 -5996
3295 1792
3295 3876
3295 1823
3295 -7982
3295 -7086
3295 -7889
3295 -2265
3295 -5163
3295 -1835
3295 166
3295 3074
3295 -7051
3295 -9071
3295 -2168
3295 -990
3295 -6288
3295 -6572
3295 -1967
3295 9506
3295 4004
3295 -8075
3295 8669
3295 -6339
3295 6071
3295 5673
3295 9707
3295 -8993
3295 -4491
3295 -9244
3295 -7136
3295 -6133
3295 -6837
3295 -8836
3295 883
3295 -4593
3295 3753
3295 3770
3295 6635
3295 -122
3295 -9618
3295 -2146
3295 2964
3295 -8317
3295 -5138
3295 -9236
3295 4257
3295 -461
3295 -304
3295 -6843
3295 6989
3295 1173
3295 3889
3295 3293
3295 1805
3295 -6506
3295 -1619
3295 -4809
3295 2191
3295 -7515
3295 -8198
3295 6858
3295 1475
3295 -3621
3295 8433
3295 2765
3295 9350
3295 76
3295 8582
3295 -2575
3295 -5284
3295 9928
3295 9013
3295 -8691
3295 3570
3295 -3474
3295 -8845
3295 -5000
3295 6515
3295 2477
3295 3049
3295 -3165
3295 -7510
3295 4829
3295 -676
3295 -6216
3295 -7435
3295 -2770
3295 8147
3295 8974
3295 -168
3295 -7473
3295 -4146
3295 8820
3295 8165
3295 -5182
3295 1074
3295 -7922
3295 9681
3295 -2398
3295 8332
3295 4373
3295 -6295
3295 4701
3295 -5325
3295 -4766
3295 -4127
3295 7250
3295 2157
3295 1569
3295 7505
3295 -1549
3295 8365
3295 8331
3295 -4206
3295 1896
3295 -4970
3295 4610
3295 8239
3295 7087
3295 -9744
3295 -278
3295 -6334
3295 5836
3295 4590
3295 -6942
3295 9852
3295 6968
3295 6526
3295 -1558
3295 7192
3295 -1855
3295 4129
3295 -9257
3295 9467
3295 9286
3295 6696
3295 2835
3295 -7722
3295 -2400
3295 -1694
3295 1168
3295 3454
3295 2112
3295 9570
3295 -7757
3295 -4957
3295 3223
3295 1789
3295 -6297
3295 8806
3295 -5199
3295 -4519
3295 -1994
3295 5106
3295 7845
3295 6344
3295 5206
3295 -1464
3295 9643
3295 -4621
3295 -6781
3295 -9921
3295 5407
3295 -5916
3295 -2699
3295 -2954
3295 1773
3295 2420
3295 3370
3295 9892
3295 -9360
3295 6819
3295 364
3295 4473
3295 -6831
3295 5739
3295 -4120
3295 -15
3295 9186
3295 -473
3295 9687
3295 2013
3295 6080
3295 6455
3295 -4043
3295 9766
3295 1481
3295 6044
3295 158
3295 -810
3295 -6546
3295 -3795
3295 3424
3295 7735
3295 2734
3295 2859
3295 -8237
3295 2105
3295 8599
3295 -1725
3295 -8280
3295 6218
3295 3490
3295 -8424
3295 -7877
3295 3969
3295 -8246
3295 6862
3295 -5769
3295 2808
3295 5037
3295 2507
3295 -9903
3295 -4172
3295 439
3295 6565
3295 -3182
3295 9365
3295 -7126
3295 4881
3295 -8399
3295 -6481
3295 7845
3295 -8663
3295 2261
3295 -9645
3295 777
3295 8458
3295 8178
3295 9221
3295 -7306
3295 382
3295 8098
3295 440
3295 7925
3295 4249
3295 -9159
3295 -291
3295 -138
3295 -5596
3295 4936
3295 -9017
3295 7447
3295 -7314
3295 9479
3295 -7893
3295 1878
3295 2555
3295 1579
3295 -7597
3295 7674
3295 3277
3295 -4384
3295 -5496
3295 -3818
3295 7822
3295 824
3295 4933
3295 591
3295 5809
3295 4621
3295 941
3295 -8997
3295 -5700
3295 209
3295 9849
3295 -8493
3295 9121
3295 3424
3295 8560
3295 2544
3295 -395
3295 -1889
3295 -1682
3295 -9904
3295 -5741
3295 -7872
3295 -6650
3295 4694
3295 -3469
3295 3388
3295 5748
3295 4609
3295 1958
3295 -4728
3295 -5396
3295 3233
3295 7541
3295 6195
3295 -8270
3295 6696
3295 7908
3295 5720
3295 -3528
3295 1376
3295 8415
3295 4260
3295 -9599
3295 5406
3295 -3421
3295 8890
3295 1911
3295 855
3295 6675
3295 433
3295 6624
3295 3588
3295 -5616
3295 -8616
3295 -4673
3295 2343
3295 378
3295 -6016
3295 -3212
3295 -8372
3295 -8419
3295 -2055
3295 -5940
3295 1401
3295 -9038
3295 6027
3295 -3446
3295 -8464
3295 -5360
3295 -6150
3295 -3256
3295 -943
3295 -4123
3295 9544
3295 5918
3295 -4981
3295 -4575
3295 3321
3295 2466
3295 -5299
3295 -1270
3295 -1679
3295 7258
3295 -9197
3295 5729
3295 5000
3295 -3387
3295 -9937
3295 9668
3295 7334
3295 5182
3295 -871
3295 4155
3295 -4814
3295 377
3295 8781
3295 2586
3295 4591
3295 7336
3295 -6258
3295 131
3295 -1697
3295 -6331
3295 4892
3295 9429
3295 7054
3295 -4450
3295 -3647
3295 -4500
3295 9042
3295 434
3295 -4320
3295 4008
3295 8542
3295 6869
3295 239
3295 3703
3295 8708
3295 -654
3295 3910
3295 -2722
3295 -2745
3295 -264
3295 -4213
3295 -9119
3295 3371
3295 -6308
3295 -9810
3295 6310
3295 -5242
3295 -299
3295 5156
3295 -4196
3295 7685
3295 1583
3295 -874
3295 7956
3295 2121
3295 -6451
3295 -1590
3295 -8797
3295 8787
3295 -726
3295 5851
3295 4173
3295 9171
3295 8200
3295 1195
3295 8635
3295 9776
3295 4538
3295 7524
3295 -674
3295 613
3295 -14
3295 6419
3295 -7410
3295 -5384
3295 5701
3295 2960
3295 8683
3295 1963
3295 7964
3295 7951
3295 -6656
3295 -8975
3295 -1530
3295 -5614
3295 -4868
3295 -4099
3295 -6607
3295 -7991
3295 -276
3295 2276
3295 945
3295 6914
3295 -9934
3295 6084
3295 -8389
3295 8826
3295 -6058
3295 -5423
3295 -866
3295 -7589
3295 8038
3295 4707
3295 4333
3295 8730
3295 8894
3295 238
3295 7698
3295 -2086
3295 -5584
3295 4935
3295 -5684
3295 -8999
3295 6025
3295 7750
3295 6978
3295 -3232
3295 7799
3295 -3190
3295 -8976
3295 -102
3295 1468
3295 -9807
3295 -1370
3295 -7692
3295 -6695
3295 -7815
3295 -7433
3295 -7151
3295 -2399
3295 -2656
3295 4967
3295 -2145
3295 -3710
3295 9718
3295 8462
3295 6235
3295 98
3295 -9209
3295 -5950
3295 9606
3295 -6116
3295 -9827
3295 -2953
3295 5459
3295 639
3295 -8326
3295 4599
3295 -7930
3295 5707
3295 -5956
3295 -698
3295 7336
3295 3256
3295 7960
3295 -9651
3295 422
3295 6580
3295 118
3295 3479
3295 -8800
3295 -3384
3295 -9369
3295 3655
3295 -238
3295 -7081
3295 7093
3295 -263
3295 3686
3295 6290
3295 -6994
3295 9208
3295 2578
3295 -8325
3295 -8880
3295 3639
3295 4515
3295 -6094
3295 6703
3295 -2129
3295 3995
3295 9235
3295 829
3295 -6577
3295 -1612
3295 -7026
3295 -608
3295 1831
3295 -4905
3295 -2484
3295 4047
3295 6437
3295 9418
3295 8045
3295 -6743
3295 7705
3295 5215
3295 1803
3295 9840
3295 -9924
3295 -6389
3295 4575
3295 8589
3295 6377
3295 6163
3295 2313
3295 5520
3295 156
3295 -7730
3295 -7457
3295 8335
3295 1948
3295 4010
3295 -9635
3295 6931
3295 -8272
3295 4815
3295 -8819
3295 3797
3295 -8875
3295 2587
3295 -5359
3295 3639
3295 1483
3295 -6729
3295 -7469
3295 -1936
3295 7838
3295 1466
3295 -7470
3295 1870
3295 4907
3295 3171
3295 185
3295 -8332
3295 8264
3295 6050
3295 -451
3295 -3645
3295 -2676
3295 -2178
3295 -7943
3295 -2261
3295 8828
3295 5680
3295 7691
3295 9864
3295 -4521
3295 5038
3295 2419
3295 5391
3295 -1474
3295 7068
3295 -4788
3295 9400
3295 7570
3295 287
3295 -7319
3295 2284
3295 3659
3295 -2912
3295 -3232
3295 -3165
3295 6752
3295 -6799
3295 1751
3295 8649
3295 -7304
3295 5709
3295 2381
3295 3217
3295 -3822
3295 3795
3295 -4464
3295 -5508
3295 -7329
3295 -1109
3295 5544
3295 -7556
3295 -1662
3295 -5557
3295 2921
3295 4368
3295 663
3295 6019
3295 -1143
3295 -3433
3295 -7925
3295 -6647
3295 -2896
3295 9536
3295 -8112
3295 -3974
3295 -3096
3295 -8253
3295 -567
3295 4808
3295 -7143
3295 6547
3295 519
3295 2010
3295 5922
3295 2668
3295 6388
3295 -4975
3295 -1201
3295 7310
3295 -6875
3295 7819
3295 5291
3295 -4755
3295 4677
3295 -3448
3295 -5990
3295 570
3295 5902
3295 2341
3295 -3403
3295 -3057
3295 690
3295 -4023
3295 3388
3295 -8120
3295 -203
3295 -7667
3295 6165
3295 -1060
3295 1509
3295 2188
3295 -5911
3295 92
3295 -6691
3295 8765
3295 -2003
3295 9025
3295 -608
3295 -9784
3295 8349
3295 -8558
3295 2207
3295 -1583
3295 -5135
3295 7163
3295 8883
3295 -7129
3295 -3958
3295 -4599
3295 9471
3295 6086
3295 -9296
3295 -7351
3295 -5729
3295 1626
3295 2882
3295 -4744
3295 7032
3295 -5046
3295 8151
3295 2564
3295 -9525
3295 1022
3295 3036
3295 4825
3295 -3234
3295 -1460
3295 8785
3295 -7780
3295 -7441
3295 -2950
3295 5596
3295 -7700
3295 9310
3295 4088
3295 -5655
3295 5538
3295 3903
3295 794
3295 -8610
3295 2239
3295 1576
3295 6634
3295 3241
3295 4135
3295 -1336
3295 9381
3295 -6503
3295 5838
3295 7442
3295 2137
3295 7827
3295 -6097
3295 6481
3295 881
3295 -4012
3295 8935
3295 -2617
3295 9181
3295 -314
3295 3394
3295 731
3295 8596
3295 -2748
3295 9957
3295 -4963
3295 9818
3295 -4342
3295 9559
3295 7492
3295 -90
3295 -7951
3295 -4430
3295 833
3295 -6036
3295 1919
3295 1724
3295 -8877
3295 5526
3295 7945
3295 4735
3295 4805
3295 -1911
3295 -7417
3295 -8585
3295 9699
3295 3301
3295 1504
3295 2814
3295 -7166
3295 8196
3295 8103
3295 8220
3295 8876
3295 -3817
3295 6956
3295 -3174
3295 -7057
3295 -819
3295 -49
3295 -2415
3295 3786
3295 -9220
3295 -6721
3295 -1413
3295 5640
3295 6694
3295 9699
3295 -7867
3295 837
3295 -7728
3295 -736
3295 -9653
3295 6866
3295 9000
3295 8112
3295 5851
3295 9024
3295 3751
3295 -1679
3295 -1838
3295 -1926
3295 -1857
3295 -1979
3295 -3257
3295 -4977
3295 8902
3295 -1850
3295 5572
3295 -5223
3295 -7928
3295 -5948
3295 7977
3295 -8030
3295 -4798
3295 -5228
3295 -6729
3295 -8509
3295 -1624
3295 4790
3295 -9284
3295 -6478
3295 9904
3295 -8567
3295 1483
3295 -959
3295 -4195
3295 7103
3295 -7313
3295 -1800
3295 -475
3295 8084
3295 8483
3295 8791
3295 2557
3295 2685
3295 8737
3295 -9542
3295 -3264
3295 -1149
3295 2260
3295 -6499
3295 8506
3295 -1562
3295 6581
3295 9520
3295 -4296
3295 5725
3295 -4723
3295 -3183
3295 2929
3295 -7230
3295 4630
3295 -6060
3295 -1242
3295 -8250
3295 9734
3295 -5867
3295 6761
3295 -24
3295 -1496
3295 6657
3295 -3225
3295 3650
3295 2185
3295 -6320
3295 -851
3295 -966
3295 5555
3295 2140
3295 -6741
3295 2934
3295 -2847
3295 6255
3295 5474
3295 5244
3295 -3591
3295 -4242
3295 5971
3295 -7310
3295 -4998
3295 -9000
3295 6052
3295 7021
3295 866
3295 1647
3295 907
3295 -3255
3295 -966
3295 4377
3295 -336
3295 -4166
3295 9349
3295 9838
3295 -1617
3295 -7595
3295 7992
3295 -2041
3295 -1055
3295 2170
3295 9382
3295 -9383
3295 903
3295 9890
3295 2367
3295 5841
3295 2638
3295 4505
3295 2109
3295 9631
3295 -1616
3295 -4771
3295 3680
3295 9314
3295 -4024
3295 -828
3295 9336
3295 -9157
3295 5066
3295 -7109
3295 -4997
3295 5217
3295 -1345
3295 2377
3295 -6710
3295 6249
3295 2436
3295 7194
3295 9942
3295 -5656
3295 4508
3295 -3280
3295 -605
3295 -3529
3295 -1285
3295 -2081
3295 6891
3295 7608
3295 1204
3295 3784
3295 -5347
3295 -9867
3295 3383
3295 -1592
3295 -9027
3295 7336
3295 9274
3295 3370
3295 6342
3295 -4083
3295 7273
3295 7905
3295 9975
3295 6470
3295 633
3295 -1370
3295 -3337
3295 -1531
3295 5821
3295 1437
3295 3197
3295 -3447
3295 -3147
3295 -3234
3295 -5485
3295 -4779
3295 1241
3295 -1900
3295 -8292
3295 4185
3295 3922
3295 8454
3295 2605
3295 7846
3295 26
3295 -5105
3295 1775
3295 1651
3295 4517
3295 -4722
3295 -7057
3295 9877
3295 -8127
3295 9305
3295 -9560
3295 4533
3295 8713
3295 -5832
3295 -5386
3295 -7536
3295 1072
3295 -1833
3295 -4490
3295 -9372
3295 -2112
3295 -7426
3295 -4582
3295 7404
3295 5032
3295 -3799
3295 7220
3295 3221
3295 -6202
3295 9863
3295 -8352
3295 -9122
3295 6511
3295 -8410
3295 -9995
3295 7014
3295 5771
3295 -4177
3295 3069
3295 -2800
3295 -7531
3295 286
3295 -1505
3295 2874
3295 5969
3295 9225
3295 -4521
3295 222
3295 -1159
3295 8857
3295 3730
3295 455
3295 3699
3295 -1287
3295 5820
3295 4963
3295 7025
3295 7542
3295 -9395
3295 -4448
3295 2216
3295 2429
3295 5400
3295 -264
3295 5526
3295 -816
3295 61
3295 6881
3295 -7159
3295 -5405
3295 5784
3295 7556
3295 -6750
3295 -8544
3295 -9213
3295 5701
3295 -5814
3295 8396
3295 -1953
3295 -8774
3295 -9208
3295 -6694
3295 -5050
3295 7684
3295 4098
3295 9031
3295 -5834
3295 7808
3295 -3537
3295 -7832
3295 -8473
3295 -5444
3295 -3111
3295 7261
3295 579
3295 3967
3295 7087
3295 -255
3295 8620
3295 1421
3295 -4518
3295 -9219
3295 2963
3295 1375
3295 -5905
3295 9836
3295 7145
3295 -5570
3295 8279
3295 5879
3295 5926
3295 -9638
3295 -4332
3295 7342
3295 -7698
3295 -7810
3295 -1345
3295 4821
3295 -8610
3295 4441
3295 -1912
3295 -4504
3295 6981
3295 -2601
3295 5355
3295 8745
3295 9457
3295 818
3295 2108
3295 -4821
3295 -9293
3295 2589
3295 -3588
3295 -5989
3295 7876
3295 -79
3295 8044
3295 4226
3295 2151
3295 5544
3295 4280
3295 6178
3295 -853
3295 6795
3295 -589
3295 1227
3295 -4791
3295 2050
3295 -8605
3295 -287
3295 2180
3295 3361
3295 2419
3295 -4408
3295 -8404
3295 -5310
3295 9087
3295 14
3295 1189
3295 -6839
3295 -7825
3295 -5986
3295 9953
3295 8095
3295 9342
3295 9102
3295 6761
3295 9405
3295 -1509
3295 -6059
3295 -273
3295 4101
3295 -5181
3295 -2945
3295 1828
3295 -8635
3295 1270
3295 -3942
3295 -4203
3295 -6523
3295 -4851
3295 4267
3295 511
3295 4460
3295 -1557
3295 5673
3295 2990
3295 -5376
3295 -1718
3295 -1830
3295 2732
3295 6210
3295 -8387
3295 9308
3295 9249
3295 -7593
3295 3330
3295 2873
3295 -1247
3295 -3105
3295 -8914
3295 -9063
3295 -8152
3295 -2530
3295 -118
3295 -2232
3295 3240
3295 4398
3295 -8761
3295 -4783
3295 -5442
3295 -3762
3295 404
3295 7405
3295 -8392
3295 2510
3295 4149
3295 -8448
3295 -2042
3295 3234
3295 7808
3295 -367
3295 -785
3295 -3158
3295 -912
3295 -4496
3295 2412
3295 360
3295 8133
3295 8916
3295 -7947
3295 67
3295 3175
3295 7464
3295 -253
3295 75
3295 4558
3295 -6609
3295 4128
3295 611
3295 -1867
3295 3344
3295 -1638
3295 2059
3295 -8187
3295 -8679
3295 -6744
3295 7910
3295 -1383
3295 -2069
3295 -1377
3295 9238
3295 -9215
3295 -8235
3295 -1826
3295 4243
3295 2998
3295 -9271
3295 -2388
3295 4914
3295 1584
3295 5974
3295 2819
3295 -4734
3295 3707
3295 2127
3295 2768
3295 -2590
3295 -9840
3295 9375
3295 5670
3295 5663
3295 -1438
3295 -4519
3295 -2119
3295 1573
3295 -950
3295 -8161
3295 -1585
3295 -1490
3295 3556
3295 -5152
3295 4484
3295 5757
3295 -6761
3295 9960
3295 -3169
3295 -321
3295 3402
3295 4805
3295 3600
3295 -2252
3295 4741
3295 8815
3295 6151
3295 7161
3295 -5422
3295 -9899
3295 4447
3295 -4009
3295 -7171
3295 -2526
3295 6548
3295 -5912
3295 -4477
3295 -4329
3295 9028
3295 -5090
3295 -1247
3295 -7100
3295 6461
3295 7866
3295 -8487
3295 -8109
3295 9785
3295 -1443
3295 -6225
3295 -9145
3295 2770
3295 -5409
3295 -6698
3295 8302
3295 -5222
3295 8301
3295 -4765
3295 -7243
3295 1036
3295 -8424
3295 6494
3295 -7853
3295 -2894
3295 239
3295 3005
3295 -9873
3295 -8712
3295 9832
3295 5946
3295 -4082
3295 -1074
3295 6862
3295 378
3295 9429
3295 97
3295 -7308
3295 -798
3295 -3624
3295 1171
3295 5020
3295 6784
3295 -8782
3295 1779
3295 7943
3295 -5253
3295 -441
3295 -8116
3295 187
3295 -3901
3295 -7236
3295 -4537
3295 -9746
3295 -8617
3295 -6771
3295 -5464
3295 -7327
3295 6873
3295 -4938
3295 5676
3295 -6403
3295 1127
3295 -2776
3295 -7062
3295 6256
3295 -158
3295 -2562
3295 -8061
3295 -1846
3295 4555
3295 -431
3295 -577
3295 -7496
3295 -5384
3295 9997
3295 -1956
3295 926
3295 -9375
3295 1140
3295 8685
3295 -2039
3295 -1030
3295 -8788
3295 -878
3295 -3938
3295 -9995
3295 -9977
3295 6923
3295 -8162
3295 1772
3295 -4647
3295 7998
3295 -3853
3295 -8696
3295 8993
3295 2229
3295 -2017
3295 -9876
3295 -8396
3295 6252
3295 2481
3295 -4774
3295 6857
3295 3422
3295 -5033
3295 -1652
3295 5388
3295 7422
3295 -2817
3295 8071
3295 5532
3295 4312
3295 980
3295 9393
3295 -6007
3295 6866
3295 8533
3295 6918
3295 -384
3295 -5297
3295 6513
3295 -7366
3295 -3631
3295 252
3295 3689
3295 1453
3295 6634
3295 2889
3295 1139
3295 2673
3295 47
3295 3617
3295 -7104
3295 2091
3295 9930
3295 -4897
3295 3302
3295 -1988
3295 -8241
3295 -3982
3295 2294
3295 1028
3295 -8590
3295 2291
3295 -3144
3295 283
3295 -2710
3295 -7863
3295 -7847
3295 4321
3295 7514
3295 -2191
3295 51
3295 8781
3295 -3287
3295 -8924
3295 4377
3295 -7598
3295 190
3295 7748
3295 7123
3295 8225
3295 6238
3295 -9373
3295 -3780
3295 8387
3295 6196
3295 690
3295 7883
3295 9866
3295 -1000
3295 -1095
3295 687
3295 7996
3295 -2269
3295 4418
3295 8997
3295 8183
3295 1579
3295 -5716
3295 -5896
3295 5106
3295 -6983
3295 -4752
3295 -969
3295 1438
3295 3658
3295 -9168
3295 545
3295 2903
3295 87
3295 -2865
3295 8666
3295 -7579
3295 -9622
3295 -1246
3295 -8486
3295 8848
3295 4999
3295 3597
3295 -4594
3295 -4048
3295 -952
3295 2579
3295 -9632
3295 -171
3295 -788
3295 -5222
3295 -7045
3295 -1710
3295 -4112
3295 -5892
3295 -347
3295 8469
3295 2628
3295 -1069
3295 -2840
3295 -4819
3295 -6773
3295 -591
3295 -7604
3295 1179
3295 8371
3295 6876
3295 144
3295 3580
3295 -1431
3295 -6124
3295 -3593
3295 6927
3295 -7141
3295 -5727
3295 -8472
3295 2919
3295 -7057
3295 1480
3295 7865
3295 -7897
3295 -2916
3295 1022
3295 -4072
3295 -5582
3295 -8374
3295 -9087
3295 7456
3295 283
3295 5804
3295 2309
3295 8860
3295 5704
3295 1192
3295 9936
3295 8624
3295 982
3295 3844
3295 -6872
3295 -6785
3295 6759
3295 3464
3295 -8342
3295 5028
3295 4490
3295 3420
3295 7133
3295 -4504
3295 1744
3295 2088
3295 -9580
3295 -7674
3295 -3873
3295 6312
3295 3173
3295 -3111
3295 -5755
3295 6891
3295 -3971
3295 -6212
3295 -495
3295 -2028
3295 7366
3295 -4107
3295 -3971
3295 -7852
3295 -6874
3295 1875
3295 5867
3295 -3812
3295 3199
3295 -9231
3295 5805
3295 -7209
3295 -5452
3295 -1147
3295 -8354
3295 -3503
3295 5326
3295 4038
3295 7817
3295 4994
3295 -1840
3295 -1806
3295 9921
3295 -8362
3295 -5054
3295 -3234
3295 3467
3295 4096
3295 8850
3295 276
3295 6220
3295 1077
3295 7472
3295 -6788
3295 139
3295 -4190
3295 -8475
3295 9116
3295 -9407
3295 -6534
3295 -2054
3295 -8710
3295 -9129
3295 -2309
3295 -9682
3295 -2828
3295 9437
3295 -121
3295 -8856
3295 -5226
3295 6704
3295 9659
3295 -132
3295 -9126
3295 2190
3295 1984
3295 -5430
3295 -2623
3295 -4810
3295 -423
3295 -4201
3295 6184
3295 7675
3295 8089
3295 4100
3295 7730
3295 2853
3295 -3347
3295 5293
3295 2567
3295 5231
3295 -8579
3295 236
3295 9410
3295 -8776
3295 -3417
3295 1062
3295 9106
3295 -766
3295 -6557
3295 -5786
3295 -4007
3295 -5341
3295 3282
3295 -1093
3295 2101
3295 6788
3295 325
3295 -7850
3295 -7806
3295 2135
3295 -7479
3295 1079
3295 2118
3295 -621
3295 2489
3295 2032
3295 4851
3295 -1890
3295 -1577
3295 6520
3295 -916
3295 -3397
3295 -46
3295 4091
3295 7993
3295 -8744
3295 9394
3295 3431
3295 -8718
3295 6215
3295 -263
3295 9522
3295 -7051
3295 1413
3295 -2944
3295 -5371
3295 3214
3295 -1203
3295 6442
3295 -1538
3295 -4983
3295 -5822
3295 4136
3295 -9143
3295 5938
3295 -2548
3295 2077
3295 -6092
3295 -8857
3295 -5529
3295 7349
3295 -2358
3295 9137
3295 6309
3295 -2061
3295 -4406
3295 -4977
3295 -5553
3295 3725
3295 -2400
3295 -8996
3295 -8334
3295 9027
3295 -9810
3295 -7201
3295 9330
3295 8344
3295 4145
3295 -605
3295 -5078
3295 519
3295 7187
3295 5085
3295 -9415
3295 -9527
3295 -1129
3295 -5786
3295 9390
3295 -7082
3295 1533
3295 -7518
3295 6708
3295 -5335
3295 6023
3295 -8378
3295 -4306
3295 -4969
3295 3629
3295 680
3295 -1957
3295 -4992
3295 -1532
3295 3418
3295 1218
3295 -9848
3295 -3765
3295 -2725
3295 5023
3295 9932
3295 913
3295 -4893
3295 3295
3295 -9296
3295 9021
3295 -6041
3295 6057
3295 5489
3295 -9179
3295 -4788
3295 6744
3295 -9718
3295 -5154
3295 -8148
3295 3795
3295 -3216
3295 -7746
3295 -3765
3295 9661
3295 8304
3295 -294
3295 2498
3295 -5909
3295 -3449
3295 -7597
3295 8587
3295 -2589
3295 -7875
3295 5453
3295 -1889
3295 -1501
3295 9869
3295 -8353
3295 -8949
3295 -516
3295 687
3295 -4856
3295 155
3295 -339
3295 -6449
3295 8918
3295 4050
3295 4001
3295 1714
3295 1499
3295 -5501
3295 -843
3295 2272
3295 -2213
3295 -2605
3295 6621
3295 9826
3295 4875
3295 -4530
3295 612
3295 -9790
3295 2860
3295 -6214
3295 -9340
3295 4661
3295 -4855
3295 -9223
3295 -4366
3295 -3435
3295 8049
3295 7941
3295 4917
3295 -7787
3295 6108
3295 -9444
3295 130
3295 7184
3295 3670
3295 2090
3295 -9093
3295 -3617
3295 1956
3295 4287
3295 -2304
3295 6582
3295 8940
3295 -7039
3295 -10000
3295 -8149
3295 6100
3295 6068
3295 -5537
3295 -6405
3295 3711
3295 2200
3295 -3996
3295 4805
3295 2675
3295 1347
3295 4790
3295 821
3295 2844
3295 4605
3295 -2231
3295 6058
3295 7119
3295 911
3295 28
3295 77
3295 -3059
3295 3547
3295 -8856
3295 6120
3295 -4153
3295 -4445
3295 -9775
3295 -3622
3295 5118
3295 1249
3295 -2740
3295 -8297
3295 2269
3295 8496
3295 -9579
3295 9849
3295 -9919
3295 8319
3295 709
3295 8214
3295 -3153
3295 5970
3295 7413
3295 2599
3295 8135
3295 -3896
3295 5926
3295 7228
3295 -2000
3295 -8981
3295 -8468
3295 8803
3295 -5600
3295 4181
3295 -5900
3295 9125
3295 -8626
3295 -8462
3295 -1238
3295 -706
3295 -8731
3295 4325
3295 -4974
3295 -9262
3295 3089
3295 904
3295 4443
3295 8
3295 -6261
3295 4536
3295 -5451
3295 362
3295 3070
3295 3900
3295 -8964
3295 -3994
3295 -7515
3295 7421
3295 -1031
3295 9707
3295 -639
3295 5321
3295 -725
3295 5951
3295 8083
3295 -2448
3295 -8439
3295 913
3295 -9794
3295 -1065
3295 4392
3295 -1073
3295 4565
3295 4529
3295 -660
3295 6999
3295 -949
3295 -623
3295 8089
3295 879
3295 -1612
3295 8340
3295 -6740
3295 4040
3295 -5329
3295 6219
3295 -3357
3295 4718
3295 -402
3295 1189
3295 6135
3295 -2504
3295 3123
3295 7277
3295 -8468
3295 -5528
3295 5357
3295 -1000
3295 4503
3295 9884
3295 8294
3295 2375
3295 -7953
3295 -5272
3295 -8933
3295 -5872
3295 2126
3295 -9465
3295 3141
3295 -4451
3295 4523
3295 -9832
3295 -779
3295 6491
3295 3674
3295 -1504
3295 -2052
3295 -3911
3295 3111
3295 -4963
3295 -4146
3295 1304
3295 1983
3295 -1302
3295 9253
3295 -9218
3295 -8091
3295 -5035
3295 7311
3295 5760
3295 -9213
3295 6986
3295 -2576
3295 8251
3295 -2317
3295 -9378
3295 -3564
3295 -1038
3295 9057
3295 2301
3295 5898
3295 -6178
3295 9960
3295 -8469
3295 2247
3295 5922
3295 5170
3295 9069
3295 -8732
3295 -6119
3295 9006
3295 6983
3295 -7299
3295 -4905
3295 -5665
3295 -8673
3295 -6255
3295 7660
3295 111
3295 1987
3295 7054
3295 -4415
3295 2535
3295 -2363
3295 9990
3295 -3147
3295 -8905
3295 9339
3295 2185
3295 5510
3295 -4685
3295 313
3295 -6940
3295 3615
3295 -5042
3295 2029
3295 -483
3295 -1664
3295 8989
3295 3741
3295 403
3295 -2301
3295 -2840
3295 -1198
3295 2714
3295 1402
3295 -1561
3295 -462
3295 117
3295 -7448
3295 -3356
3295 162
3295 -2826
3295 -72
3295 -5095
3295 9041
3295 -4135
3295 9659
3295 -304
3295 -4168
3295 -7809
3295 6902
3295 2076
3295 4757
3295 5094
3295 -9723
3295 -5091
3295 3747
3295 -2533
3295 4744
3295 1853
3295 1355
3295 5331
3295 -5896
3295 8368
3295 544
3295 -1806
3295 -2656
3295 2488
3295 661
3295 -2536
3295 3046
3295 7300
3295 9012
3295 -6292
3295 -1395
3295 4611
3295 4706
3295 -6339
3295 3728
3295 7887
3295 -1703
3295 4392
3295 -2929
3295 -7292
3295 -9081
3295 -2959
3295 -3045
3295 -6042
3295 4306
3295 -2821
3295 3329
3295 2630
3295 7416
3295 730
3295 3255
3295 7570
3295 6357
3295 3364
3295 6294
3295 4766
3295 7571
3295 3153
3295 8269
3295 7685
3295 531
3295 -5773
3295 2836
3295 -6220
3295 7267
3295 5857
3295 3558
3295 6585
3295 1971
3295 -9555
3295 -9296
3295 -2257
3295 6588
3295 -8910
3295 1028
3295 3216
3295 9675
3295 8501
3295 -7925
3295 -8875
3295 3241
3295 5126
3295 -336
3295 7754
3295 4605
3295 -3893
3295 8839
3295 -5839
3295 6342
3295 1814
3295 5761
3295 2269
3295 -1579
3295 408
3295 -319
3295 479
3295 -3446
3295 -1762
3295 3521
3295 4198
3295 4096
3295 7203
3295 7301
3295 2938
3295 1790
3295 -3953
3295 -7171
3295 1220
3295 2358
3295 5218
3295 3752
3295 7605
3295 6605
3295 1109
3295 4950
3295 7478
3295 -3517
3295 -934
3295 5316
3295 -8130
3295 -7080
3295 -7381
3295 -3747
3295 -6386
3295 8149
3295 -9894
3295 3778
3295 3919
3295 -2955
3295 -1181
3295 9173
3295 -794
3295 -4012
3295 -7719
3295 -1442
3295 9850
3295 982
3295 -403
3295 2372
3295 -9807
3295 -7532
3295 7165
3295 -9484
3295 -3310
3295 -7407
3295 7278
3295 -7914
3295 2499
3295 -3687
3295 6242
3295 -3669
3295 -3553
3295 -7352
3295 5715
3295 -7486
3295 5212
3295 -7328
3295 -8509
3295 -4339
3295 -7340
3295 8023
3295 2041
3295 -2995
3295 5783
3295 6911
3295 -8045
3295 58
3295 1023
3295 3139
3295 -8626
3295 6336
3295 2443
3295 3386
3295 3873
3295 -7018
3295 1032
3295 -9759
3295 -5962
3295 -4241
3295 4803
3295 -2708
3295 -3995
3295 -3814
3295 8271
3295 2257
3295 7540
3295 3435
3295 -2273
3295 8795
3295 -1385
3295 -4810
3295 -3150
3295 -2912
3295 -7008
3295 -4335
3295 -3409
3295 -3835
3295 9807
3295 5461
3295 3271
3295 -3277
3295 9382
3295 -7231
3295 -2284
3295 -1325
3295 -4434
3295 5488
3295 -9984
3295 4789
3295 -1042
3295 6583
3295 -1974
3295 6202
3295 7611
3295 -251
3295 8673
3295 -7542
3295 8241
3295 2087
3295 -87
3295 6119
3295 6422
3295 1052
3295 -6065
3295 -8239
3295 -7022
3295 9325
3295 4203
3295 9788
3295 3500
3295 5463
3295 7533
3295 -641
3295 -2325
3295 1459
3295 -4329
3295 -1106
3295 9460
3295 3633
3295 8977
3295 -9149
3295 -516
3295 2414
3295 -7008
3295 4951
3295 3898
3295 5874
3295 4207
3295 2270
3295 9772
3295 -6691
3295 -2863
3295 -4463
3295 6240
3295 302
3295 -787
3295 -8883
3295 -5021
3295 -5296
3295 -8450
3295 -685
3295 7743
3295 3458
3295 9344
3295 -5965
3295 -4238
3295 3235
3295 7907
3295 -9701
3295 3063
3295 669
3295 1822
3295 7286
3295 7533
3295 -722
3295 4687
3295 1154
3295 9979
3295 -1723
3295 4788
3295 920
3295 -9467
3295 7846
3295 8946
3295 4982
3295 -8743
3295 -5661
3295 -7353
3295 -208
3295 6470
3295 6933
3295 1723
3295 7777
3295 -7595
3295 -8153
3295 -2296
3295 8383
3295 -2652
3295 -5131
3295 8656
3295 -4046
3295 5529
3295 -3257
3295 -6331
3295 -9057
3295 -3425
3295 -7945
3295 2132
3295 -2287
3295 -8631
3295 8601
3295 9241
3295 1471
3295 3755
3295 4492
3295 -6268
3295 942
3295 1416
3295 7947
3295 -3186
3295 3856
3295 -689
3295 9465
3295 8800
3295 -6644
3295 -6004
3295 4156
3295 8859
3295 9710
3295 -9763
3295 5754
3295 -8759
3295 -2093
3295 6013
3295 -9987
3295 458
3295 9792
3295 3145
3295 1320
3295 2923
3295 1355
3295 -2479
3295 4017
3295 5081
3295 4556
3295 8324
3295 6553
3295 2550
3295 -4275
3295 -102
3295 -8867
3295 -1448
3295 2598
3295 6972
3295 6342
3295 -4915
3295 -8789
3295 -1844
3295 -3017
3295 1234
3295 2553
3295 9037
3295 -395
3295 -8626
3295 5334
3295 -4581
3295 -4778
3295 -7055
3295 2093
3295 -8882
3295 1656
3295 -6075
3295 -5910
3295 -1776
3295 8846
3295 5512
3295 3426
3295 4498
3295 -5489
3295 2764
3295 2861
3295 3788
3295 3433
3295 2208
3295 -873
3295 1406
3295 4531
3295 -1324
3295 2974
3295 7499
3295 -8
3295 2441
3295 6604
3295 9342
3295 9827
3295 3641
3295 2351
3295 -676
3295 -6920
3295 5152
3295 -376
3295 -9316
3295 -1811
3295 7372
3295 -2761
3295 -9325
3295 1523
3295 465
3295 -2952
3295 -2831
3295 -7311
3295 2473
3295 -4942
3295 -8117
3295 -8481
3295 -2120
3295 1924
3295 -1079
3295 -3446
3295 -3711
3295 29
3295 -9981
3295 -8804
3295 -3931
3295 114
3295 -7034
3295 -8668
3295 -428
3295 -7594
3295 1747
3295 -1638
3295 -2101
3295 9775
3295 -9289
3295 -2497
3295 7298
3295 4217
3295 -5507
3295 -7654
3295 -7945
3295 -8472
3295 -9907
3295 532
3295 5215
3295 -4825
3295 -4370
3295 -8018
3295 -2721
3295 4927
3295 1475
3295 8600
3295 -167
3295 7041
3295 452
3295 -1916
3295 -5533
3295 -8566
3295 595
3295 -2042
3295 8270
3295 9838
3295 -3864
3295 5274
3295 -3219
3295 4961
3295 -9071
3295 3858
3295 -8100
3295 9748
3295 3463
3295 -7765
3295 -5848
3295 8756
3295 6029
3295 3405
3295 4994
3295 1588
3295 7345
3295 1802
3295 7369
3295 -7858
3295 6628
3295 -6397
3295 9281
3295 -7815
3295 -7339
3295 -9151
3295 3980
3295 1954
3295 -7992
3295 8935
3295 7757
3295 4937
3295 3746
3295 -4071
3295 9627
3295 8604
3295 -8351
3295 7754
3295 907
3295 4946
3295 -9798
3295 3819
3295 -2287
3295 -305
3295 -3010
3295 -7689
3295 -5832
3295 8299
3295 7821
3295 -9617
3295 -5160
3295 7254
3295 -1942
3295 3251
3295 -5782
3295 4523
3295 4082
3295 202
3295 -9226
3295 5627
3295 6339
3295 -6841
3295 -4342
3295 -2136
3295 -4988
3295 6127
3295 4606
3295 -4071
3295 -6277
3295 255
3295 6520
3295 5765
3295 -4281
3295 6589
3295 595
3295 -8454
3295 5437
3295 -6512
3295 3974
3295 7706
3295 9034
3295 -8267
3295 8631
3295 3094
3295 5968
3295 1925
3295 4933
3295 -6564
3295 3771
3295 -2058
3295 -7695
3295 7040
3295 -6554
3295 -4725
3295 3640
3295 9468
3295 1999
3295 6286
3295 6740
3295 -7080
3295 1967
3295 -5597
3295 -544
3295 1621
3295 4246
3295 -3357
3295 298
3295 -2985
3295 2830
3295 7456
3295 -6958
3295 -1883
3295 -402
3295 9772
3295 -3080
3295 -5567
3295 9466
3295 -523
3295 -1901
3295 8682
3295 -5060
3295 -6867
3295 4369
3295 5448
3295 -3033
3295 -8625
3295 8057
3295 -2386
3295 -6943
3295 7418
3295 1135
3295 -3942
3295 -896
3295 2174
3295 6043
3295 2623
3295 -7985
3295 -156
3295 -3366
3295 -9076
3295 -8893
3295 -1104
3295 3656
3295 -9014
3295 -8091
3295 -145
3295 -9501
3295 7726
3295 -6094
3295 3906
3295 -2842
3295 -6443
3295 3763
3295 7186
3295 -9813
3295 -2492
3295 -9066
3295 -6477
3295 -3221
3295 -4424
3295 -8397
3295 -5014
3295 6806
3295 -8316
3295 4232
3295 5435
3295 1510
3295 4832
3295 -1594
3295 -8450
3295 6352
3295 6497
3295 -2541
3295 336
3295 -7341
3295 5144
3295 4010
3295 -2699
3295 1886
3295 6802
3295 8150
3295 -57
3295 -1895
3295 -5688
3295 -2171
3295 2971
3295 860
3295 3527
3295 4047
3295 -5477
3295 -3341
3295 8029
3295 -9739
3295 4471
3295 -6507
3295 4116
3295 7888
3295 -6507
3295 -5826
3295 -5448
3295 -2476
3295 -837
3295 3026
3295 -4838
3295 4356
3295 -5665
3295 -8854
3295 9350
3295 -556
3295 8892
3295 -4783
3295 1174
3295 713
3295 -3824
3295 5497
3295 -3079
3295 -8855
3295 -3140
3295 -6380
3295 7774
3295 -9327
3295 9326
3295 -8041
3295 6436
3295 4362
3295 912
3295 -1071
3295 -4024
3295 -4624
3295 6284
3295 -8292
3295 -3916
3295 8540
3295 5258
3295 683
3295 7197
3295 -3103
3295 -8728
3295 7664
3295 9675
3295 1514
3295 9919
3295 6835
3295 2670
3295 7145
3295 5810
3295 3865
3295 3894
3295 -1771
3295 -9370
3295 -8379
3295 -3602
3295 5712
3295 9094
3295 4706
3295 4573
3295 6235
3295 -3628
3295 -4182
3295 -743
3295 -3365
3295 -6407
3295 3705
3295 -9848
3295 -3413
3295 -4416
3295 9850
3295 -5947
3295 -9886
3295 -485
3295 1319
3295 -5759
3295 8490
3295 -9615
3295 -7208
3295 8379
3295 8953
3295 -8675
3295 -4765
3295 -2743
3295 -3957
3295 -9372
3295 -991
3295 3399
3295 -1369
3295 -2093
3295 -5075
3295 -9095
3295 9038
3295 5973
3295 4907
3295 4075
3295 5231
3295 -2344
3295 -8631
3295 -6099
3295 -9742
3295 7373
3295 7939
3295 7274
3295 9463
3295 1243
3295 -335
3295 -7695
3295 -175
3295 3465
3295 3085
3295 2647
3295 -4417
3295 -2849
3295 -32
3295 8138
3295 5508
3295 3073
3295 4639
3295 -6888
3295 -7961
3295 -5182
3295 -4962
3295 4917
3295 6847
3295 -9
3295 -8101
3295 2719
3295 -3838
3295 -1970
3295 -6669
3295 -498
3295 -8106
3295 2157
3295 -6665
3295 -5849
3295 -7032
3295 4783
3295 -4002
3295 -3867
3295 -7756
3295 -5391
3295 -6651
3295 9779
3295 -682
3295 5586
3295 6574
3295 -5722
3295 -8359
3295 4524
3295 -4933
3295 3163
3295 4371
3295 6930
3295 7328
3295 -2714
3295 -9067
3295 3943
3295 -7522
3295 -2276
3295 3341
3295 -7907
3295 767
3295 -3961
3295 410
3295 -9031
3295 -6795
3295 -8138
3295 3124
3295 -8397
3295 -4505
3295 2120
3295 -4407
3295 1088
3295 -4551
3295 -1695
3295 -850
3295 8243
3295 7607
3295 8072
3295 -4571
3295 5909
3295 -7608
3295 6696
3295 -7877
3295 8654
3295 -5616
3295 8099
3295 -7325
3295 6861
3295 -7777
3295 1844
3295 -7141
3295 -9304
3295 2174
3295 1962
3295 8
3295 38
3295 -26
3295 -9529
3295 -5791
3295 -5032
3295 -8360
3295 7955
3295 2823
3295 6613
3295 -2436
3295 4708
3295 -5712
3295 -5199
3295 9784
3295 4367
3295 -1174
3295 744
3295 -3929
3295 -8449
3295 -9989
3295 -1644
3295 -8218
3295 5019
3295 6134
3295 -9685
3295 2222
3295 -4244
3295 -5458
3295 762
3295 -2383
3295 9510
3295 1535
3295 9577
3295 -2655
3295 5149
3295 4911
3295 9272
3295 6405
3295 -9543
3295 -8973
3295 -9991
3295 2440
3295 -2148
3295 -4434
3295 -5513
3295 -4580
3295 -9923
3295 1224
3295 -6854
3295 7884
3295 799
3295 3458
3295 3448
3295 -1562
3295 -1383
3295 -5795
3295 -464
3295 7997
3295 7441
3295 1384
3295 9784
3295 -885
3295 5117
3295 -1578
3295 1250
3295 -5416
3295 873
3295 -90
3295 -1394
3295 -2356
3295 -7703
3295 5232
3295 -268
3295 231
3295 955
3295 -9148
3295 5680
3295 764
3295 6798
3295 2667
3295 8025
3295 -809
3295 -2307
3295 2358
3295 4413
3295 -963
3295 -6066
3295 8777
3295 -4701
3295 -2478
3295 9698
3295 -3812
3295 8875
3295 -8613
3295 4417
3295 -4377
3295 9074
3295 2312
3295 -6160
3295 4843
3295 -4837
3295 6493
3295 1178
3295 4751
3295 -2430
3295 -367
3295 -5227
3295 -3222
3295 8213
3295 -4827
3295 5073
3295 1232
3295 -9512
3295 3489
3295 1808
3295 -6378
3295 -7004
3295 -5728
3295 -9666
3295 1775
3295 3441
3295 -4006
3295 -5650
3295 -1130
3295 3693
3295 -376
3295 -2388
3295 -3481
3295 8674
3295 4858
3295 8669
3295 -4629
3295 4850
3295 1185
3295 2233
3295 -7271
3295 -6743
3295 6687
3295 -2372
3295 7582
3295 4093
3295 1521
3295 7426
3295 -3609
3295 -3752
3295 -5611
3295 4670
3295 -9186
3295 2561
3295 3342
3295 9523
3295 -3837
3295 -8167
3295 1901
3295 -5672
3295 8841
3295 -4574
3295 -2652
3295 -828
3295 4285
3295 -7651
3295 6233
3295 -7817
3295 7535
3295 -7174
3295 -2066
3295 -1479
3295 -7578
3295 3636
3295 -4214
3295 5817
3295 5268
3295 -6867
3295 -2014
3295 -9807
3295 -9095
3295 -3861
3295 -4302
3295 -8876
3295 3724
3295 -6120
3295 -9352
3295 5090
3295 -7363
3295 4203
3295 -4027
3295 6385
3295 -3874
3295 5803
3295 8194
3295 3429
3295 6310
3295 -5623
3295 8718
3295 3832
3295 -4531
3295 -2443
3295 -7042
3295 -9508
3295 -2843
3295 -3475
3295 -4010
3295 7681
3295 6530
3295 -2879
3295 -6024
3295 595
3295 -5450
3295 -5964
3295 4432
3295 8583
3295 6512
3295 -8109
3295 -8118
3295 -546
3295 -1159
3295 -5992
3295 -4970
3295 5500
3295 -5877
3295 -7947
3295 -8255
3295 8463
3295 -7654
3295 -6264
3295 -3807
3295 -118
3295 1317
3295 6619
3295 -2230
3295 1190
3295 -5920
3295 3675
3295 -8457
3295 43
3295 6872
3295 4460
3295 -4614
3295 -9818
3295 9849
3295 -7853
3295 5619
3295 -4475
3295 4172
3295 8665
3295 8848
3295 -5544
3295 -10
3295 -7732
3295 -6716
3295 8919
3295 664
3295 4075
3295 8469
3295 5355
3295 -6834
3295 -8558
3295 8748
3295 3956
3295 9513
3295 811
3295 5724
3295 6815
3295 -2446
3295 2280
3295 3718
3295 3280
3295 -1111
3295 3952
3295 8958
3295 -5181
3295 6212
3295 -6037
3295 -5148
3295 -807
3295 -4268
3295 7603
3295 5758
3295 -1736
3295 1266
3295 -6224
3295 7298
3295 8381
3295 4201
3295 -6265
3295 -2875
3295 8256
3295 -6778
3295 5277
3295 6502
3295 -2272
3295 -6785
3295 -9355
3295 -6746
3295 547
3295 862
3295 8647
3295 -6284
3295 8632
3295 -6520
3295 1775
3295 122
3295 7832
3295 6436
3295 -651
3295 -5562
3295 -3793
3295 579
3295 7898
3295 1755
3295 -3822
3295 1452
3295 9992
3295 4247
3295 3840
3295 5254
3295 -5044
3295 -2555
3295 -6115
3295 -1859
3295 -7620
3295 -5204
3295 4067
3295 -9573
3295 -6071
3295 7715
3295 635
3295 -1544
3295 1281
3295 863
3295 -7658
3295 7537
3295 -5422
3295 -1205
3295 1940
3295 -6557
3295 -9838
3295 -7172
3295 6682
3295 6298
3295 1000
3295 -9883
3295 -4429
3295 4356
3295 4794
3295 -9046
3295 -5983
3295 6692
3295 -9420
3295 428
3295 -235
3295 -702
3295 1922
3295 1024
3295 -5263
3295 -875
3295 8384
3295 5131
3295 509
3295 -6263
3295 -8509
3295 -263
3295 9926
3295 -30
3295 -6083
3295 7701
3295 6210
3295 5960
3295 -6274
3295 -9224
3295 4771
3295 115
3295 -2851
3295 9223
3295 -6362
3295 -7032
3295 1593
3295 1664
3295 -9667
3295 9158
3295 -5328
3295 -3692
3295 2250
3295 9417
3295 -1865
3295 -4665
3295 9505
3295 -2994
3295 9014
3295 -6382
3295 -9245
3295 -8673
3295 7261
3295 -9828
3295 4090
3295 -4871
3295 5405
3295 -4153
3295 -7784
3295 4293
3295 7324
3295 -9570
3295 -5794
3295 5582
3295 -9962
3295 5112
3295 -8770
3295 -2920
3295 5197
3295 2828
3295 -7365
3295 -7882
3295 -9324
3295 -3450
3295 8702
3295 -9339
3295 757
3295 389
3295 -7168
3295 -1546
3295 -8891
3295 -285
3295 1291
3295 -5781
3295 9716
3295 -9734
3295 7598
3295 -8977
3295 -1291
3295 -1740
3295 -4683
3295 4219
3295 5969
3295 4238
3295 3343
3295 9569
3295 6573
3295 8567
3295 -4241
3295 2767
3295 9495
3295 -6288
3295 -588
3295 319
3295 -2933
3295 -7593
3295 4483
3295 -5776
3295 1035
3295 6818
3295 596
3295 -5437
3295 5702
3295 141
3295 879
3295 7048
3295 2863
3295 2590
3295 -5615
3295 5057
3295 5989
3295 4654
3295 7991
3295 -9412
3295 6522
3295 -9775
3295 -9394
3295 -9545
3295 628
3295 3681
3295 -8558
3295 -9940
3295 -9327
3295 -6922
3295 -1474
3295 -9310
3295 -3677
3295 -3556
3295 5155
3295 3243
3295 -3430
3295 -6057
3295 8844
3295 -3716
3295 -467
3295 4668
3295 6344
3295 8726
3295 7177
3295 5270
3295 -5941
3295 -4250
3295 -6421
3295 6471
3295 3441
3295 9845
3295 -6293
3295 8233
3295 -640
3295 3428
3295 -8714
3295 4377
3295 5118
3295 436
3295 7922
3295 3196
3295 8078
3295 -9322
3295 4058
3295 -8131
3295 6710
3295 -2465
3295 -4514
3295 -1865
3295 3554
3295 7092
3295 -7490
3295 -1993
3295 4934
3295 2262
3295 -2100
3295 -4770
3295 -1526
3295 63
3295 419
3295 -2965
3295 2614
3295 4015
3295 -317
3295 -8812
3295 -7281
3295 5076
3295 -6112
3295 9986
3295 -6924
3295 -6129
3295 1023
3295 3457
3295 -9289
3295 -6981
3295 7969
3295 2867
3295 283
3295 7129
3295 1933
3295 -7106
3295 -5568
3295 5384
3295 8839
3295 -2298
3295 1652
3295 -2091
3295 9897
3295 -5836
3295 -1356
3295 7071
3295 -4869
3295 612
3295 7429
3295 8253
3295 1934
3295 1963
3295 -3476
3295 -6156
3295 8825
3295 -2156
3295 557
3295 9799
3295 -5781
3295 9050
3295 9131
3295 -1640
3295 4960
3295 -7596
3295 -7044
3295 -2423
3295 3729
3295 1872
3295 -8199
3295 6696
3295 -4433
3295 -5769
3295 -8692
3295 1889
3295 -7553
3295 -4698
3295 1516
3295 -898
3295 -9336
3295 -1134
3295 -9439
3295 -6838
3295 7649
3295 -6076
3295 -3137
3295 -8701
3295 8829
3295 5661
3295 4114
3295 -771
3295 8792
3295 2408
3295 -1227
3295 6972
3295 -8778
3295 -7853
3295 -1253
3295 -5675
3295 -4507
3295 -7475
3295 -882
3295 9957
3295 2486
3295 -1461
3295 -3709
3295 -4996
3295 6002
3295 -9182
3295 3618
3295 -3101
3295 4061
3295 3719
3295 -5822
3295 -7116
3295 -2363
3295 -6245
3295 -4607
3295 -5182
3295 -2882
3295 -6474
3295 9118
3295 -1071
3295 -1124
3295 -8543
3295 3183
3295 -9529
3295 -9351
3295 -6570
3295 -818
3295 7558
3295 -7938
3295 8958
3295 -586
3295 8438
3295 -2549
3295 9598
3295 9845
3295 -282
3295 4173
3295 7484
3295 -7931
3295 7673
3295 -2190
3295 3423
3295 8943
3295 -6188
3295 59
3295 -1471
3295 -5551
3295 -9828
3295 -1115
3295 3706
3295 -6791
3295 6219
3295 -7486
3295 3948
3295 -873
3295 3243
3295 -4333
3295 -4612
3295 -112
3295 6491
3295 -6817
3295 5148
3295 -4548
3295 335
3295 4613
3295 -9760
3295 2493
3295 6921
3295 8016
3295 7434
3295 6744
3295 -1461
3295 623
3295 9121
3295 6626
3295 -4127
3295 3384
3295 -4447
3295 -8498
3295 -6692
3295 -26
3295 1851
3295 -3524
3295 -932
3295 7483
3295 -7668
3295 5279
3295 -1112
3295 7058
3295 -1526
3295 8385
3295 5356
3295 4579
3295 -1621
3295 -8685
3295 -5315
3295 3580
3295 8985
3295 8040
3295 -5653
3295 -6049
3295 7833
3295 8748
3295 6084
3295 -9648
3295 -4824
3295 1498
3295 -6048
3295 -1433
3295 -1602
3295 -9825
3295 -1753
3295 8964
3295 7298
3295 2190
3295 5597
3295 575
3295 5614
3295 1221
3295 -6136
3295 2269
3295 -5235
3295 4114
3295 -2063
3295 6924
3295 -3702
3295 9927
3295 2473
3295 7104
3295 -3103
3295 7302
3295 4414
3295 -3091
3295 -4146
3295 -6510
3295 -516
3295 -8017
3295 -640
3295 3972
3295 2834
3295 9965
3295 9804
3295 9491
3295 6614
3295 6826
3295 1394
3295 89
3295 -1525
3295 6199
3295 6158
3295 793
3295 8679
3295 -8113
3295 -5354
3295 5728
3295 -5715
3295 5972
3295 5721
3295 -9054
3295 -9793
3295 -2998
3295 9156
3295 -8122
3295 -5114
3295 6864
3295 -5794
3295 7568
3295 6236
3295 -4576
3295 -1827
3295 2452
3295 -3806
3295 -9899
3295 4134
3295 -6958
3295 -2827
3295 9086
3295 -341
3295 9422
3295 2662
3295 -9166
3295 -8932
3295 -1411
3295 -1761
3295 9652
3295 -6213
3295 4432
3295 2116
3295 1991
3295 -3860
3295 -9257
3295 7100
3295 -4402
3295 8071
3295 -1052
3295 -1366
3295 -3941
3295 -2121
3295 -6237
3295 -3346
3295 -4986
3295 -4684
3295 6755
3295 -4293
3295 4934
3295 3914
3295 6199
3295 -2331
3295 -1254
3295 5223
3295 3178
3295 398
3295 9993
3295 390
3295 -4006
3295 -6910
3295 3034
3295 3497
3295 2
3295 9530
3295 2399
3295 523
3295 -2241
3295 -6626
3295 -7642
3295 -1147
3295 3236
3295 4232
3295 5366
3295 -7715
3295 3232
3295 -5283
3295 8066
3295 -9976
3295 8600
3295 4055
3295 9386
3295 43
3295 318
3295 4474
3295 8833
3295 -3234
3295 4192
3295 8446
3295 1831
3295 -9031
3295 8174
3295 9096
3295 -9829
3295 -8464
3295 -9368
3295 -9824
3295 -935
3295 -2116
3295 -4307
3295 -3572
3295 8936
3295 4230
3295 -7208
3295 -7071
3295 -2805
3295 2580
3295 -1275
3295 -6543
3295 8563
3295 5871
3295 3590
3295 5648
3295 -2880
3295 3189
3295 -5436
3295 -5676
3295 7441
3295 -8973
3295 5115
3295 -6780
3295 9948
3295 -1449
3295 2357
3295 2324
3295 -9342
3295 1191
3295 3790
3295 -3134
3295 -2674
3295 9128
3295 -2533
3295 -2300
3295 7865
3295 3515
3295 -5738
3295 -4855
3295 -3986
3295 -4598
3295 6452
3295 -7396
3295 -3876
3295 6934
3295 -3633
3295 -5089
3295 -8113
3295 -9554
3295 -3209
3295 -9717
3295 -8537
3295 4489
3295 9089
3295 5468
3295 2340
3295 -8739
3295 4306
3295 2696
3295 -3111
3295 -984
3295 -5597
3295 5158
3295 -1431
3295 1526
3295 7061
3295 8650
3295 8040
3295 -346
3295 -9946
3295 9192
3295 -7686
3295 -5440
3295 7587
3295 2433
3295 6459
3295 -2427
3295 1640
3295 -930
3295 9496
3295 8007
3295 1817
3295 -7845
3295 1247
3295 -152
3295 -305
3295 -2189
3295 -5667
3295 -2319
3295 1680
3295 -9617
3295 5209
3295 -1838
3295 8318
3295 4563
3295 6152
3295 -547
3295 312
3295 -5786
3295 -9797
3295 -7583
3295 5198
3295 1389
3295 5753
3295 -6162
3295 -6935
3295 6695
3295 2322
3295 3743
3295 4191
3295 4695
3295 6450
3295 -9695
3295 -2607
3295 -6378
3295 3384
3295 -67
3295 -8781
3295 -160
3295 2390
3295 3986
3295 -1839
3295 -9637
3295 -5324
3295 -7563
3295 2754
3295 -4078
3295 -3317
3295 9165
3295 -207
3295 -1858
3295 -4689
3295 8484
3295 8159
3295 -5859
3295 -7526
3295 -4205
3295 -5952
3295 -9583
3295 -5717
3295 -245
3295 815
3295 4035
3295 -92
3295 -232
3295 -6374
3295 -6538
3295 -5620
3295 -9486
3295 9638
3295 6236
3295 -207
3295 8555
3295 -7567
3295 -8437
3295 5562
3295 5866
3295 -3908
3295 5279
3295 6125
3295 7916
3295 8466
3295 8688
3295 -6587
3295 1239
3295 -6081
3295 7643
3295 197
3295 -2020
3295 136
3295 -5737
3295 7598
3295 -8660
3295 -4991
3295 6444
3295 -6374
3295 -617
3295 4225
3295 9877
3295 5657
3295 4287
3295 -6078
3295 -5364
3295 -1089
3295 2442
3295 3419
3295 -2481
3295 -4215
3295 -9671
3295 6947
3295 1415
3295 -6673
3295 -1587
3295 6683
3295 -5490
3295 -8004
3295 8395
3295 9659
3295 7260
3295 7189
3295 -8750
3295 9989
3295 -9819
3295 5424
3295 6830
3295 9027
3295 5726
3295 -681
3295 -4907
3295 5839
3295 -1052
3295 4373
3295 786
3295 9371
3295 5866
3295 859
3295 4771
3295 7817
3295 -3294
3295 5909
3295 5545
3295 3877
3295 -4262
3295 -2825
3295 2542
3295 6842
3295 1246
3295 -164
3295 5360
3295 -2489
3295 -5043
3295 505
3295 9217
3295 -4893
3295 -8362
3295 9762
3295 8467
3295 -8002
3295 -8145
3295 -3941
3295 152
3295 5976
3295 3492
3295 5597
3295 7087
3295 8078
3295 6877
3295 -1245
3295 1719
3295 9450
3295 -8740
3295 3404
3295 -7944
3295 3232
3295 -6066
3295 -5120
3295 1715
3295 7165
3295 4264
3295 6275
3295 6270
3295 -9539
3295 -8325
3295 6718
3295 -5174
3295 2567
3295 5137
3295 -6686
3295 1378
3295 260
3295 6240
3295 -4686
3295 -2573
3295 118
3295 -9393
3295 -2915
3295 -2323
3295 -1431
3295 -3464
3295 -7651
3295 -3145
3295 -1238
3295 9138
3295 -6241
3295 -3413
3295 -5009
3295 -4526
3295 -8510
3295 -273
3295 2942
3295 -7016
3295 -5256
3295 -6046
3295 5280
3295 5008
3295 6958
3295 3222
3295 6664
3295 9391
3295 2549
3295 -4912
3295 3049
3295 4835
3295 -1068
3295 -633
3295 545
3295 -8522
3295 -2613
3295 5503
3295 -529
3295 -3170
3295 5995
3295 2450
3295 -6168
3295 3359
3295 225
3295 5944
3295 -282
3295 -634
3295 7082
3295 4174
3295 -2835
3295 -7470
3295 3773
3295 -7967
3295 3724
3295 806
3295 5946
3295 5820
3295 2870
3295 9032
3295 -3994
3295 61
3295 2106
3295 4826
3295 -8638
3295 6702
3295 8130
3295 -1152
3295 6875
3295 -4036
3295 -9658
3295 4292
3295 8960
3295 -612
3295 -6087
3295 -8865
3295 -6304
3295 -7934
3295 -942
3295 -2415
3295 -3103
3295 -8598
3295 1562
3295 -8110
3295 -7764
3295 3785
3295 -727
3295 -1446
3295 2585
3295 3704
3295 3993
3295 -1837
3295 -4269
3295 -7829
3295 -4390
3295 331
3295 -1333
3295 -5054
3295 3324
3295 6223
3295 8230
3295 -1801
3295 2264
3295 8737
3295 -3873
3295 8992
3295 -9421
3295 -339
3295 -830
3295 4516
3295 8343
3295 -8850
3295 9616
3295 -1805
3295 -5069
3295 -3045
3295 2368
3295 9166
3295 5248
3295 -727
3295 -2757
3295 -4181
3295 -3759
3295 -6522
3295 1718
3295 -8160
3295 4504
3295 -3224
3295 -6772
3295 6625
3295 -7829
3295 -1949
3295 161
3295 -7781
3295 -1855
3295 -7977
3295 100
3295 6202
3295 -7611
3295 3649
3295 -2236
3295 5320
3295 -3376
3295 8724
3295 -1891
3295 -1480
3295 3349
3295 2198
3295 1819
3295 -8781
3295 6486
3295 -3468
3295 6400
3295 6289
3295 8290
3295 5388
3295 -9955
3295 7708
3295 -989
3295 -1113
3295 7363
3295 -8446
3295 8090
3295 6281
3295 7259
3295 5331
3295 8067
3295 9944
3295 686
3295 6500
3295 3403
3295 5276
3295 5876
3295 8736
3295 -9805
3295 3958
3295 6827
3295 289
3295 9657
3295 5601
3295 -3552
3295 -4311
3295 -8169
3295 -6169
3295 -8513
3295 9607
3295 -585
3295 -7942
3295 7891
3295 8938
3295 -4602
3295 -7183
3295 559
3295 -9447
3295 -9536
3295 -3937
3295 -3614
3295 -9570
3295 -3448
3295 9004
3295 8869
3295 5359
3295 -1513
3295 -7695
3295 -8134
3295 -3621
3295 -5484
3295 9930
3295 -3010
3295 7401
3295 8227
3295 9900
3295 8192
3295 -1777
3295 4321
3295 8427
3295 5704
3295 -3915
3295 -3508
3295 -908
3295 -3709
3295 -6146
3295 945
3295 -1795
3295 4437
3295 -6323
3295 9472
3295 -7175
3295 3899
3295 1623
3295 -8929
3295 3846
3295 -5602
3295 -2791
3295 1968
3295 -6107
3295 -1699
3295 2633
3295 -1895
3295 1099
3295 -7088
3295 -3298
3295 -5739
3295 1061
3295 -906
3295 -2280
3295 -2661
3295 4851
3295 5128
3295 -3335
3295 7977
3295 -5489
3295 6934
3295 6847
3295 7525
3295 5735
3295 5168
3295 -9178
3295 -5940
3295 9062
3295 -7166
3295 475
3295 4507
3295 7967
3295 -9012
3295 8127
3295 4665
3295 4874
3295 3112
3295 -2047
3295 3055
3295 9641
3295 9723
3295 -5311
3295 -1953
3295 5250
3295 8224
3295 -8509
3295 -1470
3295 -5633
3295 6008
3295 8655
3295 5682
3295 -825
3295 2353
3295 9634
3295 -5612
3295 -3208
3295 -1494
3295 8245
3295 -270
3295 -1416
3295 -5333
3295 -8410
3295 -6621
3295 -2407
3295 -7771
3295 -9566
3295 903
3295 -4716
3295 -9816
3295 -2532
3295 1124
3295 -5476
3295 6936
3295 -2670
3295 7683
3295 2964
3295 2339
3295 88
3295 -2680
3295 -4092
3295 -2682
3295 -9310
3295 -7290
3295 2603
3295 -2208
3295 9041
3295 2136
3295 -7639
3295 9725
3295 2751
3295 -8555
3295 9204
3295 1226
3295 -762
3295 -7258
3295 2171
3295 -3549
3295 8701
3295 5063
3295 -4975
3295 3526
3295 -3247
3295 6365
3295 -9668
3295 -8464
3295 8078
3295 -1608
3295 4445
3295 4518
3295 4743
3295 8231
3295 -2180
3295 2099
3295 2736
3295 -6021
3295 9328
3295 -5385
3295 4547
3295 1721
3295 -9144
3295 -5635
3295 3581
3295 -6581
3295 6747
3295 -4636
3295 -8515
3295 -805
3295 5231
3295 -5071
3295 -3102
3295 -3572
3295 3402
3295 -9140
3295 -4092
3295 5976
3295 -7531
3295 1752
3295 7038
3295 6947
3295 7248
3295 -4494
3295 -3928
3295 7931
3295 -3680
3295 7066
3295 -8264
3295 -9337
3295 -8489
3295 -9479
3295 667
3295 -4441
3295 -5144
3295 8696
3295 -4177
3295 8062
3295 4152
3295 -3054
3295 5823
3295 -6492
3295 1543
3295 -9292
3295 367
3295 2842
3295 1136
3295 -9308
3295 6997
3295 10
3295 -2466
3295 9897
3295 1387
3295 -4786
3295 5599
3295 -4748
3295 -6949
3295 -5391
3295 -5892
3295 -7216
3295 831
3295 1987
3295 -6510
3295 105
3295 4872
3295 966
3295 -5956
3295 -2231
3295 -9226
3295 3597
3295 985
3295 98
3295 5015
3295 260
3295 -5984
3295 5056
3295 -674
3295 2615
3295 6753
3295 7034
3295 7719
3295 -1570
3295 3359
3295 -9248
3295 2466
3295 4895
3295 -8596
3295 1340
3295 6139
3295 2520
3295 4513
3295 878
3295 -5287
3295 -8993
3295 -9156
3295 -9674
3295 -1496
3295 1480
3295 2381
3295 -6863
3295 6079
3295 7598
3295 -8418
3295 -1887
3295 -5038
3295 261
3295 1692
3295 6552
3295 8610
3295 -2319
3295 3012
3295 -6362
3295 3363
3295 9619
3295 2030
3295 8
3295 1083
3295 -256
3295 5233
3295 999
3295 -8100
3295 3045
3295 5323
3295 5602
3295 4862
3295 -7557
3295 5073
3295 3828
3295 -8897
3295 9526
3295 9980
3295 -6935
3295 630
3295 2847
3295 3332
3295 -497
3295 -1593
3295 -2112
3295 -5083
3295 6215
3295 -6746
3295 1309
3295 7374
3295 -2591
3295 3273
3295 7695
3295 -6527
3295 3402
3295 1692
3295 -191
3295 -5526
3295 -1235
3295 -6340
3295 -8053
3295 7736
3295 -532
3295 -3811
3295 8239
3295 5379
3295 28
3295 8294
3295 -5739
3295 3870
3295 8690
3295 -6688
3295 -2073
3295 5483
3295 -6534
3295 -8614
3295 -5502
3295 6607
3295 1534
3295 7886
3295 2977
3295 9811
3295 -3302
3295 -7834
3295 -2955
3295 -145
3295 -5607
3295 -294
3295 9558
3295 2744
3295 7960
3295 9810
3295 -9930
3295 -7545
3295 1868
3295 8516
3295 -4373
3295 2758
3295 -7968
3295 -7211
3295 -4493
3295 2764
3295 -7498
3295 913
3295 -3394
3295 1942
3295 -9101
3295 8022
3295 431
3295 -4816
3295 5663
3295 -9630
3295 -2560
3295 -4300
3295 4835
3295 213
3295 -840
3295 8971
3295 -4978
3295 4695
3295 3485
3295 -525
3295 -1017
3295 8522
3295 -4643
3295 -6122
3295 3943
3295 8114
3295 805
3295 711
3295 -5006
3295 6406
3295 5120
3295 -6942
3295 -7663
3295 2783
3295 668
3295 -6646
3295 -6020
3295 3400
3295 -5608
3295 -4312
3295 7735
3295 -9224
3295 9954
3295 -9323
3295 2635
3295 6635
3295 2852
3295 -1320
3295 -9933
3295 -6358
3295 -6212
3295 2261
3295 -6201
3295 -7668
3295 -1040
3295 -4087
3295 -2528
3295 -5533
3295 -7053
3295 -4360
3295 7634
3295 1032
3295 5544
3295 2502
3295 -2046
3295 -4321
3295 -8875
3295 -4455
3295 8634
3295 -3355
3295 -6295
3295 3033
3295 3634
3295 -6398
3295 -3823
3295 37
3295 -6236
3295 -2823
3295 4285
3295 4530
3295 -2846
3295 5392
3295 -562
3295 9677
3295 2396
3295 9232
3295 -4867
3295 -104
3295 -2053
3295 -2988
3295 -3096
3295 -9453
3295 8801
3295 1804
3295 4068
3295 6370
3295 -4929
3295 4966
3295 3210
3295 -5592
3295 216
3295 -9328
3295 -4381
3295 816
3295 2918
3295 4506
3295 4784
3295 1294
3295 -3284
3295 -3893
3295 -1642
3295 4113
3295 8228
3295 75
3295 -3374
3295 -7976
3295 -6403
3295 -5185
3295 -595
3295 2152
3295 1931
3295 4161
3295 9971
3295 -3275
3295 8907
3295 7994
3295 -5018
3295 715
3295 -388
3295 -4581
3295 8883
3295 3433
3295 8869
3295 7774
3295 -490
3295 -5006
3295 -1421
3295 6542
3295 -3507
3295 5443
3295 -3127
3295 8800
3295 2717
3295 536
3295 -9755
3295 -3303
3295 -9785
3295 9097
3295 73
3295 9226
3295 3523
3295 -586
3295 8947
3295 5669
3295 -5227
3295 -9502
3295 -6546
3295 8207
3295 -185
3295 4541
3295 427
3295 9802
3295 -9843
3295 -7990
3295 5603
3295 2638
3295 94
3295 -5093
3295 -7321
3295 6773
3295 -8462
3295 7556
3295 -3581
3295 -6201
3295 -3963
3295 7747
3295 5446
3295 -6622
3295 4363
3295 -7935
3295 -340
3295 757
3295 -846
3295 2182
3295 9957
3295 5795
3295 -7311
3295 -6642
3295 9733
3295 3074
3295 7640
3295 3232
3295 8593
3295 4722
3295 -5489
3295 4454
3295 -7777
3295 77
3295 -2322
3295 5427
3295 7080
3295 -8825
3295 4746
3295 9794
3295 1939
3295 -3324
3295 -8404
3295 7320
3295 -7653
3295 -8826
3295 390
3295 5438
3295 1892
3295 323
3295 -1654
3295 5650
3295 3779
3295 -6643
3295 -8762
3295 5374
3295 -4611
3295 -7405
3295 -5922
3295 -2179
3295 1702
3295 2423
3295 -1653
3295 8701
3295 -4524
3295 1407
3295 7525
3295 8475
3295 -6809
3295 -3886
3295 3738
3295 8043
3295 2767
3295 -9227
3295 1170
3295 -2787
3295 -1929
3295 7133
3295 102
3295 -4460
3295 26
3295 -2461
3295 -6737
3295 264
3295 4082
3295 -8117
3295 -6941
3295 6747
3295 -3899
3295 -8530
3295 5582
3295 3781
3295 -7028
3295 3167
3295 -8392
3295 -3142
3295 -7798
3295 -804
3295 998
3295 4498
3295 6945
3295 9667
3295 -7076
3295 -4974
3295 -662
3295 5688
3295 8196
3295 -6450
3295 -2649
3295 5691
3295 -7177
3295 5235
3295 4438
3295 -487
3295 8628
3295 340
3295 -4024
3295 -2033
3295 -2249
3295 7581
3295 -3437
3295 6374
3295 -1172
3295 -8986
3295 7361
3295 365
3295 -2995
3295 16
3295 5778
3295 9605
3295 6944
3295 9857
3295 5813
3295 8365
3295 2415
3295 -3738
3295 -2050
3295 -4529
3295 7347
3295 6718
3295 8205
3295 -9197
3295 4726
3295 -7130
3295 -7560
3295 -168
3295 -9355
3295 -4538
3295 -6044
3295 -6774
3295 -2791
3295 7857
3295 9220
3295 4629
3295 -3007
3295 2746
3295 4853
3295 -6813
3295 -1117
3295 2530
3295 4044
3295 7306
3295 -1383
3295 2475
3295 -4100
3295 1038
3295 -8453
3295 3947
3295 4216
3295 6696
3295 -7026
3295 -2667
3295 -2672
3295 -7419
3295 1045
3295 5253
3295 -8972
3295 2239
3295 9836
3295 6027
3295 4351
3295 -9386
3295 7775
3295 6223
3295 -4124
3295 3935
3295 -2560
3295 -2896
3295 3426
3295 1832
3295 3409
3295 1831
3295 346
3295 429
3295 4247
3295 3527
3295 127
3295 3951
3295 9561
3295 8960
3295 -540
3295 8995
3295 -5076
3295 287
3295 7101
3295 5937
3295 -689
3295 -8260
3295 -7026
3295 -5565
3295 1298
3295 3537
3295 349
3295 6667
3295 6717
3295 -6368
3295 8105
3295 -4035
3295 7611
3295 -9416
3295 8795
3295 -6906
3295 -7844
3295 648
3295 -7273
3295 9959
3295 4849
3295 5936
3295 2016
3295 -9083
3295 2311
3295 4100
3295 -9682
3295 1343
3295 -8102
3295 -3676
3295 -7238
3295 -1749
3295 -5567
3295 -8669
3295 -1139
3295 4631
3295 -5912
3295 -7283
3295 -1254
3295 9339
3295 -9707
3295 6989
3295 -5412
3295 -1356
3295 2174
3295 343
3295 -5551
3295 4883
3295 4384
3295 7170
3295 9565
3295 9799
3295 5249
3295 9151
3295 -4693
3295 9622
3295 -4674
3295 -9751
3295 -1152
3295 -1865
3295 437
3295 9099
3295 9325
3295 9339
3295 7803
3295 -6432
3295 6606
3295 8435
3295 -5208
3295 8836
3295 -9236
3295 6004
3295 -7141
3295 884
3295 5696
3295 4315
3295 1557
3295 2192
3295 8466
3295 -234
3295 -7635
3295 -6069
3295 -1047
3295 -4573
3295 7122
3295 1251
3295 8781
3295 5207
3295 -5191
3295 -5662
3295 -6985
3295 6270
3295 9126
3295 7668
3295 -2040
3295 3776
3295 119
3295 -1721
3295 -6064
3295 -8653
3295 -5003
3295 6102
3295 9910
3295 -6476
3295 -3663
3295 2688
3295 5853
3295 -3566
3295 9434
3295 4405
3295 5475
3295 7503
3295 8915
3295 -1430
3295 2964
3295 -7504
3295 6068
3295 5458
3295 -108
3295 7611
3295 -6297
3295 -5818
3295 -7674
3295 -4070
3295 -860
3295 7078
3295 -4896
3295 3652
3295 9626
3295 4147
3295 4124
3295 -448
3295 9119
3295 -3994
3295 5325
3295 3241
3295 4849
3295 7868
3295 1672
3295 -6360
3295 7866
3295 -4346
3295 6864
3295 -2523
3295 6344
3295 4883
3295 1320
3295 -2597
3295 3464
3295 1067
3295 3705
3295 4063
3295 2416
3295 288
3295 -1595
3295 -3706
3295 -7055
3295 941
3295 -5829
3295 9491
3295 -6172
3295 -5770
3295 -1048
3295 -9558
3295 -6537
3295 2219
3295 5297
3295 -7817
3295 -204
3295 5585
3295 -2667
3295 -5256
3295 -1815
3295 -6019
3295 -8340
3295 7996
3295 -2170
3295 2876
3295 4923
3295 -844
3295 -6544
3295 2152
3295 3023
3295 3383
3295 2064
3295 -2582
3295 -3273
3295 6081
3295 -5039
3295 -6821
3295 2063
3295 -2873
3295 8655
3295 3969
3295 -9496
3295 4457
3295 -6867
3295 8965
3295 6792
3295 7280
3295 -8386
3295 -5946
3295 6582
3295 -5235
3295 -6823
3295 -3733
3295 6001
3295 6750
3295 1057
3295 2237
3295 -5384
3295 3105
3295 -4735
3295 -5760
3295 9985
3295 8268
3295 -1789
3295 -7580
3295 -6397
3295 1501
3295 2317
3295 218
3295 69
3295 -7764
3295 9181
3295 6883
3295 -7584
3295 1494
3295 -936
3295 -8099
3295 342
3295 -7160
3295 6011
3295 -8394
3295 644
3295 7353
3295 1038
3295 -385
3295 -6095
3295 4807
3295 -4878
3295 8791
3295 5034
3295 -1057
3295 -5894
3295 -4300
3295 6549
3295 -1069
3295 6617
3295 59
3295 -7208
3295 9572
3295 6107
3295 -5838
3295 -1780
3295 2196
3295 1525
3295 9406
3295 -1721
3295 -6470
3295 1493
3295 2090
3295 1323
3295 2397
3295 -8084
3295 8511
3295 7634
3295 -202
3295 -7860
3295 9611
3295 -1390
3295 -6126
3295 -2605
3295 9428
3295 84
3295 -5337
3295 -2096
3295 -9679
3295 2780
3295 9071
3295 -7505
3295 -7463
3295 -8596
3295 -8233
3295 5558
3295 -1865
3295 -1121
3295 -1671
3295 4333
3295 -5115
3295 6178
3295 7207
3295 -2584
3295 -335
3295 3579
3295 8507
3295 4238
3295 282
3295 -5875
3295 2680
3295 58
3295 6830
3295 6389
3295 3034
3295 -6493
3295 -4042
3295 -1738
3295 -9197
3295 645
3295 -8667
3295 -8789
3295 9136
3295 -473
3295 -3980
3295 1201
3295 -55
3295 6899
3295 4032
3295 6557
3295 -9977
3295 7312
3295 -7357
3295 7058
3295 -1729
3295 8270
3295 -4382
3295 -8867
3295 -5917
3295 -7294
3295 8592
3295 -860
3295 -2767
3295 -5880
3295 -6495
3295 -3436
3295 -2319
3295 1960
3295 5609
3295 -2167
3295 9822
3295 -5963
3295 -4021
3295 946
3295 -6234
3295 8266
3295 1963
3295 452
3295 5491
3295 -298
3295 9071
3295 -2515
3295 -6024
3295 -5309
3295 -3330
3295 -8185
3295 8811
3295 -9772
3295 -204
3295 -6101
3295 -3877
3295 -8078
3295 1579
3295 2513
3295 -7174
3295 -7548
3295 422
3295 -8400
3295 -701
3295 -6507
3295 6256
3295 9060
3295 9242
3295 -8060
3295 8135
3295 9716
3295 8347
3295 2912
3295 -9052
3295 1
3295 1684
3295 4819
3295 2349
3295 -614
3295 -8539
3295 4070
3295 -13
3295 2127
3295 4167
3295 8625
3295 7368
3295 -84
3295 6565
3295 -7451
3295 7343
3295 -583
3295 513
3295 7748
3295 -1588
3295 3661
3295 -1624
3295 7146
3295 8134
3295 4316
3295 7763
3295 1833
3295 -7521
3295 8310
3295 5258
3295 2996
3295 6875
3295 -7438
3295 7543
3295 -1030
3295 6908
3295 -4339
3295 4102
3295 -8148
3295 2098
3295 2302
3295 -8214
3295 -2504
3295 -7054
3295 -6564
3295 -5053
3295 8846
3295 1607
3295 -7286
3295 -9936
3295 3213
3295 -1545
3295 -7268
3295 -832
3295 4265
3295 -9666
3295 577
3295 5808
3295 3474
3295 -1881
3295 4797
3295 6236
3295 3598
3295 8622
3295 5460
3295 3848
3295 -3530
3295 -4511
3295 4717
3295 3172
3295 8111
3295 -310
3295 7723
3295 -5695
3295 5733
3295 -4512
3295 2755
3295 -1708
3295 1601
3295 -1897
3295 383
3295 4923
3295 -4404
3295 9907
3295 -7300
3295 1925
3295 8814
3295 5692
3295 7210
3295 -5035
3295 -9485
3295 7929
3295 9321
3295 -244
3295 -6776
3295 -9839
3295 3081
3295 9180
3295 7321
3295 1876
3295 -1454
3295 4777
3295 7238
3295 3458
3295 6176
3295 253
3295 -7693
3295 -1251
3295 9727
3295 -3059
3295 5285
3295 5392
3295 -5681
3295 -1724
3295 -6644
3295 6575
3295 -1094
3295 -8099
3295 6431
3295 1833
3295 185
3295 -3644
3295 -8349
3295 4902
3295 -5390
3295 -4965
3295 -703
3295 -570
3295 -259
3295 43
3295 5021
3295 5381
3295 6687
3295 3188
3295 -6518
3295 9815
3295 -1668
3295 -5498
3295 9276
3295 2743
3295 8343
3295 -2597
3295 -3176
3295 3806
3295 4394
3295 1574
3295 -5272
3295 -1439
3295 -6075
3295 -1700
3295 -1087
3295 2247
3295 4569
3295 9283
3295 7033
3295 -2102
3295 9290
3295 -5211
3295 2637
3295 -124
3295 -4606
3295 -9487
3295 -4822
3295 1567
3295 -3512
3295 6863
3295 -6457
3295 5767
3295 -252
3295 7793
3295 7911
3295 8411
3295 -2651
3295 174
3295 264
3295 5
3295 -101
3295 -7908
3295 -5796
3295 -5281
3295 -7571
3295 5269
3295 732
3295 -6007
3295 4437
3295 -4340
3295 -3850
3295 -5257
3295 6441
3295 -3558
3295 -3829
3295 2159
3295 1683
3295 604
3295 -3756
3295 5935
3295 7236
3295 -6557
3295 1477
3295 -8640
3295 7132
3295 999
3295 2374
3295 7148
3295 -870
3295 -1312
3295 660
3295 1047
3295 -3221
3295 4072
3295 492
3295 -5239
3295 -4267
3295 7583
3295 -9333
3295 -5141
3295 1756
3295 2403
3295 -8935
3295 -1402
3295 -8209
3295 6458
3295 3452
3295 9298
3295 3944
3295 2981
3295 141
3295 1102
3295 -7891
3295 -7248
3295 -4669
3295 3368
3295 7234
3295 -5034
3295 -836
3295 -8892
3295 4753
3295 8586
3295 17
3295 -9090
3295 -3894
3295 626
3295 -9867
3295 1017
3295 -1122
3295 -2570
3295 7594
3295 2195
3295 -1140
3295 6645
3295 -1247
3295 -3254
3295 -3360
3295 -1602
3295 3588
3295 1887
3295 2301
3295 -6536
3295 5456
3295 3607
3295 3791
3295 -6699
3295 -1406
3295 -4764
3295 2014
3295 -3717
3295 -3037
3295 3640
3295 -2381
3295 7996
3295 -7078
3295 6469
3295 4530
3295 -7463
3295 -7691
3295 6261
3295 8100
3295 1086
3295 -8808
3295 -6336
3295 -4033
3295 -5008
3295 -6667
3295 -9111
3295 6589
3295 -5029
3295 -4178
3295 6137
3295 5713
3295 9358
3295 -8627
3295 -7336
3295 3247
3295 1421
3295 -3344
3295 -1467
3295 7499
3295 -6958
3295 2904
3295 -3888
3295 1088
3295 -5338
3295 8850
3295 5113
3295 5975
3295 1635
3295 -6442
3295 6236
3295 380
3295 1205
3295 9990
3295 -6179
3295 -2639
3295 8447
3295 -3572
3295 -7624
3295 1891
3295 4373
3295 -8651
3295 4896
3295 4403
3295 -6564
3295 -6286
3295 -9504
3295 -7937
3295 -8543
3295 -231
3295 -3675
3295 -238
3295 3708
3295 4899
3295 9903
3295 -363
3295 2153
3295 9075
3295 -4162
3295 -1453
3295 -5058
3295 8432
3295 173
3295 4330
3295 -2383
3295 2596
3295 -1432
3295 -5548
3295 112
3295 8326
3295 -8403
3295 4937
3295 -6001
3295 -2170
3295 -1398
3295 -4900
3295 -6634
3295 -6180
3295 -8325
3295 -8183
3295 9088
3295 -6056
3295 -9833
3295 -8596
3295 -3037
3295 921
3295 -7589
3295 4825
3295 6370
3295 4248
3295 2880
3295 -8745
3295 -8334
3295 6489
3295 8066
3295 8959
3295 -3897
3295 -5632
3295 6841
3295 -8624
3295 6286
3295 983
3295 4103
3295 -49
3295 -2957
3295 -7379
3295 -1525
3295 -9512
3295 4687
3295 5058
3295 3164
3295 -659
3295 -7855
3295 -9173
3295 -4728
3295 5362
3295 -3840
3295 -1487
3295 9731
3295 -9413
3295 -1707
3295 8898
3295 6994
3295 -9015
3295 -5336
3295 7312
3295 -8068
3295 -8952
3295 -2980
3295 -6230
3295 -7897
3295 3264
3295 -1868
3295 -4559
3295 5633
3295 -645
3295 -6880
3295 -7789
3295 9399
3295 -5939
3295 -9088
3295 -5395
3295 -6630
3295 7513
3295 -1155
3295 -7107
3295 -2038
3295 -654
3295 -7169
3295 -9386
3295 -9739
3295 497
3295 5561
3295 7087
3295 3290
3295 5764
3295 7951
3295 -2131
3295 7364
3295 -6265
3295 -9211
3295 -4953
3295 803
3295 -3367
3295 7042
3295 2958
3295 5757
3295 9401
3295 -272
3295 1298
3295 -3722
3295 -4809
3295 -5972
3295 -7730
3295 4500
3295 -2653
3295 -5130
3295 9572
3295 8429
3295 -1435
3295 -8452
3295 5850
3295 -8566
3295 3191
3295 -8859
3295 3151
3295 3008
3295 334
3295 -7480
3295 -4063
3295 8795
3295 8675
3295 -2304
3295 -5138
3295 2016
3295 -1976
3295 -4236
3295 6515
3295 -1037
3295 2237
3295 2860
3295 -7769
3295 9388
3295 -4283
3295 -1569
3295 -4984
3295 -484
3295 138
3295 -5586
3295 -3556
3295 7858
3295 4485
3295 -9374
3295 6606
3295 3343
3295 -4896
3295 7150
3295 -4996
3295 3316
3295 -1684
3295 3689
3295 -815
3295 7334
3295 5990
3295 -7082
3295 1471
3295 4458
3295 7606
3295 -3995
3295 -5638
3295 -2378
3295 4387
3295 -8736
3295 7761
3295 6585
3295 -1056
3295 -8895
3295 -5191
3295 8236
3295 -8221
3295 4630
3295 -8913
3295 6388
3295 1288
3295 -9699
3295 9764
3295 -1958
3295 -7501
3295 -1183
3295 -2667
3295 4671
3295 -1172
3295 -4796
3295 -8555
3295 -4531
3295 6568
3295 6123
3295 -6627
3295 9300
3295 1552
3295 -3568
3295 5633
3295 1108
3295 -8911
3295 -8290
3295 2554
3295 -2938
3295 -9161
3295 9889
3295 -157
3295 -9426
3295 3793
3295 444
3295 -3932
3295 -7423
3295 -735
3295 9455
3295 5214
3295 6340
3295 -1083
3295 -4147
3295 4996
3295 1146
3295 2296
3295 -477
3295 4048
3295 -8899
3295 -6837
3295 4056
3295 5623
3295 -6974
3295 -4524
3295 7949
3295 -6662
3295 1196
3295 -5474
3295 6020
3295 -840
3295 6286
3295 9117
3295 -3509
3295 2665
3295 -1355
3295 -8022
3295 4090
3295 2911
3295 -8922
3295 -767
3295 -3191
3295 576
3295 5280
3295 5541
3295 9353
3295 8418
3295 7353
3295 9502
3295 1748
3295 4603
3295 5433
3295 777
3295 4948
3295 -6272
3295 -2195
3295 -6205
3295 7882
3295 1428
3295 -5010
3295 9783
3295 -5026
3295 9231
3295 -2343
3295 1911
3295 -1486
3295 3806
3295 -9265
3295 6245
3295 2279
3295 -8599
3295 6517
3295 5349
3295 -7342
3295 6122
3295 3463
3295 -9416
3295 -9190
3295 -2563
3295 6963
3295 872
3295 -8450
3295 6835
3295 1744
3295 3469
3295 5084
3295 5516
3295 491
3295 4928
3295 -9782
3295 2015
3295 6589
3295 -5938
3295 -3740
3295 -8510
3295 347
3295 -624
3295 -6514
3295 6916
3295 4737
3295 -3949
3295 -8650
3295 1239
3295 -3590
3295 -8515
3295 36
3295 -7423
3295 7579
3295 4286
3295 120
3295 -8160
3295 944
3295 3098
3295 -15
3295 6483
3295 -1985
3295 -2921
3295 -2202
3295 -4531
3295 -5947
3295 -8526
3295 -1736
3295 5820
3295 807
3295 7607
3295 6493
3295 -6667
3295 2668
3295 -7472
3295 -6014
3295 -4358
3295 4226
3295 2647
3295 5643
3295 8278
3295 -3927
3295 -2387
3295 -109
3295 -3332
3295 5854
3295 5839
3295 -4758
3295 -1983
3295 2385
3295 -1147
3295 -6635
3295 -7170
3295 -682
3295 8387
3295 50
3295 3539
3295 9506
3295 -4402
3295 -9355
3295 -7067
3295 31
3295 -2716
3295 4730
3295 -5308
3295 9726
3295 9960
3295 813
3295 -5113
3295 6187
3295 5301
3295 7694
3295 2408
3295 -1612
3295 9019
3295 -7526
3295 1393
3295 -7542
3295 -7646
3295 -9559
3295 -4603
3295 -7160
3295 -3486
3295 1357
3295 -8119
3295 -5918
3295 3596
3295 7337
3295 9224
3295 9467
3295 3544
3295 2453
3295 -1277
3295 2664
3295 4655
3295 -9282
3295 5622
3295 7694
3295 -2750
3295 -6243
3295 2696
3295 9799
3295 -853
3295 6786
3295 5287
3295 9108
3295 -5651
3295 8129
3295 2076
3295 -360
3295 9414
3295 7009
3295 -4930
3295 -8741
3295 -2717
3295 -7565
3295 -3077
3295 9879
3295 6428
3295 1484
3295 6949
3295 7754
3295 2850
3295 -1203
3295 -2584
3295 -1792
3295 -4486
3295 8682
3295 -6764
3295 -4347
3295 831
3295 -5188
3295 5866
3295 2111
3295 8606
3295 7851
3295 677
3295 -7426
3295 -2534
3295 -8945
3295 8846
3295 -1747
3295 1901
3295 -5414
3295 7600
3295 -3052
3295 -107
3295 -3385
3295 8937
3295 -8883
3295 6322
3295 5692
3295 -7916
3295 3141
3295 -9693
3295 -4761
3295 -3772
3295 3273
3295 311
3295 -5446
3295 -2143
3295 -8402
3295 9636
3295 -9497
3295 -6193
3295 4817
3295 -6612
3295 7250
3295 -9754
3295 2329
3295 -6950
3295 -8757
3295 4247
3295 -9528
3295 -9256
3295 -8894
3295 1409
3295 -207
3295 210
3295 -5786
3295 -5838
3295 9868
3295 1665
3295 -827
3295 -820
3295 7539
3295 1147
3295 5724
3295 7264
3295 9846
3295 -1400
3295 -1413
3295 -1378
3295 -1206
3295 -8
3295 -2560
3295 -6292
3295 -923
3295 -8269
3295 -8687
3295 7853
3295 5482
3295 4251
3295 -9744
3295 -8199
3295 -1690
3295 3111
3295 7556
3295 -9461
3295 4554
3295 7263
3295 -1278
3295 -613
3295 -8758
3295 6442
3295 4476
3295 9007
3295 -2698
3295 8490
3295 -8139
3295 -8218
3295 4363
3295 7969
3295 1643
3295 1206
3295 7424
3295 883
3295 6584
3295 -8034
3295 8146
3295 8611
3295 -9060
3295 -8183
3295 2895
3295 5170
3295 8308
3295 3921
3295 3654
3295 -3301
3295 -4807
3295 5077
3295 -1117
3295 8877
3295 7662
3295 4606
3295 2878
3295 -986
3295 1249
3295 -6819
3295 9933
3295 -9724
3295 1705
3295 7092
3295 3570
3295 -1364
3295 1942
3295 -7480
3295 -755
3295 2548
3295 -457
3295 7887
3295 -8031
3295 -7283
3295 4652
3295 -5101
3295 -5618
3295 5451
3295 -7819
3295 7135
3295 3786
3295 -2975
3295 -6464
3295 -7649
3295 9929
3295 3150
3295 -8360
3295 -5842
3295 -4053
3295 5259
3295 -7370
3295 7474
3295 3488
3295 3077
3295 8659
3295 4312
3295 -6908
3295 -1002
3295 5948
3295 -9726
3295 -7768
3295 -7853
3295 -8153
3295 -4628
3295 8563
3295 3049
3295 7242
3295 -3941
3295 -6922
3295 -2931
3295 7852
3295 -1583
3295 -917
3295 -6641
3295 1442
3295 -1744
3295 -315
3295 -6209
3295 -6599
3295 5053
3295 -6012
3295 -2728
3295 -448
3295 -842
3295 5101
3295 1578
3295 3326
3295 5049
3295 -7115
3295 -8504
3295 -3618
3295 5159
3295 -1547
3295 4733
3295 2931
3295 -4528
3295 -6945
3295 -5302
3295 -2270
3295 -1820
3295 612
3295 9302
3295 -2652
3295 4925
3295 -3071
3295 -5019
3295 2870
3295 6764
3295 7671
3295 5211
3295 4839
3295 -3050
3295 -404
3295 1977
3295 -9165
3295 -7263
3295 7546
3295 -6371
3295 6171
3295 5353
3295 -6813
3295 -827
3295 -6298
3295 -2180
3295 9257
3295 2752
3295 -9681
3295 -7532
3295 -6878
3295 -8324
3295 -8099
3295 -8894
3295 7692
3295 -1804
3295 8646
3295 1611
3295 4702
3295 -1419
3295 1564
3295 6945
3295 -8697
3295 -9155
3295 -332
3295 9928
3295 7614
3295 3781
3295 -7106
3295 6213
3295 8916
3295 -7163
3295 2421
3295 7721
3295 -6028
3295 8507
3295 9711
3295 3868
3295 -9429
3295 -3452
3295 -8168
3295 -9283
3295 2226
3295 -4747
3295 -7836
3295 3338
3295 -115
3295 7068
3295 5890
3295 2057
3295 -8656
3295 -4776
3295 7139
3295 -2973
3295 -9080
3295 -1105
3295 6090
3295 5208
3295 -6191
3295 9689
3295 -7016
3295 1844
3295 2486
3295 -7609
3295 3061
3295 9033
3295 6422
3295 -7107
3295 9414
3295 5156
3295 927
3295 -7597
3295 -1546
3295 -7498
3295 -3714
3295 7427
3295 -4373
3295 5632
3295 -1007
3295 -6013
3295 -7197
3295 -1834
3295 4974
3295 8923
3295 -5377
3295 3364
3295 2713
3295 -4305
3295 -6625
3295 6983
3295 3316
3295 -6694
3295 -9587
3295 -6681
3295 -7690
3295 -3215
3295 2480
3295 -6960
3295 8120
3295 -3493
3295 -2059
3295 4595
3295 -6349
3295 7073
3295 4448
3295 -7755
3295 -4228
3295 5778
3295 -624
3295 1234
3295 -810
3295 -2313
3295 1001
3295 7650
3295 -6425
3295 6662
3295 -4027
3295 8230
3295 5488
3295 8585
3295 -3479
3295 -2469
3295 2325
3295 3269
3295 4896
3295 5579
3295 -4271
3295 6227
3295 -5429
3295 -4243
3295 4350
3295 -6869
3295 -50
3295 1452
3295 1743
3295 2127
3295 -6871
3295 6427
3295 -5222
3295 805
3295 -6657
3295 3279
3295 -161
3295 8939
3295 8115
3295 7126
3295 1261
3295 6284
3295 -7685
3295 -9212
3295 4573
3295 1845
3295 9859
3295 4721
3295 -7281
3295 7530
3295 -6750
3295 -4639
3295 7475
3295 4384
3295 9201
3295 5313
3295 -8827
3295 688
3295 -780
3295 6260
3295 9748
3295 6158
3295 -6939
3295 6213
3295 2098
3295 6520
3295 -2967
3295 4998
3295 -2722
3295 -3588
3295 4768
3295 9714
3295 5208
3295 390
3295 3543
3295 1404
3295 2914
3295 9031
3295 9064
3295 -9030
3295 -2536
3295 7145
3295 6640
3295 -3186
3295 2471
3295 -4518
3295 -6966
3295 1562
3295 -4301
3295 -6824
3295 8245
3295 -4434
3295 9251
3295 9031
3295 9775
3295 4472
3295 8262
3295 -3043
3295 -798
3295 -6640
3295 9311
3295 -5774
3295 4692
3295 5049
3295 -2813
3295 78
3295 9880
3295 5638
3295 8684
3295 6994
3295 -8242
3295 2125
3295 1267
3295 2459
3295 -5135
3295 6117
3295 8860
3295 -5086
3295 3861
3295 4338
3295 -9392
3295 -3857
3295 -3301
3295 4040
3295 4020
3295 -5510
3295 -3980
3295 8507
3295 2868
3295 -6780
3295 -8949
3295 2465
3295 -18
3295 -7757
3295 5189
3295 6837
3295 968
3295 7617
3295 -9050
3295 1835
3295 -6208
3295 -1452
3295 6824
3295 -100
3295 6269
3295 -7957
3295 -7089
3295 -83
3295 -4493
3295 373
3295 -7710
3295 2219
3295 4457
3295 1654
3295 -7961
3295 145
3295 -6486
3295 971
3295 -7957
3295 -258
3295 -1935
3295 -6050
3295 -8446
3295 -9402
3295 -2418
3295 -5385
3295 7958
3295 -6926
3295 -1096
3295 9964
3295 -3479
3295 8994
3295 -2730
3295 3222
3295 3091
3295 7197
3295 -9441
3295 7873
3295 -8867
3295 2090
3295 -1809
3295 -4725
3295 -5997
3295 689
3295 4803
3295 -9769
3295 -8138
3295 -9616
3295 7855
3295 961
3295 -1000
3295 9920
3295 7431
3295 -5032
3295 -5637
3295 9012
3295 4481
3295 1102
3295 -6098
3295 -3243
3295 -7968
3295 1846
3295 8473
3295 8333
3295 -869
3295 3536
3295 5636
3295 5580
3295 2389
3295 2578
3295 3961
3295 1674
3295 -9022
3295 -8116
3295 4636
3295 -5760
3295 86
3295 9228
3295 5448
3295 4376
3295 4792
3295 -3235
3295 1287
3295 609
3295 -6336
3295 3361
3295 344
3295 6632
3295 -6725
3295 -6541
3295 4847
3295 3497
3295 -4882
3295 -1082
3295 -2153
3295 -1857
3295 9936
3295 -3435
3295 6329
3295 -5743
3295 7394
3295 6081
3295 -5825
3295 7609
3295 -4941
3295 6819
3295 -1069
3295 -5388
3295 -3885
3295 1144
3295 -3500
3295 6897
3295 2973
3295 -7358
3295 8022
3295 8358
3295 -4796
3295 -2252
3295 -1130
3295 -5979
3295 8549
3295 -357
3295 6235
3295 4524
3295 1986
3295 -9566
3295 1261
3295 -6578
3295 -5052
3295 9972
3295 -4387
3295 -1712
3295 -8352
3295 6894
3295 -6219
3295 7389
3295 -4387
3295 783
3295 -1368
3295 6158
3295 -4793
3295 -2323
3295 3591
3295 9602
3295 5907
3295 -8614
3295 9378
3295 -1099
3295 -3317
3295 -9575
3295 -3798
3295 6295
3295 1355
3295 -6895
3295 -6118
3295 4438
3295 7582
3295 1577
3295 611
3295 3769
3295 -5899
3295 -1424
3295 6815
3295 9209
3295 502
3295 4478
3295 -2964
3295 -8111
3295 -3583
3295 6515
3295 9428
3295 2968
3295 8545
3295 44
3295 3370
3295 3282
3295 -5588
3295 -5749
3295 9561
3295 729
3295 -152
3295 7152
3295 -6743
3295 1677
3295 -5737
3295 7695
3295 8318
3295 -4925
3295 5038
3295 -2000
3295 929
3295 4371
3295 -27
3295 -8887
3295 -3431
3295 853
3295 5321
3295 8540
3295 8754
3295 7699
3295 -3445
3295 -5599
3295 1017
3295 -565
3295 -3781
3295 5415
3295 9206
3295 -2515
3295 -957
3295 5711
3295 2317
3295 3550
3295 8563
3295 6413
3295 2936
3295 -2945
3295 -241
3295 -2542
3295 -4952
3295 209
3295 -9515
3295 8883
3295 -4332
3295 2279
3295 -7207
3295 5700
3295 -5147
3295 -7041
3295 -224
3295 4641
3295 5639
3295 1866
3295 2478
3295 -6236
3295 9854
3295 800
3295 -2193
3295 6349
3295 -3163
3295 9566
3295 -9396
3295 803
3295 -7702
3295 7140
3295 -9383
3295 7235
3295 4433
3295 74
3295 2690
3295 -4136
3295 -7214
3295 7020
3295 9375
3295 771
3295 -3360
3295 3368
3295 -9907
3295 6546
3295 705
3295 -4480
3295 -7723
3295 7091
3295 -1656
3295 9390
3295 4528
3295 4334
3295 4667
3295 6055
3295 7419
3295 690
3295 -9824
3295 3878
3295 -7644
3295 2285
3295 2764
3295 1375
3295 6346
3295 -6792
3295 5366
3295 -4828
3295 7774
3295 -7756
3295 -414
3295 -7206
3295 3985
3295 -9536
3295 1315
3295 1916
3295 -66
3295 -3167
3295 4907
3295 -1779
3295 -272
3295 -6957
3295 -983
3295 -7269
3295 -8025
3295 5091
3295 5051
3295 1446
3295 6963
3295 -924
3295 -721
3295 7770
3295 5950
3295 9550
3295 7810
3295 8507
3295 -5993
3295 1685
3295 -5153
3295 5745
3295 3476
3295 4407
3295 -2200
3295 2116
3295 8631
3295 -3162
3295 -102
3295 -3220
3295 9060
3295 -2319
3295 -5126
3295 9566
3295 7794
3295 -5754
3295 6447
3295 2508
3295 -7895
3295 7817
3295 -3490
3295 7205
3295 -121
3295 -9203
3295 -2493
3295 5154
3295 -5472
3295 3293
3295 -3398
3295 -1602
3295 -4066
3295 3859
3295 9152
3295 9344
3295 9510
3295 -4806
3295 4134
3295 2709
3295 8439
3295 3886
3295 -4721
3295 7452
3295 -3998
3295 -4126
3295 -3013
3295 -9376
3295 366
3295 4943
3295 -7067
3295 974
3295 1525
3295 -7047
3295 7953
3295 -3447
3295 -9709
3295 1681
3295 -8108
3295 -4349
3295 8197
3295 -7629
3295 1608
3295 -8598
3295 -1126
3295 -8252
3295 -152
3295 -1943
3295 -3637
3295 3555
3295 -2186
3295 1064
3295 3944
3295 -850
3295 -3871
3295 -4031
3295 -9379
3295 2187
3295 2547
3295 -4347
3295 -482
3295 -7223
3295 7067
3295 -4534
3295 580
3295 2443
3295 -5550
3295 5058
3295 -9455
3295 -7223
3295 -4667
3295 -7823
3295 4696
3295 7365
3295 -1927
3295 -6545
3295 -9465
3295 -3455
3295 -8658
3295 9346
3295 6798
3295 -4185
3295 6306
3295 -5039
3295 -5584
3295 -6291
3295 -2610
3295 -1533
3295 -4510
3295 -1918
3295 9443
3295 -7169
3295 -1190
3295 4134
3295 6660
3295 -6121
3295 2771
3295 6197
3295 -4516
3295 -6393
3295 2559
3295 -6327
3295 7858
3295 -3623
3295 1556
3295 -5574
3295 3731
3295 -9693
3295 -9233
3295 -2078
3295 4074
3295 2083
3295 -5609
3295 -3285
3295 -2527
3295 -839
3295 4472
3295 7507
3295 1310
3295 3803
3295 4302
3295 -6167
3295 6570
3295 -480
3295 7305
3295 -7219
3295 6894
3295 8257
3295 2384
3295 -2346
3295 -6656
3295 3979
3295 -4896
3295 -8133
3295 717
3295 2657
3295 2773
3295 7163
3295 1563
3295 1891
3295 9380
3295 -7106
3295 -186
3295 5294
3295 8478
3295 -3677
3295 4623
3295 -1531
3295 1369
3295 7358
3295 182
3295 9742
3295 9135
3295 6521
3295 7776
3295 4421
3295 5712
3295 -4635
3295 9497
3295 251
3295 5784
3295 7747
3295 8674
3295 -2793
3295 7098
3295 -8386
3295 4642
3295 -7678
3295 -7893
3295 -480
3295 -7407
3295 -1660
3295 1972
3295 -8754
3295 5367
3295 6300
3295 6176
3295 7805
3295 -7159
3295 -8219
3295 5676
3295 -9276
3295 -6382
3295 -4985
3295 3162
3295 -5558
3295 8086
3295 -7055
3295 1278
3295 -7308
3295 3734
3295 -6663
3295 485
3295 -6836
3295 4214
3295 -9221
3295 1344
3295 -542
3295 -6353
3295 -7475
3295 -660
3295 -1541
3295 2822
3295 -5890
3295 4782
3295 -8725
3295 9115
3295 -4612
3295 9418
3295 -4776
3295 5266
3295 498
3295 7614
3295 -2213
3295 -8931
3295 1968
3295 -9700
3295 -8236
3295 -3649
3295 -9783
3295 -7270
3295 2839
3295 -8190
3295 6949
3295 3738
3295 3674
3295 -281
3295 -7498
3295 -1143
3295 -6278
3295 -4143
3295 5904
3295 -1558
3295 2814
3295 2627
3295 4753
3295 -3662
3295 6877
3295 3055
3295 6319
3295 6670
3295 2487
3295 -7721
3295 -1256
3295 5798
3295 4209
3295 -7084
3295 -1069
3295 4412
3295 1625
3295 2124
3295 4680
3295 7859
3295 -9730
3295 -7484
3295 -3114
3295 -2817
3295 4660
3295 6718
3295 5347
3295 2349
3295 -1474
3295 912
3295 -1548
3295 -8448
3295 1384
3295 6728
3295 7164
3295 8892
3295 -1733
3295 9530
3295 -1300
3295 -9749
3295 9232
3295 -1634
3295 5065
3295 391
3295 3994
3295 -7684
3295 -2951
3295 -6898
3295 1093
3295 673
3295 -9532
3295 5089
3295 6849
3295 5376
3295 6537
3295 -6922
3295 -2422
3295 281
3295 2822
3295 3255
3295 -6671
3295 -9505
3295 -3852
3295 7496
3295 -512
3295 -8640
3295 6034
3295 -4857
3295 -1550
3295 -4192
3295 -1040
3295 7963
3295 197
3295 -7225
3295 -6422
3295 9065
3295 9317
3295 -2595
3295 6345
3295 52
3295 -202
3295 -1877
3295 -8756
3295 2517
3295 2588
3295 5378
3295 -9904
3295 5309
3295 -4176
3295 -4786
3295 -9498
3295 -8272
3295 -4309
3295 3977
3295 -3094
3295 8940
3295 -6345
3295 7091
3295 -8928
3295 -2604
3295 8574
3295 -470
3295 7205
3295 -3608
3295 9981
3295 -185
3295 -4066
3295 -9622
3295 -6823
3295 -4364
3295 -4984
3295 5888
3295 1150
3295 1841
3295 -5309
3295 7059
3295 -3497
3295 1511
3295 -3622
3295 -2179
3295 422
3295 1046
3295 -8504
3295 7985
3295 5734
3295 -1934
3295 -8086
3295 -2061
3295 -3622
3295 5488
3295 -1334
3295 4400
3295 4797
3295 -5279
3295 -343
3295 -247
3295 1412
3295 -8513
3295 -6919
3295 -6626
3295 -5342
3295 3116
3295 -8115
3295 685
3295 7682
3295 -7088
3295 4148
3295 -4953
3295 2267
3295 -9957
3295 -3405
3295 6954
3295 -8122
3295 -6591
3295 -1275
3295 9391
3295 2446
3295 2238
3295 8976
3295 6332
3295 8019
3295 -21
3295 7128
3295 5514
3295 5147
3295 -7814
3295 -2815
3295 -875
3295 -7586
3295 -6346
3295 188
3295 -8940
3295 -1009
3295 8906
3295 -4648
3295 -2884
3295 7969
3295 7075
3295 5344
3295 7231
3295 7421
3295 -7579
3295 -3879
3295 -4640
3295 360
3295 -1260
3295 3909
3295 -1722
3295 -4427
3295 3900
3295 -2214
3295 3645
3295 -9427
3295 1880
3295 -6968
3295 7746
3295 -882
3295 -4350
3295 -4395
3295 -7350
3295 -2015
3295 193
3295 1081
3295 5224
3295 -6299
3295 -6573
3295 4071
3295 -4399
3295 8937
3295 5930
3295 -7411
3295 -9707
3295 -3031
3295 -2641
3295 -3771
3295 2581
3295 -9007
3295 -3867
3295 1356
3295 2151
3295 6911
3295 -7099
3295 -7038
3295 6791
3295 -2017
3295 -2514
3295 2997
3295 3789
3295 -3253
3295 791
3295 5784
3295 946
3295 -4234
3295 -2277
3295 9318
3295 -7112
3295 -2932
3295 -2050
3295 -2195
3295 -52
3295 9536
3295 7494
3295 -6046
3295 -5064
3295 -8732
3295 57
3295 -3517
3295 2560
3295 8648
3295 1639
3295 5428
3295 6452
3295 9692
3295 4677
3295 -6163
3295 3427
3295 7783
3295 -493
3295 6288
3295 -7505
3295 6859
3295 3734
3295 -2161
3295 2984
3295 4919
3295 5270
3295 19
3295 -6907
3295 -4794
3295 740
3295 2443
3295 1107
3295 9296
3295 4540
3295 4896
3295 -3713
3295 -1312
3295 -4666
3295 -6120
3295 9857
3295 -2661
3295 5802
3295 9642
3295 3253
3295 -9045
3295 2074
3295 3535
3295 9492
3295 -8794
3295 5660
3295 7119
3295 -7139
3295 -5204
3295 3050
3295 -7884
3295 -9396
3295 -8182
3295 -3804
3295 -6986
3295 -7052
3295 5410
3295 -3101
3295 4506
3295 7933
3295 1456
3295 -5292
3295 -8330
3295 669
3295 -1798
3295 -9579
3295 3047
3295 6301
3295 -5302
3295 -4218
3295 668
3295 -8095
3295 6368
3295 5697
3295 -8814
3295 -8114
3295 -792
3295 -4185
3295 4112
3295 -1493
3295 -1800
3295 4776
3295 -8
3295 -9259
3295 6513
3295 -7742
3295 -3563
3295 -9434
3295 -5474
3295 -8896
3295 -5752
3295 2706
3295 5133
3295 -1065
3295 2864
3295 -4337
3295 7473
3295 -9723
3295 9004
3295 2482
3295 7865
3295 7788
3295 6536
3295 -313
3295 -944
3295 4317
3295 -4684
3295 7589
3295 8779
3295 9128
3295 6028
3295 8515
3295 -7202
3295 -3632
3295 566
3295 -6230
3295 9430
3295 -4125
3295 8375
3295 7431
3295 -4282
3295 -5660
3295 -9966
3295 7848
3295 2854
3295 -6122
3295 -6087
3295 -2417
3295 -150
3295 -3178
3295 1263
3295 -1215
3295 2685
3295 8635
3295 -8945
3295 -6
3295 565
3295 -1462
3295 -599
3295 -124
3295 -7002
3295 6568
3295 -8354
3295 5686
3295 7756
3295 136
3295 -1301
3295 -3289
3295 5423
3295 -7929
3295 9613
3295 9914
3295 -1267
3295 8425
3295 -3023
3295 4878
3295 -5284
3295 3425
3295 9353
3295 5394
3295 8661
3295 -4892
3295 -6607
3295 -151
3295 4507
3295 9883
3295 2555
3295 -8606
3295 -2048
3295 -2709
3295 -7658
3295 -1208
3295 -5450
3295 9989
3295 934
3295 -2815
3295 9017
3295 -2553
3295 1161
3295 8966
3295 5112
3295 5254
3295 509
3295 -418
3295 -2529
3295 9309
3295 912
3295 -2819
3295 -1679
3295 7253
3295 7369
3295 -5933
3295 -5901
3295 -7197
3295 -2931
3295 -1313
3295 6438
3295 -903
3295 6168
3295 9807
3295 5650
3295 -7673
3295 5570
3295 513
3295 6273
3295 8709
3295 3043
3295 -2523
3295 -7176
3295 1981
3295 2617
3295 158
3295 -6013
3295 5581
3295 -3640
3295 -8217
3295 -8850
3295 1328
3295 9260
3295 -9773
3295 2757
3295 3807
3295 -5048
3295 3028
3295 2802
3295 -4592
3295 5742
3295 -1213
3295 -7677
3295 6762
3295 6272
3295 -9590
3295 -2233
3295 8989
3295 1036
3295 3254
3295 -6987
3295 -463
3295 8047
3295 2210
3295 -7965
3295 6098
3295 7464
3295 -2567
3295 2588
3295 2870
3295 -316
3295 5158
3295 8447
3295 -4964
3295 7358
3295 -266
3295 2022
3295 7258
3295 -6387
3295 5962
3295 -327
3295 -2454
3295 8089
3295 -7714
3295 -431
3295 -9550
3295 4050
3295 -3327
3295 4549
3295 -5500
3295 -2506
3295 -7255
3295 -4035
3295 -74
3295 -7011
3295 -6214
3295 8070
3295 6066
3295 -930
3295 -766
3295 -8994
3295 7401
3295 -2497
3295 -7358
3295 272
3295 2433
3295 -501
3295 -3137
3295 3124
3295 -830
3295 8841
3295 -2472
3295 -2281
3295 4382
3295 -5822
3295 8255
3295 -5070
3295 2362
3295 2427
3295 -4356
3295 8080
3295 8003
3295 -133
3295 3097
3295 3386
3295 -5020
3295 7931
3295 -4257
3295 1257
3295 9206
3295 -6655
3295 -299
3295 5299
3295 -8791
3295 -8209
3295 4391
3295 -1520
3295 -2178
3295 -8970
3295 1328
3295 5438
3295 3235
3295 4794
3295 -7630
3295 2240
3295 -7700
3295 -5283
3295 4924
3295 7516
3295 -637
3295 2866
3295 1418
3295 -8160
3295 4293
3295 779
3295 -4302
3295 -3495
3295 -4132
3295 2161
3295 1311
3295 8970
3295 -1644
3295 8314
3295 -5255
3295 1357
3295 -9299
3295 -5831
3295 9652
3295 -1072
3295 -4406
3295 7517
3295 -900
3295 -3155
3295 -9935
3295 -3124
3295 7703
3295 388
3295 -5127
3295 -9550
3295 3429
3295 5602
3295 4503
3295 -9574
3295 376
3295 -5995
3295 3466
3295 5999
3295 -3142
3295 5851
3295 365
3295 -9087
3295 8616
3295 -9373
3295 -2530
3295 -9278
3295 8804
3295 -638
3295 -1482
3295 6556
3295 -8224
3295 -5875
3295 -3243
3295 -6636
3295 3377
3295 1160
3295 -953
3295 8876
3295 4097
3295 -4451
3295 -1894
3295 -8090
3295 -8200
3295 -327
3295 -7595
3295 9643
3295 -7316
3295 2500
3295 -1870
3295 1782
3295 -9307
3295 -4770
3295 6797
3295 -7705
3295 6358
3295 -2525
3295 -6792
3295 9861
3295 -1094
3295 -6232
3295 -9763
3295 815
3295 3798
3295 8693
3295 2407
3295 -9916
3295 -3226
3295 -1149
3295 9571
3295 -6757
3295 -2073
3295 -862
3295 4470
3295 1452
3295 -6141
3295 6657
3295 -2689
3295 -4308
3295 2950
3295 9166
3295 -2770
3295 -6909
3295 -505
3295 4414
3295 -2467
3295 -1066
3295 4578
3295 5540
3295 7751
3295 -718
3295 4987
3295 6502
3295 -3987
3295 7419
3295 2416
3295 497
3295 -5047
3295 1595
3295 2238
3295 -4158
3295 -8102
3295 4811
3295 -498
3295 -2455
3295 -8571
3295 -8578
3295 -8981
3295 -2249
3295 9162
3295 -75
3295 5123
3295 -525
3295 9717
3295 8128
3295 -3703
3295 -7621
3295 2865
3295 3209
3295 7651
3295 8335
3295 4737
3295 -3131
3295 8907
3295 -3780
3295 -5017
3295 3044
3295 7976
3295 -7817
3295 -5851
3295 2002
3295 -8553
3295 -7475
3295 4512
3295 -6563
3295 -4764
3295 -3519
3295 -1811
3295 -2997
3295 1134
3295 -1670
3295 4735
3295 -3643
3295 9889
3295 -1321
3295 -8099
3295 580
3295 -8662
3295 3239
3295 -899
3295 1976
3295 916
3295 9848
3295 -7508
3295 -2478
3295 8429
3295 -4155
3295 2649
3295 -4475
3295 -8874
3295 -1844
3295 -5993
3295 970
3295 8079
3295 7483
3295 9266
3295 -9394
3295 411
3295 -4334
3295 83
3295 -8219
3295 -1409
3295 6608
3295 4397
3295 4651
3295 -7450
3295 1915
3295 -8401
3295 8941
3295 2858
3295 -7526
3295 -5693
3295 -6224
3295 2180
3295 374
3295 -5200
3295 4812
3295 548
3295 -9119
3295 9041
3295 -2191
3295 6751
3295 -8738
3295 2344
3295 6873
3295 7829
3295 7713
3295 8917
3295 -3855
3295 6226
3295 1977
3295 21
3295 -9749
3295 3583
3295 -756
3295 3593
3295 -3828
3295 2735
3295 1806
3295 -141
3295 2666
3295 6411
3295 5448
3295 -3365
3295 4438
3295 4160
3295 -774
3295 -8305
3295 7115
3295 5075
3295 -5538
3295 -1420
3295 4434
3295 -2007
3295 -4531
3295 -4670
3295 -4798
3295 -4151
3295 4789
3295 -6361
3295 4821
3295 1598
3295 5205
3295 -1426
3295 5061
3295 6947
3295 -3519
3295 -2658
3295 -1531
3295 -4802
3295 474
3295 -7348
3295 872
3295 2631
3295 720
3295 -4855
3295 2802
3295 9649
3295 -131
3295 526
3295 2472
3295 9432
3295 8919
3295 -9635
3295 7511
3295 2356
3295 3072
3295 8875
3295 -6087
3295 -7248
3295 -7523
3295 -7536
3295 3069
3295 1218
3295 -387
3295 2108
3295 5452
3295 -1607
3295 -6273
3295 1698
3295 -6547
3295 -5390
3295 613
3295 -1560
3295 -8898
3295 6434
3295 2346
3295 -3771
3295 4921
3295 -5321
3295 6060
3295 5252
3295 -1822
3295 6509
3295 -2676
3295 992
3295 -6203
3295 2715
3295 -9757
3295 -4829
3295 -8143
3295 -7001
3295 -3947
3295 -2407
3295 1428
3295 4197
3295 -9999
3295 8422
3295 4568
3295 -8985
3295 -5281
3295 4163
3295 6196
3295 -2053
3295 2461
3295 2034
3295 -9751
3295 3433
3295 -5675
3295 1762
3295 1241
3295 -631
3295 -3251
3295 1439
3295 7765
3295 2992
3295 8982
3295 -3958
3295 8528
3295 1042
3295 6985
3295 -5172
3295 -1429
3295 1424
3295 6413
3295 -7497
3295 7436
3295 9718
3295 -6662
3295 8681
3295 -4526
3295 -1321
3295 8557
3295 -418
3295 -9247
3295 -8993
3295 -7659
3295 4354
3295 8931
3295 4392
3295 9453
3295 -609
3295 8512
3295 -3470
3295 5459
3295 -5807
3295 -7317
3295 -9747
3295 9
3295 6060
3295 -7818
3295 -3618
3295 7499
3295 6374
3295 1161
3295 1945
3295 2853
3295 -1576
3295 4229
3295 -6673
3295 6440
3295 8086
3295 7331
3295 6468
3295 -3072
3295 2816
3295 -1446
3295 -4227
3295 3243
3295 -3246
3295 9173
3295 -2733
3295 1146
3295 7285
3295 -814
3295 -472
3295 4991
3295 4267
3295 3476
3295 -62
3295 -6976
3295 9648
3295 -3939
3295 3094
3295 -7702
3295 -2950
3295 -611
3295 4896
3295 1532
3295 -1930
3295 -3662
3295 -5681
3295 -8518
3295 8588
3295 -2869
3295 213
3295 4336
3295 -1607
3295 3264
3295 -1640
3295 7144
3295 1318
3295 4984
3295 4273
3295 186
3295 9021
3295 -7657
3295 514
3295 2229
3295 -5823
3295 -6651
3295 7955
3295 6615
3295 8230
3295 1259
3295 8630
3295 -817
3295 5081
3295 2699
3295 -2575
3295 -1164
3295 3973
3295 -5800
3295 5869
3295 -1285
3295 1571
3295 -8542
3295 7228
3295 -1496
3295 -1503
3295 -2987
3295 903
3295 -2904
3295 4221
3295 -7563
3295 -5417
3295 -6656
3295 5807
3295 9955
3295 -3987
3295 -7111
3295 -381
3295 9567
3295 9375
3295 294
3295 -1773
3295 -2888
3295 -4132
3295 8818
3295 2214
3295 -1787
3295 6333
3295 -4690
3295 -6144
3295 6855
3295 -1882
3295 -9273
3295 -3125
3295 8918
3295 -51
3295 -4731
3295 3805
3295 1519
3295 -9187
3295 4774
3295 -993
3295 -1295
3295 8883
3295 1288
3295 3939
3295 8761
3295 -3207
3295 -3031
3295 4411
3295 4132
3295 -9354
3295 9966
3295 -3755
3295 -8153
3295 2343
3295 -5023
3295 7207
3295 -9294
3295 7039
3295 7981
3295 -5801
3295 4343
3295 5725
3295 2651
3295 3505
3295 4832
3295 1995
3295 -8273
3295 -6472
3295 -8788
3295 -2638
3295 7638
3295 -7596
3295 7544
3295 327
3295 4784
3295 -7695
3295 4404
3295 -9942
3295 7760
3295 6786
3295 -5583
3295 -7711
3295 -7391
3295 491
3295 9383
3295 -7972
3295 8147
3295 584
3295 -3800
3295 1136
3295 -7486
3295 2011
3295 -8716
3295 8735
3295 -7798
3295 8077
3295 7960
3295 -1471
3295 33
3295 -8678
3295 1714
3295 3480
3295 3635
3295 -5151
3295 -7814
3295 2142
3295 -3
3295 -4908
3295 8727
3295 9202
3295 4906
3295 5041
3295 -5490
3295 3515
3295 9096
3295 2675
3295 9858
3295 3412
3295 4611
3295 8371
3295 -5422
3295 2312
3295 -1304
3295 6630
3295 -2905
3295 -4640
3295 6232
3295 -7315
3295 9734
3295 9498
3295 8789
3295 -6426
3295 1599
3295 9500
3295 -1616
3295 -215
3295 -135
3295 -2041
3295 -6775
3295 3385
3295 9550
3295 -3030
3295 -1736
3295 -13
3295 5002
3295 5843
3295 -5959
3295 6846
3295 -425
3295 -5467
3295 3184
3295 2628
3295 -8048
3295 -1053
3295 -9123
3295 -667
3295 5953
3295 -7118
3295 -1365
3295 4499
3295 -7497
3295 8466
3295 -7052
3295 490
3295 -6473
3295 -302
3295 -6125
3295 -9718
3295 -5041
3295 612
3295 8440
3295 2117
3295 2541
3295 -7642
3295 -176
3295 7911
3295 5406
3295 -3193
3295 5783
3295 771
3295 -4012
3295 -3031
3295 352
3295 -2738
3295 5291
3295 9604
3295 -1142
3295 4874
3295 4930
3295 832
3295 1978
3295 -9366
3295 -8269
3295 -6644
3295 -3829
3295 9066
3295 6841
3295 -6049
3295 -428
3295 3538
3295 2458
3295 -7373
3295 3457
3295 -3732
3295 -311
3295 -7255
3295 -782
3295 -5800
3295 9623
3295 -7940
3295 7346
3295 -7902
3295 -2162
3295 6817
3295 -6041
3295 7448
3295 -4091
3295 5369
3295 7329
3295 -7839
3295 -7338
3295 -262
3295 -6844
3295 111
3295 -6840
3295 -6571
3295 -8651
3295 -7257
3295 1496
3295 499
3295 -4522
3295 9255
3295 9367
3295 4751
3295 -1528
3295 7391
3295 -9623
3295 -5755
3295 -7102
3295 7956
3295 854
3295 -5549
3295 12
3295 -9497
3295 -2372
3295 -3280
3295 1286
3295 -501
3295 -6152
3295 -4299
3295 1237
3295 5635
3295 5489
3295 -6468
3295 -2170
3295 2458
3295 8920
3295 5451
3295 9331
3295 -9767
3295 -7696
3295 -7539
3295 8136
3295 1325
3295 -8459
3295 -4339
3295 29
3295 8364
3295 3690
3295 -5295
3295 8652
3295 -6051
3295 8856
3295 2687
3295 8735
3295 5459
3295 -6745
3295 6305
3295 3135
3295 -4993
3295 -6322
3295 -3687
3295 -5914
3295 -378
3295 4806
3295 9447
3295 -9407
3295 362
3295 -4258
3295 6835
3295 -2664
3295 7368
3295 9549
3295 -4733
3295 -8775
3295 3198
3295 330
3295 -1127
3295 -7719
3295 -1157
3295 -4281
3295 -7556
3295 6916
3295 -5168
3295 -5259
3295 -2141
3295 -6125
3295 -2532
3295 8797
3295 5922
3295 -6744
3295 -3004
3295 -3605
3295 9897
3295 8799
3295 -4446
3295 5619
3295 -3944
3295 2438
3295 -955
3295 -2342
3295 7851
3295 -2806
3295 8295
3295 -6052
3295 -5818
3295 4811
3295 -3853
3295 -6506
3295 -8395
3295 9120
3295 -6276
3295 6255
3295 9026
3295 7562
3295 749
3295 8773
3295 9936
3295 -928
3295 -7363
3295 -6899
3295 2253
3295 2148
3295 9122
3295 -6826
3295 8030
3295 -4919
3295 7431
3295 6268
3295 2568
3295 -7901
3295 8154
3295 -7473
3295 -781
3295 7898
3295 4153
3295 1870
3295 -1846
3295 5330
3295 4660
3295 -125
3295 -5194
3295 5826
3295 -5063
3295 -9003
3295 1868
3295 5863
3295 -2348
3295 5690
3295 -4939
3295 3614
3295 4794
3295 539
3295 3433
3295 8102
3295 -4633
3295 9707
3295 495
3295 5818
3295 -9002
3295 -7117
3295 3902
3295 2158
3295 6344
3295 1408
3295 7975
3295 3636
3295 7248
3295 3013
3295 2937
3295 9553
3295 -9312
3295 8593
3295 -7045
3295 4881
3295 6057
3295 408
3295 1365
3295 -5752
3295 -6322
3295 8023
3295 -9680
3295 -2995
3295 3088
3295 -9882
3295 5001
3295 3154
3295 -1949
3295 -7118
3295 5313
3295 552
3295 -575
3295 576
3295 9252
3295 -1463
3295 -2445
3295 4039
3295 4651
3295 -9050
3295 -8404
3295 8243
3295 5877
3295 -6274
3295 1191
3295 2341
3295 -1384
3295 8970
3295 885
3295 -3086
3295 -7908
3295 3647
3295 -6712
3295 1153
3295 6949
3295 7915
3295 -418
3295 411
3295 -1534
3295 9006
3295 -7306
3295 3853
3295 -2359
3295 4724
3295 2764
3295 -50
3295 1378
3295 140
3295 -3555
3295 5706
3295 1304
3295 -9811
3295 -3932
3295 -3033
3295 -235
3295 1432
3295 9878
3295 -7574
3295 -4436
3295 -3119
3295 5131
3295 -7934
3295 2718
3295 -8611
3295 4455
3295 -26
3295 9274
3295 3770
3295 -1202
3295 -6415
3295 8920
3295 5124
3295 3019
3295 -1763
3295 -6540
3295 -7291
3295 961
3295 7315
3295 -7184
3295 5971
3295 1657
3295 -9016
3295 -3105
3295 -6659
3295 5216
3295 7265
3295 3897
3295 1916
3295 -6823
3295 9249
3295 -7882
3295 -1608
3295 -3758
3295 8802
3295 -8433
3295 -1558
3295 -2001
3295 8840
3295 -49
3295 -5112
3295 1838
3295 -7950
3295 -8078
3295 -6121
3295 -6153
3295 2467
3295 -1286
3295 8955
3295 -5461
3295 -8741
3295 -4516
3295 -5709
3295 1718
3295 6348
3295 -1487
3295 -7609
3295 -6487
3295 8999
3295 -3414
3295 9419
3295 -8482
3295 9121
3295 -881
3295 4323
3295 1294
3295 8795
3295 6160
3295 -2478
3295 -2168
3295 -8437
3295 -8216
3295 -9688
3295 -2475
3295 8409
3295 6415
3295 -3466
3295 -6505
3295 3690
3295 4700
3295 -5287
3295 -91
3295 -6103
3295 -1904
3295 1552
3295 1145
3295 6510
3295 -9686
3295 6322
3295 4502
3295 6247
3295 -4359
3295 8485
3295 68
3295 -5027
3295 6397
3295 7820
3295 9233
3295 7449
3295 -8113
3295 9956
3295 5834
3295 -6159
3295 3668
3295 4057
3295 -1261
3295 -1229
3295 7333
3295 7473
3295 -7199
3295 -4339
3295 -9683
3295 -7759
3295 7898
3295 -4759
3295 4985
3295 -6415
3295 -7699
3295 -2146
3295 246
3295 -6505
3295 209
3295 366
3295 -7522
3295 -364
3295 8866
3295 -8526
3295 -7400
3295 -2583
3295 4379
3295 -8741
3295 4337
3295 -4562
3295 3127
3295 -4194
3295 4288
3295 4917
3295 4492
3295 7151
3295 2722
3295 4007
3295 -2031
3295 -1723
3295 -8923
3295 -6950
3295 -3829
3295 -8642
3295 -8311
3295 -2600
3295 -2568
3295 9562
3295 -3118
3295 -5
3295 -3804
3295 -7527
3295 -7918
3295 361
3295 5765
3295 -9763
3295 6070
3295 -5756
3295 1055
3295 3210
3295 -48
3295 1669
3295 -727
3295 6678
3295 -5568
3295 -4720
3295 3410
3295 8482
3295 5330
3295 5754
3295 -114
3295 -2700
3295 -8083
3295 -4674
3295 1021
3295 -802
3295 1261
3295 -2757
3295 -895
3295 1204
3295 8938
3295 9110
3295 -9168
3295 4294
3295 -3357
3295 2628
3295 5223
3295 3323
3295 -2510
3295 -7716
3295 377
3295 640
3295 -4157
3295 2573
3295 -7065
3295 -7487
3295 -5745
3295 -8105
3295 -9237
3295 -192
3295 -4611
3295 407
3295 -1497
3295 -3222
3295 -1655
3295 -8605
3295 -5145
3295 260
3295 -8845
3295 8296
3295 6380
3295 7446
3295 -2340
3295 -7308
3295 -586
3295 -3122
3295 -1749
3295 1625
3295 -3480
3295 -5200
3295 7706
3295 -1143
3295 374
3295 -9146
3295 -6413
3295 5755
3295 8263
3295 -6395
3295 4713
3295 4177
3295 -2208
3295 -8530
3295 -1727
3295 1781
3295 -3079
3295 -3540
3295 -779
3295 -4602
3295 -4456
3295 -1858
3295 8118
3295 8761
3295 -8615
3295 5315
3295 8884
3295 -393
3295 1837
3295 1732
3295 -7210
3295 -7698
3295 201
3295 6657
3295 2461
3295 9343
3295 -340
3295 7547
3295 -270
3295 -6843
3295 4539
3295 8003
3295 6190
3295 123
3295 -2639
3295 3167
3295 -3651
3295 5948
3295 -891
3295 8302
3295 -5095
3295 9860
3295 -5698
3295 9356
3295 -6743
3295 -5536
3295 7914
3295 -3785
3295 1326
3295 771
3295 9857
3295 -1321
3295 3093
3295 -2044
3295 8020
3295 -674
3295 -217
3295 162
3295 -7208
3295 -3324
3295 8905
3295 23
3295 -5975
3295 -8239
3295 3205
3295 1627
3295 -3716
3295 7839
3295 2912
3295 -4037
3295 -1925
3295 -7224
3295 -3333
3295 -4605
3295 2815
3295 -450
3295 3773
3295 7816
3295 9511
3295 -2570
3295 -2120
3295 3823
3295 -873
3295 -5366
3295 4663
3295 1966
3295 3948
3295 -3136
3295 -8642
3295 3923
3295 -1524
3295 541
3295 -9443
3295 -5526
3295 6832
3295 -341
3295 -7406
3295 -1504
3295 8628
3295 -341
3295 2485
3295 3889
3295 -4672
3295 -625
3295 1357
3295 9131
3295 -609
3295 8416
3295 -1467
3295 -2243
3295 6559
3295 5135
3295 9003
3295 -888
3295 6256
3295 -2136
3295 4304
3295 -6259
3295 9908
3295 -4131
3295 3049
3295 3038
3295 7603
3295 8089
3295 -2363
3295 1272
3295 -9403
3295 -1180
3295 -5082
3295 -2381
3295 3857
3295 1760
3295 4476
3295 4101
3295 -1097
3295 -8848
3295 -690
3295 -6272
3295 5660
3295 1372
3295 -9716
3295 9508
3295 728
3295 3532
3295 -6882
3295 2504
3295 -9061
3295 1223
3295 -2873
3295 -2233
3295 -6987
3295 6531
3295 -1825
3295 6302
3295 8078
3295 7032
3295 -227
3295 -5430
3295 -6489
3295 -1906
3295 5589
3295 595
3295 6296
3295 9708
3295 -3701
3295 3222
3295 8572
3295 -3625
3295 -9397
3295 -4669
3295 -3177
3295 5103
3295 7248
3295 177
3295 71
3295 4257
3295 6620
3295 8184
3295 2395
3295 8354
3295 -6516
3295 8943
3295 -25
3295 -6146
3295 1627
3295 -7627
3295 5742
3295 1497
3295 7704
3295 -5185
3295 -4586
3295 -8961
3295 4
3295 1873
3295 2349
3295 5926
3295 3307
3295 -5486
3295 438
3295 6983
3295 6390
3295 2965
3295 6698
3295 8380
3295 -8494
3295 9216
3295 4273
3295 -1999
3295 7836
3295 6333
3295 8213
3295 -4600
3295 -6032
3295 -2893
3295 -5996
3295 -9565
3295 257
3295 -6221
3295 -7595
3295 -6098
3295 -7243
3295 3782
3295 816
3295 -2118
3295 -6970
3295 8492
3295 1131
3295 -6920
3295 7030
3295 -8452
3295 -9595
3295 7428
3295 2239
3295 -6468
3295 -4465
3295 9007
3295 9755
3295 -575
3295 -2220
3295 5107
3295 549
3295 6953
3295 -9064
3295 -6312
3295 -4028
3295 -6117
3295 -8897
3295 -1155
3295 7603
3295 -3566
3295 8818
3295 4958
3295 -7118
3295 168
3295 -6533
3295 -5606
3295 -1661
3295 -6127
3295 1457
3295 -9113
3295 -1355
3295 4340
3295 -6614
3295 -918
3295 -5016
3295 -9953
3295 -3878
3295 -7776
3295 -7739
3295 3800
3295 -124
3295 -1605
3295 4875
3295 4335
3295 -1208
3295 -6117
3295 4777
3295 -2204
3295 -4508
3295 -6852
3295 3527
3295 4538
3295 4527
3295 3772
3295 7774
3295 4164
3295 -6904
3295 -5707
3295 6304
3295 -9817
3295 3996
3295 1530
3295 -715
3295 -7330
3295 7512
3295 7453
3295 9530
3295 6687
3295 8076
3295 -5616
3295 -7971
3295 -7648
3295 4654
3295 -1159
3295 874
3295 -8857
3295 4443
3295 8467
3295 5006
3295 -9996
3295 7443
3295 1802
3295 -5660
3295 8657
3295 1704
3295 9736
3295 9047
3295 -7796
3295 -7471
3295 -2535
3295 5475
3295 6630
3295 8724
3295 -2887
3295 2276
3295 7530
3295 3827
3295 -969
3295 -3530
3295 943
3295 7572
3295 9128
3295 -8817
3295 3858
3295 2538
3295 3314
3295 -2833
3295 4630
3295 2050
3295 1628
3295 2044
3295 8682
3295 -2563
3295 199
3295 -7295
3295 5668
3295 -9847
3295 -1569
3295 -1107
3295 -8553
3295 -7164
3295 6723
3295 -5092
3295 -413
3295 -4922
3295 6363
3295 8459
3295 6172
3295 8727
3295 3364
3295 999
3295 9299
3295 7909
3295 8446
3295 4277
3295 -3279
3295 -4387
3295 6711
3295 8970
3295 7305
3295 -7817
3295 -5480
3295 -7876
3295 -2753
3295 419
3295 -3762
3295 -2063
3295 4311
3295 -2754
3295 -2115
3295 -2694
3295 -5012
3295 -4953
3295 4547
3295 1045
3295 1812
3295 -6510
3295 -440
3295 -6211
3295 265
3295 -2936
3295 2152
3295 -6038
3295 -5239
3295 6259
3295 -3260
3295 -1937
3295 -8171
3295 4403
3295 -3588
3295 405
3295 5670
3295 3540
3295 6005
3295 -4375
3295 4121
3295 -200
3295 7516
3295 -2134
3295 -2420
3295 6018
3295 2638
3295 9245
3295 2881
3295 173
3295 -9262
3295 9199
3295 -5687
3295 -1998
3295 -8849
3295 6667
3295 -5867
3295 -3347
3295 -330
3295 1723
3295 -3742
3295 -4772
3295 -7741
3295 4426
3295 -3993
3295 -6605
3295 3089
3295 8456
3295 2858
3295 9960
3295 153
3295 -2735
3295 735
3295 -3458
3295 -2776
3295 4290
3295 1786
3295 -8168
3295 -1249
3295 7181
3295 -7115
3295 -1685
3295 -326
3295 -1302
3295 -9904
3295 3036
3295 9689
3295 -9105
3295 8800
3295 -9795
3295 -533
3295 -6544
3295 -8685
3295 -6033
3295 9740
3295 -3588
3295 -734
3295 6125
3295 8860
3295 -1436
3295 4358
3295 9440
3295 -6477
3295 540
3295 657
3295 2902
3295 6474
3295 -6337
3295 4040
3295 4692
3295 8553
3295 -7311
3295 9259
3295 -2862
3295 -5205
3295 7278
3295 3944
3295 -9671
3295 -5931
3295 9381
3295 8213
3295 -5323
3295 -6720
3295 6325
3295 -5730
3295 -5154
3295 9856
3295 -6538
3295 -3872
3295 8460
3295 8590
3295 -7244
3295 -6123
3295 -7974
3295 4095
3295 8068
3295 865
3295 7144
3295 8850
3295 -1337
3295 -6934
3295 -8038
3295 2330
3295 -2838
3295 -2245
3295 -4838
3295 2300
3295 1111
3295 8857
3295 -2313
3295 5247
3295 7504
3295 1569
3295 7943
3295 -3734
3295 -8744
3295 -2625
3295 -6096
3295 -9599
3295 2904
3295 61
3295 -164
3295 -98
3295 986
3295 6097
3295 5035
3295 -7060
3295 619
3295 -5605
3295 -305
3295 2076
3295 -3765
3295 5873
3295 7829
3295 -3797
3295 -5153
3295 3368
3295 -1324
3295 9995
3295 -9041
3295 -3483
3295 7247
3295 6557
3295 -6315
3295 -5684
3295 -4355
3295 -2787
3295 121
3295 4655
3295 9483
3295 4304
3295 2002
3295 4166
3295 747
3295 9642
3295 -1155
3295 6904
3295 -2551
3295 -3583
3295 1592
3295 9159
3295 -3841
3295 9700
3295 2673
3295 -2712
3295 1916
3295 142
3295 -9313
3295 1594
3295 9052
3295 -9666
3295 -6199
3295 -325
3295 8152
3295 -6434
3295 -5925
3295 7396
3295 -9366
3295 -5501
3295 9106
3295 -1585
3295 1247
3295 5525
3295 8510
3295 -5741
3295 -1057
3295 5158
3295 -1591
3295 4226
3295 2176
3295 -9819
3295 -3875
3295 -1677
3295 -1805
3295 689
3295 -5801
3295 539
3295 4360
3295 8002
3295 -5661
3295 6722
3295 -5844
3295 6185
3295 8840
3295 6337
3295 5597
3295 7868
3295 8009
3295 -4303
3295 -7304
3295 -121
3295 -8909
3295 -6359
3295 4358
3295 645
3295 5318
3295 3819
3295 727
3295 5842
3295 7894
3295 6892
3295 3371
3295 -76
3295 -6586
3295 -2689
3295 -7493
3295 4904
3295 -7179
3295 -9677
3295 5759
3295 9357
3295 -6997
3295 7631
3295 -6374
3295 -3231
3295 7243
3295 -3755
3295 -6295
3295 2186
3295 -6556
3295 -416
3295 5956
3295 -720
3295 -4172
3295 -3772
3295 9353
3295 4779
3295 -4094
3295 -2660
3295 3964
3295 -4613
3295 -5420
3295 4247
3295 3471
3295 2017
3295 5944
3295 -7186
3295 9823
3295 5678
3295 -9964
3295 -5197
3295 5066
3295 -8508
3295 -7148
3295 -9434
3295 -5153
3295 -5668
3295 7620
3295 1683
3295 -582
3295 298
3295 -4916
3295 4476
3295 8446
3295 -9593
3295 -4551
3295 -3804
3295 8739
3295 -3614
3295 -5692
3295 3420
3295 5246
3295 -8283
3295 8850
3295 -5634
3295 -8705
3295 6407
3295 -9549
3295 5620
3295 4375
3295 5341
3295 9198
3295 6451
3295 -1564
3295 6418
3295 -6870
3295 -193
3295 -3332
3295 -5808
3295 3123
3295 -8214
3295 9756
3295 -5185
3295 6167
3295 -7733
3295 -9355
3295 -4925
3295 3702
3295 6381
3295 41
3295 8981
3295 1539
10000
10000 10000
10000 10000
10000 -10000
-10000 10000
10000 10000
10000 10000
10000 -10000
-10000 10000
-10000 -10000
-10000 -10000
10000 10000
-10000 10000
-10000 10000
-10000 10000
-10000 10000
10000 -10000
10000 10000
-10000 -10000
-10000 10000
10000 10000
10000 -10000
-10000 -10000
-10000 -10000
-10000 10000
-10000 10000
10000 10000
-10000 -10000
-10000 -10000
10000 -10000
10000 10000
-10000 10000
10000 -10000
-10000 10000
-10000 -10000
-10000 -10000
-10000 10000
-10000 10000
-10000 10000
10000 10000
10000 10000
-10000 -10000
10000 -10000
-10000 10000
10000 -10000
10000 -10000
-10000 10000
10000 -10000
-10000 -10000
-10000 -10000
10000 10000
10000 10000
10000 10000
-10000 10000
10000 -10000
-10000 -10000
10000 -10000
10000 -10000
10000 -10000
-10000 -10000
-10000 10000
-10000 -10000
10000 10000
-10000 -10000
10000 10000
-10000 10000
10000 -10000
10000 10000
-10000 -10000
-10000 10000
10000 -10000
-10000 -10000
10000 -10000
-10000 -10000
-10000 -10000
-10000 10000
10000 10000
-10000 -10000
10000 -10000
-10000 -10000
10000 -10000
10000 -10000
10000 -10000
-10000 -10000
-10000 10000
-10000 -10000
-10000 -10000
10000 10000
-10000 10000
-10000 -10000
10000 -10000
-10000 10000
10000 10000
10000 10000
10000 -10000
-10000 -10000
10000 -10000
-10000 -10000
10000 -10000
-10000 10000
-10000 10000
10000 -10000
10000 -10000
10000 -10000
10000 10000
-10000 10000
10000 10000
10000 10000
-10000 -10000
10000 10000
-10000 10000
10000 10000
-10000 -10000
10000 -10000
-10000 -10000
-10000 -10000
10000 -10000
-10000 -10000
10000 10000
-10000 -10000
-10000 -10000
-10000 10000
-10000 -10000
-10000 -10000
10000 -10000
-10000 10000
-10000 10000
10000 10000
10000 -10000
-10000 10000
-10000 -10000
10000 -10000
10000 -10000
-10000 10000
10000 -10000
10000 10000
-10000 -10000
-10000 10000
10000 10000
-10000 10000
-10000 -10000
-10000 -10000
-10000 -10000
-10000 10000
10000 -10000
-10000 10000
-10000 -10000
10000 -10000
-10000 10000
10000 10000
-10000 10000
10000 10000
-10000 -10000
10000 -10000
10000 -10000
-10000 -10000
10000 10000
-10000 -10000
10000 -10000
10000 -10000
10000 10000
-10000 -10000
-10000 10000
-10000 10000
-10000 -10000
10000 -10000
10000 -10000
10000 10000
10000 10000
10000 -10000
-10000 -10000
10000 -10000
10000 -10000
-10000 -10000
10000 10000
10000 10000
-10000 10000
10000 10000
-10000 -10000
-10000 -10000
10000 -10000
-10000 10000
-10000 -10000
-10000 10000
-10000 -10000
10000 -10000
10000 -10000
10000 -10000
10000 10000
-10000 -10000
10000 10000
10000 10000
-10000 -10000
-10000 10000
10000 10000
10000 -10000
10000 -10000
-10000 -10000
10000 -10000
-10000 -10000
10000 10000
10000 -10000
-10000 10000
-10000 -10000
-10000 -10000
-10000 -10000
10000 -10000
10000 10000
10000 -10000
10000 -10000
-10000 -10000
10000 10000
10000 10000
-10000 10000
10000 10000
-10000 10000
-10000 10000
10000 10000
10000 10000
-10000 10000
-10000 -10000
10000 10000
10000 10000
10000 10000
-10000 -10000
10000 10000
10000 10000
-10000 10000
10000 -10000
10000 -10000
-10000 10000
-10000 -10000
-10000 10000
10000 -10000
10000 10000
10000 10000
10000 10000
10000 10000
10000 -10000
10000 -10000
10000 -10000
-10000 -10000
-10000 -10000
-10000 10000
-10000 10000
10000 -10000
10000 -10000
10000 -10000
10000 10000
10000 -10000
-10000 10000
10000 10000
-10000 10000
10000 -10000
10000 10000
10000 10000
-10000 -10000
-10000 -10000
10000 10000
-10000 -10000
10000 10000
-10000 -10000
-10000 10000
10000 -10000
10000 -10000
-10000 -10000
10000 -10000
-10000 10000
10000 10000
-10000 -10000
10000 -10000
10000 -10000
-10000 10000
10000 -10000
10000 -10000
-10000 -10000
-10000 -10000
10000 10000
10000 -10000
10000 10000
10000 -10000
10000 -10000
-10000 10000
10000 10000
10000 10000
-10000 10000
-10000 10000
10000 -10000
10000 10000
10000 -10000
10000 10000
-10000 10000
-10000 10000
10000 -10000
-10000 10000
10000 10000
-10000 -10000
10000 -10000
-10000 -10000
-10000 10000
-10000 -10000
10000 10000
10000 10000
-10000 10000
-10000 -10000
10000 10000
-10000 -10000
10000 10000
-10000 10000
-10000 10000
10000 10000
10000 10000
-10000 10000
10000 -10000
10000 10000
-10000 -10000
10000 10000
-10000 10000
-10000 -10000
10000 10000
10000 10000
10000 -10000
-10000 -10000
-10000 10000
10000 -10000
10000 -10000
10000 -10000
10000 -10000
-10000 10000
-10000 -10000
-10000 -10000
-10000 10000
10000 -10000
-10000 -10000
-10000 -10000
10000 -10000
10000 10000
10000 10000
-10000 -10000
-10000 -10000
-10000 10000
10000 10000
-10000 -10000
10000 10000
10000 -10000
-10000 -10000
-10000 10000
-10000 10000
-10000 10000
10000 -10000
-10000 10000
10000 -10000
10000 10000
-10000 -10000
10000 -10000
-10000 10000
-10000 -10000
-10000 10000
10000 -10000
10000 10000
10000 10000
10000 10000
-10000 10000
10000 10000
-10000 -10000
-10000 10000
-10000 10000
10000 10000
10000 10000
10000 -10000
10000 10000
-10000 -10000
-10000 -10000
10000 10000
10000 10000
10000 10000
10000 10000
10000 10000
10000 10000
-10000 10000
-10000 10000
-10000 10000
-10000 10000
10000 -10000
-10000 -10000
-10000 -10000
10000 10000
-10000 -10000
10000 10000
10000 10000
-10000 10000
10000 10000
-10000 -10000
10000 -10000
-10000 10000
10000 10000
-10000 -10000
10000 10000
-10000 10000
10000 10000
10000 10000
-10000 -10000
-10000 -10000
10000 10000
-10000 -10000
10000 10000
10000 -10000
10000 -10000
10000 -10000
-10000 10000
-10000 -10000
10000 10000
10000 10000
-10000 10000
10000 10000
10000 -10000
10000 10000
-10000 -10000
-10000 -10000
-10000 10000
-10000 10000
10000 -10000
10000 -10000
-10000 10000
10000 -10000
10000 -10000
-10000 -10000
-10000 10000
-10000 -10000
-10000 10000
-10000 10000
-10000 -10000
-10000 10000
-10000 10000
10000 10000
-10000 -10000
10000 10000
-10000 -10000
-10000 -10000
10000 -10000
10000 10000
10000 -10000
-10000 -10000
10000 -10000
-10000 -10000
-10000 -10000
-10000 -10000
10000 10000
-10000 -10000
10000 10000
-10000 10000
10000 10000
10000 -10000
-10000 -10000
-10000 10000
-10000 10000
10000 -10000
10000 10000
10000 -10000
10000 10000
10000 10000
-10000 -10000
10000 10000
10000 -10000
-10000 -10000
-10000 -10000
10000 -10000
10000 -10000
10000 -10000
10000 -10000
-10000 -10000
10000 -10000
-10000 10000
10000 -10000
10000 10000
-10000 -10000
10000 -10000
10000 10000
-10000 10000
10000 -10000
10000 -10000
10000 -10000
-10000 10000
-10000 10000
10000 -10000
10000 10000
10000 10000
-10000 -10000
-10000 10000
10000 -10000
10000 10000
-10000 10000
10000 -10000
10000 10000
-10000 -10000
-10000 10000
10000 -10000
10000 10000
-10000 -10000
10000 10000
-10000 10000
10000 -10000
-10000 10000
-10000 -10000
-10000 -10000
-10000 10000
-10000 10000
10000 -10000
-10000 -10000
-10000 10000
10000 -10000
10000 10000
10000 -10000
10000 -10000
-10000 -10000
-10000 10000
-10000 -10000
10000 10000
10000 10000
-10000 10000
10000 10000
-10000 -10000
-10000 -10000
-10000 -10000
10000 10000
-10000 -10000
-10000 -10000
10000 10000
-10000 -10000
10000 -10000
10000 -10000
-10000 -10000
10000 10000
-10000 10000
-10000 10000
-10000 10000
10000 -10000
10000 -10000
10000 10000
10000 -10000
-10000 -10000
-10000 10000
-10000 10000
10000 -10000
-10000 -10000
10000 10000
-10000 10000
-10000 10000
-10000 10000
10000 -10000
10000 10000
10000 -10000
-10000 10000
10000 10000
10000 10000
10000 -10000
-10000 10000
-10000 -10000
10000 10000
10000 10000
10000 -10000
10000 10000
10000 10000
-10000 10000
-10000 10000
-10000 -10000
-10000 10000
10000 -10000
-10000 -10000
-10000 10000
10000 -10000
10000 -10000
10000 10000
-10000 10000
-10000 10000
-10000 -10000
-10000 -10000
10000 10000
-10000 -10000
10000 10000
-10000 10000
10000 -10000
-10000 10000
-10000 10000
-10000 -10000
10000 -10000
-10000 -10000
10000 10000
-10000 10000
-10000 10000
10000 10000
10000 -10000
10000 10000
-10000 10000
10000 -10000
10000 10000
10000 10000
10000 10000
10000 10000
10000 -10000
10000 10000
-10000 -10000
-10000 10000
10000 10000
10000 10000
10000 10000
10000 -10000
-10000 -10000
10000 10000
-10000 10000
-10000 10000
-10000 10000
-10000 10000
10000 10000
-10000 10000
-10000 -10000
-10000 10000
-10000 -10000
10000 10000
10000 -10000
10000 -10000
-10000 -10000
-10000 10000
10000 10000
10000 10000
-10000 -10000
-10000 -10000
-10000 -10000
10000 10000
-10000 10000
-10000 10000
-10000 -10000
10000 10000
10000 -10000
10000 10000
-10000 -10000
-10000 -10000
10000 10000
-10000 -10000
10000 10000
10000 10000
-10000 10000
10000 10000
-10000 -10000
10000 -10000
10000 -10000
-10000 10000
10000 -10000
10000 -10000
-10000 -10000
-10000 10000
10000 10000
10000 10000
-10000 -10000
-10000 10000
-10000 10000
-10000 -10000
10000 10000
10000 10000
-10000 -10000
-10000 -10000
-10000 -10000
10000 -10000
10000 10000
-10000 -10000
-10000 10000
-10000 10000
-10000 -10000
10000 -10000
-10000 -10000
10000 -10000
10000 10000
10000 10000
10000 10000
-10000 10000
10000 -10000
10000 -10000
10000 10000
10000 10000
-10000 10000
-10000 10000
-10000 10000
10000 -10000
-10000 -10000
10000 -10000
-10000 10000
-10000 10000
10000 -10000
-10000 10000
10000 10000
10000 10000
10000 -10000
-10000 -10000
10000 -10000
10000 10000
10000 -10000
-10000 10000
-10000 10000
-10000 10000
-10000 10000
10000 -10000
10000 -10000
10000 -10000
10000 -10000
-10000 10000
-10000 10000
-10000 -10000
-10000 10000
10000 -10000
10000 10000
10000 10000
10000 -10000
-10000 10000
10000 -10000
-10000 -10000
10000 -10000
10000 -10000
10000 -10000
-10000 -10000
-10000 -10000
-10000 -10000
-10000 10000
-10000 10000
-10000 -10000
-10000 -10000
10000 -10000
-10000 10000
-10000 10000
10000 -10000
10000 10000
-10000 10000
10000 -10000
-10000 10000
10000 -10000
10000 -10000
10000 -10000
-10000 -10000
-10000 -10000
10000 10000
10000 -10000
-10000 -10000
-10000 -10000
10000 -10000
-10000 10000
10000 10000
-10000 10000
10000 10000
-10000 10000
10000 -10000
10000 10000
-10000 -10000
10000 -10000
-10000 10000
10000 10000
-10000 -10000
-10000 10000
10000 -10000
10000 10000
-10000 -10000
-10000 -10000
-10000 10000
-10000 10000
-10000 10000
-10000 10000
10000 10000
10000 -10000
10000 10000
-10000 10000
10000 -10000
10000 -10000
10000 -10000
-10000 -10000
10000 -10000
10000 -10000
-10000 10000
10000 -10000
10000 -10000
-10000 10000
-10000 10000
-10000 10000
-10000 10000
10000 -10000
-10000 10000
-10000 -10000
-10000 10000
-10000 -10000
-10000 -10000
-10000 10000
10000 10000
-10000 10000
-10000 10000
10000 10000
10000 10000
10000 -10000
10000 -10000
10000 10000
-10000 10000
10000 10000
10000 10000
10000 10000
-10000 10000
-10000 10000
10000 -10000
-10000 -10000
-10000 -10000
-10000 10000
-10000 10000
-10000 -10000
10000 -10000
-10000 10000
10000 10000
10000 10000
-10000 10000
-10000 10000
10000 10000
-10000 10000
10000 10000
10000 10000
-10000 -10000
10000 -10000
10000 -10000
-10000 10000
-10000 10000
-10000 10000
10000 10000
-10000 -10000
-10000 10000
10000 10000
-10000 -10000
10000 10000
-10000 -10000
10000 -10000
10000 10000
10000 10000
-10000 -10000
-10000 -10000
10000 -10000
-10000 -10000
-10000 -10000
-10000 10000
-10000 10000
-10000 10000
-10000 10000
-10000 -10000
-10000 10000
10000 10000
10000 10000
-10000 -10000
10000 -10000
-10000 -10000
10000 10000
-10000 -10000
-10000 10000
10000 10000
10000 10000
10000 10000
10000 10000
-10000 -10000
-10000 -10000
-10000 -10000
-10000 -10000
-10000 -10000
10000 10000
10000 -10000
10000 10000
-10000 10000
-10000 -10000
-10000 -10000
10000 10000
-10000 10000
10000 10000
10000 -10000
10000 -10000
10000 10000
10000 10000
10000 -10000
-10000 -10000
10000 -10000
-10000 10000
-10000 10000
-10000 10000
-10000 -10000
10000 -10000
-10000 10000
10000 -10000
10000 10000
10000 10000
10000 10000
10000 10000
10000 10000
-10000 10000
-10000 -10000
-10000 -10000
10000 -10000
10000 -10000
10000 10000
-10000 10000
-10000 -10000
10000 10000
-10000 10000
10000 -10000
10000 10000
10000 -10000
-10000 10000
10000 -10000
10000 -10000
10000 10000
10000 -10000
-10000 -10000
10000 -10000
10000 -10000
10000 10000
-10000 10000
-10000 -10000
10000 -10000
-10000 -10000
-10000 -10000
-10000 -10000
-10000 -10000
10000 -10000
-10000 10000
10000 -10000
-10000 -10000
10000 10000
-10000 10000
-10000 -10000
-10000 -10000
10000 -10000
-10000 -10000
-10000 -10000
10000 10000
10000 -10000
10000 -10000
10000 10000
10000 10000
10000 -10000
10000 -10000
-10000 10000
10000 10000
10000 10000
10000 -10000
-10000 10000
10000 -10000
10000 10000
-10000 -10000
-10000 -10000
10000 10000
-10000 -10000
-10000 -10000
-10000 -10000
10000 -10000
-10000 10000
10000 -10000
10000 10000
-10000 -10000
-10000 -10000
-10000 10000
-10000 -10000
-10000 10000
-10000 10000
-10000 10000
-10000 -10000
-10000 10000
-10000 10000
10000 10000
10000 -10000
10000 10000
10000 10000
10000 10000
-10000 -10000
-10000 -10000
-10000 10000
-10000 -10000
-10000 -10000
-10000 10000
-10000 10000
-10000 10000
-10000 -10000
10000 10000
10000 -10000
-10000 10000
10000 -10000
-10000 -10000
-10000 -10000
-10000 -10000
10000 -10000
10000 10000
10000 -10000
-10000 10000
10000 -10000
10000 -10000
10000 -10000
10000 10000
10000 -10000
10000 -10000
-10000 -10000
10000 10000
-10000 10000
10000 10000
10000 -10000
-10000 -10000
-10000 10000
-10000 -10000
10000 10000
10000 10000
-10000 -10000
10000 10000
-10000 10000
10000 10000
10000 10000
-10000 10000
10000 -10000
10000 10000
-10000 10000
-10000 -10000
-10000 10000
-10000 10000
10000 -10000
10000 10000
-10000 -10000
10000 -10000
-10000 -10000
10000 -10000
10000 10000
10000 -10000
-10000 -10000
-10000 -10000
10000 -10000
10000 -10000
10000 10000
10000 10000
10000 10000
-10000 10000
10000 10000
-10000 10000
10000 -10000
-10000 10000
-10000 -10000
-10000 -10000
10000 10000
-10000 -10000
10000 -10000
10000 -10000
-10000 10000
-10000 -10000
10000 -10000
-10000 -10000
-10000 10000
-10000 10000
-10000 -10000
-10000 10000
-10000 -10000
-10000 -10000
-10000 -10000
-10000 -10000
-10000 10000
-10000 -10000
10000 10000
-10000 -10000
10000 10000
10000 10000
-10000 -10000
-10000 -10000
10000 -10000
-10000 10000
10000 -10000
-10000 -10000
-10000 10000
10000 10000
-10000 -10000
-10000 10000
-10000 -10000
10000 10000
-10000 10000
-10000 10000
10000 -10000
-10000 10000
-10000 10000
-10000 10000
-10000 10000
-10000 -10000
-10000 10000
10000 10000
-10000 10000
-10000 -10000
-10000 10000
-10000 -10000
10000 -10000
10000 10000
10000 -10000
10000 10000
-10000 -10000
10000 10000
10000 -10000
-10000 -10000
-10000 10000
10000 10000
-10000 -10000
-10000 10000
-10000 10000
-10000 -10000
-10000 10000
10000 -10000
10000 10000
10000 10000
10000 10000
-10000 10000
10000 10000
10000 10000
10000 -10000
10000 -10000
-10000 -10000
-10000 10000
10000 10000
-10000 10000
10000 -10000
10000 -10000
10000 -10000
10000 10000
10000 -10000
-10000 -10000
-10000 -10000
-10000 10000
-10000 -10000
10000 -10000
-10000 10000
10000 10000
10000 -10000
-10000 -10000
10000 -10000
10000 -10000
-10000 10000
-10000 -10000
10000 -10000
-10000 -10000
10000 10000
10000 10000
10000 10000
10000 -10000
10000 -10000
10000 -10000
-10000 10000
10000 -10000
-10000 10000
10000 10000
10000 10000
-10000 10000
-10000 -10000
-10000 10000
-10000 -10000
-10000 10000
10000 -10000
-10000 -10000
10000 10000
10000 -10000
-10000 -10000
10000 -10000
-10000 -10000
-10000 -10000
-10000 -10000
-10000 -10000
10000 10000
-10000 -10000
-10000 10000
-10000 -10000
10000 -10000
10000 -10000
10000 -10000
10000 -10000
10000 10000
-10000 10000
10000 10000
10000 10000
-10000 -10000
10000 10000
-10000 10000
10000 -10000
10000 -10000
10000 -10000
-10000 -10000
-10000 -10000
-10000 10000
-10000 10000
10000 10000
10000 10000
10000 -10000
10000 10000
10000 -10000
10000 -10000
-10000 -10000
10000 -10000
10000 -10000
-10000 -10000
10000 10000
10000 10000
10000 10000
-10000 -10000
-10000 10000
-10000 -10000
-10000 10000
-10000 10000
10000 -10000
-10000 -10000
-10000 -10000
10000 10000
10000 -10000
-10000 10000
-10000 -10000
-10000 -10000
10000 -10000
-10000 10000
-10000 10000
10000 10000
10000 -10000
-10000 10000
-10000 10000
-10000 10000
-10000 10000
-10000 10000
-10000 -10000
10000 -10000
10000 10000
10000 10000
-10000 -10000
10000 10000
-10000 10000
10000 10000
10000 10000
-10000 10000
-10000 -10000
10000 10000
-10000 10000
-10000 -10000
-10000 10000
-10000 10000
10000 10000
-10000 10000
-10000 10000
10000 -10000
10000 10000
10000 -10000
-10000 -10000
10000 -10000
-10000 -10000
10000 -10000
10000 -10000
-10000 -10000
10000 10000
-10000 -10000
-10000 10000
-10000 -10000
-10000 -10000
-10000 10000
-10000 10000
10000 -10000
-10000 -10000
10000 -10000
-10000 10000
10000 10000
10000 10000
-10000 -10000
10000 10000
-10000 -10000
-10000 -10000
10000 -10000
-10000 10000
10000 -10000
-10000 10000
-10000 -10000
-10000 10000
-10000 10000
-10000 10000
-10000 -10000
-10000 10000
10000 -10000
10000 -10000
-10000 10000
10000 -10000
-10000 10000
-10000 -10000
10000 10000
10000 10000
-10000 -10000
-10000 10000
-10000 10000
10000 10000
-10000 -10000
10000 10000
-10000 -10000
10000 -10000
-10000 10000
-10000 10000
-10000 -10000
10000 10000
-10000 -10000
10000 -10000
-10000 -10000
-10000 -10000
10000 -10000
10000 -10000
10000 10000
-10000 10000
10000 -10000
-10000 10000
-10000 10000
-10000 10000
10000 -10000
-10000 10000
10000 -10000
-10000 10000
-10000 -10000
-10000 10000
-10000 -10000
-10000 10000
10000 10000
10000 -10000
10000 10000
-10000 10000
10000 10000
-10000 -10000
10000 10000
-10000 -10000
10000 -10000
10000 10000
10000 10000
-10000 10000
-10000 10000
10000 10000
10000 -10000
-10000 -10000
-10000 -10000
-10000 -10000
10000 10000
10000 10000
10000 10000
10000 10000
-10000 10000
-10000 10000
-10000 10000
-10000 -10000
10000 10000
-10000 10000
-10000 -10000
10000 -10000
-10000 -10000
-10000 -10000
10000 10000
-10000 -10000
-10000 -10000
10000 10000
10000 10000
10000 -10000
-10000 10000
-10000 -10000
-10000 -10000
-10000 10000
10000 -10000
-10000 10000
-10000 10000
-10000 -10000
10000 10000
10000 -10000
10000 -10000
-10000 -10000
10000 -10000
10000 -10000
-10000 -10000
10000 -10000
10000 10000
-10000 10000
10000 -10000
10000 -10000
-10000 10000
-10000 10000
10000 -10000
10000 10000
10000 10000
10000 -10000
10000 10000
10000 10000
10000 -10000
10000 10000
10000 -10000
10000 10000
10000 10000
10000 10000
10000 10000
10000 10000
-10000 10000
10000 10000
10000 -10000
10000 10000
10000 10000
10000 10000
10000 10000
-10000 10000
-10000 -10000
-10000 -10000
10000 -10000
10000 -10000
10000 10000
-10000 -10000
10000 10000
-10000 10000
10000 -10000
-10000 -10000
-10000 10000
10000 -10000
10000 -10000
-10000 10000
-10000 10000
-10000 -10000
10000 10000
10000 10000
10000 -10000
-10000 10000
10000 10000
-10000 -10000
-10000 -10000
-10000 10000
-10000 10000
10000 -10000
10000 10000
10000 -10000
10000 10000
-10000 -10000
-10000 10000
-10000 -10000
-10000 10000
10000 -10000
10000 -10000
-10000 -10000
-10000 10000
10000 10000
10000 10000
-10000 10000
10000 -10000
10000 10000
-10000 -10000
10000 10000
-10000 -10000
10000 10000
-10000 -10000
10000 -10000
-10000 -10000
10000 -10000
10000 10000
10000 -10000
10000 10000
10000 10000
-10000 10000
10000 -10000
-10000 10000
-10000 -10000
-10000 -10000
10000 -10000
10000 -10000
-10000 10000
10000 -10000
10000 10000
10000 -10000
-10000 -10000
-10000 -10000
10000 10000
10000 -10000
-10000 10000
-10000 -10000
10000 -10000
-10000 10000
10000 10000
-10000 10000
-10000 -10000
10000 -10000
10000 -10000
10000 10000
10000 -10000
-10000 -10000
10000 10000
-10000 10000
-10000 10000
-10000 -10000
-10000 10000
-10000 10000
-10000 -10000
10000 10000
10000 -10000
-10000 10000
10000 10000
10000 -10000
-10000 10000
10000 10000
-10000 10000
10000 10000
-10000 -10000
-10000 10000
-10000 10000
-10000 10000
-10000 -10000
10000 10000
10000 -10000
-10000 -10000
-10000 -10000
-10000 10000
-10000 10000
10000 10000
10000 -10000
-10000 -10000
10000 -10000
10000 -10000
10000 10000
10000 -10000
10000 10000
-10000 10000
-10000 -10000
10000 -10000
-10000 10000
10000 -10000
10000 10000
10000 10000
10000 -10000
-10000 10000
-10000 -10000
-10000 10000
10000 10000
10000 -10000
10000 10000
-10000 10000
10000 -10000
-10000 -10000
10000 -10000
10000 10000
-10000 -10000
-10000 -10000
-10000 10000
-10000 -10000
10000 -10000
10000 -10000
10000 10000
-10000 10000
-10000 10000
-10000 -10000
10000 -10000
-10000 -10000
-10000 10000
10000 -10000
10000 -10000
-10000 -10000
-10000 -10000
-10000 -10000
10000 -10000
-10000 -10000
-10000 -10000
10000 -10000
10000 -10000
-10000 10000
-10000 -10000
10000 10000
10000 10000
10000 10000
10000 10000
-10000 -10000
10000 10000
-10000 10000
10000 -10000
10000 10000
-10000 -10000
10000 10000
-10000 -10000
-10000 -10000
10000 10000
10000 10000
-10000 10000
-10000 -10000
10000 10000
10000 -10000
-10000 10000
10000 -10000
-10000 10000
10000 10000
10000 10000
-10000 -10000
-10000 10000
10000 -10000
-10000 -10000
-10000 -10000
10000 -10000
10000 10000
-10000 10000
10000 -10000
-10000 -10000
-10000 10000
-10000 -10000
10000 -10000
-10000 -10000
10000 -10000
10000 -10000
-10000 -10000
10000 10000
10000 10000
-10000 10000
10000 10000
10000 -10000
-10000 -10000
-10000 -10000
-10000 -10000
-10000 -10000
-10000 10000
-10000 -10000
10000 -10000
10000 -10000
-10000 10000
10000 -10000
-10000 10000
-10000 -10000
10000 10000
10000 -10000
10000 -10000
-10000 -10000
-10000 -10000
-10000 10000
-10000 -10000
10000 -10000
-10000 10000
10000 10000
-10000 -10000
10000 10000
10000 -10000
-10000 -10000
-10000 -10000
-10000 -10000
10000 10000
-10000 -10000
-10000 10000
10000 -10000
-10000 10000
10000 10000
10000 10000
-10000 10000
-10000 10000
10000 10000
-10000 10000
-10000 -10000
10000 -10000
10000 -10000
-10000 10000
10000 -10000
-10000 -10000
10000 10000
10000 -10000
10000 10000
10000 10000
-10000 10000
10000 10000
-10000 -10000
10000 10000
10000 10000
10000 10000
-10000 -10000
-10000 -10000
10000 -10000
-10000 -10000
10000 -10000
-10000 10000
10000 -10000
10000 10000
10000 10000
10000 10000
10000 10000
-10000 -10000
10000 -10000
-10000 -10000
-10000 -10000
-10000 -10000
10000 -10000
-10000 10000
10000 10000
-10000 10000
-10000 -10000
-10000 -10000
-10000 -10000
10000 -10000
10000 -10000
10000 -10000
10000 -10000
10000 10000
10000 10000
-10000 -10000
10000 10000
-10000 10000
10000 10000
10000 10000
10000 -10000
10000 -10000
-10000 -10000
-10000 10000
-10000 -10000
10000 10000
10000 10000
-10000 -10000
10000 10000
10000 -10000
-10000 -10000
10000 -10000
10000 -10000
-10000 10000
-10000 -10000
-10000 10000
-10000 -10000
-10000 -10000
10000 10000
10000 -10000
10000 -10000
-10000 -10000
10000 -10000
-10000 10000
-10000 10000
-10000 -10000
-10000 -10000
10000 10000
-10000 10000
10000 -10000
-10000 -10000
-10000 10000
10000 -10000
10000 -10000
10000 10000
10000 -10000
-10000 10000
10000 10000
-10000 10000
-10000 -10000
10000 10000
10000 -10000
-10000 -10000
-10000 10000
-10000 10000
10000 -10000
-10000 -10000
10000 10000
-10000 -10000
-10000 10000
-10000 -10000
-10000 -10000
-10000 -10000
-10000 10000
-10000 -10000
-10000 10000
10000 10000
-10000 -10000
10000 10000
-10000 -10000
10000 -10000
-10000 10000
10000 10000
-10000 10000
-10000 -10000
-10000 10000
10000 10000
-10000 10000
10000 10000
-10000 -10000
-10000 -10000
-10000 -10000
-10000 -10000
10000 10000
-10000 10000
-10000 -10000
-10000 10000
-10000 -10000
-10000 -10000
-10000 -10000
10000 10000
-10000 10000
10000 -10000
10000 10000
10000 10000
10000 10000
10000 -10000
-10000 10000
10000 -10000
10000 -10000
10000 -10000
-10000 10000
-10000 -10000
10000 10000
10000 10000
-10000 10000
10000 10000
10000 10000
10000 10000
-10000 -10000
10000 -10000
10000 10000
10000 -10000
-10000 10000
10000 -10000
10000 10000
10000 -10000
-10000 -10000
-10000 10000
10000 -10000
10000 -10000
10000 10000
-10000 -10000
10000 -10000
-10000 10000
10000 10000
10000 -10000
-10000 -10000
-10000 -10000
10000 10000
-10000 -10000
10000 -10000
10000 10000
-10000 10000
10000 10000
-10000 -10000
10000 10000
-10000 -10000
10000 -10000
10000 -10000
-10000 -10000
10000 -10000
10000 -10000
10000 -10000
-10000 -10000
-10000 10000
10000 10000
10000 -10000
-10000 10000
-10000 -10000
10000 -10000
10000 10000
10000 10000
10000 -10000
10000 -10000
10000 -10000
10000 10000
10000 10000
-10000 10000
10000 10000
-10000 10000
10000 -10000
-10000 -10000
-10000 10000
-10000 10000
-10000 -10000
-10000 10000
10000 10000
-10000 -10000
-10000 10000
-10000 -10000
-10000 -10000
10000 -10000
-10000 -10000
10000 10000
10000 10000
10000 10000
-10000 -10000
10000 -10000
-10000 10000
10000 10000
-10000 -10000
-10000 10000
-10000 10000
10000 -10000
-10000 10000
10000 -10000
-10000 10000
-10000 10000
10000 10000
-10000 -10000
10000 10000
-10000 -10000
-10000 10000
-10000 10000
10000 -10000
-10000 10000
-10000 10000
-10000 10000
10000 10000
10000 -10000
-10000 -10000
-10000 -10000
-10000 -10000
-10000 10000
10000 -10000
10000 -10000
10000 10000
-10000 10000
10000 10000
-10000 10000
-10000 -10000
10000 10000
-10000 10000
-10000 -10000
-10000 -10000
-10000 -10000
10000 -10000
-10000 -10000
-10000 -10000
-10000 10000
10000 -10000
10000 -10000
-10000 -10000
-10000 10000
10000 -10000
10000 -10000
10000 10000
10000 -10000
-10000 -10000
10000 -10000
10000 10000
10000 10000
-10000 10000
10000 -10000
-10000 10000
-10000 -10000
10000 10000
10000 -10000
10000 -10000
10000 -10000
10000 -10000
10000 10000
-10000 10000
-10000 -10000
-10000 -10000
-10000 -10000
10000 -10000
-10000 -10000
10000 -10000
10000 10000
-10000 10000
10000 10000
-10000 -10000
10000 10000
-10000 10000
10000 -10000
-10000 -10000
-10000 10000
10000 10000
-10000 -10000
10000 10000
-10000 -10000
10000 10000
-10000 -10000
10000 -10000
10000 10000
10000 10000
-10000 -10000
10000 -10000
-10000 -10000
10000 10000
10000 -10000
10000 10000
-10000 10000
-10000 10000
10000 10000
10000 -10000
10000 10000
10000 -10000
-10000 -10000
-10000 10000
10000 10000
10000 10000
10000 10000
10000 -10000
10000 -10000
-10000 10000
10000 10000
-10000 10000
-10000 10000
-10000 10000
10000 10000
-10000 -10000
-10000 -10000
10000 -10000
-10000 -10000
-10000 -10000
10000 10000
10000 10000
-10000 -10000
-10000 10000
10000 -10000
-10000 10000
10000 -10000
10000 10000
-10000 10000
10000 -10000
10000 10000
-10000 10000
-10000 10000
10000 -10000
-10000 10000
-10000 10000
-10000 10000
10000 -10000
10000 -10000
10000 10000
10000 -10000
10000 10000
-10000 -10000
10000 -10000
10000 -10000
-10000 10000
10000 -10000
10000 -10000
10000 10000
-10000 10000
-10000 10000
-10000 10000
-10000 -10000
-10000 -10000
-10000 10000
10000 10000
10000 -10000
-10000 10000
-10000 -10000
-10000 10000
-10000 10000
-10000 -10000
-10000 10000
10000 10000
-10000 10000
-10000 -10000
-10000 10000
-10000 -10000
-10000 10000
10000 10000
-10000 -10000
-10000 10000
-10000 -10000
-10000 -10000
-10000 -10000
-10000 10000
-10000 10000
-10000 10000
-10000 -10000
-10000 -10000
-10000 10000
10000 -10000
10000 10000
10000 10000
-10000 -10000
10000 10000
10000 10000
-10000 10000
10000 -10000
-10000 -10000
10000 10000
-10000 -10000
-10000 10000
-10000 -10000
10000 10000
-10000 10000
-10000 10000
-10000 -10000
10000 10000
10000 10000
10000 -10000
-10000 10000
10000 -10000
10000 10000
10000 10000
-10000 -10000
10000 -10000
-10000 -10000
-10000 10000
-10000 -10000
-10000 10000
-10000 10000
10000 10000
10000 -10000
-10000 -10000
-10000 -10000
-10000 -10000
-10000 -10000
-10000 10000
-10000 -10000
-10000 -10000
10000 -10000
-10000 -10000
10000 -10000
-10000 -10000
-10000 -10000
-10000 -10000
10000 10000
-10000 10000
-10000 10000
10000 10000
10000 -10000
10000 10000
-10000 -10000
-10000 10000
10000 -10000
10000 10000
10000 10000
10000 10000
10000 -10000
10000 10000
10000 10000
-10000 10000
-10000 10000
10000 -10000
-10000 10000
-10000 10000
-10000 -10000
10000 -10000
10000 10000
10000 10000
-10000 -10000
-10000 -10000
10000 10000
-10000 10000
10000 -10000
-10000 -10000
10000 -10000
10000 -10000
-10000 10000
10000 10000
-10000 10000
-10000 -10000
-10000 10000
-10000 10000
10000 10000
-10000 -10000
-10000 -10000
10000 -10000
-10000 10000
-10000 -10000
-10000 10000
10000 -10000
-10000 -10000
-10000 -10000
10000 10000
-10000 -10000
10000 -10000
10000 10000
-10000 10000
10000 10000
10000 -10000
10000 10000
10000 -10000
-10000 10000
-10000 -10000
-10000 10000
10000 -10000
-10000 -10000
10000 10000
10000 -10000
-10000 -10000
10000 -10000
10000 10000
10000 -10000
10000 -10000
-10000 10000
-10000 -10000
-10000 -10000
10000 -10000
-10000 10000
-10000 10000
10000 -10000
10000 -10000
-10000 -10000
10000 -10000
10000 10000
10000 10000
10000 10000
10000 -10000
-10000 10000
10000 10000
10000 -10000
-10000 10000
-10000 -10000
10000 -10000
-10000 10000
10000 -10000
-10000 -10000
-10000 10000
-10000 10000
-10000 10000
-10000 10000
10000 -10000
-10000 -10000
-10000 -10000
10000 -10000
10000 10000
-10000 -10000
-10000 -10000
-10000 -10000
-10000 -10000
10000 10000
-10000 -10000
10000 -10000
10000 10000
-10000 -10000
-10000 -10000
10000 10000
-10000 10000
10000 10000
-10000 10000
-10000 -10000
10000 10000
10000 10000
10000 -10000
10000 -10000
10000 -10000
10000 10000
10000 -10000
10000 10000
-10000 10000
10000 10000
10000 10000
10000 10000
10000 -10000
-10000 -10000
10000 -10000
-10000 -10000
10000 -10000
10000 -10000
-10000 -10000
10000 -10000
-10000 10000
-10000 10000
10000 10000
10000 10000
-10000 10000
-10000 10000
10000 10000
-10000 -10000
10000 -10000
10000 10000
-10000 -10000
10000 10000
-10000 10000
10000 10000
-10000 10000
-10000 10000
10000 10000
10000 10000
10000 -10000
-10000 10000
-10000 -10000
10000 10000
-10000 10000
-10000 10000
-10000 -10000
10000 -10000
-10000 -10000
-10000 -10000
-10000 -10000
-10000 -10000
-10000 10000
-10000 10000
-10000 -10000
-10000 -10000
-10000 -10000
10000 10000
10000 10000
-10000 -10000
-10000 10000
-10000 -10000
-10000 -10000
10000 10000
10000 10000
10000 10000
-10000 10000
-10000 10000
10000 -10000
-10000 -10000
10000 -10000
-10000 -10000
10000 10000
-10000 10000
-10000 10000
-10000 -10000
10000 -10000
10000 -10000
10000 10000
-10000 10000
10000 -10000
-10000 10000
10000 10000
-10000 10000
-10000 -10000
-10000 10000
-10000 -10000
10000 10000
10000 10000
-10000 10000
10000 -10000
-10000 10000
10000 10000
-10000 10000
-10000 -10000
10000 -10000
10000 -10000
10000 -10000
10000 -10000
10000 -10000
10000 -10000
10000 10000
-10000 -10000
-10000 10000
-10000 10000
10000 10000
-10000 10000
10000 -10000
-10000 -10000
10000 10000
10000 10000
-10000 10000
-10000 -10000
10000 10000
10000 10000
10000 -10000
-10000 10000
-10000 10000
10000 10000
10000 10000
-10000 10000
-10000 -10000
-10000 10000
10000 10000
10000 -10000
-10000 10000
10000 10000
-10000 10000
10000 -10000
-10000 -10000
10000 10000
-10000 -10000
-10000 10000
-10000 10000
-10000 -10000
-10000 -10000
-10000 10000
-10000 -10000
10000 10000
10000 -10000
-10000 -10000
10000 10000
-10000 -10000
-10000 10000
-10000 10000
-10000 -10000
10000 -10000
-10000 -10000
-10000 -10000
10000 10000
10000 10000
-10000 10000
10000 10000
-10000 -10000
10000 -10000
10000 10000
-10000 -10000
-10000 -10000
-10000 -10000
-10000 -10000
10000 10000
-10000 10000
-10000 10000
-10000 -10000
10000 -10000
10000 10000
10000 -10000
-10000 10000
10000 10000
-10000 -10000
10000 10000
10000 -10000
-10000 -10000
-10000 -10000
-10000 10000
10000 10000
-10000 -10000
-10000 -10000
10000 -10000
-10000 -10000
-10000 -10000
-10000 -10000
10000 10000
10000 10000
-10000 -10000
-10000 -10000
-10000 10000
-10000 -10000
10000 10000
10000 -10000
-10000 -10000
10000 10000
-10000 -10000
10000 -10000
-10000 10000
10000 10000
-10000 -10000
10000 -10000
10000 10000
-10000 -10000
10000 -10000
10000 -10000
-10000 10000
10000 10000
-10000 -10000
10000 10000
10000 10000
10000 10000
10000 10000
10000 -10000
10000 10000
-10000 10000
-10000 10000
10000 -10000
10000 10000
10000 -10000
10000 -10000
10000 10000
10000 -10000
10000 -10000
10000 -10000
-10000 -10000
-10000 -10000
10000 10000
10000 -10000
10000 10000
-10000 10000
10000 10000
10000 -10000
-10000 10000
-10000 10000
10000 10000
-10000 -10000
10000 -10000
-10000 -10000
-10000 -10000
-10000 10000
10000 10000
10000 10000
10000 -10000
-10000 -10000
-10000 10000
10000 -10000
10000 -10000
-10000 -10000
-10000 10000
-10000 10000
-10000 -10000
10000 10000
10000 10000
-10000 10000
10000 -10000
10000 10000
-10000 10000
-10000 -10000
-10000 -10000
-10000 -10000
10000 -10000
10000 10000
-10000 -10000
10000 10000
10000 10000
-10000 -10000
-10000 -10000
-10000 10000
-10000 -10000
10000 -10000
10000 -10000
10000 -10000
-10000 -10000
10000 10000
10000 10000
-10000 10000
-10000 -10000
-10000 10000
10000 -10000
-10000 10000
10000 10000
-10000 10000
10000 10000
10000 10000
-10000 10000
-10000 10000
10000 -10000
10000 10000
10000 -10000
10000 -10000
-10000 -10000
10000 -10000
10000 10000
-10000 -10000
-10000 10000
-10000 10000
-10000 -10000
-10000 10000
10000 10000
10000 10000
-10000 -10000
10000 -10000
-10000 -10000
-10000 -10000
-10000 10000
10000 10000
10000 10000
10000 -10000
-10000 -10000
10000 -10000
-10000 -10000
-10000 10000
10000 10000
-10000 10000
10000 -10000
10000 10000
-10000 -10000
10000 -10000
10000 -10000
-10000 10000
-10000 -10000
-10000 -10000
-10000 -10000
-10000 -10000
-10000 -10000
-10000 10000
-10000 -10000
-10000 -10000
10000 -10000
10000 10000
-10000 -10000
10000 10000
10000 -10000
10000 10000
-10000 -10000
-10000 10000
-10000 10000
-10000 -10000
-10000 -10000
10000 -10000
10000 -10000
-10000 -10000
-10000 10000
-10000 10000
10000 10000
-10000 10000
10000 10000
10000 10000
-10000 10000
10000 -10000
-10000 -10000
-10000 -10000
10000 -10000
10000 -10000
10000 10000
-10000 10000
-10000 -10000
-10000 -10000
10000 -10000
-10000 -10000
-10000 10000
10000 10000
10000 10000
-10000 10000
-10000 -10000
-10000 10000
-10000 -10000
10000 -10000
-10000 10000
10000 10000
-10000 -10000
10000 10000
-10000 10000
10000 10000
10000 -10000
-10000 10000
10000 10000
-10000 -10000
10000 -10000
-10000 10000
10000 10000
10000 -10000
10000 10000
10000 -10000
-10000 10000
10000 -10000
-10000 -10000
10000 -10000
10000 -10000
10000 -10000
-10000 10000
-10000 -10000
-10000 10000
10000 10000
-10000 10000
10000 -10000
10000 10000
-10000 10000
10000 10000
-10000 -10000
-10000 -10000
-10000 10000
10000 10000
10000 -10000
-10000 -10000
-10000 -10000
-10000 10000
-10000 10000
10000 -10000
10000 -10000
10000 -10000
-10000 10000
-10000 -10000
-10000 -10000
-10000 -10000
10000 -10000
-10000 -10000
10000 10000
-10000 10000
-10000 -10000
-10000 -10000
10000 10000
-10000 10000
10000 10000
-10000 10000
10000 -10000
-10000 -10000
10000 10000
10000 10000
-10000 10000
-10000 10000
-10000 10000
10000 -10000
10000 10000
10000 -10000
10000 -10000
10000 10000
-10000 10000
10000 10000
10000 10000
10000 -10000
-10000 -10000
-10000 -10000
-10000 10000
10000 10000
10000 -10000
10000 10000
-10000 10000
10000 10000
10000 -10000
-10000 10000
10000 -10000
-10000 -10000
-10000 -10000
-10000 10000
-10000 -10000
-10000 -10000
-10000 10000
10000 -10000
-10000 -10000
10000 -10000
10000 10000
10000 -10000
10000 -10000
-10000 10000
-10000 10000
10000 -10000
10000 10000
-10000 -10000
10000 -10000
-10000 10000
10000 -10000
-10000 -10000
-10000 -10000
10000 -10000
-10000 10000
-10000 10000
-10000 -10000
-10000 10000
10000 -10000
10000 -10000
-10000 -10000
10000 -10000
10000 10000
10000 10000
-10000 10000
-10000 -10000
10000 10000
-10000 10000
-10000 10000
10000 10000
10000 -10000
-10000 10000
-10000 10000
10000 10000
10000 10000
-10000 10000
10000 -10000
10000 -10000
-10000 -10000
-10000 -10000
10000 10000
10000 10000
-10000 -10000
10000 -10000
10000 -10000
-10000 10000
-10000 10000
-10000 10000
-10000 10000
-10000 10000
-10000 -10000
-10000 -10000
10000 -10000
10000 -10000
-10000 -10000
10000 10000
-10000 -10000
10000 10000
-10000 -10000
10000 -10000
-10000 10000
-10000 10000
10000 10000
10000 10000
-10000 -10000
-10000 10000
-10000 10000
-10000 10000
10000 10000
-10000 10000
-10000 10000
10000 -10000
-10000 10000
-10000 10000
10000 -10000
-10000 10000
-10000 -10000
-10000 10000
10000 10000
10000 -10000
10000 -10000
-10000 -10000
10000 -10000
10000 10000
10000 -10000
10000 10000
10000 -10000
10000 -10000
-10000 10000
10000 10000
10000 -10000
-10000 -10000
-10000 -10000
10000 10000
-10000 10000
-10000 -10000
10000 -10000
10000 10000
-10000 -10000
10000 10000
10000 10000
10000 10000
-10000 -10000
-10000 -10000
10000 -10000
10000 -10000
10000 -10000
-10000 10000
-10000 -10000
-10000 -10000
-10000 10000
10000 -10000
-10000 10000
-10000 10000
-10000 10000
-10000 10000
10000 -10000
10000 -10000
10000 -10000
-10000 10000
-10000 -10000
10000 10000
10000 -10000
-10000 -10000
10000 -10000
-10000 10000
-10000 10000
10000 -10000
10000 10000
10000 -10000
10000 -10000
10000 -10000
-10000 -10000
10000 10000
-10000 -10000
10000 -10000
10000 -10000
10000 10000
10000 10000
-10000 10000
-10000 -10000
-10000 10000
10000 10000
10000 10000
10000 -10000
10000 -10000
10000 -10000
-10000 10000
-10000 10000
-10000 10000
10000 10000
10000 -10000
-10000 -10000
10000 -10000
10000 -10000
-10000 10000
-10000 10000
-10000 -10000
-10000 10000
-10000 -10000
10000 10000
-10000 10000
-10000 -10000
-10000 -10000
10000 10000
10000 -10000
-10000 -10000
10000 10000
-10000 -10000
-10000 10000
-10000 10000
-10000 -10000
-10000 -10000
-10000 -10000
10000 10000
-10000 10000
10000 10000
-10000 -10000
-10000 10000
-10000 -10000
-10000 10000
10000 10000
10000 -10000
10000 -10000
-10000 -10000
-10000 10000
10000 -10000
-10000 -10000
-10000 -10000
-10000 -10000
10000 -10000
10000 -10000
10000 -10000
-10000 -10000
10000 10000
10000 10000
10000 -10000
-10000 -10000
-10000 -10000
-10000 10000
-10000 -10000
-10000 10000
-10000 -10000
-10000 -10000
10000 10000
10000 10000
-10000 10000
10000 10000
10000 -10000
-10000 10000
10000 -10000
10000 10000
-10000 10000
10000 10000
-10000 -10000
10000 -10000
-10000 -10000
10000 10000
10000 -10000
10000 10000
-10000 -10000
-10000 10000
-10000 10000
10000 -10000
-10000 10000
10000 -10000
10000 10000
10000 -10000
-10000 -10000
-10000 -10000
10000 -10000
10000 -10000
10000 10000
-10000 -10000
-10000 10000
-10000 10000
10000 10000
-10000 -10000
-10000 -10000
10000 10000
-10000 -10000
10000 10000
-10000 -10000
-10000 -10000
-10000 -10000
-10000 10000
-10000 10000
-10000 10000
10000 10000
-10000 10000
-10000 -10000
10000 10000
10000 -10000
10000 -10000
10000 10000
10000 10000
10000 -10000
-10000 10000
10000 10000
10000 -10000
-10000 10000
-10000 10000
10000 10000
10000 10000
-10000 10000
10000 -10000
-10000 10000
10000 -10000
-10000 10000
10000 10000
10000 10000
10000 -10000
-10000 10000
10000 -10000
-10000 -10000
-10000 -10000
-10000 -10000
10000 10000
10000 -10000
-10000 10000
10000 10000
10000 -10000
10000 10000
-10000 10000
-10000 -10000
10000 -10000
10000 -10000
10000 10000
-10000 -10000
10000 10000
10000 10000
10000 -10000
-10000 10000
10000 10000
-10000 10000
-10000 10000
10000 10000
-10000 10000
10000 -10000
-10000 10000
10000 10000
10000 10000
10000 -10000
10000 10000
10000 -10000
-10000 -10000
10000 -10000
10000 -10000
-10000 -10000
-10000 10000
-10000 10000
10000 10000
-10000 10000
10000 10000
10000 -10000
10000 10000
10000 -10000
10000 -10000
10000 10000
10000 10000
10000 -10000
10000 -10000
-10000 -10000
10000 10000
-10000 -10000
-10000 -10000
-10000 -10000
10000 -10000
-10000 -10000
-10000 10000
-10000 -10000
-10000 -10000
10000 -10000
-10000 -10000
-10000 -10000
10000 -10000
10000 -10000
-10000 10000
-10000 10000
10000 -10000
-10000 10000
10000 10000
-10000 10000
10000 -10000
-10000 10000
-10000 -10000
10000 -10000
-10000 -10000
-10000 10000
-10000 10000
10000 -10000
10000 10000
10000 10000
-10000 10000
-10000 10000
-10000 10000
-10000 10000
-10000 10000
-10000 10000
10000 -10000
-10000 10000
10000 -10000
-10000 10000
10000 -10000
-10000 10000
-10000 -10000
-10000 10000
10000 10000
-10000 10000
10000 -10000
-10000 -10000
-10000 10000
10000 10000
10000 -10000
-10000 10000
-10000 10000
-10000 10000
10000 10000
-10000 -10000
-10000 10000
-10000 10000
-10000 10000
-10000 10000
10000 10000
10000 -10000
10000 -10000
-10000 10000
-10000 10000
10000 -10000
-10000 10000
10000 10000
-10000 10000
10000 10000
10000 10000
10000 -10000
-10000 10000
-10000 10000
-10000 -10000
10000 -10000
-10000 -10000
-10000 -10000
10000 -10000
-10000 -10000
-10000 10000
10000 -10000
-10000 10000
10000 10000
10000 10000
-10000 -10000
10000 10000
-10000 10000
10000 10000
10000 -10000
-10000 10000
-10000 -10000
10000 -10000
-10000 10000
10000 10000
-10000 -10000
10000 10000
10000 -10000
10000 -10000
10000 -10000
-10000 -10000
10000 -10000
10000 10000
10000 10000
-10000 10000
-10000 10000
10000 -10000
10000 10000
10000 10000
10000 -10000
-10000 10000
-10000 10000
10000 -10000
-10000 -10000
-10000 -10000
10000 -10000
-10000 10000
-10000 -10000
-10000 -10000
-10000 10000
-10000 -10000
10000 10000
-10000 -10000
10000 10000
-10000 -10000
-10000 10000
10000 -10000
-10000 10000
10000 -10000
10000 -10000
10000 10000
-10000 10000
-10000 10000
-10000 10000
10000 -10000
-10000 10000
-10000 10000
-10000 -10000
-10000 10000
-10000 10000
10000 10000
10000 10000
10000 10000
-10000 10000
10000 -10000
10000 -10000
10000 -10000
-10000 -10000
10000 -10000
-10000 -10000
-10000 10000
10000 -10000
-10000 -10000
10000 -10000
-10000 10000
10000 10000
10000 10000
-10000 10000
10000 -10000
-10000 -10000
10000 -10000
10000 10000
10000 10000
10000 -10000
10000 10000
-10000 10000
10000 10000
-10000 10000
10000 10000
10000 10000
10000 10000
-10000 10000
10000 10000
10000 10000
-10000 10000
-10000 -10000
10000 10000
10000 -10000
-10000 -10000
10000 -10000
-10000 -10000
10000 -10000
10000 -10000
10000 10000
10000 10000
10000 -10000
-10000 10000
10000 -10000
-10000 -10000
10000 10000
10000 10000
-10000 10000
-10000 -10000
10000 10000
-10000 -10000
-10000 10000
-10000 -10000
-10000 10000
10000 -10000
-10000 10000
-10000 10000
-10000 -10000
10000 -10000
-10000 -10000
-10000 10000
10000 10000
10000 -10000
10000 10000
-10000 -10000
10000 10000
10000 10000
10000 -10000
10000 -10000
10000 -10000
10000 10000
-10000 10000
-10000 -10000
-10000 10000
-10000 -10000
-10000 -10000
-10000 -10000
10000 -10000
-10000 10000
-10000 10000
10000 -10000
10000 10000
-10000 10000
10000 10000
-10000 10000
10000 10000
10000 -10000
10000 -10000
10000 -10000
-10000 10000
-10000 -10000
10000 10000
10000 -10000
10000 10000
10000 10000
-10000 -10000
-10000 10000
-10000 -10000
-10000 -10000
10000 10000
10000 -10000
10000 -10000
-10000 10000
-10000 10000
-10000 10000
10000 10000
-10000 -10000
-10000 -10000
-10000 10000
10000 -10000
10000 10000
10000 -10000
10000 10000
10000 10000
10000 10000
10000 10000
-10000 10000
10000 -10000
-10000 10000
-10000 10000
-10000 -10000
10000 -10000
10000 -10000
-10000 10000
10000 10000
10000 -10000
10000 10000
-10000 10000
10000 -10000
-10000 -10000
-10000 10000
-10000 -10000
-10000 10000
-10000 10000
10000 -10000
-10000 -10000
-10000 -10000
-10000 10000
-10000 -10000
-10000 10000
10000 10000
10000 -10000
-10000 -10000
-10000 -10000
10000 10000
10000 -10000
-10000 10000
-10000 -10000
-10000 10000
10000 10000
10000 -10000
10000 -10000
-10000 -10000
10000 10000
10000 -10000
10000 -10000
-10000 10000
10000 -10000
10000 10000
10000 -10000
10000 10000
10000 -10000
-10000 -10000
-10000 10000
-10000 10000
-10000 10000
10000 10000
10000 -10000
-10000 -10000
-10000 -10000
10000 -10000
10000 10000
-10000 -10000
-10000 -10000
10000 -10000
10000 -10000
10000 10000
-10000 -10000
10000 -10000
-10000 -10000
10000 -10000
10000 10000
10000 -10000
-10000 -10000
-10000 -10000
-10000 10000
-10000 10000
-10000 -10000
-10000 -10000
-10000 10000
10000 10000
10000 10000
-10000 10000
-10000 10000
10000 -10000
-10000 -10000
-10000 -10000
-10000 10000
-10000 10000
10000 -10000
-10000 -10000
10000 -10000
10000 10000
-10000 -10000
-10000 10000
-10000 10000
-10000 10000
-10000 10000
-10000 10000
-10000 -10000
10000 -10000
10000 10000
10000 -10000
-10000 -10000
10000 -10000
-10000 -10000
-10000 -10000
10000 10000
10000 -10000
10000 10000
-10000 10000
10000 10000
10000 -10000
-10000 -10000
-10000 -10000
10000 -10000
-10000 10000
10000 10000
10000 -10000
10000 -10000
10000 -10000
10000 10000
-10000 10000
10000 10000
-10000 10000
10000 -10000
-10000 10000
-10000 -10000
10000 -10000
-10000 10000
10000 10000
-10000 10000
10000 -10000
-10000 10000
10000 -10000
10000 -10000
-10000 -10000
-10000 10000
-10000 -10000
-10000 10000
10000 -10000
10000 10000
10000 10000
10000 10000
10000 -10000
10000 10000
-10000 -10000
10000 -10000
-10000 -10000
10000 -10000
-10000 10000
10000 10000
-10000 -10000
10000 -10000
10000 -10000
10000 -10000
10000 10000
10000 10000
-10000 -10000
-10000 10000
10000 -10000
-10000 -10000
-10000 10000
-10000 10000
10000 10000
10000 -10000
-10000 -10000
10000 -10000
-10000 -10000
10000 10000
10000 10000
10000 -10000
10000 10000
-10000 10000
10000 -10000
10000 -10000
-10000 10000
10000 -10000
10000 -10000
10000 10000
10000 10000
10000 -10000
10000 10000
-10000 -10000
10000 10000
10000 -10000
10000 -10000
10000 10000
10000 10000
-10000 10000
-10000 -10000
-10000 -10000
-10000 10000
10000 10000
-10000 10000
-10000 -10000
10000 10000
10000 10000
-10000 -10000
10000 10000
10000 -10000
10000 -10000
10000 -10000
-10000 10000
-10000 10000
10000 10000
10000 10000
-10000 10000
-10000 10000
10000 10000
10000 10000
-10000 -10000
-10000 10000
-10000 10000
10000 -10000
-10000 10000
10000 -10000
-10000 -10000
-10000 10000
10000 -10000
-10000 -10000
-10000 -10000
-10000 10000
-10000 -10000
-10000 10000
-10000 10000
10000 -10000
-10000 10000
10000 10000
-10000 -10000
10000 -10000
-10000 -10000
-10000 10000
10000 -10000
10000 -10000
10000 10000
-10000 10000
10000 -10000
10000 10000
10000 -10000
10000 -10000
-10000 10000
-10000 -10000
-10000 10000
10000 -10000
-10000 -10000
10000 -10000
-10000 10000
-10000 -10000
-10000 -10000
10000 10000
-10000 -10000
-10000 10000
10000 10000
-10000 10000
-10000 10000
10000 -10000
10000 10000
10000 -10000
10000 -10000
-10000 10000
10000 -10000
10000 -10000
-10000 10000
-10000 -10000
10000 10000
10000 10000
10000 -10000
10000 10000
-10000 10000
-10000 10000
10000 -10000
-10000 10000
10000 10000
10000 10000
-10000 -10000
10000 10000
-10000 -10000
-10000 10000
-10000 -10000
10000 10000
10000 10000
-10000 10000
-10000 10000
10000 10000
10000 -10000
10000 -10000
10000 10000
-10000 -10000
10000 -10000
-10000 10000
10000 -10000
10000 10000
-10000 -10000
10000 -10000
-10000 10000
-10000 -10000
-10000 10000
10000 10000
10000 -10000
-10000 -10000
10000 10000
10000 -10000
10000 10000
10000 10000
10000 10000
-10000 -10000
10000 -10000
-10000 10000
10000 -10000
-10000 10000
10000 10000
-10000 -10000
-10000 -10000
10000 10000
10000 -10000
-10000 -10000
10000 10000
-10000 10000
-10000 -10000
-10000 -10000
-10000 -10000
-10000 -10000
10000 -10000
-10000 -10000
-10000 10000
-10000 10000
10000 -10000
-10000 -10000
10000 10000
10000 -10000
-10000 -10000
-10000 -10000
10000 -10000
10000 10000
10000 -10000
-10000 -10000
10000 -10000
10000 -10000
10000 10000
-10000 -10000
-10000 -10000
-10000 -10000
-10000 10000
10000 10000
-10000 10000
-10000 10000
10000 10000
-10000 -10000
-10000 -10000
-10000 10000
10000 10000
10000 -10000
10000 10000
10000 -10000
10000 -10000
-10000 -10000
-10000 -10000
-10000 -10000
-10000 10000
-10000 -10000
10000 10000
-10000 10000
10000 10000
-10000 -10000
-10000 10000
-10000 -10000
10000 10000
10000 10000
-10000 -10000
10000 10000
-10000 10000
10000 10000
10000 -10000
-10000 -10000
-10000 -10000
-10000 10000
-10000 -10000
10000 -10000
-10000 10000
-10000 -10000
-10000 -10000
10000 10000
-10000 -10000
-10000 10000
10000 -10000
-10000 -10000
10000 -10000
10000 10000
10000 10000
10000 10000
-10000 -10000
10000 10000
-10000 -10000
-10000 -10000
10000 -10000
-10000 10000
10000 -10000
-10000 10000
10000 -10000
-10000 -10000
-10000 10000
-10000 10000
10000 10000
10000 -10000
-10000 -10000
10000 -10000
10000 10000
10000 -10000
-10000 -10000
-10000 -10000
10000 -10000
-10000 10000
-10000 -10000
-10000 10000
10000 10000
10000 10000
-10000 10000
10000 -10000
10000 -10000
10000 10000
-10000 -10000
10000 10000
10000 -10000
10000 10000
10000 10000
-10000 10000
-10000 -10000
10000 -10000
-10000 10000
10000 -10000
-10000 10000
10000 -10000
-10000 10000
-10000 -10000
-10000 10000
-10000 10000
-10000 10000
-10000 -10000
-10000 -10000
-10000 10000
10000 -10000
-10000 -10000
-10000 -10000
-10000 -10000
10000 -10000
10000 10000
10000 10000
10000 -10000
10000 -10000
-10000 10000
10000 -10000
-10000 10000
10000 10000
10000 -10000
10000 10000
10000 10000
-10000 10000
-10000 10000
-10000 -10000
-10000 -10000
-10000 -10000
-10000 -10000
-10000 -10000
10000 10000
10000 -10000
10000 10000
10000 10000
-10000 -10000
10000 -10000
10000 -10000
10000 10000
-10000 10000
-10000 -10000
10000 10000
10000 10000
-10000 10000
-10000 10000
10000 10000
-10000 -10000
-10000 -10000
-10000 10000
10000 10000
10000 -10000
-10000 -10000
-10000 10000
10000 10000
10000 10000
-10000 -10000
-10000 -10000
-10000 10000
-10000 10000
10000 -10000
-10000 -10000
10000 10000
-10000 10000
-10000 -10000
-10000 -10000
10000 -10000
-10000 10000
10000 10000
-10000 10000
-10000 -10000
-10000 10000
-10000 10000
10000 10000
-10000 10000
10000 -10000
-10000 10000
10000 10000
10000 10000
10000 10000
10000 -10000
10000 10000
-10000 10000
10000 10000
-10000 10000
-10000 -10000
10000 10000
-10000 10000
-10000 -10000
10000 -10000
-10000 -10000
-10000 -10000
-10000 10000
-10000 -10000
10000 10000
-10000 -10000
10000 -10000
10000 10000
-10000 -10000
-10000 -10000
10000 -10000
10000 10000
10000 10000
-10000 -10000
10000 10000
-10000 -10000
-10000 10000
10000 -10000
-10000 -10000
10000 10000
10000 -10000
-10000 10000
10000 -10000
10000 10000
-10000 -10000
-10000 -10000
-10000 -10000
-10000 -10000
10000 -10000
-10000 -10000
-10000 -10000
10000 -10000
-10000 -10000
-10000 10000
-10000 10000
10000 -10000
10000 10000
-10000 -10000
10000 10000
10000 10000
10000 -10000
10000 -10000
10000 10000
10000 10000
-10000 -10000
10000 10000
-10000 10000
10000 10000
10000 10000
10000 -10000
-10000 -10000
10000 -10000
10000 10000
-10000 10000
10000 10000
10000 10000
-10000 10000
-10000 10000
-10000 -10000
-10000 -10000
10000 -10000
-10000 -10000
-10000 10000
10000 -10000
-10000 10000
-10000 10000
-10000 -10000
10000 -10000
-10000 10000
10000 10000
-10000 -10000
10000 10000
-10000 -10000
10000 10000
10000 10000
-10000 10000
-10000 -10000
10000 10000
-10000 10000
-10000 -10000
10000 10000
-10000 10000
-10000 -10000
10000 10000
-10000 -10000
10000 -10000
-10000 10000
-10000 10000
10000 10000
-10000 -10000
-10000 10000
-10000 -10000
-10000 10000
10000 10000
10000 -10000
-10000 -10000
-10000 -10000
10000 -10000
10000 10000
-10000 -10000
-10000 10000
-10000 10000
10000 -10000
10000 -10000
10000 -10000
10000 -10000
10000 -10000
-10000 -10000
10000 -10000
-10000 -10000
-10000 -10000
-10000 -10000
10000 -10000
-10000 -10000
-10000 10000
10000 10000
10000 -10000
-10000 -10000
-10000 10000
-10000 10000
10000 10000
-10000 -10000
10000 -10000
-10000 10000
-10000 -10000
10000 -10000
10000 10000
10000 -10000
-10000 -10000
10000 10000
-10000 -10000
-10000 10000
-10000 -10000
10000 10000
10000 -10000
-10000 -10000
10000 -10000
-10000 10000
10000 -10000
-10000 10000
-10000 -10000
10000 -10000
-10000 10000
10000 -10000
10000 10000
-10000 -10000
-10000 10000
10000 10000
10000 -10000
10000 -10000
-10000 -10000
10000 10000
-10000 -10000
-10000 -10000
-10000 -10000
10000 10000
-10000 -10000
-10000 -10000
-10000 -10000
-10000 -10000
-10000 -10000
10000 -10000
-10000 -10000
10000 -10000
10000 10000
-10000 -10000
10000 10000
-10000 10000
-10000 -10000
-10000 10000
10000 10000
10000 10000
10000 -10000
-10000 -10000
-10000 -10000
10000 10000
-10000 -10000
-10000 -10000
-10000 -10000
-10000 10000
10000 -10000
-10000 10000
10000 10000
-10000 -10000
10000 10000
-10000 10000
-10000 -10000
-10000 -10000
-10000 -10000
10000 -10000
-10000 -10000
-10000 -10000
-10000 10000
-10000 -10000
10000 10000
-10000 10000
10000 10000
-10000 -10000
-10000 10000
-10000 10000
-10000 -10000
-10000 -10000
-10000 10000
-10000 10000
-10000 10000
-10000 10000
-10000 10000
10000 -10000
10000 -10000
-10000 -10000
10000 10000
-10000 10000
-10000 -10000
-10000 10000
10000 10000
10000 -10000
-10000 10000
10000 -10000
10000 -10000
-10000 -10000
-10000 10000
-10000 -10000
-10000 -10000
-10000 -10000
-10000 10000
-10000 -10000
-10000 10000
-10000 10000
10000 -10000
-10000 -10000
-10000 -10000
10000 -10000
-10000 -10000
10000 10000
10000 10000
-10000 10000
-10000 10000
-10000 10000
10000 -10000
10000 -10000
-10000 10000
-10000 -10000
10000 10000
-10000 10000
-10000 10000
10000 -10000
10000 10000
10000 -10000
10000 10000
10000 10000
-10000 -10000
-10000 -10000
-10000 10000
-10000 10000
10000 10000
10000 10000
10000 -10000
10000 -10000
-10000 -10000
10000 10000
-10000 -10000
10000 10000
-10000 -10000
-10000 10000
-10000 10000
-10000 10000
10000 10000
10000 -10000
10000 10000
-10000 10000
10000 10000
-10000 -10000
-10000 10000
-10000 10000
10000 10000
10000 10000
-10000 10000
10000 10000
-10000 -10000
10000 10000
-10000 -10000
10000 -10000
10000 10000
10000 -10000
-10000 -10000
-10000 -10000
-10000 10000
10000 -10000
10000 10000
10000 10000
-10000 10000
10000 -10000
10000 10000
-10000 -10000
10000 -10000
10000 10000
10000 10000
-10000 -10000
10000 10000
10000 10000
10000 -10000
-10000 -10000
10000 10000
-10000 10000
10000 -10000
-10000 10000
-10000 10000
10000 10000
10000 -10000
10000 -10000
-10000 10000
10000 -10000
-10000 -10000
-10000 10000
-10000 10000
-10000 10000
-10000 10000
10000 -10000
-10000 -10000
10000 10000
-10000 10000
10000 10000
10000 10000
-10000 10000
-10000 -10000
10000 10000
10000 10000
10000 10000
-10000 10000
-10000 10000
10000 -10000
-10000 -10000
10000 10000
10000 10000
10000 10000
10000 -10000
-10000 10000
10000 -10000
10000 10000
-10000 -10000
10000 -10000
-10000 -10000
10000 -10000
10000 10000
-10000 10000
-10000 -10000
-10000 10000
10000 10000
-10000 10000
-10000 10000
10000 10000
-10000 10000
-10000 10000
10000 10000
10000 10000
-10000 10000
-10000 -10000
-10000 -10000
-10000 -10000
10000 10000
10000 -10000
10000 10000
10000 10000
-10000 10000
-10000 10000
-10000 -10000
-10000 10000
10000 10000
-10000 10000
10000 10000
10000 10000
10000 10000
10000 10000
-10000 -10000
-10000 10000
10000 10000
-10000 10000
-10000 -10000
-10000 -10000
-10000 -10000
10000 -10000
10000 10000
10000 -10000
-10000 10000
-10000 -10000
-10000 -10000
10000 10000
-10000 10000
10000 10000
10000 10000
-10000 -10000
-10000 10000
-10000 10000
10000 -10000
-10000 10000
-10000 10000
-10000 10000
10000 -10000
-10000 10000
-10000 -10000
10000 -10000
10000 -10000
10000 -10000
-10000 10000
-10000 -10000
-10000 -10000
-10000 10000
10000 10000
10000 -10000
10000 -10000
10000 10000
-10000 10000
-10000 -10000
-10000 -10000
-10000 -10000
-10000 10000
10000 10000
10000 10000
10000 10000
10000 10000
10000 10000
10000 10000
10000 10000
10000 10000
10000 -10000
10000 -10000
10000 -10000
10000 -10000
10000 10000
10000 -10000
10000 -10000
-10000 -10000
10000 10000
-10000 10000
-10000 -10000
10000 10000
10000 10000
-10000 -10000
-10000 10000
-10000 10000
10000 -10000
-10000 10000
-10000 -10000
-10000 10000
10000 -10000
-10000 10000
10000 10000
-10000 10000
-10000 -10000
-10000 10000
10000 10000
10000 -10000
10000 -10000
-10000 10000
10000 -10000
10000 10000
10000 -10000
10000 10000
10000 10000
-10000 10000
-10000 -10000
-10000 -10000
10000 10000
-10000 -10000
-10000 -10000
10000 10000
-10000 -10000
10000 10000
-10000 -10000
10000 10000
10000 -10000
-10000 10000
10000 10000
10000 10000
-10000 10000
-10000 -10000
-10000 10000
-10000 -10000
10000 -10000
-10000 10000
-10000 -10000
-10000 -10000
-10000 10000
-10000 -10000
-10000 10000
10000 10000
-10000 -10000
10000 10000
10000 10000
10000 -10000
-10000 10000
-10000 10000
10000 -10000
-10000 -10000
10000 -10000
10000 -10000
-10000 -10000
10000 10000
-10000 10000
-10000 -10000
-10000 10000
-10000 10000
-10000 10000
10000 10000
10000 10000
10000 10000
-10000 10000
10000 -10000
-10000 -10000
10000 10000
-10000 10000
-10000 -10000
-10000 -10000
10000 -10000
-10000 -10000
-10000 10000
-10000 -10000
10000 -10000
10000 10000
10000 10000
10000 -10000
10000 10000
-10000 10000
-10000 -10000
-10000 -10000
-10000 10000
-10000 10000
10000 -10000
10000 -10000
-10000 10000
-10000 -10000
10000 10000
-10000 10000
10000 10000
-10000 10000
-10000 -10000
-10000 -10000
-10000 10000
-10000 10000
-10000 10000
-10000 -10000
10000 10000
-10000 10000
-10000 -10000
10000 10000
-10000 10000
10000 10000
-10000 -10000
-10000 10000
10000 -10000
10000 10000
10000 10000
10000 -10000
10000 10000
-10000 -10000
10000 -10000
-10000 10000
10000 10000
10000 -10000
-10000 -10000
10000 -10000
-10000 -10000
10000 10000
-10000 -10000
-10000 10000
-10000 10000
10000 10000
-10000 10000
10000 10000
-10000 -10000
10000 -10000
-10000 -10000
10000 10000
-10000 10000
-10000 -10000
-10000 10000
-10000 10000
10000 -10000
-10000 -10000
-10000 -10000
10000 -10000
10000 10000
-10000 10000
-10000 10000
-10000 -10000
-10000 -10000
10000 -10000
10000 10000
10000 -10000
10000 10000
-10000 10000
-10000 -10000
-10000 10000
-10000 -10000
-10000 10000
-10000 -10000
10000 -10000
10000 -10000
-10000 -10000
10000 10000
10000 -10000
10000 10000
10000 -10000
-10000 -10000
-10000 -10000
-10000 -10000
10000 -10000
10000 -10000
-10000 10000
-10000 -10000
10000 -10000
-10000 -10000
-10000 10000
10000 10000
10000 10000
-10000 -10000
-10000 10000
-10000 10000
10000 10000
10000 -10000
10000 10000
-10000 10000
-10000 10000
10000 10000
10000 -10000
-10000 10000
10000 10000
10000 10000
10000 -10000
10000 -10000
-10000 -10000
-10000 10000
10000 10000
10000 -10000
-10000 10000
-10000 -10000
-10000 10000
-10000 -10000
-10000 10000
10000 -10000
10000 -10000
10000 10000
10000 10000
10000 10000
-10000 -10000
10000 -10000
-10000 -10000
-10000 -10000
-10000 10000
-10000 10000
-10000 10000
10000 -10000
10000 -10000
10000 10000
10000 10000
-10000 10000
10000 10000
-10000 -10000
10000 10000
10000 -10000
-10000 10000
10000 -10000
10000 10000
-10000 10000
-10000 -10000
-10000 -10000
-10000 10000
-10000 10000
10000 -10000
10000 -10000
-10000 10000
-10000 10000
10000 10000
10000 -10000
-10000 -10000
10000 10000
-10000 10000
10000 -10000
-10000 -10000
-10000 10000
-10000 10000
-10000 -10000
-10000 -10000
-10000 10000
-10000 -10000
-10000 -10000
10000 10000
-10000 -10000
10000 10000
-10000 -10000
-10000 10000
-10000 -10000
10000 10000
-10000 -10000
-10000 -10000
10000 10000
-10000 -10000
-10000 -10000
-10000 -10000
10000 10000
10000 -10000
10000 -10000
10000 -10000
-10000 -10000
-10000 -10000
-10000 -10000
-10000 10000
10000 10000
10000 -10000
10000 10000
-10000 -10000
10000 -10000
10000 -10000
-10000 10000
10000 10000
10000 -10000
-10000 -10000
10000 -10000
-10000 10000
10000 -10000
10000 10000
-10000 10000
10000 -10000
-10000 10000
-10000 10000
10000 10000
10000 -10000
-10000 10000
10000 10000
-10000 10000
10000 10000
-10000 -10000
-10000 -10000
-10000 -10000
10000 -10000
10000 10000
10000 10000
10000 10000
10000 -10000
-10000 10000
10000 10000
10000 -10000
-10000 -10000
-10000 -10000
10000 10000
-10000 -10000
-10000 -10000
10000 -10000
-10000 10000
-10000 -10000
-10000 -10000
10000 -10000
10000 10000
-10000 -10000
10000 10000
-10000 10000
-10000 10000
10000 10000
10000 -10000
10000 10000
10000 -10000
-10000 10000
10000 -10000
-10000 10000
10000 -10000
10000 10000
-10000 10000
-10000 -10000
-10000 10000
10000 10000
10000 10000
10000 -10000
10000 -10000
10000 -10000
10000 -10000
10000 -10000
10000 10000
10000 -10000
10000 10000
-10000 -10000
-10000 -10000
-10000 10000
10000 10000
-10000 10000
-10000 -10000
10000 -10000
10000 10000
10000 10000
-10000 -10000
10000 -10000
10000 -10000
-10000 -10000
10000 10000
-10000 -10000
10000 -10000
10000 10000
10000 -10000
10000 10000
-10000 -10000
10000 10000
10000 10000
10000 10000
10000 10000
-10000 10000
-10000 -10000
-10000 -10000
10000 -10000
10000 -10000
-10000 -10000
-10000 -10000
10000 10000
10000 10000
-10000 -10000
10000 10000
10000 10000
10000 -10000
10000 10000
10000 10000
10000 10000
-10000 10000
10000 10000
-10000 -10000
-10000 -10000
10000 10000
10000 -10000
10000 10000
-10000 10000
10000 -10000
-10000 -10000
-10000 -10000
10000 -10000
-10000 10000
10000 -10000
-10000 10000
10000 10000
10000 10000
10000 -10000
-10000 -10000
10000 10000
10000 -10000
-10000 -10000
-10000 -10000
-10000 -10000
-10000 -10000
10000 -10000
-10000 10000
10000 10000
-10000 -10000
-10000 -10000
-10000 10000
10000 -10000
10000 -10000
-10000 10000
-10000 -10000
10000 10000
-10000 -10000
-10000 10000
10000 -10000
10000 -10000
10000 -10000
-10000 -10000
-10000 10000
10000 -10000
-10000 -10000
-10000 10000
10000 10000
-10000 -10000
-10000 -10000
-10000 10000
10000 10000
10000 10000
-10000 -10000
10000 -10000
10000 10000
10000 10000
-10000 -10000
-10000 10000
10000 -10000
-10000 10000
10000 10000
-10000 -10000
10000 10000
10000 -10000
-10000 10000
10000 -10000
-10000 10000
10000 10000
10000 -10000
10000 -10000
10000 -10000
10000 10000
10000 -10000
-10000 10000
-10000 10000
-10000 10000
-10000 10000
10000 -10000
-10000 -10000
10000 10000
-10000 -10000
-10000 -10000
10000 -10000
-10000 10000
10000 -10000
-10000 10000
10000 -10000
-10000 -10000
10000 -10000
-10000 10000
-10000 -10000
-10000 10000
-10000 10000
10000 -10000
-10000 -10000
-10000 -10000
-10000 10000
-10000 10000
10000 10000
10000 10000
-10000 10000
-10000 10000
10000 -10000
10000 -10000
-10000 10000
-10000 10000
10000 -10000
10000 -10000
-10000 -10000
10000 -10000
-10000 -10000
10000 -10000
10000 10000
-10000 -10000
10000 10000
-10000 -10000
10000 -10000
10000 10000
-10000 10000
10000 10000
10000 10000
-10000 -10000
-10000 10000
10000 10000
-10000 -10000
-10000 -10000
-10000 -10000
-10000 10000
-10000 10000
-10000 10000
-10000 10000
-10000 -10000
10000 10000
10000 -10000
-10000 -10000
-10000 -10000
10000 -10000
-10000 -10000
-10000 -10000
10000 10000
10000 -10000
10000 -10000
-10000 -10000
10000 -10000
10000 -10000
10000 10000
10000 10000
10000 -10000
-10000 -10000
10000 10000
-10000 -10000
10000 -10000
-10000 -10000
10000 -10000
-10000 -10000
10000 10000
-10000 10000
10000 10000
-10000 -10000
-10000 10000
10000 -10000
10000 -10000
10000 10000
-10000 10000
10000 -10000
-10000 -10000
-10000 -10000
10000 10000
10000 10000
-10000 10000
10000 10000
10000 10000
-10000 -10000
10000 -10000
10000 -10000
-10000 -10000
-10000 10000
10000 10000
10000 -10000
10000 -10000
10000 -10000
-10000 -10000
-10000 10000
-10000 10000
10000 -10000
10000 -10000
-10000 -10000
10000 -10000
10000 10000
10000 -10000
-10000 -10000
-10000 -10000
-10000 -10000
-10000 10000
10000 -10000
-10000 -10000
-10000 10000
10000 -10000
-10000 -10000
10000 10000
-10000 10000
-10000 10000
10000 10000
10000 10000
-10000 10000
10000 -10000
10000 -10000
-10000 -10000
10000 10000
10000 -10000
-10000 -10000
10000 -10000
10000 10000
-10000 -10000
10000 -10000
10000 -10000
-10000 -10000
-10000 -10000
-10000 -10000
-10000 10000
10000 -10000
-10000 10000
-10000 10000
10000 10000
-10000 -10000
10000 10000
10000 -10000
10000 -10000
10000 -10000
10000 -10000
-10000 -10000
-10000 -10000
10000 10000
-10000 -10000
-10000 10000
10000 -10000
10000 10000
-10000 10000
-10000 -10000
-10000 -10000
-10000 10000
-10000 10000
10000 10000
10000 10000
10000 -10000
-10000 -10000
-10000 -10000
-10000 -10000
-10000 -10000
10000 -10000
10000 10000
-10000 -10000
10000 10000
-10000 10000
-10000 10000
10000 10000
-10000 10000
-10000 -10000
-10000 -10000
10000 10000
-10000 -10000
10000 -10000
10000 10000
-10000 10000
10000 -10000
10000 -10000
10000 10000
10000 10000
10000 10000
10000 -10000
-10000 -10000
10000 10000
10000 10000
-10000 10000
-10000 -10000
10000 -10000
-10000 -10000
-10000 -10000
10000 -10000
-10000 10000
-10000 10000
-10000 -10000
-10000 -10000
-10000 -10000
-10000 10000
-10000 -10000
-10000 -10000
-10000 -10000
10000 -10000
-10000 10000
-10000 -10000
-10000 10000
10000 10000
-10000 -10000
10000 10000
-10000 10000
-10000 -10000
10000 -10000
10000 -10000
-10000 -10000
10000 10000
-10000 -10000
-10000 -10000
10000 -10000
10000 10000
-10000 10000
-10000 10000
-10000 -10000
-10000 -10000
-10000 10000
-10000 -10000
10000 -10000
10000 10000
-10000 -10000
10000 10000
-10000 -10000
-10000 10000
10000 10000
-10000 10000
10000 10000
10000 -10000
-10000 10000
10000 10000
-10000 10000
10000 -10000
-10000 -10000
10000 10000
-10000 -10000
10000 10000
-10000 10000
-10000 -10000
-10000 10000
-10000 -10000
-10000 -10000
-10000 10000
10000 10000
-10000 -10000
-10000 -10000
10000 -10000
-10000 -10000
10000 -10000
10000 10000
-10000 -10000
-10000 10000
-10000 -10000
-10000 10000
10000 -10000
-10000 10000
10000 -10000
-10000 -10000
10000 -10000
10000 -10000
-10000 10000
-10000 10000
10000 10000
-10000 -10000
-10000 10000
10000 10000
-10000 -10000
-10000 -10000
-10000 -10000
-10000 -10000
10000 10000
10000 -10000
10000 10000
-10000 -10000
-10000 -10000
10000 -10000
-10000 -10000
-10000 10000
10000 -10000
-10000 10000
10000 -10000
-10000 10000
10000 -10000
-10000 -10000
10000 10000
-10000 -10000
10000 -10000
-10000 10000
10000 10000
10000 10000
-10000 10000
10000 10000
10000 -10000
10000 10000
10000 10000
10000 10000
10000 10000
-10000 10000
10000 10000
10000 10000
10000 -10000
10000 10000
10000 10000
-10000 10000
-10000 -10000
-10000 10000
10000 10000
10000 10000
-10000 10000
10000 10000
-10000 -10000
-10000 -10000
10000 -10000
10000 10000
-10000 10000
-10000 10000
-10000 -10000
-10000 10000
-10000 -10000
10000 10000
-10000 -10000
-10000 10000
-10000 10000
-10000 -10000
-10000 10000
-10000 -10000
-10000 -10000
-10000 -10000
10000 -10000
10000 10000
-10000 10000
-10000 10000
10000 -10000
10000 -10000
-10000 10000
10000 -10000
10000 10000
10000 10000
10000 10000
-10000 -10000
10000 -10000
-10000 -10000
-10000 10000
-10000 10000
10000 -10000
-10000 10000
10000 -10000
10000 10000
-10000 10000
-10000 10000
-10000 -10000
10000 -10000
10000 -10000
-10000 10000
10000 10000
-10000 -10000
-10000 10000
10000 -10000
-10000 10000
10000 -10000
10000 -10000
-10000 -10000
-10000 10000
10000 10000
-10000 -10000
-10000 10000
-10000 10000
10000 -10000
10000 -10000
10000 10000
10000 -10000
10000 -10000
10000 -10000
10000 -10000
10000 10000
10000 10000
10000 -10000
10000 10000
10000 10000
-10000 10000
-10000 10000
-10000 -10000
-10000 -10000
10000 -10000
-10000 -10000
10000 -10000
-10000 10000
10000 -10000
10000 10000
-10000 10000
10000 10000
10000 -10000
10000 -10000
-10000 10000
10000 10000
10000 -10000
10000 10000
-10000 -10000
-10000 10000
-10000 -10000
-10000 -10000
-10000 -10000
10000 -10000
10000 -10000
10000 10000
10000 -10000
-10000 -10000
-10000 -10000
-10000 10000
10000 10000
-10000 -10000
-10000 10000
-10000 10000
10000 10000
10000 -10000
-10000 -10000
-10000 -10000
-10000 -10000
-10000 10000
10000 10000
10000 10000
10000 10000
10000 10000
10000 -10000
10000 10000
10000 10000
-10000 10000
10000 10000
-10000 -10000
-10000 -10000
10000 -10000
10000 -10000
10000 -10000
-10000 10000
-10000 10000
10000 -10000
-10000 -10000
10000 10000
10000 -10000
10000 10000
-10000 10000
10000 -10000
-10000 -10000
10000 10000
10000 10000
10000 -10000
10000 10000
10000 -10000
10000 10000
10000 -10000
-10000 -10000
10000 -10000
-10000 -10000
10000 10000
10000 10000
-10000 10000
-10000 -10000
-10000 -10000
10000 -10000
-10000 10000
-10000 10000
10000 -10000
10000 10000
10000 -10000
-10000 -10000
-10000 -10000
10000 10000
10000 -10000
-10000 10000
-10000 -10000
-10000 10000
10000 -10000
10000 10000
10000 10000
-10000 -10000
10000 -10000
10000 -10000
-10000 -10000
-10000 10000
-10000 10000
-10000 10000
-10000 -10000
-10000 10000
10000 -10000
10000 10000
-10000 10000
10000 10000
10000 -10000
-10000 10000
10000 10000
10000 10000
10000 -10000
-10000 -10000
-10000 -10000
-10000 -10000
10000 -10000
10000 10000
-10000 10000
10000 -10000
10000 10000
-10000 -10000
-10000 10000
10000 10000
10000 -10000
10000 -10000
10000 -10000
-10000 10000
-10000 10000
10000 10000
10000 -10000
-10000 10000
10000 -10000
-10000 -10000
-10000 -10000
10000 -10000
10000 -10000
-10000 10000
10000 10000
-10000 -10000
10000 -10000
-10000 -10000
10000 -10000
10000 10000
-10000 10000
10000 -10000
10000 -10000
-10000 -10000
-10000 -10000
10000 10000
-10000 -10000
-10000 10000
-10000 10000
-10000 10000
10000 -10000
-10000 -10000
-10000 -10000
10000 -10000
10000 -10000
-10000 -10000
-10000 10000
10000 10000
-10000 -10000
-10000 10000
10000 10000
10000 10000
-10000 10000
10000 -10000
-10000 -10000
-10000 10000
-10000 10000
-10000 -10000
10000 -10000
10000 -10000
10000 -10000
-10000 -10000
10000 10000
10000 -10000
-10000 10000
10000 10000
10000 10000
10000 10000
-10000 -10000
10000 -10000
-10000 -10000
10000 10000
-10000 10000
10000 10000
-10000 10000
10000 -10000
-10000 -10000
10000 -10000
-10000 -10000
10000 -10000
10000 -10000
10000 -10000
10000 -10000
10000 -10000
-10000 10000
-10000 10000
10000 10000
-10000 -10000
10000 -10000
10000 10000
-10000 10000
10000 -10000
-10000 10000
10000 10000
10000 10000
10000 -10000
10000 -10000
-10000 10000
-10000 -10000
10000 10000
10000 10000
10000 10000
10000 -10000
10000 -10000
10000 -10000
10000 10000
10000 10000
-10000 -10000
-10000 -10000
-10000 10000
-10000 -10000
-10000 -10000
10000 10000
10000 10000
10000 10000
-10000 -10000
10000 10000
10000 -10000
-10000 -10000
-10000 -10000
-10000 10000
-10000 -10000
10000 -10000
-10000 -10000
-10000 -10000
-10000 -10000
10000 -10000
10000 10000
10000 -10000
10000 10000
10000 10000
-10000 -10000
-10000 10000
-10000 10000
-10000 -10000
-10000 -10000
-10000 -10000
-10000 10000
10000 -10000
10000 10000
10000 -10000
10000 10000
-10000 10000
-10000 -10000
10000 10000
10000 -10000
-10000 10000
-10000 10000
10000 10000
-10000 10000
10000 10000
10000 -10000
10000 10000
-10000 -10000
10000 10000
10000 10000
-10000 -10000
-10000 -10000
-10000 10000
10000 10000
10000 -10000
-10000 10000
10000 10000
-10000 10000
10000 10000
10000 -10000
-10000 10000
10000 10000
-10000 10000
-10000 -10000
-10000 10000
10000 10000
10000 10000
10000 -10000
-10000 10000
10000 -10000
10000 10000
-10000 -10000
10000 -10000
10000 -10000
-10000 10000
-10000 10000
-10000 -10000
-10000 10000
10000 -10000
-10000 10000
10000 -10000
10000 10000
10000 -10000
-10000 -10000
-10000 10000
10000 10000
-10000 10000
10000 -10000
-10000 10000
-10000 -10000
10000 -10000
10000 -10000
-10000 10000
-10000 -10000
10000 -10000
-10000 -10000
-10000 -10000
10000 10000
-10000 -10000
-10000 -10000
10000 10000
10000 -10000
-10000 10000
10000 -10000
-10000 10000
10000 -10000
10000 10000
-10000 -10000
10000 -10000
-10000 -10000
-10000 -10000
-10000 10000
10000 -10000
10000 10000
10000 10000
10000 -10000
10000 10000
10000 -10000
10000 -10000
-10000 10000
-10000 10000
10000 -10000
10000 10000
-10000 10000
10000 10000
-10000 10000
-10000 -10000
-10000 -10000
10000 10000
-10000 -10000
-10000 -10000
10000 -10000
10000 -10000
10000 10000
-10000 -10000
10000 -10000
10000 -10000
10000 10000
10000 -10000
-10000 -10000
-10000 -10000
10000 -10000
10000 10000
-10000 -10000
10000 10000
10000 10000
-10000 -10000
-10000 10000
-10000 10000
-10000 10000
-10000 10000
-10000 10000
-10000 10000
-10000 10000
10000 -10000
10000 -10000
10000 -10000
10000 10000
-10000 10000
10000 -10000
10000 -10000
-10000 -10000
10000 -10000
-10000 10000
10000 10000
10000 -10000
10000 -10000
-10000 -10000
-10000 10000
-10000 -10000
-10000 -10000
10000 10000
-10000 10000
10000 -10000
10000 10000
-10000 -10000
10000 -10000
10000 -10000
-10000 10000
10000 -10000
-10000 -10000
-10000 -10000
10000 10000
-10000 -10000
10000 10000
10000 -10000
-10000 -10000
-10000 10000
-10000 10000
10000 10000
10000 10000
10000 10000
-10000 -10000
10000 -10000
10000 -10000
-10000 10000
10000 10000
10000 10000
10000 10000
10000 -10000
10000 10000
10000 10000
-10000 -10000
-10000 -10000
10000 -10000
-10000 -10000
10000 10000
10000 10000
10000 -10000
10000 -10000
10000 -10000
10000 10000
10000 -10000
10000 10000
-10000 10000
-10000 10000
-10000 -10000
-10000 -10000
10000 10000
-10000 -10000
10000 10000
-10000 10000
10000 -10000
10000 -10000
10000 10000
-10000 10000
-10000 10000
-10000 10000
-10000 -10000
-10000 10000
10000 -10000
-10000 10000
-10000 10000
10000 10000
10000 10000
10000 -10000
-10000 10000
10000 -10000
10000 -10000
10000 -10000
-10000 -10000
10000 10000
10000 10000
-10000 -10000
10000 -10000
-10000 -10000
-10000 10000
10000 -10000
10000 -10000
-10000 10000
10000 -10000
-10000 -10000
-10000 10000
10000 10000
-10000 10000
10000 10000
10000 10000
-10000 -10000
10000 10000
-10000 -10000
10000 10000
10000 -10000
10000 -10000
10000 -10000
10000 10000
-10000 10000
-10000 10000
10000 10000
10000 -10000
10000 10000
10000 10000
-10000 -10000
-10000 -10000
10000 10000
-10000 -10000
-10000 -10000
10000 -10000
-10000 10000
-10000 -10000
-10000 -10000
-10000 -10000
-10000 10000
10000 10000
10000 10000
10000 10000
10000 10000
10000 10000
-10000 -10000
10000 -10000
-10000 10000
-10000 -10000
10000 -10000
10000 -10000
-10000 10000
-10000 10000
10000 -10000
-10000 -10000
-10000 -10000
-10000 10000
-10000 10000
-10000 10000
10000 -10000
10000 10000
10000 -10000
10000 10000
10000 -10000
10000 10000
-10000 10000
10000 10000
-10000 -10000
10000 -10000
-10000 -10000
10000 10000
10000 10000
10000 10000
10000 -10000
10000 -10000
10000 -10000
-10000 10000
10000 -10000
-10000 10000
10000 -10000
10000 10000
10000 10000
-10000 10000
-10000 -10000
10000 10000
-10000 -10000
10000 10000
10000 -10000
-10000 10000
-10000 -10000
10000 -10000
10000 10000
10000 10000
-10000 10000
10000 -10000
10000 10000
-10000 10000
-10000 -10000
-10000 10000
10000 10000
-10000 10000
10000 10000
-10000 -10000
10000 -10000
-10000 10000
10000 -10000
10000 -10000
-10000 -10000
-10000 10000
10000 -10000
10000 10000
-10000 10000
10000 -10000
10000 10000
-10000 -10000
10000 10000
-10000 -10000
-10000 -10000
-10000 10000
10000 10000
10000 10000
10000 -10000
10000 10000
-10000 10000
10000 10000
-10000 10000
-10000 10000
10000 10000
-10000 -10000
-10000 10000
-10000 10000
10000 10000
-10000 -10000
10000 10000
-10000 10000
10000 -10000
10000 -10000
-10000 -10000
-10000 10000
10000 -10000
10000 10000
-10000 -10000
10000 10000
10000 10000
10000 10000
10000 10000
10000 -10000
-10000 10000
-10000 10000
10000 -10000
-10000 10000
10000 10000
10000 10000
10000 -10000
-10000 -10000
-10000 10000
10000 -10000
-10000 -10000
-10000 -10000
-10000 10000
10000 10000
10000 10000
10000 -10000
-10000 10000
-10000 10000
10000 -10000
10000 10000
10000 10000
10000 -10000
10000 -10000
10000 -10000
10000 -10000
10000 -10000
10000 -10000
-10000 10000
10000 10000
-10000 10000
10000 -10000
-10000 -10000
10000 10000
10000 -10000
10000 10000
10000 -10000
10000 -10000
10000 -10000
10000 -10000
10000 -10000
10000 -10000
-10000 -10000
-10000 10000
-10000 -10000
-10000 10000
10000 -10000
10000 10000
-10000 -10000
-10000 -10000
10000 10000
-10000 10000
-10000 -10000
10000 -10000
10000 -10000
-10000 10000
-10000 -10000
-10000 10000
10000 -10000
10000 -10000
10000 10000
10000 10000
10000 -10000
10000 10000
10000 -10000
10000 -10000
10000 10000
10000 10000
-10000 10000
10000 10000
-10000 10000
-10000 -10000
10000 10000
10000 -10000
10000 -10000
10000 10000
-10000 -10000
10000 10000
10000 -10000
-10000 10000
10000 10000
-10000 -10000
10000 10000
-10000 10000
10000 -10000
-10000 -10000
-10000 -10000
10000 -10000
-10000 -10000
10000 -10000
-10000 10000
10000 10000
-10000 -10000
-10000 10000
-10000 10000
-10000 10000
10000 10000
10000 -10000
-10000 10000
10000 -10000
-10000 -10000
10000 10000
-10000 -10000
-10000 -10000
10000 10000
-10000 10000
10000 -10000
-10000 -10000
-10000 10000
-10000 -10000
-10000 -10000
-10000 10000
10000 -10000
-10000 10000
-10000 10000
10000 10000
10000 -10000
-10000 10000
10000 -10000
-10000 -10000
-10000 -10000
10000 -10000
10000 10000
10000 10000
-10000 10000
10000 -10000
-10000 -10000
-10000 -10000
10000 10000
-10000 10000
-10000 10000
-10000 -10000
-10000 10000
-10000 -10000
-10000 10000
10000 10000
-10000 10000
-10000 -10000
-10000 10000
-10000 10000
10000 10000
10000 10000
-10000 10000
10000 -10000
-10000 10000
-10000 -10000
10000 10000
-10000 -10000
10000 10000
10000 -10000
-10000 -10000
-10000 -10000
-10000 -10000
10000 10000
-10000 10000
-10000 10000
10000 10000
-10000 -10000
10000 -10000
10000 -10000
-10000 -10000
10000 10000
-10000 10000
-10000 10000
10000 -10000
10000 -10000
-10000 10000
10000 -10000
10000 -10000
10000 10000
10000 10000
10000 -10000
-10000 10000
-10000 -10000
10000 -10000
10000 -10000
-10000 -10000
-10000 -10000
10000 10000
10000 10000
-10000 -10000
10000 10000
-10000 -10000
-10000 -10000
-10000 10000
-10000 10000
10000 10000
10000 -10000
10000 10000
10000 -10000
-10000 -10000
-10000 10000
-10000 10000
-10000 -10000
-10000 -10000
10000 -10000
-10000 -10000
10000 10000
-10000 10000
10000 10000
-10000 10000
10000 -10000
-10000 10000
10000 10000
10000 -10000
-10000 10000
-10000 -10000
-10000 -10000
-10000 -10000
-10000 10000
10000 10000
-10000 -10000
-10000 -10000
-10000 -10000
10000 -10000
10000 -10000
-10000 10000
-10000 -10000
-10000 10000
10000 10000
-10000 10000
10000 10000
-10000 10000
-10000 10000
10000 -10000
10000 -10000
-10000 -10000
10000 10000
-10000 10000
-10000 10000
-10000 10000
-10000 -10000
-10000 -10000
10000 -10000
10000 -10000
-10000 -10000
-10000 -10000
-10000 -10000
-10000 -10000
10000 10000
-10000 10000
10000 10000
-10000 -10000
-10000 10000
10000 -10000
-10000 10000
10000 -10000
10000 10000
-10000 -10000
10000 -10000
10000 -10000
-10000 10000
10000 10000
-10000 -10000
-10000 -10000
-10000 -10000
-10000 10000
10000 -10000
10000 10000
10000 -10000
10000 10000
-10000 10000
10000 10000
-10000 10000
10000 -10000
-10000 -10000
10000 -10000
10000 -10000
-10000 10000
-10000 -10000
10000 -10000
10000 -10000
10000 10000
10000 -10000
-10000 -10000
10000 10000
-10000 -10000
10000 -10000
-10000 10000
-10000 10000
-10000 10000
-10000 -10000
-10000 -10000
-10000 -10000
-10000 -10000
10000 10000
10000 -10000
-10000 -10000
10000 -10000
10000 10000
10000 -10000
10000 10000
-10000 10000
-10000 10000
-10000 -10000
-10000 -10000
10000 10000
-10000 -10000
-10000 -10000
-10000 -10000
10000 -10000
10000 10000
10000 -10000
10000 -10000
-10000 -10000
-10000 -10000
10000 -10000
-10000 10000
-10000 -10000
-10000 -10000
10000 -10000
10000 -10000
10000 -10000
-10000 10000
-10000 10000
10000 -10000
10000 10000
-10000 10000
10000 10000
-10000 10000
10000 10000
-10000 10000
10000 10000
-10000 10000
10000 10000
-10000 -10000
-10000 -10000
-10000 10000
10000 10000
-10000 -10000
-10000 10000
10000 -10000
10000 -10000
-10000 10000
-10000 10000
-10000 10000
-10000 -10000
10000 -10000
-10000 10000
10000 -10000
-10000 10000
-10000 10000
10000 -10000
10000 -10000
-10000 -10000
-10000 10000
-10000 -10000
10000 10000
-10000 -10000
10000 10000
10000 -10000
10000 -10000
-10000 -10000
-10000 -10000
10000 -10000
10000 -10000
-10000 -10000
10000 10000
10000 -10000
10000 10000
10000 -10000
10000 -10000
-10000 10000
-10000 10000
-10000 10000
10000 10000
10000 -10000
-10000 10000
10000 -10000
-10000 10000
10000 -10000
-10000 -10000
-10000 -10000
-10000 10000
10000 10000
-10000 -10000
10000 10000
10000 -10000
-10000 10000
-10000 10000
-10000 10000
-10000 10000
10000 -10000
10000 10000
10000 -10000
10000 10000
10000 10000
-10000 10000
10000 10000
10000 -10000
10000 -10000
-10000 -10000
-10000 -10000
10000 -10000
10000 10000
-10000 10000
10000 -10000
10000 -10000
-10000 10000
-10000 10000
10000 -10000
10000 10000
10000 10000
10000 -10000
-10000 10000
10000 -10000
10000 10000
10000 -10000
10000 -10000
10000 10000
10000 10000
-10000 -10000
-10000 10000
-10000 -10000
-10000 10000
-10000 -10000
-10000 10000
10000 -10000
-10000 -10000
-10000 10000
10000 10000
10000 -10000
10000 -10000
-10000 10000
10000 10000
-10000 10000
10000 -10000
10000 -10000
-10000 -10000
-10000 10000
-10000 10000
10000 10000
-10000 -10000
-10000 10000
10000 -10000
-10000 -10000
10000 -10000
10000 10000
-10000 10000
-10000 10000
-10000 -10000
10000 10000
-10000 10000
-10000 10000
10000 10000
-10000 -10000
-10000 10000
10000 10000
-10000 10000
-10000 10000
10000 10000
-10000 10000
10000 -10000
10000 10000
10000 10000
10000 10000
10000 -10000
-10000 10000
10000 10000
10000 10000
10000 10000
10000 -10000
10000 -10000
10000 10000
10000 10000
10000 10000
10000 10000
-10000 10000
-10000 -10000
-10000 -10000
-10000 -10000
-10000 -10000
-10000 -10000
-10000 10000
-10000 10000
10000 10000
10000 -10000
-10000 10000
10000 -10000
10000 -10000
10000 -10000
-10000 10000
-10000 10000
-10000 -10000
10000 10000
10000 -10000
10000 10000
10000 10000
10000 -10000
10000 -10000
10000 -10000
10000 -10000
-10000 10000
-10000 -10000
-10000 -10000
10000 10000
-10000 10000
-10000 10000
10000 -10000
10000 10000
-10000 10000
10000 10000
10000 10000
-10000 -10000
10000 -10000
-10000 10000
-10000 -10000
10000 -10000
10000 10000
10000 -10000
10000 -10000
10000 -10000
10000 -10000
-10000 10000
10000 10000
-10000 -10000
10000 -10000
-10000 10000
10000 -10000
-10000 10000
10000 -10000
10000 -10000
10000 10000
-10000 -10000
-10000 10000
10000 -10000
-10000 10000
-10000 10000
-10000 -10000
-10000 10000
-10000 -10000
10000 -10000
-10000 -10000
-10000 10000
10000 10000
10000 10000
10000 10000
10000 -10000
-10000 10000
10000 -10000
10000 10000
10000 -10000
10000 -10000
-10000 -10000
10000 10000
-10000 10000
-10000 10000
10000 10000
-10000 -10000
10000 -10000
10000 10000
-10000 -10000
10000 -10000
-10000 10000
-10000 10000
-10000 -10000
-10000 -10000
10000 -10000
10000 10000
-10000 10000
10000 10000
-10000 -10000
10000 -10000
-10000 -10000
-10000 -10000
10000 10000
10000 -10000
-10000 -10000
10000 -10000
-10000 10000
10000 -10000
-10000 -10000
10000 -10000
-10000 10000
10000 -10000
10000 -10000
10000 10000
10000 10000
-10000 -10000
10000 -10000
10000 10000
-10000 10000
-10000 10000
-10000 10000
-10000 -10000
10000 10000
10000 -10000
10000 10000
-10000 10000
-10000 -10000
-10000 10000
-10000 10000
10000 10000
10000 -10000
-10000 10000
-10000 10000
-10000 10000
-10000 -10000
10000 10000
-10000 10000
-10000 -10000
10000 -10000
10000 10000
-10000 10000
-10000 10000
-10000 -10000
-10000 -10000
10000 -10000
10000 10000
-10000 -10000
10000 10000
10000 10000
10000 10000
10000 10000
-10000 -10000
10000 -10000
-10000 10000
10000 -10000
10000 -10000
-10000 -10000
-10000 10000
-10000 10000
10000 -10000
10000 -10000
-10000 -10000
-10000 -10000
-10000 -10000
10000 -10000
-10000 -10000
10000 10000
-10000 -10000
10000 10000
-10000 -10000
10000 10000
10000 10000
-10000 -10000
10000 10000
-10000 -10000
-10000 10000
10000 -10000
-10000 -10000
-10000 10000
10000 10000
10000 10000
-10000 -10000
10000 -10000
-10000 -10000
-10000 10000
10000 -10000
10000 10000
10000 10000
10000 10000
-10000 10000
10000 10000
10000 10000
-10000 -10000
10000 10000
-10000 10000
-10000 10000
-10000 10000
-10000 -10000
10000 -10000
10000 -10000
10000 -10000
-10000 -10000
-10000 10000
10000 10000
10000 10000
-10000 -10000
-10000 -10000
-10000 10000
-10000 -10000
10000 10000
10000 -10000
10000 -10000
10000 10000
-10000 -10000
-10000 10000
10000 -10000
10000 -10000
-10000 -10000
-10000 10000
10000 10000
-10000 10000
10000 -10000
-10000 -10000
-10000 -10000
-10000 10000
-10000 -10000
10000 10000
-10000 -10000
10000 -10000
-10000 10000
-10000 -10000
10000 10000
10000 -10000
-10000 10000
10000 -10000
-10000 10000
-10000 10000
-10000 -10000
-10000 -10000
-10000 -10000
10000 -10000
-10000 -10000
-10000 10000
-10000 10000
-10000 -10000
-10000 -10000
-10000 10000
-10000 -10000
10000 10000
-10000 10000
-10000 10000
10000 10000
10000 10000
-10000 10000
-10000 -10000
10000 -10000
10000 -10000
-10000 10000
-10000 10000
10000 10000
-10000 10000
10000 10000
10000 10000
10000 10000
-10000 10000
10000 -10000
10000 -10000
10000 -10000
10000 -10000
-10000 -10000
10000 -10000
-10000 10000
10000 -10000
-10000 -10000
-10000 10000
10000 10000
-10000 10000
-10000 -10000
-10000 10000
-10000 -10000
10000 10000
-10000 -10000
10000 10000
10000 10000
10000 10000
10000 10000
10000 -10000
10000 -10000
10000 10000
10000 -10000
10000 -10000
-10000 -10000
10000 -10000
-10000 10000
-10000 10000
10000 10000
-10000 10000
10000 -10000
-10000 10000
-10000 10000
-10000 -10000
-10000 -10000
-10000 -10000
10000 10000
10000 10000
-10000 -10000
10000 10000
-10000 -10000
10000 10000
-10000 10000
10000 10000
-10000 -10000
-10000 -10000
10000 -10000
-10000 -10000
10000 -10000
-10000 -10000
-10000 10000
10000 10000
-10000 10000
10000 10000
10000 10000
10000 -10000
10000 -10000
10000 10000
10000 10000
10000 -10000
10000 10000
10000 -10000
-10000 10000
10000 -10000
10000 -10000
-10000 10000
10000 10000
10000 10000
-10000 10000
-10000 -10000
10000 10000
-10000 -10000
-10000 10000
-10000 10000
-10000 10000
-10000 10000
10000 -10000
-10000 -10000
-10000 -10000
10000 -10000
-10000 -10000
10000 -10000
-10000 -10000
10000 -10000
10000 10000
-10000 10000
10000 -10000
-10000 10000
10000 -10000
-10000 -10000
10000 10000
10000 -10000
10000 -10000
10000 -10000
10000 -10000
10000 10000
10000 -10000
10000 -10000
-10000 10000
-10000 -10000
-10000 10000
10000 10000
-10000 10000
-10000 10000
10000 -10000
-10000 -10000
10000 10000
10000 -10000
10000 10000
-10000 -10000
-10000 10000
-10000 10000
-10000 10000
10000 -10000
10000 10000
10000 -10000
-10000 -10000
-10000 10000
-10000 10000
10000 10000
-10000 10000
-10000 10000
-10000 10000
-10000 10000
10000 10000
10000 -10000
-10000 -10000
10000 -10000
10000 -10000
-10000 10000
10000 -10000
10000 -10000
-10000 -10000
10000 -10000
10000 -10000
10000 10000
-10000 10000
10000 10000
-10000 -10000
10000 -10000
10000 -10000
10000 -10000
-10000 -10000
-10000 -10000
-10000 10000
10000 -10000
-10000 -10000
10000 10000
-10000 -10000
-10000 10000
10000 10000
-10000 10000
-10000 -10000
-10000 10000
10000 -10000
10000 -10000
10000 10000
-10000 -10000
-10000 10000
10000 -10000
10000 10000
-10000 10000
-10000 -10000
-10000 10000
-10000 -10000
-10000 -10000
10000 10000
-10000 -10000
10000 10000
10000 -10000
-10000 -10000
10000 -10000
10000 -10000
-10000 10000
-10000 10000
-10000 10000
10000 -10000
-10000 -10000
10000 10000
-10000 -10000
-10000 -10000
-10000 10000
10000 -10000
-10000 10000
-10000 -10000
-10000 -10000
10000 -10000
-10000 10000
10000 -10000
-10000 10000
-10000 10000
-10000 10000
10000 10000
10000 10000
-10000 -10000
-10000 -10000
10000 10000
-10000 10000
-10000 -10000
-10000 10000
10000 -10000
-10000 10000
10000 -10000
10000 10000
10000 -10000
-10000 10000
-10000 10000
10000 10000
10000 10000
10000 10000
10000 10000
-10000 10000
-10000 10000
10000 -10000
-10000 10000
-10000 -10000
10000 -10000
10000 10000
10000 -10000
10000 -10000
-10000 -10000
10000 -10000
10000 -10000
10000 10000
-10000 -10000
10000 10000
-10000 10000
-10000 10000
10000 10000
10000 10000
10000 -10000
10000 -10000
10000 -10000
10000 10000
-10000 10000
10000 -10000
-10000 -10000
10000 10000
10000 -10000
10000 10000
-10000 10000
10000 10000
10000 -10000
-10000 10000
10000 -10000
-10000 10000
10000 -10000
10000 10000
10000 10000
-10000 -10000
-10000 -10000
-10000 10000
-10000 -10000
-10000 10000
10000 -10000
-10000 -10000
-10000 10000
10000 -10000
-10000 10000
-10000 -10000
-10000 -10000
10000 -10000
10000 -10000
10000 10000
10000 10000
10000 -10000
-10000 -10000
10000 -10000
10000 -10000
-10000 10000
10000 10000
10000 10000
-10000 10000
10000 -10000
10000 -10000
10000 -10000
10000 -10000
10000 -10000
-10000 10000
10000 -10000
10000 -10000
-10000 10000
10000 10000
-10000 -10000
-10000 10000
10000 -10000
10000 -10000
10000 -10000
10000 10000
-10000 10000
10000 -10000
-10000 10000
10000 10000
10000 -10000
10000 10000
10000 10000
10000 -10000
-10000 -10000
-10000 10000
-10000 10000
10000 -10000
-10000 10000
-10000 10000
-10000 -10000
10000 -10000
-10000 10000
-10000 10000
10000 -10000
10000 -10000
10000 -10000
-10000 10000
-10000 10000
10000 10000
-10000 10000
10000 10000
-10000 10000
-10000 -10000
-10000 -10000
10000 -10000
-10000 10000
10000 10000
10000 -10000
-10000 10000
10000 10000
-10000 10000
10000 -10000
10000 -10000
10000 -10000
10000 -10000
-10000 -10000
-10000 -10000
-10000 10000
-10000 -10000
10000 -10000
10000 10000
-10000 10000
-10000 -10000
10000 10000
10000 -10000
-10000 10000
-10000 10000
10000 10000
-10000 10000
10000 -10000
10000 10000
-10000 10000
10000 10000
10000 -10000
10000 -10000
10000 -10000
10000 10000
10000 -10000
10000 10000
10000 -10000
-10000 -10000
10000 -10000
10000 10000
10000 -10000
-10000 10000
10000 -10000
10000 10000
-10000 10000
10000 -10000
-10000 -10000
-10000 -10000
-10000 -10000
10000 -10000
-10000 -10000
-10000 -10000
-10000 -10000
-10000 10000
-10000 10000
-10000 -10000
10000 10000
10000 -10000
10000 -10000
-10000 -10000
10000 10000
-10000 10000
10000 10000
10000 10000
10000 10000
10000 10000
10000 -10000
10000 10000
-10000 10000
-10000 -10000
-10000 -10000
10000 -10000
-10000 10000
10000 -10000
-10000 -10000
-10000 -10000
10000 10000
10000 10000
10000 -10000
10000 10000
10000 10000
-10000 10000
-10000 10000
-10000 10000
10000 10000
-10000 -10000
-10000 10000
-10000 10000
10000 10000
-10000 -10000
-10000 -10000
-10000 -10000
10000 -10000
-10000 -10000
10000 10000
-10000 10000
10000 -10000
-10000 -10000
-10000 -10000
-10000 10000
10000 10000
10000 -10000
10000 -10000
10000 -10000
10000 -10000
10000 -10000
-10000 -10000
10000 10000
-10000 -10000
-10000 10000
10000 10000
10000 10000
10000 10000
10000 10000
-10000 -10000
10000 -10000
-10000 10000
-10000 10000
-10000 10000
-10000 10000
-10000 -10000
-10000 -10000
10000 -10000
10000 10000
10000 -10000
-10000 -10000
10000 -10000
10000 10000
-10000 10000
10000 -10000
-10000 10000
-10000 10000
10000 -10000
10000 10000
-10000 10000
-10000 10000
10000 10000
10000 -10000
-10000 10000
10000 10000
10000 10000
10000 -10000
10000 10000
-10000 -10000
10000 -10000
-10000 -10000
10000 10000
10000 10000
-10000 -10000
-10000 -10000
10000 10000
10000 10000
10000 -10000
-10000 -10000
10000 -10000
-10000 -10000
-10000 10000
-10000 10000
10000 -10000
10000 10000
-10000 10000
-10000 -10000
-10000 -10000
10000 10000
-10000 -10000
10000 10000
-10000 10000
10000 10000
-10000 10000
-10000 10000
-10000 10000
10000 -10000
10000 10000
10000 -10000
-10000 10000
-10000 10000
-10000 10000
-10000 -10000
10000 -10000
-10000 -10000
-10000 10000
10000 -10000
-10000 -10000
-10000 -10000
-10000 10000
-10000 10000
-10000 10000
10000 10000
10000 -10000
-10000 10000
10000 -10000
10000 10000
-10000 -10000
10000 -10000
-10000 10000
10000 10000
10000 -10000
10000 10000
-10000 -10000
-10000 -10000
-10000 -10000
-10000 -10000
-10000 10000
10000 -10000
10000 10000
10000 10000
10000 10000
10000 -10000
10000 -10000
-10000 10000
10000 -10000
10000 10000
-10000 10000
-10000 -10000
10000 10000
-10000 10000
-10000 10000
-10000 -10000
10000 -10000
10000 10000
10000 10000
-10000 10000
-10000 -10000
10000 10000
-10000 10000
-10000 -10000
-10000 10000
-10000 10000
-10000 10000
-10000 -10000
10000 10000
10000 -10000
-10000 -10000
-10000 -10000
-10000 10000
10000 10000
10000 -10000
-10000 -10000
10000 10000
-10000 -10000
-10000 -10000
10000 10000
-10000 -10000
-10000 10000
10000 10000
10000 10000
-10000 -10000
10000 -10000
10000 -10000
-10000 -10000
-10000 10000
10000 10000
10000 -10000
10000 10000
-10000 -10000
-10000 -10000
-10000 -10000
-10000 -10000
-10000 -10000
-10000 -10000
10000 -10000
-10000 10000
10000 -10000
10000 10000
-10000 -10000
-10000 -10000
10000 10000
10000 10000
10000 -10000
10000 -10000
-10000 10000
10000 10000
10000 -10000
-10000 -10000
-10000 -10000
10000 -10000
-10000 -10000
-10000 -10000
10000 10000
10000 10000
-10000 10000
10000 10000
-10000 -10000
-10000 -10000
-10000 -10000
10000 -10000
10000 10000
-10000 10000
10000 10000
-10000 10000
-10000 10000
10000 10000
-10000 10000
-10000 10000
10000 10000
-10000 -10000
10000 10000
-10000 -10000
10000 -10000
-10000 10000
-10000 10000
10000 10000
10000 10000
10000 -10000
10000 10000
10000 -10000
-10000 -10000
10000 -10000
10000 -10000
10000 -10000
10000 10000
-10000 -10000
10000 -10000
10000 10000
-10000 10000
10000 -10000
-10000 -10000
-10000 10000
-10000 -10000
-10000 -10000
-10000 10000
-10000 10000
10000 10000
10000 -10000
-10000 10000
-10000 10000
-10000 10000
10000 10000
-10000 -10000
-10000 10000
-10000 10000
10000 -10000
-10000 -10000
10000 10000
-10000 10000
-10000 -10000
10000 -10000
10000 -10000
10000 10000
-10000 -10000
10000 10000
-10000 10000
-10000 -10000
10000 10000
10000 10000
-10000 10000
-10000 10000
10000 10000
10000 -10000
-10000 -10000
10000 -10000
10000 -10000
10000 -10000
10000 -10000
-10000 -10000
10000 10000
-10000 -10000
-10000 10000
10000 10000
-10000 10000
10000 10000
10000 10000
10000 -10000
10000 10000
10000 -10000
-10000 10000
10000 10000
10000 -10000
-10000 10000
10000 10000
-10000 -10000
-10000 -10000
-10000 10000
10000 -10000
-10000 -10000
-10000 10000
10000 -10000
10000 -10000
-10000 10000
-10000 10000
-10000 10000
-10000 -10000
-10000 10000
-10000 10000
-10000 -10000
10000 -10000
10000 -10000
-10000 -10000
10000 10000
-10000 10000
-10000 10000
10000 -10000
-10000 10000
-10000 -10000
-10000 10000
10000 -10000
10000 -10000
10000 10000
10000 10000
10000 10000
-10000 -10000
-10000 -10000
10000 10000
10000 -10000
10000 -10000
-10000 -10000
10000 10000
10000 10000
-10000 -10000
10000 -10000
-10000 -10000
-10000 -10000
10000 -10000
10000 10000
10000 10000
10000 10000
-10000 -10000
-10000 -10000
10000 -10000
10000 -10000
-10000 -10000
-10000 10000
10000 -10000
10000 10000
10000 10000
-10000 -10000
-10000 10000
10000 -10000
-10000 -10000
-10000 10000
10000 10000
10000 -10000
10000 10000
-10000 -10000
10000 -10000
-10000 -10000
-10000 -10000
-10000 10000
10000 10000
10000 10000
-10000 10000
10000 -10000
10000 10000
-10000 -10000
-10000 10000
-10000 -10000
10000 10000
-10000 10000
-10000 10000
10000 10000
-10000 10000
-10000 10000
-10000 -10000
10000 10000
10000 -10000
-10000 10000
-10000 -10000
-10000 10000
-10000 10000
10000 -10000
-10000 -10000
10000 -10000
-10000 -10000
10000 10000
10000 10000
10000 -10000
10000 -10000
-10000 10000
-10000 10000
10000 -10000
-10000 -10000
10000 10000
-10000 -10000
10000 -10000
-10000 10000
10000 10000
10000 -10000
10000 10000
10000 -10000
10000 -10000
10000 -10000
10000 -10000
10000 -10000
10000 10000
10000 -10000
-10000 10000
10000 10000
-10000 10000
10000 -10000
10000 -10000
-10000 10000
10000 10000
-10000 10000
-10000 -10000
-10000 10000
10000 10000
10000 10000
-10000 -10000
-10000 10000
-10000 -10000
-10000 10000
-10000 10000
-10000 -10000
10000 10000
-10000 10000
10000 -10000
-10000 10000
10000 10000
10000 10000
10000 -10000
10000 10000
10000 10000
-10000 10000
10000 -10000
10000 10000
-10000 10000
-10000 -10000
-10000 10000
-10000 -10000
10000 -10000
-10000 -10000
10000 -10000
-10000 -10000
-10000 -10000
-10000 10000
-10000 10000
10000 -10000
10000 -10000
10000 -10000
10000 10000
-10000 10000
10000 -10000
10000 -10000
-10000 10000
-10000 -10000
-10000 10000
-10000 -10000
-10000 -10000
-10000 -10000
10000 10000
10000 10000
-10000 10000
-10000 10000
10000 -10000
-10000 10000
10000 -10000
-10000 10000
10000 -10000
-10000 10000
-10000 -10000
-10000 -10000
-10000 -10000
-10000 -10000
10000 10000
10000 10000
-10000 -10000
10000 -10000
10000 10000
10000 10000
10000 -10000
10000 10000
10000 10000
-10000 -10000
10000 10000
-10000 10000
-10000 -10000
-10000 10000
10000 10000
10000 10000
-10000 10000
-10000 10000
-10000 10000
-10000 -10000
-10000 10000
10000 -10000
-10000 10000
10000 10000
10000 -10000
10000 10000
10000 -10000
10000 -10000
-10000 -10000
-10000 -10000
-10000 -10000
10000 10000
-10000 -10000
-10000 10000
-10000 -10000
-10000 -10000
10000 -10000
10000 -10000
-10000 10000
-10000 -10000
10000 10000
10000 -10000
-10000 10000
-10000 -10000
-10000 10000
-10000 10000
10000 10000
10000 10000
-10000 -10000
10000 -10000
10000 -10000
-10000 10000
-10000 -10000
-10000 10000
10000 -10000
10000 -10000
-10000 10000
-10000 -10000
10000 10000
-10000 10000
-10000 -10000
10000 10000
10000 10000
10000 -10000
10000 10000
-10000 10000
-10000 -10000
-10000 -10000
10000 -10000
-10000 -10000
10000 10000
-10000 10000
-10000 -10000
10000 10000
10000 -10000
10000 10000
-10000 10000
10000 10000
-10000 -10000
10000 10000
10000 -10000
-10000 -10000
10000 -10000
10000 -10000
10000 10000
-10000 10000
10000 -10000
10000 -10000
-10000 10000
10000 10000
-10000 10000
10000 -10000
-10000 10000
10000 -10000
-10000 -10000
-10000 -10000
10000 -10000
10000 10000
-10000 10000
10000 10000
10000 -10000
-10000 -10000
10000 10000
-10000 10000
10000 10000
-10000 -10000
10000 10000
10000 10000
10000 -10000
-10000 -10000
10000 -10000
-10000 10000
-10000 10000
-10000 -10000
10000 -10000
-10000 10000
10000 -10000
-10000 10000
-10000 -10000
-10000 10000
-10000 10000
-10000 -10000
-10000 10000
-10000 -10000
-10000 10000
-10000 -10000
10000 10000
-10000 10000
10000 10000
-10000 -10000
10000 -10000
-10000 10000
-10000 -10000
10000 10000
-10000 -10000
-10000 -10000
10000 10000
-10000 10000
-10000 10000
-10000 10000
10000 10000
-10000 10000
-10000 -10000
-10000 -10000
10000 -10000
-10000 -10000
10000 10000
-10000 10000
10000 10000
-10000 -10000
-10000 10000
10000 -10000
10000 -10000
10000 -10000
10000 10000
-10000 10000
-10000 -10000
10000 10000
10000 -10000
10000 -10000
-10000 -10000
10000 10000
10000 10000
-10000 10000
10000 10000
10000 -10000
-10000 -10000
10000 10000
10000 -10000
10000 -10000
-10000 -10000
-10000 -10000
10000 10000
-10000 -10000
-10000 -10000
-10000 10000
-10000 -10000
10000 -10000
10000 -10000
10000 10000
10000 -10000
10000 10000
-10000 -10000
-10000 -10000
-10000 10000
10000 -10000
-10000 10000
-10000 10000
-10000 10000
-10000 -10000
10000 10000
10000 -10000
-10000 10000
-10000 10000
10000 -10000
-10000 10000
-10000 10000
10000 -10000
10000 -10000
-10000 10000
10000 -10000
10000 10000
10000 10000
10000 -10000
10000 10000
10000 10000
10000 -10000
-10000 -10000
10000 10000
-10000 10000
-10000 -10000
10000 -10000
10000 -10000
10000 -10000
10000 10000
-10000 -10000
-10000 10000
-10000 10000
10000 10000
-10000 -10000
-10000 10000
-10000 -10000
-10000 -10000
10000 10000
10000 -10000
10000 -10000
-10000 10000
10000 -10000
-10000 -10000
-10000 10000
-10000 10000
-10000 -10000
-10000 10000
10000 10000
-10000 -10000
-10000 -10000
-10000 -10000
10000 -10000
10000 -10000
10000 10000
10000 -10000
-10000 10000
10000 -10000
-10000 10000
-10000 -10000
-10000 -10000
-10000 10000
-10000 10000
10000 -10000
10000 10000
10000 -10000
-10000 10000
-10000 10000
10000 10000
10000 10000
10000 -10000
-10000 10000
10000 10000
-10000 10000
10000 10000
-10000 -10000
-10000 10000
10000 -10000
10000 10000
10000 -10000
-10000 10000
10000 10000
10000 -10000
10000 10000
-10000 10000
-10000 -10000
-10000 -10000
10000 10000
10000 10000
10000 10000
10000 10000
-10000 10000
10000 -10000
-10000 10000
-10000 10000
-10000 10000
10000 -10000
10000 -10000
-10000 10000
10000 -10000
-10000 10000
10000 -10000
10000 10000
-10000 10000
-10000 -10000
-10000 10000
10000 -10000
-10000 10000
10000 10000
-10000 -10000
10000 -10000
-10000 10000
10000 10000
10000 -10000
10000 10000
10000 -10000
10000 -10000
-10000 10000
-10000 -10000
10000 10000
10000 10000
-10000 10000
10000 -10000
10000 10000
10000 10000
-10000 -10000
-10000 10000
-10000 10000
10000 10000
-10000 -10000
-10000 -10000
-10000 -10000
-10000 -10000
10000 10000
-10000 10000
10000 10000
-10000 -10000
-10000 -10000
-10000 10000
-10000 10000
10000 -10000
10000 10000
10000 10000
10000 -10000
10000 10000
-10000 10000
10000 -10000
-10000 10000
-10000 -10000
-10000 -10000
10000 10000
10000 -10000
-10000 10000
-10000 10000
10000 -10000
-10000 -10000
10000 10000
10000 10000
-10000 -10000
-10000 10000
-10000 -10000
10000 -10000
-10000 -10000
10000 10000
-10000 10000
10000 10000
10000 -10000
-10000 -10000
-10000 -10000
10000 10000
10000 -10000
-10000 10000
10000 10000
-10000 10000
-10000 -10000
10000 10000
10000 -10000
10000 -10000
10000 -10000
-10000 10000
10000 10000
-10000 -10000
-10000 10000
10000 10000
10000 10000
10000 10000
10000 -10000
10000 10000
10000 -10000
-10000 -10000
-10000 -10000
10000 -10000
-10000 -10000
10000 10000
10000 -10000
10000 -10000
10000 10000
-10000 10000
-10000 10000
-10000 -10000
10000 10000
10000 -10000
-10000 10000
-10000 10000
10000 -10000
10000 -10000
-10000 -10000
10000 10000
-10000 10000
-10000 -10000
10000 10000
10000 -10000
-10000 10000
10000 -10000
-10000 10000
-10000 10000
-10000 10000
10000 -10000
-10000 10000
10000 -10000
10000 -10000
-10000 -10000
-10000 10000
-10000 -10000
10000 -10000
-10000 -10000
10000 -10000
-10000 -10000
-10000 10000
-10000 -10000
10000 -10000
10000 10000
-10000 -10000
-10000 10000
-10000 -10000
-10000 10000
10000 10000
10000 -10000
-10000 -10000
10000 -10000
-10000 -10000
10000 -10000
-10000 -10000
10000 10000
-10000 -10000
10000 10000
-10000 -10000
10000 -10000
-10000 -10000
10000 -10000
10000 10000
-10000 -10000
-10000 10000
-10000 10000
10000 -10000
-10000 -10000
-10000 10000
-10000 10000
-10000 -10000
10000 -10000
-10000 -10000
-10000 10000
10000 10000
-10000 -10000
10000 10000
10000 -10000
-10000 -10000
-10000 -10000
10000 -10000
10000 -10000
-10000 -10000
10000 -10000
10000 10000
-10000 10000
10000 -10000
10000 -10000
-10000 10000
10000 10000
-10000 -10000
-10000 -10000
-10000 10000
-10000 10000
-10000 10000
-10000 -10000
-10000 10000
10000 10000
10000 -10000
10000 -10000
-10000 10000
10000 10000
10000 -10000
-10000 10000
10000 10000
-10000 10000
-10000 -10000
-10000 10000
10000 10000
-10000 10000
-10000 10000
10000 -10000
-10000 10000
10000 -10000
-10000 -10000
10000 10000
-10000 10000
-10000 -10000
-10000 10000
-10000 10000
10000 -10000
-10000 -10000
10000 -10000
-10000 -10000
-10000 10000
-10000 -10000
10000 -10000
-10000 10000
-10000 10000
10000 -10000
-10000 -10000
10000 10000
-10000 -10000
10000 10000
-10000 -10000
-10000 -10000
10000 -10000
10000 -10000
-10000 -10000
-10000 -10000
-10000 10000
10000 10000
-10000 10000
-10000 -10000
-10000 10000
-10000 10000
10000 -10000
-10000 10000
-10000 10000
-10000 10000
-10000 10000
-10000 10000
10000 10000
-10000 10000
10000 10000
10000 -10000
10000 -10000
10000 -10000
10000 10000
10000 -10000
-10000 10000
10000 10000
-10000 -10000
-10000 -10000
10000 -10000
10000 10000
10000 10000
-10000 -10000
10000 10000
10000 10000
10000 -10000
-10000 10000
-10000 10000
10000 10000
-10000 10000
10000 -10000
-10000 -10000
10000 10000
10000 -10000
10000 -10000
-10000 10000
-10000 -10000
10000 -10000
-10000 -10000
-10000 10000
10000 10000
10000 10000
10000 -10000
-10000 -10000
-10000 -10000
10000 10000
10000 -10000
10000 -10000
10000 -10000
-10000 -10000
-10000 -10000
10000 -10000
10000 -10000
-10000 -10000
10000 -10000
-10000 -10000
10000 10000
-10000 10000
10000 -10000
-10000 -10000
-10000 10000
-10000 -10000
-10000 -10000
10000 10000
10000 10000
-10000 -10000
10000 -10000
-10000 -10000
10000 -10000
10000 10000
-10000 10000
10000 -10000
10000 -10000
10000 10000
10000 10000
10000 10000
10000 10000
-10000 10000
-10000 -10000
10000 10000
10000 -10000
10000 -10000
-10000 10000
10000 10000
10000 10000
-10000 10000
-10000 -10000
10000 -10000
10000 10000
-10000 10000
10000 10000
10000 10000
10000 -10000
-10000 10000
10000 -10000
-10000 -10000
10000 -10000
10000 -10000
-10000 10000
-10000 10000
-10000 10000
-10000 -10000
10000 10000
10000 10000
10000 -10000
10000 -10000
10000 -10000
-10000 10000
-10000 10000
10000 10000
10000 10000
-10000 -10000
10000 -10000
10000 -10000
10000 -10000
10000 10000
10000 -10000
-10000 10000
10000 -10000
10000 10000
-10000 10000
10000 -10000
-10000 10000
10000 -10000
-10000 -10000
10000 -10000
-10000 10000
-10000 -10000
-10000 10000
-10000 -10000
10000 -10000
10000 10000
-10000 -10000
10000 10000
-10000 10000
10000 10000
10000 10000
10000 -10000
10000 10000
-10000 -10000
10000 -10000
10000 10000
10000 10000
10000 -10000
10000 10000
10000 10000
10000 10000
10000 -10000
-10000 10000
-10000 -10000
-10000 10000
-10000 -10000
10000 -10000
-10000 10000
-10000 10000
10000 10000
-10000 -10000
10000 -10000
10000 10000
-10000 10000
10000 10000
-10000 -10000
-10000 -10000
10000 10000
-10000 10000
-10000 10000
10000 10000
10000 10000
-10000 10000
10000 10000
10000 10000
10000 10000
-10000 10000
-10000 -10000
10000 -10000
10000 10000
10000 -10000
-10000 10000
10000 10000
-10000 -10000
10000 10000
-10000 10000
-10000 10000
-10000 -10000
10000 -10000
-10000 10000
-10000 10000
-10000 -10000
10000 10000
-10000 -10000
10000 10000
10000 -10000
10000 10000
10000 10000
-10000 10000
-10000 -10000
-10000 10000
10000 -10000
10000 10000
10000 -10000
-10000 -10000
-10000 10000
-10000 10000
10000 10000
-10000 -10000
10000 10000
-10000 10000
-10000 -10000
10000 -10000
-10000 10000
10000 -10000
-10000 10000
10000 10000
-10000 10000
10000 -10000
10000 10000
10000 10000
10000 10000
10000 -10000
10000 -10000
-10000 -10000
10000 10000
-10000 -10000
-10000 -10000
-10000 -10000
10000 -10000
10000 -10000
-10000 -10000
-10000 10000
10000 -10000
-10000 10000
-10000 10000
-10000 10000
10000 -10000
-10000 10000
10000 -10000
-10000 10000
10000 10000
10000 10000
-10000 -10000
-10000 -10000
-10000 10000
-10000 -10000
-10000 -10000
10000 10000
-10000 10000
10000 10000
10000 10000
-10000 -10000
-10000 -10000
10000 10000
10000 -10000
-10000 -10000
10000 -10000
-10000 10000
10000 -10000
10000 10000
10000 10000
10000 10000
10000 10000
-10000 -10000
-10000 -10000
-10000 -10000
10000 -10000
10000 10000
10000 -10000
-10000 -10000
10000 -10000
10000 10000
-10000 10000
10000 10000
-10000 -10000
-10000 10000
-10000 10000
-10000 -10000
10000 10000
-10000 -10000
10000 -10000
10000 10000
10000 10000
10000 -10000
10000 -10000
-10000 -10000
10000 -10000
10000 -10000
-10000 -10000
-10000 -10000
10000 -10000
10000 10000
10000 10000
-10000 10000
10000 -10000
-10000 10000
-10000 -10000
-10000 10000
-10000 10000
-10000 10000
-10000 10000
10000 10000
-10000 -10000
10000 10000
10000 -10000
-10000 10000
-10000 -10000
10000 10000
-10000 -10000
10000 -10000
10000 -10000
-10000 10000
-10000 -10000
-10000 -10000
-10000 -10000
10000 -10000
-10000 -10000
10000 -10000
-10000 10000
-10000 10000
-10000 -10000
-10000 10000
10000 -10000
-10000 10000
10000 10000
-10000 -10000
10000 -10000
10000 -10000
10000 -10000
10000 -10000
10000 10000
-10000 10000
-10000 10000
-10000 10000
10000 10000
-10000 10000
-10000 -10000
-10000 -10000
-10000 10000
-10000 -10000
-10000 10000
-10000 10000
10000 10000
-10000 10000
-10000 -10000
-10000 -10000
-10000 -10000
10000 10000
-10000 -10000
-10000 10000
-10000 -10000
-10000 10000
10000 10000
10000 10000
-10000 10000
10000 -10000
10000 10000
-10000 10000
-10000 10000
10000 10000
-10000 10000
-10000 10000
-10000 -10000
-10000 -10000
-10000 -10000
10000 -10000
-10000 10000
-10000 10000
-10000 10000
10000 -10000
10000 10000
10000 10000
10000 -10000
10000 -10000
10000 10000
-10000 10000
10000 10000
-10000 10000
10000 10000
-10000 10000
-10000 -10000
10000 -10000
10000 -10000
10000 -10000
-10000 -10000
-10000 10000
10000 10000
10000 -10000
-10000 10000
-10000 -10000
-10000 10000
-10000 10000
-10000 10000
-10000 10000
10000 10000
-10000 10000
-10000 10000
10000 -10000
10000 -10000
-10000 -10000
-10000 10000
10000 -10000
-10000 10000
10000 10000
10000 -10000
-10000 10000
-10000 -10000
10000 -10000
-10000 -10000
10000 10000
10000 10000
-10000 -10000
10000 -10000
10000 -10000
10000 -10000
10000 10000
10000 -10000
10000 -10000
-10000 10000
10000 10000
10000 -10000
-10000 -10000
-10000 10000
10000 -10000
10000 -10000
10000 -10000
10000 -10000
-10000 10000
10000 10000
-10000 -10000
10000 10000
-10000 10000
10000 10000
10000 -10000
-10000 -10000
10000 -10000
10000 10000
10000 10000
10000 -10000
10000 10000
-10000 10000
10000 -10000
-10000 -10000
-10000 -10000
-10000 -10000
-10000 -10000
-10000 -10000
10000 -10000
10000 -10000
10000 10000
-10000 10000
-10000 10000
10000 -10000
-10000 -10000
10000 10000
-10000 -10000
-10000 -10000
-10000 10000
10000 10000
10000 -10000
-10000 -10000
10000 -10000
-10000 -10000
10000 10000
10000 -10000
-10000 10000
-10000 -10000
10000 -10000
10000 10000
10000 -10000
10000 -10000
10000 -10000
-10000 -10000
-10000 10000
10000 10000
10000 -10000
10000 -10000
10000 10000
10000 10000
-10000 -10000
10000 10000
10000 -10000
-10000 10000
10000 10000
10000 10000
10000 10000
10000 -10000
10000 -10000
-10000 10000
-10000 10000
10000 10000
-10000 10000
10000 10000
10000 -10000
10000 -10000
10000 -10000
-10000 -10000
10000 -10000
10000 10000
10000 -10000
10000 10000
10000 10000
-10000 -10000
10000 -10000
-10000 -10000
-10000 10000
-10000 10000
-10000 10000
10000 -10000
-10000 -10000
-10000 -10000
-10000 -10000
10000 -10000
-10000 -10000
10000 -10000
10000 10000
10000 -10000
-10000 -10000
10000 -10000
-10000 -10000
10000 10000
10000 10000
-10000 10000
10000 -10000
10000 10000
-10000 -10000
10000 -10000
10000 -10000
10000 10000
10000 10000
-10000 -10000
10000 -10000
10000 -10000
-10000 -10000
-10000 10000
-10000 10000
10000 -10000
10000 -10000
-10000 10000
10000 -10000
-10000 10000
-10000 10000
10000 -10000
-10000 -10000
-10000 -10000
-10000 10000
10000 10000
-10000 10000
10000 -10000
10000 -10000
-10000 -10000
10000 10000
-10000 -10000
-10000 10000
-10000 10000
-10000 10000
10000 -10000
-10000 -10000
-10000 10000
-10000 10000
10000 10000
-10000 10000
10000 -10000
-10000 10000
-10000 -10000
10000 10000
-10000 -10000
-10000 -10000
10000 10000
-10000 10000
10000 -10000
10000 -10000
-10000 10000
10000 -10000
-10000 -10000
-10000 10000
10000 -10000
-10000 10000
10000 -10000
-10000 -10000
-10000 -10000
10000 -10000
-10000 10000
10000 10000
-10000 10000
10000 10000
10000 -10000
10000 -10000
-10000 -10000
10000 10000
-10000 10000
-10000 -10000
10000 -10000
10000 -10000
10000 10000
-10000 -10000
-10000 10000
10000 10000
10000 -10000
-10000 -10000
-10000 -10000
-10000 -10000
-10000 10000
-10000 10000
-10000 10000
-10000 -10000
10000 10000
10000 10000
-10000 10000
-10000 10000
10000 -10000
10000 10000
10000 -10000
-10000 10000
10000 10000
10000 -10000
-10000 10000
10000 10000
-10000 -10000
10000 -10000
-10000 10000
10000 -10000
10000 -10000
-10000 -10000
10000 10000
-10000 -10000
-10000 -10000
10000 -10000
-10000 -10000
-10000 10000
10000 -10000
-10000 -10000
10000 -10000
10000 -10000
10000 10000
-10000 10000
10000 10000
10000 10000
10000 10000
-10000 10000
10000 -10000
-10000 10000
10000 10000
-10000 10000
10000 10000
10000 10000
10000 -10000
-10000 -10000
-10000 -10000
-10000 10000
-10000 -10000
-10000 -10000
10000 10000
-10000 10000
-10000 10000
10000 -10000
-10000 10000
-10000 -10000
-10000 -10000
-10000 10000
10000 10000
10000 10000
10000 10000
-10000 10000
-10000 -10000
10000 10000
10000 10000
10000 10000
10000 10000
-10000 10000
10000 -10000
10000 10000
-10000 -10000
10000 -10000
-10000 -10000
-10000 -10000
10000 -10000
-10000 -10000
-10000 10000
-10000 -10000
-10000 -10000
-10000 -10000
10000 10000
10000 -10000
10000 -10000
-10000 10000
-10000 -10000
-10000 -10000
-10000 -10000
10000 -10000
10000 10000
10000 -10000
10000 10000
-10000 10000
-10000 10000
10000 10000
10000 10000
10000 10000
10000 -10000
-10000 -10000
10000 10000
10000 10000
10000 -10000
10000 10000
10000 -10000
10000 -10000
10000 10000
10000 10000
10000 10000
-10000 10000
-10000 -10000
-10000 10000
-10000 -10000
10000 -10000
-10000 10000
10000 -10000
-10000 -10000
10000 10000
-10000 -10000
-10000 10000
10000 -10000
-10000 10000
-10000 10000
10000 -10000
10000 -10000
10000 -10000
10000 10000
-10000 -10000
-10000 -10000
-10000 10000
-10000 10000
-10000 10000
-10000 -10000
10000 -10000
-10000 10000
-10000 10000
10000 -10000
-10000 10000
10000 10000
-10000 -10000
-10000 10000
-10000 10000
10000 -10000
-10000 10000
-10000 -10000
-10000 -10000
-10000 -10000
-10000 10000
-10000 -10000
-10000 10000
-10000 -10000
10000 -10000
10000 10000
10000 10000
-10000 10000
-10000 10000
-10000 10000
10000 -10000
10000 -10000
10000 10000
10000 -10000
-10000 -10000
10000 10000
10000 10000
-10000 10000
-10000 10000
-10000 10000
10000 10000
10000 10000
-10000 10000
10000 10000
-10000 -10000
-10000 -10000
10000 -10000
10000 10000
-10000 -10000
-10000 10000
10000 10000
10000 -10000
10000 10000
10000 10000
10000 10000
10000 -10000
-10000 10000
10000 10000
-10000 10000
-10000 -10000
-10000 10000
10000 10000
-10000 10000
-10000 10000
10000 10000
-10000 -10000
10000 10000
10000 -10000
-10000 -10000
-10000 -10000
-10000 -10000
10000 10000
-10000 -10000
-10000 -10000
-10000 -10000
10000 10000
-10000 10000
10000 -10000
-10000 -10000
-10000 -10000
10000 10000
-10000 -10000
10000 10000
10000 -10000
10000 -10000
-10000 -10000
-10000 10000
-10000 10000
-10000 10000
-10000 10000
10000 10000
-10000 10000
-10000 10000
-10000 -10000
-10000 -10000
-10000 -10000
10000 -10000
10000 10000
10000 -10000
-10000 -10000
-10000 10000
10000 -10000
-10000 -10000
10000 -10000
-10000 10000
-10000 -10000
10000 10000
10000 -10000
-10000 10000
10000 10000
-10000 -10000
-10000 10000
10000 10000
-10000 -10000
-10000 -10000
10000 10000
10000 -10000
10000 10000
10000 10000
10000 10000
10000 10000
-10000 -10000
10000 -10000
-10000 -10000
10000 10000
10000 10000
10000 -10000
10000 -10000
10000 -10000
-10000 10000
10000 -10000
10000 10000
-10000 10000
-10000 -10000
-10000 10000
-10000 -10000
-10000 10000
-10000 -10000
10000 -10000
10000 10000
-10000 10000
10000 -10000
-10000 10000
-10000 -10000
-10000 10000
10000 10000
10000 10000
-10000 -10000
-10000 -10000
-10000 10000
-10000 -10000
10000 -10000
-10000 10000
-10000 -10000
10000 -10000
-10000 10000
-10000 10000
10000 10000
-10000 10000
10000 10000
10000 10000
10000 10000
10000 -10000
10000 10000
10000 10000
10000 10000
10000 -10000
-10000 -10000
-10000 -10000
10000 10000
10000 10000
10000 -10000
-10000 -10000
-10000 10000
10000 10000
-10000 10000
-10000 -10000
10000 10000
-10000 -10000
-10000 10000
10000 10000
10000 -10000
10000 -10000
-10000 -10000
-10000 -10000
10000 10000
10000 10000
-10000 -10000
-10000 10000
-10000 10000
10000 -10000
10000 -10000
10000 -10000
10000 -10000
-10000 -10000
10000 -10000
-10000 -10000
-10000 10000
-10000 10000
-10000 10000
-10000 10000
10000 10000
-10000 -10000
-10000 -10000
-10000 -10000
-10000 10000
10000 -10000
10000 10000
-10000 10000
-10000 -10000
10000 10000
-10000 10000
-10000 10000
-10000 -10000
-10000 -10000
10000 -10000
10000 -10000
-10000 -10000
10000 -10000
10000 10000
-10000 10000
10000 10000
-10000 -10000
10000 10000
10000 10000
10000 10000
-10000 -10000
-10000 -10000
-10000 -10000
10000 10000
10000 -10000
10000 -10000
10000 -10000
10000 -10000
10000 10000
10000 -10000
10000 10000
10000 10000
10000 10000
10000 10000
-10000 10000
-10000 -10000
10000 -10000
10000 10000
-10000 10000
10000 10000
-10000 10000
-10000 10000
-10000 10000
-10000 -10000
10000 10000
-10000 -10000
-10000 -10000
-10000 10000
10000 -10000
10000 -10000
-10000 -10000
10000 -10000
-10000 -10000
10000 -10000
10000 10000
-10000 10000
10000 -10000
-10000 10000
10000 10000
10000 10000
-10000 -10000
10000 10000
-10000 -10000
-10000 -10000
-10000 -10000
10000 -10000
-10000 -10000
-10000 -10000
10000 -10000
10000 -10000
10000 10000
10000 -10000
10000 10000
10000 -10000
-10000 -10000
10000 10000
10000 -10000
10000 10000
10000 -10000
10000 10000
10000 -10000
-10000 -10000
10000 10000
-10000 10000
10000 -10000
10000 -10000
-10000 -10000
-10000 10000
10000 10000
10000 10000
10000 10000
-10000 10000
10000 10000
10000 -10000
10000 10000
10000 10000
10000 -10000
10000 10000
10000 -10000
10000 -10000
-10000 -10000
-10000 10000
-10000 10000
10000 10000
-10000 -10000
10000 -10000
10000 -10000
-10000 10000
-10000 -10000
-10000 -10000
10000 -10000
-10000 -10000
-10000 -10000
10000 -10000
-10000 10000
10000 -10000
-10000 10000
-10000 -10000
-10000 -10000
10000 -10000
10000 10000
-10000 10000
10000 10000
10000 10000
-10000 -10000
-10000 -10000
10000 -10000
-10000 10000
10000 -10000
10000 -10000
10000 -10000
-10000 -10000
-10000 -10000
-10000 -10000
-10000 10000
-10000 10000
10000 10000
-10000 10000
10000 10000
10000 10000
-10000 -10000
-10000 -10000
10000 -10000
-10000 10000
-10000 -10000
-10000 10000
10000 10000
10000 10000
10000 10000
-10000 -10000
-10000 10000
10000 10000
10000 -10000
10000 10000
-10000 -10000
10000 10000
10000 10000
10000 10000
10000 10000
10000 -10000
-10000 -10000
-10000 10000
10000 -10000
-10000 10000
10000 -10000
10000 -10000
-10000 10000
10000 10000
-10000 10000
-10000 -10000
10000 -10000
10000 10000
10000 -10000
-10000 -10000
10000 10000
-10000 -10000
10000 -10000
10000 10000
10000 -10000
-10000 10000
10000 -10000
10000 -10000
-10000 10000
-10000 -10000
10000 10000
-10000 -10000
-10000 -10000
-10000 10000
-10000 -10000
10000 10000
10000 10000
10000 10000
-10000 -10000
10000 10000
-10000 10000
-10000 10000
-10000 10000
-10000 10000
10000 10000
-10000 -10000
10000 10000
-10000 -10000
10000 -10000
10000 10000
10000 -10000
10000 -10000
-10000 -10000
10000 -10000
10000 10000
10000 10000
-10000 10000
10000 -10000
10000 10000
10000 -10000
10000 -10000
10000 10000
-10000 -10000
-10000 -10000
-10000 -10000
10000 10000
10000 10000
10000 10000
-10000 10000
-10000 10000
10000 10000
-10000 10000
10000 10000
10000 -10000
-10000 -10000
10000 10000
-10000 -10000
-10000 10000
10000 -10000
10000 10000
-10000 -10000
10000 -10000
-10000 -10000
-10000 10000
10000 -10000
-10000 10000
10000 -10000
10000 10000
10000 10000
-10000 -10000
10000 -10000
-10000 10000
10000 10000
10000 -10000
10000 -10000
10000 10000
10000 -10000
-10000 10000
-10000 -10000
-10000 10000
10000 10000
10000 -10000
10000 -10000
10000 10000
-10000 -10000
-10000 10000
-10000 10000
10000 -10000
-10000 -10000
-10000 -10000
10000 -10000
10000 -10000
-10000 10000
-10000 10000
-10000 -10000
-10000 10000
-10000 10000
10000 10000
10000 10000
-10000 10000
-10000 -10000
-10000 -10000
10000 10000
-10000 10000
-10000 10000
10000 10000
-10000 -10000
-10000 -10000
10000 10000
10000 -10000
10000 -10000
10000 -10000
-10000 -10000
10000 10000
10000 10000
-10000 10000
-10000 -10000
10000 -10000
-10000 -10000
10000 -10000
10000 -10000
-10000 -10000
-10000 10000
10000 10000
-10000 10000
10000 -10000
-10000 -10000
-10000 10000
10000 10000
10000 -10000
-10000 -10000
-10000 10000
-10000 -10000
10000 -10000
-10000 -10000
10000 10000
-10000 10000
10000 10000
-10000 -10000
-10000 10000
-10000 -10000
-10000 10000
-10000 -10000
-10000 10000
-10000 -10000
-10000 -10000
-10000 10000
-10000 -10000
10000 -10000
10000 -10000
-10000 10000
10000 -10000
-10000 -10000
10000 10000
10000 10000
-10000 -10000
-10000 -10000
10000 -10000
10000 10000
10000 10000
-10000 10000
10000 -10000
-10000 -10000
-10000 10000
-10000 10000
10000 -10000
10000 -10000
-10000 -10000
-10000 -10000
10000 10000
10000 -10000
-10000 10000
10000 10000
-10000 10000
10000 -10000
10000 10000
-10000 10000
10000 -10000
-10000 10000
10000 -10000
-10000 10000
-10000 10000
-10000 10000
-10000 10000
10000 10000
-10000 -10000
-10000 10000
10000 10000
-10000 10000
10000 10000
10000 10000
-10000 -10000
-10000 -10000
10000 -10000
-10000 -10000
-10000 -10000
10000 -10000
-10000 -10000
10000 10000
-10000 -10000
10000 10000
-10000 10000
-10000 10000
-10000 -10000
10000 -10000
-10000 10000
-10000 -10000
10000 10000
-10000 10000
10000 -10000
-10000 -10000
10000 -10000
-10000 -10000
-10000 -10000
10000 -10000
-10000 -10000
-10000 -10000
10000 10000
-10000 10000
10000 -10000
-10000 -10000
10000 -10000
-10000 10000
-10000 10000
-10000 10000
10000 10000
-10000 -10000
-10000 -10000
-10000 10000
10000 -10000
-10000 10000
-10000 10000
10000 -10000
-10000 10000
-10000 10000
10000 -10000
-10000 -10000
-10000 10000
10000 -10000
-10000 10000
10000 -10000
-10000 -10000
-10000 -10000
10000 -10000
-10000 10000
10000 10000
-10000 10000
-10000 10000
10000 -10000
-10000 -10000
10000 10000
-10000 -10000
10000 10000
10000 -10000
10000 -10000
-10000 -10000
10000 10000
-10000 10000
-10000 10000
-10000 10000
-10000 -10000
10000 10000
10000 -10000
10000 10000
10000 10000
-10000 10000
10000 10000
-10000 10000
10000 -10000
-10000 -10000
10000 10000
-10000 10000
-10000 10000
10000 -10000
10000 10000
10000 10000
-10000 10000
-10000 -10000
-10000 -10000
10000 10000
10000 -10000
-10000 10000
10000 -10000
10000 -10000
-10000 10000
-10000 10000
10000 -10000
-10000 10000
10000 -10000
-10000 -10000
-10000 -10000
-10000 -10000
10000 -10000
10000 10000
-10000 10000
10000 10000
-10000 -10000
-10000 -10000
-10000 10000
10000 10000
-10000 10000
-10000 -10000
10000 10000
-10000 -10000
10000 -10000
-10000 -10000
-10000 -10000
-10000 10000
-10000 10000
10000 10000
10000 -10000
-10000 10000
-10000 -10000
-10000 10000
10000 -10000
10000 10000
-10000 -10000
10000 10000
10000 10000
-10000 10000
10000 -10000
10000 10000
10000 10000
-10000 -10000
10000 10000
-10000 10000
-10000 10000
-10000 10000
10000 10000
-10000 -10000
10000 -10000
-10000 -10000
10000 10000
10000 10000
10000 10000
10000 10000
10000 10000
10000 -10000
10000 10000
-10000 10000
10000 10000
-10000 -10000
10000 10000
-10000 10000
10000 10000
-10000 -10000
10000 10000
10000 10000
10000 -10000
-10000 10000
10000 10000
-10000 10000
10000 10000
10000 -10000
-10000 -10000
10000 -10000
-10000 -10000
-10000 -10000
-10000 -10000
-10000 10000
-10000 -10000
10000 10000
-10000 10000
10000 -10000
10000 10000
10000 -10000
-10000 -10000
10000 -10000
-10000 10000
-10000 -10000
-10000 10000
10000 10000
10000 10000
-10000 -10000
-10000 10000
-10000 -10000
10000 10000
-10000 10000
-10000 10000
-10000 10000
-10000 -10000
10000 -10000
10000 -10000
10000 -10000
-10000 10000
-10000 -10000
-10000 10000
10000 10000
-10000 -10000
10000 10000
-10000 -10000
-10000 -10000
-10000 -10000
-10000 -10000
-10000 -10000
10000 10000
-10000 10000
-10000 10000
10000 -10000
10000 10000
-10000 -10000
-10000 10000
-10000 -10000
-10000 10000
-10000 -10000
10000 10000
10000 10000
-10000 10000
10000 10000
-10000 -10000
-10000 -10000
-10000 10000
-10000 10000
-10000 10000
-10000 10000
10000 10000
-10000 10000
10000 10000
-10000 10000
-10000 10000
-10000 10000
-10000 10000
-10000 -10000
10000 10000
10000 -10000
10000 -10000
-10000 10000
-10000 -10000
10000 10000
-10000 -10000
-10000 10000
10000 10000
-10000 -10000
-10000 -10000
10000 -10000
-10000 -10000
10000 -10000
10000 -10000
-10000 -10000
-10000 10000
10000 10000
-10000 10000
-10000 -10000
-10000 -10000
-10000 10000
-10000 -10000
-10000 10000
10000 -10000
-10000 10000
10000 -10000
-10000 -10000
-10000 10000
-10000 -10000
-10000 10000
10000 10000
-10000 -10000
10000 10000
10000 10000
10000 10000
10000 10000
10000 -10000
-10000 10000
-10000 10000
10000 -10000
-10000 -10000
-10000 -10000
10000 10000
10000 -10000
-10000 10000
10000 10000
-10000 -10000
10000 10000
10000 10000
-10000 -10000
10000 -10000
10000 -10000
10000 10000
10000 10000
10000 -10000
-10000 10000
10000 -10000
-10000 10000
-10000 10000
-10000 -10000
-10000 -10000
-10000 -10000
-10000 10000
10000 10000
10000 10000
-10000 -10000
-10000 10000
10000 10000
10000 -10000
10000 10000
10000 10000
-10000 -10000
10000 -10000
10000 -10000
-10000 -10000
10000 10000
-10000 -10000
-10000 -10000
-10000 -10000
10000 10000
10000 10000
-10000 10000
-10000 -10000
-10000 -10000
10000 10000
10000 -10000
-10000 10000
-10000 -10000
-10000 -10000
10000 10000
-10000 10000
10000 10000
-10000 -10000
10000 10000
-10000 -10000
10000 10000
10000 10000
10000 -10000
-10000 -10000
-10000 10000
-10000 -10000
10000 10000
-10000 -10000
10000 -10000
-10000 -10000
-10000 -10000
10000 -10000
10000 -10000
-10000 10000
10000 10000
-10000 -10000
10000 -10000
10000 10000
10000 -10000
-10000 -10000
-10000 -10000
-10000 10000
10000 -10000
-10000 -10000
10000 -10000
-10000 -10000
-10000 10000
10000 -10000
-10000 -10000
-10000 -10000
10000 -10000
10000 -10000
-10000 10000
10000 -10000
-10000 10000
-10000 -10000
10000 -10000
-10000 10000
-10000 10000
10000 -10000
10000 -10000
10000 -10000
-10000 -10000
10000 -10000
-10000 10000
10000 -10000
-10000 10000
-10000 -10000
-10000 10000
-10000 -10000
10000 -10000
10000 -10000
10000 -10000
-10000 10000
-10000 -10000
10000 10000
-10000 -10000
-10000 10000
10000 -10000
10000 -10000
10000 10000
10000 10000
10000 10000
10000 10000
10000 10000
-10000 10000
10000 -10000
-10000 -10000
10000 10000
-10000 -10000
10000 -10000
10000 10000
10000 10000
-10000 10000
-10000 10000
-10000 -10000
10000 10000
10000 10000
-10000 -10000
-10000 10000
-10000 10000
10000 10000
-10000 -10000
-10000 10000
-10000 -10000
-10000 -10000
10000 10000
10000 10000
-10000 10000
10000 10000
-10000 10000
10000 -10000
-10000 10000
-10000 -10000
10000 -10000
-10000 10000
-10000 -10000
-10000 -10000
10000 10000
-10000 -10000
10000 10000
-10000 -10000
-10000 10000
10000 10000
-10000 10000
-10000 10000
-10000 -10000
-10000 -10000
10000 10000
10000 10000
10000 10000
-10000 10000
-10000 -10000
-10000 10000
-10000 -10000
-10000 -10000
10000 10000
-10000 10000
10000 -10000
10000 10000
-10000 10000
-10000 10000
-10000 -10000
-10000 10000
10000 10000
-10000 10000
10000 10000
-10000 -10000
-10000 -10000
-10000 10000
-10000 -10000
-10000 10000
-10000 10000
10000 -10000
-10000 -10000
-10000 10000
-10000 -10000
-10000 -10000
-10000 10000
10000 10000
-10000 -10000
10000 10000
10000 10000
10000 10000
-10000 -10000
10000 10000
10000 -10000
10000 10000
-10000 10000
-10000 -10000
-10000 -10000
10000 -10000
-10000 -10000
-10000 -10000
-10000 10000
10000 -10000
10000 10000
10000 -10000
-10000 -10000
-10000 -10000
10000 10000
-10000 -10000
-10000 -10000
10000 10000
10000 -10000
10000 10000
10000 -10000
-10000 -10000
10000 -10000
-10000 10000
-10000 -10000
10000 -10000
10000 10000
10000 10000
10000 -10000
-10000 -10000
-10000 -10000
10000 10000
-10000 -10000
-10000 -10000
10000 -10000
-10000 10000
-10000 -10000
10000 10000
10000 10000
10000 -10000
-10000 10000
10000 10000
-10000 10000
-10000 10000
10000 -10000
-10000 10000
10000 -10000
10000 10000
10000 10000
-10000 10000
10000 -10000
10000 10000
10000 10000
10000 10000
-10000 10000
10000 -10000
-10000 10000
10000 10000
10000 -10000
-10000 10000
10000 -10000
-10000 10000
-10000 -10000
10000 -10000
-10000 -10000
-10000 10000
10000 10000
-10000 10000
10000 -10000
10000 -10000
10000 10000
-10000 -10000
10000 10000
-10000 -10000
10000 10000
10000 10000
10000 10000
10000 10000
-10000 10000
-10000 10000
10000 10000
-10000 -10000
-10000 -10000
10000 -10000
-10000 -10000
10000 10000
10000 -10000
10000 10000
10000 -10000
10000 10000
10000 10000
10000 10000
10000 10000
-10000 10000
-10000 10000
-10000 -10000
-10000 10000
-10000 -10000
-10000 10000
-10000 -10000
-10000 10000
-10000 -10000
10000 10000
-10000 10000
-10000 -10000
10000 10000
-10000 -10000
-10000 10000
-10000 -10000
10000 10000
10000 -10000
10000 -10000
10000 10000
10000 -10000
-10000 10000
-10000 -10000
-10000 10000
-10000 10000
10000 -10000
10000 10000
10000 -10000
-10000 10000
-10000 -10000
10000 -10000
10000 10000
-10000 -10000
10000 -10000
-10000 -10000
10000 10000
10000 10000
-10000 -10000
10000 10000
-10000 -10000
-10000 10000
-10000 10000
10000 10000
-10000 -10000
10000 -10000
-10000 10000
10000 10000
-10000 -10000
-10000 10000
-10000 -10000
-10000 -10000
10000 -10000
-10000 10000
-10000 10000
10000 -10000
-10000 -10000
-10000 10000
-10000 10000
-10000 -10000
-10000 10000
10000 10000
-10000 10000
-10000 10000
-10000 10000
10000 -10000
10000 10000
-10000 10000
-10000 -10000
-10000 -10000
10000 10000
-10000 10000
-10000 -10000
10000 -10000
10000 -10000
-10000 10000
-10000 10000
-10000 10000
10000 -10000
10000 10000
10000 10000
-10000 -10000
-10000 10000
10000 10000
10000 -10000
-10000 -10000
-10000 10000
-10000 -10000
10000 10000
-10000 -10000
10000 10000
10000 10000
-10000 -10000
-10000 10000
10000 -10000
-10000 -10000
-10000 -10000
10000 -10000
-10000 -10000
10000 10000
10000 -10000
10000 -10000
10000 10000
10000 -10000
10000 10000
-10000 10000
10000 -10000
-10000 10000
-10000 -10000
-10000 -10000
-10000 10000
-10000 10000
10000 -10000
-10000 10000
-10000 -10000
10000 -10000
-10000 10000
10000 10000
-10000 -10000
10000 -10000
-10000 10000
10000 -10000
-10000 -10000
10000 10000
10000 10000
10000 10000
10000 10000
10000 -10000
-10000 -10000
-10000 -10000
10000 10000
-10000 -10000
-10000 -10000
-10000 -10000
10000 10000
10000 -10000
-10000 -10000
10000 10000
-10000 -10000
-10000 10000
10000 -10000
10000 10000
10000 10000
-10000 -10000
10000 -10000
10000 -10000
-10000 -10000
10000 -10000
10000 -10000
10000 -10000
10000 -10000
10000 10000
10000 -10000
10000 -10000
-10000 -10000
10000 10000
-10000 10000
-10000 -10000
10000 -10000
10000 -10000
10000 10000
-10000 -10000
-10000 -10000
10000 -10000
10000 -10000
10000 -10000
-10000 -10000
-10000 10000
-10000 10000
-10000 -10000
10000 10000
10000 -10000
-10000 -10000
-10000 10000
-10000 -10000
10000 -10000
10000 -10000
-10000 10000
-10000 -10000
-10000 10000
10000 10000
-10000 10000
10000 -10000
10000 -10000
10000 10000
10000 -10000
10000 10000
10000 -10000
-10000 -10000
10000 -10000
10000 -10000
10000 10000
-10000 -10000
10000 10000
-10000 -10000
-10000 10000
10000 10000
-10000 10000
10000 10000
-10000 -10000
10000 -10000
-10000 10000
-10000 10000
-10000 -10000
10000 10000
-10000 -10000
10000 -10000
-10000 -10000
-10000 -10000
-10000 10000
10000 -10000
-10000 -10000
10000 10000
10000 10000
-10000 -10000
-10000 10000
10000 10000
-10000 -10000
10000 10000
10000 10000
10000 10000
10000 -10000
-10000 10000
10000 10000
-10000 -10000
-10000 10000
10000 10000
10000 -10000
10000 -10000
-10000 10000
-10000 -10000
10000 -10000
10000 -10000
10000 -10000
10000 -10000
-10000 -10000
10000 -10000
10000 10000
10000 10000
10000 -10000
-10000 -10000
-10000 -10000
10000 10000
10000 -10000
-10000 -10000
10000 -10000
-10000 -10000
-10000 10000
10000 -10000
10000 -10000
10000 -10000
10000 -10000
-10000 -10000
-10000 -10000
-10000 10000
10000 10000
10000 -10000
-10000 -10000
10000 -10000
-10000 -10000
10000 10000
10000 10000
-10000 10000
10000 -10000
-10000 -10000
-10000 -10000
-10000 -10000
-10000 10000
-10000 -10000
-10000 10000
-10000 10000
10000 -10000
10000 10000
-10000 -10000
10000 -10000
10000 -10000
-10000 -10000
10000 10000
-10000 10000
10000 -10000
10000 10000
-10000 10000
10000 10000
-10000 -10000
-10000 -10000
10000 -10000
10000 10000
10000 10000
-10000 -10000
10000 -10000
10000 -10000
10000 -10000
-10000 -10000
-10000 -10000
-10000 -10000
-10000 10000
10000 10000
-10000 10000
10000 10000
10000 10000
10000 10000
-10000 -10000
-10000 -10000
10000 10000
10000 10000
-10000 -10000
10000 -10000
-10000 -10000
-10000 10000
-10000 10000
-10000 -10000
10000 10000
-10000 -10000
10000 10000
-10000 10000
10000 -10000
-10000 -10000
10000 -10000
10000 10000
10000 -10000
10000 10000
10000 -10000
10000 10000
-10000 10000
10000 10000
-10000 -10000
-10000 10000
10000 10000
10000 -10000
10000 10000
10000 10000
-10000 -10000
10000 -10000
-10000 10000
10000 -10000
-10000 -10000
-10000 -10000
10000 -10000
10000 10000
10000 -10000
10000 10000
-10000 10000
10000 -10000
10000 -10000
10000 10000
10000 -10000
-10000 10000
-10000 -10000
10000 -10000
-10000 10000
10000 -10000
10000 -10000
-10000 -10000
-10000 -10000
10000 -10000
-10000 10000
10000 -10000
-10000 -10000
10000 -10000
-10000 -10000
-10000 10000
-10000 -10000
-10000 10000
10000 10000
-10000 -10000
10000 -10000
-10000 10000
